    Finished `dev` profile [unoptimized + debuginfo] target(s) in 0.26s
     Running `target/debug/xtask run --env x86_64 --profile dev --loglevel 5 -i --qemu-flags '-m 2G -smp 4 -display none -qmp unix:/tmp/freeze-hunter-0002-6__e0wl6/qmp.sock,server=on,wait=off'`
==> Fetching Limine...
    Limine repo already exists, skipping clone.
    Limine artifacts and tool already present, skipping build.
    Limine ready.
==> Fetching OVMF...
    OVMF artifacts already present, skipping.
==> Fetching Fonts...
==> Fetching Icons...
    -> Tango
    Tango icon set already exists.
    -> Chicago95
       Chicago95 icon set already exists.
==> Fetching Cursors...
    Plain Cursors already exist.
==> Fetching Unifont...
    unifont.hex already exists.
==> Fetching Lucide Icons...
    Generated boot_progress_icons.rs
==> Fetching pci.ids...
    pci.ids already exists.
Limine already present, skipping clone.
Building bran kernel for x86_64 (dev profile)...
$ cargo build --target x86_64-unknown-none --profile dev -p bran
   Compiling kernel v0.1.0 (/home/dancxjo/src/thingos/thingos/kernel)
   Compiling bran v0.1.0 (/home/dancxjo/src/thingos/thingos/bran)
    Finished `dev` profile [unoptimized + debuginfo] target(s) in 1.31s
Kernel built: thingos/bran/bin-x86_64/kernel
rustc-thingos: cache hit, reusing target/rustc-thingos/rustc
Building ISO thing-os-x86_64-1777672895-367398250.iso...
$ cp -r assets iso_root_367398250/share
ISO: Using kernel from thingos/bran/bin-x86_64/kernel
$ file thingos/bran/bin-x86_64/kernel
thingos/bran/bin-x86_64/kernel: ELF 64-bit LSB executable, x86-64, version 1 (SYSV), statically linked, with debug_info, not stripped
Building 103 userspace programs (8 build vines)...
Building sprout ...
Building bristle ...
$ cargo Building hwrng ...
-Z Building rtc_cmos ...
build-std=core,alloc,std,panic_abort -Z build-std-features=compiler-builtins-mem -Z json-target-spec build --target Building ps2_kbd ...
/home/dancxjo/src/thingos/targets/x86_64-unknown-thingos.json --profile release -p sprout --features diagnostic-apps
$ cargo -Z build-std=core,alloc,std,panic_abort -Z build-std-features=compiler-builtins-mem -Z json-target-spec build --target /home/dancxjo/src/thingos/targets/x86_64-unknown-thingos.json --profile release -p bristle
$ cargo -Z build-std=core,alloc,std,panic_abort -Z build-std-features=compiler-builtins-mem -Z json-target-spec build --target /home/dancxjo/src/thingos/targets/x86_64-unknown-thingos.json --profile Building sh ...
release -p ps2_kbd
Building ls ...
$ cargo -Z build-std=core,alloc,std,panic_abort -Z build-std-features=compiler-builtins-mem -Z json-target-spec build --target /home/dancxjo/src/thingos/targets/x86_64-unknown-thingos.json --profile release -p sh
Building lsusb ...
$ cargo -Z build-std=core,alloc,std,panic_abort -Z build-std-features=compiler-builtins-mem -Z json-target-spec build --target /home/dancxjo/src/thingos/targets/x86_64-unknown-thingos.json --profile release -p lsusb
$ cargo -Z build-std=core,alloc,std,panic_abort -Z build-std-features=compiler-builtins-mem -Z json-target-spec build --target /home/dancxjo/src/thingos/targets/x86_64-unknown-thingos.json --profile release -p hwrng
$ cargo -Z build-std=core,alloc,std,panic_abort -Z build-std-features=compiler-builtins-mem -Z json-target-spec build --target /home/dancxjo/src/thingos/targets/x86_64-unknown-thingos.json --profile release -p ls
$ cargo -Z build-std=core,alloc,std,panic_abort -Z build-std-features=compiler-builtins-mem -Z json-target-spec build --target /home/dancxjo/src/thingos/targets/x86_64-unknown-thingos.json --profile release -p rtc_cmos
    Blocking waiting for file lock on package cache
    Blocking waiting for file lock on package cache
    Blocking waiting for file lock on package cache
    Blocking waiting for file lock on package cache
    Blocking waiting for file lock on package cache
    Blocking waiting for file lock on package cache
    Blocking waiting for file lock on package cache
    Blocking waiting for file lock on package cache
    Blocking waiting for file lock on package cache
    Blocking waiting for file lock on package cache
    Blocking waiting for file lock on package cache
    Blocking waiting for file lock on package cache
    Blocking waiting for file lock on package cache
    Blocking waiting for file lock on package cache
    Blocking waiting for file lock on package cache
    Blocking waiting for file lock on package cache
    Blocking waiting for file lock on package cache
    Blocking waiting for file lock on package cache
    Blocking waiting for file lock on package cache
    Blocking waiting for file lock on package cache
    Blocking waiting for file lock on package cache
    Blocking waiting for file lock on package cache
    Blocking waiting for file lock on package cache
    Blocking waiting for file lock on package cache
    Blocking waiting for file lock on package cache
    Blocking waiting for file lock on package cache
    Blocking waiting for file lock on package cache
    Blocking waiting for file lock on package cache
    Blocking waiting for file lock on package cache
    Blocking waiting for file lock on package cache
    Blocking waiting for file lock on package cache
    Blocking waiting for file lock on package cache
    Blocking waiting for file lock on package cache
    Blocking waiting for file lock on package cache
    Blocking waiting for file lock on package cache
    Blocking waiting for file lock on package cache
    Blocking waiting for file lock on package cache
    Blocking waiting for file lock on package cache
    Blocking waiting for file lock on package cache
    Blocking waiting for file lock on package cache
    Blocking waiting for file lock on package cache
    Blocking waiting for file lock on package cache
    Blocking waiting for file lock on package cache
    Blocking waiting for file lock on package cache
    Blocking waiting for file lock on package cache
    Blocking waiting for file lock on package cache
    Blocking waiting for file lock on package cache
    Blocking waiting for file lock on artifact directory
    Blocking waiting for file lock on artifact directory
    Blocking waiting for file lock on artifact directory
    Blocking waiting for file lock on artifact directory
    Blocking waiting for file lock on artifact directory
    Blocking waiting for file lock on artifact directory
    Blocking waiting for file lock on artifact directory
    Finished `release` profile [optimized] target(s) in 1.30s
    Finished `release` profile [optimized] target(s) in 1.32s
    Finished `release` profile [optimized] target(s) in 1.33s
    Finished `release` profile [optimized] target(s) in 1.35s
    Finished `release` profile [optimized] target(s) in 1.36s
    Finished `release` profile [optimized] target(s) in 1.37s
    Finished `release` profile [optimized] target(s) in 1.38s
    Finished `release` profile [optimized] target(s) in 1.40s
Building ln ...
$ cargo -Z build-std=core,alloc,std,panic_abort -Z build-std-features=compiler-builtins-mem -Z json-target-spec build --target /home/dancxjo/src/thingos/targets/x86_64-unknown-thingos.json --profile release -p ln
Building lspci ...
$ cargo -Z build-std=core,alloc,std,panic_abort -Z build-std-features=compiler-builtins-mem -Z json-target-spec build --target /home/dancxjo/src/thingos/targets/x86_64-unknown-thingos.json --profile release -p lspci
Building tail ...
$ cargo -Z build-std=core,alloc,std,panic_abort -Z build-std-features=compiler-builtins-mem -Z json-target-spec build --target /home/dancxjo/src/thingos/targets/x86_64-unknown-thingos.json --profile release -p tail
Building head ...
$ cargo -Z build-std=core,alloc,std,panic_abort -Z build-std-features=compiler-builtins-mem -Z json-target-spec build --target /home/dancxjo/src/thingos/targets/x86_64-unknown-thingos.json --profile release -p head
Building ps ...
$ cargo -Z build-std=core,alloc,std,panic_abort -Z build-std-features=compiler-builtins-mem -Z json-target-spec build --target /home/dancxjo/src/thingos/targets/x86_64-unknown-thingos.json --profile release -p ps
Building kill ...
$ cargo -Z build-std=core,alloc,std,panic_abort -Z build-std-features=compiler-builtins-mem -Z json-target-spec build --target /home/dancxjo/src/thingos/targets/x86_64-unknown-thingos.json --profile release -p kill
Building killall ...
$ cargo -Z build-std=core,alloc,std,panic_abort -Z build-std-features=compiler-builtins-mem -Z json-target-spec build --target /home/dancxjo/src/thingos/targets/x86_64-unknown-thingos.json --profile release -p killall
Building cat ...
$ cargo -Z build-std=core,alloc,std,panic_abort -Z build-std-features=compiler-builtins-mem -Z json-target-spec build --target /home/dancxjo/src/thingos/targets/x86_64-unknown-thingos.json --profile release -p cat
    Blocking waiting for file lock on package cache
    Blocking waiting for file lock on package cache
    Blocking waiting for file lock on package cache
    Blocking waiting for file lock on package cache
    Blocking waiting for file lock on package cache
    Blocking waiting for file lock on package cache
    Blocking waiting for file lock on package cache
    Blocking waiting for file lock on package cache
    Blocking waiting for file lock on package cache
    Blocking waiting for file lock on package cache
    Blocking waiting for file lock on package cache
    Blocking waiting for file lock on package cache
    Blocking waiting for file lock on package cache
    Blocking waiting for file lock on package cache
    Blocking waiting for file lock on package cache
    Blocking waiting for file lock on package cache
    Blocking waiting for file lock on package cache
    Blocking waiting for file lock on package cache
    Blocking waiting for file lock on package cache
    Blocking waiting for file lock on package cache
    Blocking waiting for file lock on package cache
    Blocking waiting for file lock on package cache
    Blocking waiting for file lock on package cache
    Blocking waiting for file lock on package cache
    Blocking waiting for file lock on package cache
    Blocking waiting for file lock on package cache
    Blocking waiting for file lock on package cache
    Blocking waiting for file lock on package cache
    Blocking waiting for file lock on package cache
    Blocking waiting for file lock on package cache
    Blocking waiting for file lock on package cache
    Blocking waiting for file lock on package cache
    Blocking waiting for file lock on package cache
    Blocking waiting for file lock on package cache
    Blocking waiting for file lock on package cache
    Blocking waiting for file lock on package cache
    Blocking waiting for file lock on package cache
    Blocking waiting for file lock on package cache
    Blocking waiting for file lock on package cache
    Blocking waiting for file lock on package cache
    Blocking waiting for file lock on package cache
    Blocking waiting for file lock on package cache
    Blocking waiting for file lock on package cache
    Blocking waiting for file lock on package cache
    Blocking waiting for file lock on package cache
    Blocking waiting for file lock on package cache
    Blocking    Blocking waiting for file lock on package cache
 waiting for file lock on package cache
    Blocking waiting for file lock on package cache
    Blocking waiting for file lock on shared package cache
    Blocking waiting for file lock on shared package cache
    Blocking waiting for file lock on shared package cache
    Blocking waiting for file lock on shared package cache
    Blocking waiting for file lock on shared package cache
    Blocking waiting for file lock on artifact directory
    Blocking    Blocking waiting for file lock on artifact directory
    Blocking waiting for file lock on artifact directory
 waiting for file lock on artifact directory
    Blocking waiting for file lock on artifact directory
    Blocking waiting for file lock on artifact directory
    Blocking waiting for file lock on artifact directory
    Finished `release` profile [optimized] target(s) in 1.30s
    Finished `release` profile [optimized] target(s) in 1.29s
    Finished `release` profile [optimized] target(s) in 1.34s
    Finished `release` profile [optimized] target(s) in 1.34s
    Finished `release` profile [optimized] target(s) in 1.32s
    Finished `release` profile [optimized] target(s) in 1.35s
    Finished `release` profile [optimized] target(s) in 1.36s
    Finished `release` profile [optimized] target(s) in 1.35s
Building top ...
Building wc ...
Building yes ...
Building cp ...
Building which ...
$ cargo -Z build-std=core,alloc,std,panic_abort Building mv ...
-Z build-std-features=compiler-builtins-mem -Z json-target-spec build --target /home/dancxjo/src/thingos/targets/x86_64-unknown-thingos.json --profile Building rm ...
release -p top
Building rmdir ...
$ cargo -Z build-std=core,alloc,std,panic_abort -Z build-std-features=compiler-builtins-mem -Z json-target-spec build --target /home/dancxjo/src/thingos/targets/x86_64-unknown-thingos.json --profile release -p wc
$ cargo -Z build-std=core,alloc,std,panic_abort -Z build-std-features=compiler-builtins-mem -Z json-target-spec build --target /home/dancxjo/src/thingos/targets/x86_64-unknown-thingos.json --profile release -p cp
$ cargo -Z build-std=core,alloc,std,panic_abort -Z build-std-features=compiler-builtins-mem -Z json-target-spec build --target /home/dancxjo/src/thingos/targets/x86_64-unknown-thingos.json --profile release -p which
$ cargo -Z build-std=core,alloc,std,panic_abort -Z build-std-features=compiler-builtins-mem -Z json-target-spec build --target /home/dancxjo/src/thingos/targets/x86_64-unknown-thingos.json --profile release -p yes
$ cargo -Z build-std=core,alloc,std,panic_abort -Z build-std-features=compiler-builtins-mem -Z json-target-spec build --target /home/dancxjo/src/thingos/targets/x86_64-unknown-thingos.json --profile release -p mv
$ cargo -Z build-std=core,alloc,std,panic_abort -Z build-std-features=compiler-builtins-mem -Z json-target-spec build --target /home/dancxjo/src/thingos/targets/x86_64-unknown-thingos.json --profile release -p rmdir
$ cargo -Z build-std=core,alloc,std,panic_abort -Z build-std-features=compiler-builtins-mem -Z json-target-spec build --target /home/dancxjo/src/thingos/targets/x86_64-unknown-thingos.json --profile release -p rm
    Blocking waiting for file lock on package cache
    Blocking waiting for file lock on package cache
    Blocking waiting for file lock on package cache
    Blocking waiting for file lock on package cache
    Blocking waiting for file lock on package cache
    Blocking waiting for file lock on package cache
    Blocking waiting for file lock on package cache
    Blocking waiting for file lock on package cache
    Blocking waiting for file lock on package cache
    Blocking waiting for file lock on package cache
    Blocking waiting for file lock on package cache
    Blocking waiting for file lock on package cache
    Blocking waiting for file lock on package cache
    Blocking waiting for file lock on package cache
    Blocking waiting for file lock on package cache
    Blocking waiting for file lock on package cache
    Blocking waiting for file lock on package cache
    Blocking waiting for file lock on package cache
    Blocking waiting for file lock on package cache
    Blocking waiting for file lock on package cache
    Blocking waiting for file lock on package cache
    Blocking waiting for file lock on package cache
    Blocking waiting for file lock on package cache
    Blocking waiting for file lock on package cache
    Blocking waiting for file lock on package cache
    Blocking waiting for file lock on package cache
    Blocking waiting for file lock on package cache
    Blocking waiting for file lock on package cache
    Blocking waiting for file lock on package cache
    Blocking waiting for file lock on package cache
    Blocking waiting for file lock on package cache
    Blocking waiting for file lock on package cache
    Blocking waiting for file lock on package cache
    Blocking waiting for file lock on package cache
    Blocking waiting for file lock on package cache
    Blocking waiting for file lock on package cache
    Blocking waiting for file lock on package cache
    Blocking waiting for file lock on package cache
    Blocking waiting for file lock on package cache
    Blocking waiting for file lock on package cache
    Blocking waiting for file lock on package cache
    Blocking waiting for file lock on package cache
    Blocking waiting for file lock on package cache
    Blocking waiting for file lock on package cache
    Blocking waiting for file lock on package cache
    Blocking waiting for file lock on package cache
    Blocking waiting for file lock on package cache
    Blocking waiting for file lock on package cache
    Blocking waiting for file lock on package cache
    Blocking waiting for file lock on package cache
    Blocking waiting for file lock on artifact directory
    Blocking waiting for file lock on artifact directory
    Blocking waiting for file lock on artifact directory
    Blocking waiting for file lock on artifact directory
    Blocking waiting for file lock on artifact directory
    Blocking waiting for file lock on artifact directory
    Blocking waiting for file lock on artifact directory
    Finished `release` profile [optimized] target(s) in 1.21s
    Finished `release` profile [optimized] target(s) in 1.23s
    Finished `release` profile [optimized] target(s) in 1.24s
    Finished `release` profile [optimized] target(s) in 1.26s
    Finished `release` profile [optimized] target(s) in 1.26s
    Finished `release` profile [optimized] target(s) in 1.28s
    Finished `release` profile [optimized] target(s) in 1.29s
    Finished `release` profile [optimized] target(s) in 1.27s
Building mkdir ...
Building printf ...
Building mount ...
Building echo ...
Building touch ...
Building pwd ...
$ cargo -Z build-std=core,alloc,std,panic_abort -Z build-std-features=compiler-builtins-mem -Z json-target-spec build --target /home/dancxjo/src/thingos/targets/x86_64-unknown-thingos.json --profile release -p echo
$ cargo -ZBuilding setshell ...
 build-std=core,alloc,std,panic_abort -Z build-std-features=compiler-builtins-mem -Z json-target-spec build --target /home/dancxjo/src/thingos/targets/x86_64-unknown-thingos.json --profile release -p touch
Building grep ...
$ cargo -Z build-std=core,alloc,std,panic_abort -Z build-std-features=compiler-builtins-mem -Z json-target-spec build --target /home/dancxjo/src/thingos/targets/x86_64-unknown-thingos.json --profile release -p grep
$ cargo -Z build-std=core,alloc,std,panic_abort -Z build-std-features=compiler-builtins-mem -Z json-target-spec build --target /home/dancxjo/src/thingos/targets/x86_64-unknown-thingos.json --profile release -p mkdir
$ cargo -Z build-std=core,alloc,std,panic_abort -Z build-std-features=compiler-builtins-mem -Z json-target-spec build --target /home/dancxjo/src/thingos/targets/x86_64-unknown-thingos.json --profile release -p printf
$ cargo -Z build-std=core,alloc,std,panic_abort -Z build-std-features=compiler-builtins-mem -Z json-target-spec build --target /home/dancxjo/src/thingos/targets/x86_64-unknown-thingos.json --profile release -p mount
$ cargo -Z build-std=core,alloc,std,panic_abort -Z build-std-features=compiler-builtins-mem -Z json-target-spec build --target /home/dancxjo/src/thingos/targets/x86_64-unknown-thingos.json --profile release -p pwd
$ cargo -Z build-std=core,alloc,std,panic_abort -Z build-std-features=compiler-builtins-mem -Z json-target-spec build --target /home/dancxjo/src/thingos/targets/x86_64-unknown-thingos.json --profile release -p setshell
    Blocking waiting for file lock on package cache
    Blocking waiting for file lock on package cache
    Blocking waiting for file lock on package cache
    Blocking waiting for file lock on package cache
    Blocking waiting for file lock on package cache
    Blocking waiting for file lock on package cache
    Blocking waiting for file lock on package cache
    Blocking waiting for file lock on package cache
    Blocking waiting for file lock on package cache
    Blocking waiting for file lock on package cache
    Blocking waiting for file lock on package cache
    Blocking waiting for file lock on package cache
    Blocking waiting for file lock on package cache
    Blocking waiting for file lock on package cache
    Blocking waiting for file lock on package cache
    Blocking waiting for file lock on package cache
    Blocking waiting for file lock on package cache
    Blocking waiting for file lock on package cache
    Blocking waiting for file lock on package cache
    Blocking waiting for file lock on package cache
    Blocking waiting for file lock on package cache
    Blocking waiting for file lock on package cache
    Blocking waiting for file lock on package cache
    Blocking waiting for file lock on package cache
    Blocking waiting for file lock on package cache
    Blocking waiting for file lock on package cache
    Blocking waiting for file lock on package cache
    Blocking waiting for file lock on package cache
    Blocking waiting for file lock on package cache
    Blocking waiting for file lock on package cache
    Blocking waiting for file lock on package cache
    Blocking waiting for file lock on package cache
    Blocking waiting for file lock on package cache
    Blocking waiting for file lock on package cache
    Blocking waiting for file lock on package cache
    Blocking waiting for file lock on package cache
    Blocking waiting for file lock on package cache
    Blocking waiting for file lock on package cache
    Blocking waiting for file lock on package cache
    Blocking waiting for file lock on package cache
    Blocking waiting for file lock on package cache
    Blocking waiting for file lock on package cache
    Blocking waiting for file lock on package cache
    Blocking waiting for file lock on package cache
    Blocking waiting for file lock on package cache
    Blocking waiting for file lock on package cache
    Blocking waiting for file lock on package cache
    Blocking waiting for file lock on package cache
    Blocking    Blocking waiting for file lock on package cache
 waiting for file lock on package cache
    Blocking waiting for file lock on shared package cache
    Blocking waiting for file lock on shared package cache
    Blocking waiting for file lock on shared package cache
    Blocking waiting for file lock on artifact directory
    Blocking waiting for file lock on artifact directory
    Blocking waiting for file lock on artifact directory
    Blocking waiting for file lock on artifact directory
    Blocking waiting for file lock on artifact directory
    Blocking waiting for file lock on artifact directory
    Blocking waiting for file lock on artifact directory
    Finished `release` profile [optimized] target(s) in 1.22s
    Finished `release` profile [optimized] target(s) in 1.23s
    Finished `release` profile [optimized] target(s) in 1.24s
    Finished `release` profile [optimized] target(s) in 1.25s
    Finished `release` profile [optimized] target(s) in 1.27s
    Finished `release` profile [optimized] target(s) in 1.25s
    Finished `release` profile [optimized] target(s) in 1.26s
    Finished `release` profile [optimized] target(s) in 1.30s
Building dmesg ...
Building file ...
Building stat ...
Building dirname ...
Building basename ...
$ cargo -Z build-std=core,alloc,std,panic_abort -Z build-std-features=compiler-builtins-mem -Z json-target-spec build --target /home/dancxjo/src/thingos/targets/x86_64-unknown-thingos.jsonBuilding sleep ...
 --profile release -p stat
$ cargo -Z build-std=core,alloc,std,panic_abort -Z build-std-features=compiler-builtins-memBuilding env ...
 -Z json-target-spec build --target /home/dancxjo/src/thingos/targets/x86_64-unknown-thingos.json --profile Building sort ...
release -p file
$ cargo -Z build-std=core,alloc,std,panic_abort -Z build-std-features=compiler-builtins-mem -Z json-target-spec build --target /home/dancxjo/src/thingos/targets/x86_64-unknown-thingos.json --profile release -p dmesg
$ cargo -Z build-std=core,alloc,std,panic_abort -Z build-std-features=compiler-builtins-mem -Z json-target-spec build --target /home/dancxjo/src/thingos/targets/x86_64-unknown-thingos.json --profile release -p basename
$ cargo -Z build-std=core,alloc,std,panic_abort -Z build-std-features=compiler-builtins-mem -Z json-target-spec build --target /home/dancxjo/src/thingos/targets/x86_64-unknown-thingos.json --profile release -p dirname
$ cargo -Z build-std=core,alloc,std,panic_abort -Z build-std-features=compiler-builtins-mem -Z json-target-spec build --target /home/dancxjo/src/thingos/targets/x86_64-unknown-thingos.json --profile release -p sleep
$ cargo -Z build-std=core,alloc,std,panic_abort -Z build-std-features=compiler-builtins-mem -Z json-target-spec build --target /home/dancxjo/src/thingos/targets/x86_64-unknown-thingos.json --profile release -p env
$ cargo -Z build-std=core,alloc,std,panic_abort -Z build-std-features=compiler-builtins-mem -Z json-target-spec build --target /home/dancxjo/src/thingos/targets/x86_64-unknown-thingos.json --profile release -p sort
    Blocking waiting for file lock on package cache
    Blocking waiting for file lock on package cache
    Blocking waiting for file lock on package cache
    Blocking waiting for file lock on package cache
    Blocking waiting for file lock on package cache
    Blocking waiting for file lock on package cache
    Blocking waiting for file lock on package cache
    Blocking waiting for file lock on package cache
    Blocking waiting for file lock on package cache
    Blocking waiting for file lock on package cache
    Blocking waiting for file lock on package cache
    Blocking waiting for file lock on package cache
    Blocking waiting for file lock on package cache
    Blocking waiting for file lock on package cache
    Blocking waiting for file lock on package cache
    Blocking waiting for file lock on package cache
    Blocking waiting for file lock on package cache
    Blocking waiting for file lock on package cache
    Blocking waiting for file lock on package cache
    Blocking waiting for file lock on package cache
    Blocking waiting for file lock on package cache
    Blocking waiting for file lock on package cache
    Blocking waiting for file lock on package cache
    Blocking waiting for file lock on package cache
    Blocking waiting for file lock on package cache
    Blocking waiting for file lock on package cache
    Blocking waiting for file lock on package cache
    Blocking waiting for file lock on package cache
    Blocking waiting for file lock on package cache
    Blocking waiting for file lock on package cache
    Blocking waiting for file lock on package cache
    Blocking waiting for file lock on package cache
    Blocking waiting for file lock on package cache
    Blocking waiting for file lock on package cache
    Blocking waiting for file lock on package cache
    Blocking waiting for file lock on package cache
    Blocking waiting for file lock on package cache
    Blocking waiting for file lock on package cache
    Blocking waiting for file lock on package cache
    Blocking waiting for file lock on package cache
    Blocking waiting for file lock on package cache
    Blocking waiting for file lock on package cache
    Blocking waiting for file lock on package cache
    Blocking waiting for file lock on package cache
    Blocking waiting for file lock on package cache
    Blocking    Blocking waiting for file lock on package cache
 waiting for file lock on package cache
    Blocking    Blocking waiting for file lock on package cache
 waiting for file lock on package cache
    Blocking waiting for file lock on package cache
    Blocking waiting for file lock on shared package cache
    Blocking waiting for file lock on shared package cache
    Blocking waiting for file lock on artifact directory
    Blocking waiting for file lock on artifact directory
    Blocking waiting for file lock on artifact directory
    Blocking waiting for file lock on artifact directory
    Blocking waiting for file lock on artifact directory
    Blocking waiting for file lock on artifact directory
    Blocking waiting for file lock on artifact directory
    Finished `release` profile [optimized] target(s) in 1.21s
    Finished `release` profile [optimized] target(s) in 1.22s
    Finished `release` profile [optimized] target(s) in 1.24s
    Finished `release` profile [optimized] target(s) in 1.25s
    Finished `release` profile [optimized] target(s) in 1.26s
    Finished `release` profile [optimized] target(s) in 1.27s
    Finished `release` profile [optimized] target(s) in 1.28s
    Finished `release` profile [optimized] target(s) in 1.29s
Building uname ...
Building true ...
Building false ...
Building input_echo ...
$ cargoBuilding ps2_mouse ...
 -Z build-std=core,alloc,std,panic_abort -Z build-std-features=compiler-builtins-mem -Z json-target-spec build --targetBuilding display_bootfb ...
 /home/dancxjo/src/thingos/targets/x86_64-unknown-thingos.json --profileBuilding display_virtio_gpu ...
 release -pBuilding cambium ...
 uname
$ cargo -Z build-std=core,alloc,std,panic_abort -Z build-std-features=compiler-builtins-mem -Z json-target-spec build --target /home/dancxjo/src/thingos/targets/x86_64-unknown-thingos.json --profile release -p true
$ cargo -Z build-std=core,alloc,std,panic_abort -Z build-std-features=compiler-builtins-mem -Z json-target-spec build --target /home/dancxjo/src/thingos/targets/x86_64-unknown-thingos.json --profile release -p input_echo
$ cargo -Z build-std=core,alloc,std,panic_abort -Z build-std-features=compiler-builtins-mem -Z json-target-spec build --target /home/dancxjo/src/thingos/targets/x86_64-unknown-thingos.json --profile release -p ps2_mouse
$ cargo -Z build-std=core,alloc,std,panic_abort -Z build-std-features=compiler-builtins-mem -Z json-target-spec build --target /home/dancxjo/src/thingos/targets/x86_64-unknown-thingos.json --profile release -p false
$ cargo -Z build-std=core,alloc,std,panic_abort -Z build-std-features=compiler-builtins-mem -Z json-target-spec build --target /home/dancxjo/src/thingos/targets/x86_64-unknown-thingos.json --profile release -p display_bootfb
$ cargo -Z build-std=core,alloc,std,panic_abort -Z build-std-features=compiler-builtins-mem -Z json-target-spec build --target /home/dancxjo/src/thingos/targets/x86_64-unknown-thingos.json --profile release -p display_virtio_gpu
$ cargo -Z build-std=core,alloc,std,panic_abort -Z build-std-features=compiler-builtins-mem -Z json-target-spec build --target /home/dancxjo/src/thingos/targets/x86_64-unknown-thingos.json --profile release -p cambium
    Blocking waiting for file lock on package cache
    Blocking waiting for file lock on package cache
    Blocking waiting for file lock on package cache
    Blocking waiting for file lock on package cache
    Blocking waiting for file lock on package cache
    Blocking waiting for file lock on package cache
    Blocking waiting for file lock on package cache
    Blocking waiting for file lock on package cache
    Blocking waiting for file lock on package cache
    Blocking waiting for file lock on package cache
    Blocking waiting for file lock on package cache
    Blocking waiting for file lock on package cache
    Blocking waiting for file lock on package cache
    Blocking waiting for file lock on package cache
    Blocking waiting for file lock on package cache
    Blocking waiting for file lock on package cache
    Blocking waiting for file lock on package cache
    Blocking waiting for file lock on package cache
    Blocking waiting for file lock on package cache
    Blocking waiting for file lock on package cache
    Blocking waiting for file lock on package cache
    Blocking waiting for file lock on package cache
    Blocking waiting for file lock on package cache
    Blocking waiting for file lock on package cache
    Blocking waiting for file lock on package cache
    Blocking waiting for file lock on package cache
    Blocking waiting for file lock on package cache
    Blocking waiting for file lock on package cache
    Blocking waiting for file lock on package cache
    Blocking waiting for file lock on package cache
    Blocking waiting for file lock on package cache
    Blocking waiting for file lock on package cache
    Blocking waiting for file lock on package cache
    Blocking waiting for file lock on package cache
    Blocking waiting for file lock on package cache
    Blocking waiting for file lock on package cache
    Blocking waiting for file lock on package cache
    Blocking waiting for file lock on package cache
    Blocking waiting for file lock on package cache
    Blocking waiting for file lock on package cache
    Blocking waiting for file lock on package cache
    Blocking waiting for file lock on package cache
    Blocking waiting for file lock on package cache
    Blocking waiting for file lock on package cache
    Blocking waiting for file lock on package cache
    Blocking waiting for file lock on package cache
    Blocking waiting for file lock on package cache
    Blocking waiting for file lock on shared package cache
    Blocking waiting for file lock on shared package cache
    Blocking waiting for file lock on shared package cache
    Blocking waiting for file lock on artifact directory
    Blocking waiting for file lock on artifact directory
    Blocking waiting for file lock on artifact directory
    Blocking waiting for file lock on artifact directory
    Blocking waiting for file lock on artifact directory
    Blocking waiting for file lock on artifact directory
    Blocking waiting for file lock on artifact directory
   Compiling virtio_gpu v0.1.0 (/home/dancxjo/src/thingos/thingos/drivers/virtio_gpu)
   Compiling display_virtio_gpu v0.1.0 (/home/dancxjo/src/thingos/thingos/drivers/display_virtio_gpu)
    Finished `release` profile [optimized] target(s) in 2.47s
    Finished `release` profile [optimized] target(s) in 2.49s
    Finished `release` profile [optimized] target(s) in 2.50s
    Finished `release` profile [optimized] target(s) in 2.51s
    Finished `release` profile [optimized] target(s) in 2.53s
    Finished `release` profile [optimized] target(s) in 2.53s
    Finished `release` profile [optimized] target(s) in 2.54s
    Finished `release` profile [optimized] target(s) in 2.55s
Building virtio_netd ...
Building rtl8168d ...
$ cargo -Z build-std=core,alloc,std,panic_abort -Z build-std-features=compiler-builtins-mem -Z json-target-spec build --target /home/dancxjo/src/thingos/targets/x86_64-unknown-thingos.json --profile release -p rtl8168d
$ cargo -Z build-std=core,alloc,std,panic_abortBuilding netd ...
 -Z build-std-features=compiler-builtins-mem -Z json-target-spec build --target /home/dancxjo/src/thingos/targets/x86_64-unknown-thingos.json --profile release -p virtio_netd
Building mesocarp ...
Building fetchd ...
$ cargoBuilding httpsd ...
 -Z build-std=core,alloc,std,panic_abort -Z build-std-features=compiler-builtins-mem -Z json-target-spec build --target /home/dancxjo/src/thingos/targets/x86_64-unknown-thingos.json --profile release -p netd
Building ip ...
Building find ...
$ cargo -Z build-std=core,alloc,std,panic_abort -Z build-std-features=compiler-builtins-mem -Z json-target-spec build --target /home/dancxjo/src/thingos/targets/x86_64-unknown-thingos.json --profile release -p fetchd
$ cargo -Z build-std=core,alloc,std,panic_abort -Z build-std-features=compiler-builtins-mem -Z json-target-spec build --target /home/dancxjo/src/thingos/targets/x86_64-unknown-thingos.json --profile release -p httpsd
$ cargo -Z build-std=core,alloc,std,panic_abort -Z build-std-features=compiler-builtins-mem -Z json-target-spec build --target /home/dancxjo/src/thingos/targets/x86_64-unknown-thingos.json --profile release -p mesocarp
$ cargo -Z build-std=core,alloc,std,panic_abort -Z build-std-features=compiler-builtins-mem -Z json-target-spec build --target /home/dancxjo/src/thingos/targets/x86_64-unknown-thingos.json --profile release -p ip
$ cargo -Z build-std=core,alloc,std,panic_abort -Z build-std-features=compiler-builtins-mem -Z json-target-spec build --target /home/dancxjo/src/thingos/targets/x86_64-unknown-thingos.json --profile release -p find
    Blocking waiting for file lock on package cache
    Blocking waiting for file lock on package cache
    Blocking waiting for file lock on package cache
    Blocking waiting for file lock on package cache
    Blocking waiting for file lock on package cache
    Blocking waiting for file lock on package cache
    Blocking waiting for file lock on package cache
    Blocking waiting for file lock on package cache
    Blocking waiting for file lock on package cache
    Blocking waiting for file lock on package cache
    Blocking waiting for file lock on package cache
    Blocking waiting for file lock on package cache
    Blocking waiting for file lock on package cache
    Blocking waiting for file lock on package cache
    Blocking waiting for file lock on package cache
    Blocking waiting for file lock on package cache
    Blocking waiting for file lock on package cache
    Blocking waiting for file lock on package cache
    Blocking waiting for file lock on package cache
    Blocking waiting for file lock on package cache
    Blocking waiting for file lock on package cache
    Blocking waiting for file lock on package cache
    Blocking waiting for file lock on package cache
    Blocking waiting for file lock on package cache
    Blocking waiting for file lock on package cache
    Blocking waiting for file lock on package cache
    Blocking waiting for file lock on package cache
    Blocking waiting for file lock on package cache
    Blocking waiting for file lock on package cache
    Blocking waiting for file lock on package cache
    Blocking waiting for file lock on package cache
    Blocking waiting for file lock on package cache
    Blocking waiting for file lock on package cache
    Blocking waiting for file lock on package cache
    Blocking waiting for file lock on package cache
    Blocking waiting for file lock on package cache
    Blocking waiting for file lock on package cache
    Blocking waiting for file lock on package cache
    Blocking waiting for file lock on package cache
    Blocking waiting for file lock on package cache
    Blocking waiting for file lock on package cache
    Blocking waiting for file lock on package cache
    Blocking waiting for file lock on package cache
    Blocking waiting for file lock on package cache
    Blocking waiting for file lock on package cache
    Blocking waiting for file lock on package cache
    Blocking waiting for file lock on package cache
    Blocking waiting for file lock on package cache
    Blocking waiting for file lock on package cache
    Blocking waiting for file lock on shared package cache
    Blocking waiting for file lock on shared package cache
    Blocking waiting for file lock on shared package cache
    Blocking waiting for file lock on shared package cache
    Blocking waiting for file lock on shared package cache
    Blocking waiting for file lock on shared package cache
    Blocking    Blocking waiting for file lock on artifact directory
 waiting for file lock on artifact directory
    Blocking waiting for file lock on artifact directory
    Blocking waiting for file lock on artifact directory
    Blocking waiting for file lock on artifact directory
    Blocking waiting for file lock on artifact directory
    Blocking waiting for file lock on artifact directory
    Finished `release` profile [optimized] target(s) in 1.22s
    Finished `release` profile [optimized] target(s) in 1.21s
    Finished `release` profile [optimized] target(s) in 1.23s
    Finished `release` profile [optimized] target(s) in 1.24s
    Finished `release` profile [optimized] target(s) in 1.25s
    Finished `release` profile [optimized] target(s) in 1.26s
    Finished `release` profile [optimized] target(s) in 1.28s
    Finished `release` profile [optimized] target(s) in 1.30s
Building ping ...
Building iso_reader ...
Building nslookup ...
Building ahci_disk ...
$ cargo -Z build-std=core,alloc,std,panic_abort -Z build-std-features=compiler-builtins-mem -Z json-target-spec build --target /home/dancxjo/src/thingos/targets/x86_64-unknown-thingos.json --profile release -p ping
Building ata_disk ...
$ cargo -Z build-std=core,alloc,std,panic_abort -Z build-std-features=compiler-builtins-mem -Z json-target-spec build --target /home/dancxjo/src/thingos/targets/x86_64-unknown-thingos.json Building iso9660d ...
--profile release -p nslookup
$ cargoBuilding virtio_sound ...
 -Z build-std=core,alloc,std,panic_abort -Z Building fatd ...
build-std-features=compiler-builtins-mem -Z json-target-spec build --target /home/dancxjo/src/thingos/targets/x86_64-unknown-thingos.json --profile release -p iso9660d
$ cargo -Z build-std=core,alloc,std,panic_abort -Z build-std-features=compiler-builtins-mem -Z json-target-spec build --target /home/dancxjo/src/thingos/targets/x86_64-unknown-thingos.json --profile release -p ahci_disk
$ cargo -Z build-std=core,alloc,std,panic_abort -Z build-std-features=compiler-builtins-mem -Z json-target-spec build --target /home/dancxjo/src/thingos/targets/x86_64-unknown-thingos.json --profile release -p ata_disk
$ cargo -Z build-std=core,alloc,std,panic_abort -Z build-std-features=compiler-builtins-mem -Z json-target-spec build --target /home/dancxjo/src/thingos/targets/x86_64-unknown-thingos.json --profile release -p virtio_sound
$ cargo -Z build-std=core,alloc,std,panic_abort -Z build-std-features=compiler-builtins-mem -Z json-target-spec build --target /home/dancxjo/src/thingos/targets/x86_64-unknown-thingos.json --profile release -p fatd
$ cargo -Z build-std=core,alloc,std,panic_abort -Z build-std-features=compiler-builtins-mem -Z json-target-spec build --target /home/dancxjo/src/thingos/targets/x86_64-unknown-thingos.json --profile release -p iso_reader
    Blocking waiting for file lock on package cache
    Blocking waiting for file lock on package cache
    Blocking waiting for file lock on package cache
    Blocking waiting for file lock on package cache
    Blocking waiting for file lock on package cache
    Blocking waiting for file lock on package cache
    Blocking waiting for file lock on package cache
    Blocking waiting for file lock on package cache
    Blocking waiting for file lock on package cache
    Blocking waiting for file lock on package cache
    Blocking waiting for file lock on package cache
    Blocking waiting for file lock on package cache
    Blocking waiting for file lock on package cache
    Blocking waiting for file lock on package cache
    Blocking waiting for file lock on package cache
    Blocking waiting for file lock on package cache
    Blocking waiting for file lock on package cache
    Blocking waiting for file lock on package cache
    Blocking waiting for file lock on package cache
    Blocking waiting for file lock on package cache
    Blocking waiting for file lock on package cache
    Blocking waiting for file lock on package cache
    Blocking waiting for file lock on package cache
    Blocking waiting for file lock on package cache
    Blocking waiting for file lock on package cache
    Blocking waiting for file lock on package cache
    Blocking waiting for file lock on package cache
    Blocking waiting for file lock on package cache
    Blocking waiting for file lock on package cache
    Blocking waiting for file lock on package cache
    Blocking waiting for file lock on package cache
    Blocking waiting for file lock on package cache
    Blocking waiting for file lock on package cache
    Blocking waiting for file lock on package cache
    Blocking waiting for file lock on package cache
    Blocking waiting for file lock on package cache
    Blocking waiting for file lock on package cache
    Blocking waiting for file lock on package cache
    Blocking waiting for file lock on package cache
    Blocking waiting for file lock on package cache
    Blocking waiting for file lock on package cache
    Blocking waiting for file lock on package cache
    Blocking waiting for file lock on package cache
    Blocking waiting for file lock on package cache
    Blocking waiting for file lock on package cache
    Blocking waiting for file lock on package cache
    Blocking waiting for file lock on package cache
    Blocking waiting for file lock on package cache
    Blocking waiting for file lock on package cache
    Blocking waiting for file lock on package cache
    Blocking waiting for file lock on shared package cache
    Blocking waiting for file lock on shared package cache
    Blocking waiting for file lock on shared package cache
    Blocking waiting for file lock on shared package cache
    Blocking waiting for file lock on artifact directory
    Blocking waiting for file lock on artifact directory
    Blocking waiting for file lock on artifact directory
    Blocking waiting for file lock on artifact directory
    Blocking waiting for file lock on artifact directory
    Blocking waiting for file lock on artifact directory
    Blocking waiting for file lock on artifact directory
    Finished `release` profile [optimized] target(s) in 1.27s
    Finished `release` profile [optimized] target(s) in 1.27s
    Finished `release` profile [optimized] target(s) in 1.28s
    Finished `release` profile [optimized] target(s) in 1.29s
    Finished `release` profile [optimized] target(s) in 1.31s
    Finished `release` profile [optimized] target(s) in 1.32s
    Finished `release` profile [optimized] target(s) in 1.33s
    Finished `release` profile [optimized] target(s) in 1.34s
Building hdaudio ...
Building pci_stubd ...
Building xhci ...
$ cargo -Z build-std=core,alloc,std,panic_abort -Z build-std-features=compiler-builtins-mem -Z json-target-spec build --target /home/dancxjo/src/thingos/targets/x86_64-unknown-thingos.json --profile releaseBuilding vfs_hello ...
 -p hdaudio
$ cargo -ZBuilding show_args ...
 build-std=core,alloc,std,panic_abort -Z build-std-features=compiler-builtins-mem -Z json-target-spec build --target /home/dancxjo/src/thingos/targets/x86_64-unknown-thingos.json --profile release -p vfs_hello
Building chime ...
$ cargoBuilding clock ...
 -Z build-std=core,alloc,std,panic_abort -Z build-std-features=compiler-builtins-mem -Z json-target-spec build --target /home/dancxjo/src/thingos/targets/x86_64-unknown-thingos.json --profile release -p chime
$ cargo -Z build-std=core,alloc,std,panic_abort -Z build-std-features=compiler-builtins-mem -Z json-target-spec build --target /home/dancxjo/src/thingos/targets/x86_64-unknown-thingos.json --profile release -p show_args
$ cargo -Z build-std=core,alloc,std,panic_abort -Z build-std-features=compiler-builtins-mem -Z json-target-spec build --target /home/dancxjo/src/thingos/targets/x86_64-unknown-thingos.json --profile release -p pci_stubd
$ cargo -Z build-std=core,alloc,std,panic_abort -Z build-std-features=compiler-builtins-mem -Z json-target-spec build --target /home/dancxjo/src/thingos/targets/x86_64-unknown-thingos.json --profile release -p clock
Building leaf ...
$ cargo -Z build-std=core,alloc,std,panic_abort -Z build-std-features=compiler-builtins-mem -Z json-target-spec build --target /home/dancxjo/src/thingos/targets/x86_64-unknown-thingos.json --profile release -p leaf
$ cargo -Z build-std=core,alloc,std,panic_abort -Z build-std-features=compiler-builtins-mem -Z json-target-spec build --target /home/dancxjo/src/thingos/targets/x86_64-unknown-thingos.json --profile release -p xhci
    Blocking waiting for file lock on package cache
    Blocking waiting for file lock on package cache
    Blocking waiting for file lock on package cache
    Blocking waiting for file lock on package cache
    Blocking waiting for file lock on package cache
    Blocking waiting for file lock on package cache
    Blocking waiting for file lock on package cache
    Blocking waiting for file lock on package cache
    Blocking waiting for file lock on package cache
    Blocking waiting for file lock on package cache
    Blocking waiting for file lock on package cache
    Blocking waiting for file lock on package cache
    Blocking waiting for file lock on package cache
    Blocking waiting for file lock on package cache
    Blocking waiting for file lock on package cache
    Blocking waiting for file lock on package cache
    Blocking waiting for file lock on package cache
    Blocking waiting for file lock on package cache
    Blocking waiting for file lock on package cache
    Blocking waiting for file lock on package cache
    Blocking waiting for file lock on package cache
    Blocking waiting for file lock on package cache
    Blocking waiting for file lock on package cache
    Blocking waiting for file lock on package cache
    Blocking waiting for file lock on package cache
    Blocking waiting for file lock on package cache
    Blocking waiting for file lock on package cache
    Blocking waiting for file lock on package cache
    Blocking waiting for file lock on package cache
    Blocking waiting for file lock on package cache
    Blocking waiting for file lock on package cache
    Blocking waiting for file lock on package cache
    Blocking waiting for file lock on package cache
    Blocking waiting for file lock on package cache
    Blocking waiting for file lock on package cache
    Blocking waiting for file lock on package cache
    Blocking waiting for file lock on package cache
    Blocking waiting for file lock on package cache
    Blocking waiting for file lock on package cache
    Blocking waiting for file lock on package cache
    Blocking waiting for file lock on package cache
    Blocking waiting for file lock on package cache
    Blocking waiting for file lock on package cache
    Blocking waiting for file lock on package cache
    Blocking waiting for file lock on package cache
    Blocking waiting for file lock on package cache
    Blocking waiting for file lock on package cache
    Blocking waiting for file lock on package cache
    Blocking waiting for file lock on package cache
    Blocking waiting for file lock on shared package cache
    Blocking waiting for file lock on artifact directory
    Blocking waiting for file lock on artifact directory
    Blocking waiting for file lock on artifact directory
    Blocking waiting for file lock on artifact directory
    Blocking waiting for file lock on artifact directory
    Blocking waiting for file lock on artifact directory
    Blocking waiting for file lock on artifact directory
    Finished `release` profile [optimized] target(s) in 1.36s
    Finished `release` profile [optimized] target(s) in 1.38s
    Finished `release` profile [optimized] target(s) in 1.39s
    Finished `release` profile [optimized] target(s) in 1.39s
    Finished `release` profile [optimized] target(s) in 1.41s
    Finished `release` profile [optimized] target(s) in 1.41s
    Finished `release` profile [optimized] target(s) in 1.43s
    Finished `release` profile [optimized] target(s) in 1.45s
Building env_roundtrip ...
Building cwd_test ...
Building terminal ...
$ cargo -ZBuilding date ...
 build-std=core,alloc,std,panic_abort -Z build-std-features=compiler-builtins-mem Building wayland_hello ...
-Z json-target-spec build --target /home/dancxjo/src/thingos/targets/x86_64-unknown-thingos.json --profile Building tee ...
release -p env_roundtrip
Building xargs ...
$ cargoBuilding placed ...
 -Z build-std=core,alloc,std,panic_abort -Z build-std-features=compiler-builtins-mem -Z json-target-spec build --target /home/dancxjo/src/thingos/targets/x86_64-unknown-thingos.json --profile release -p wayland_hello
$ cargo -Z build-std=core,alloc,std,panic_abort -Z build-std-features=compiler-builtins-mem -Z json-target-spec build --target /home/dancxjo/src/thingos/targets/x86_64-unknown-thingos.json --profile release -p cwd_test
$ cargo -Z build-std=core,alloc,std,panic_abort -Z build-std-features=compiler-builtins-mem -Z json-target-spec build --target /home/dancxjo/src/thingos/targets/x86_64-unknown-thingos.json --profile release -p date
$ cargo -Z build-std=core,alloc,std,panic_abort -Z build-std-features=compiler-builtins-mem -Z json-target-spec build --target /home/dancxjo/src/thingos/targets/x86_64-unknown-thingos.json --profile release -p tee
$ cargo -Z build-std=core,alloc,std,panic_abort -Z build-std-features=compiler-builtins-mem -Z json-target-spec build --target /home/dancxjo/src/thingos/targets/x86_64-unknown-thingos.json --profile release -p terminal
$ cargo -Z build-std=core,alloc,std,panic_abort -Z build-std-features=compiler-builtins-mem -Z json-target-spec build --target /home/dancxjo/src/thingos/targets/x86_64-unknown-thingos.json --profile release -p xargs
$ cargo -Z build-std=core,alloc,std,panic_abort -Z build-std-features=compiler-builtins-mem -Z json-target-spec build --target /home/dancxjo/src/thingos/targets/x86_64-unknown-thingos.json --profile release -p placed
    Blocking waiting for file lock on package cache
    Blocking waiting for file lock on package cache
    Blocking waiting for file lock on package cache
    Blocking    Blocking waiting for file lock on package cache
 waiting for file lock on package cache
    Blocking waiting for file lock on package cache
    Blocking waiting for file lock on package cache
    Blocking waiting for file lock on package cache
    Blocking waiting for file lock on package cache
    Blocking waiting for file lock on package cache
    Blocking waiting for file lock on package cache
    Blocking waiting for file lock on package cache
    Blocking waiting for file lock on package cache
    Blocking waiting for file lock on package cache
    Blocking waiting for file lock on package cache
    Blocking waiting for file lock on package cache
    Blocking waiting for file lock on package cache
    Blocking waiting for file lock on package cache
    Blocking waiting for file lock on package cache
    Blocking waiting for file lock on package cache
    Blocking waiting for file lock on package cache
    Blocking waiting for file lock on package cache
    Blocking waiting for file lock on package cache
    Blocking waiting for file lock on package cache
    Blocking waiting for file lock on package cache
    Blocking waiting for file lock on package cache
    Blocking waiting for file lock on package cache
    Blocking waiting for file lock on package cache
    Blocking waiting for file lock on package cache
    Blocking waiting for file lock on package cache
    Blocking waiting for file lock on package cache
    Blocking waiting for file lock on package cache
    Blocking waiting for file lock on package cache
    Blocking waiting for file lock on package cache
    Blocking waiting for file lock on package cache
    Blocking waiting for file lock on package cache
    Blocking waiting for file lock on package cache
    Blocking waiting for file lock on package cache
    Blocking waiting for file lock on package cache
    Blocking waiting for file lock on package cache
    Blocking waiting for file lock on package cache
    Blocking waiting for file lock on package cache
    Blocking waiting for file lock on package cache
    Blocking waiting for file lock on package cache
    Blocking waiting for file lock on package cache
    Blocking waiting for file lock on package cache
    Blocking waiting for file lock on package cache
    Blocking waiting for file lock on package cache
    Blocking waiting for file lock on package cache
    Blocking waiting for file lock on artifact directory
    Blocking waiting for file lock on artifact directory
    Blocking waiting for file lock on artifact directory
    Blocking waiting for file lock on artifact directory
    Blocking waiting for file lock on artifact directory
    Blocking waiting for file lock on artifact directory
    Blocking waiting for file lock on artifact directory
    Finished `release` profile [optimized] target(s) in 1.16s
    Finished `release` profile [optimized] target(s) in 1.17s
    Finished `release` profile [optimized] target(s) in 1.18s
    Finished `release` profile [optimized] target(s) in 1.20s
    Finished `release` profile [optimized] target(s) in 1.21s
    Finished `release` profile [optimized] target(s) in 1.21s
    Finished `release` profile [optimized] target(s) in 1.22s
    Finished `release` profile [optimized] target(s) in 1.23s
Building bloom ...
Building clear ...
Building poll_mux ...
$ Building loglevel ...
cargo -Z build-std=core,alloc,std,panic_abort -Z build-std-features=compiler-builtins-mem -Z json-target-spec build --target /home/dancxjo/src/thingos/targets/x86_64-unknown-thingos.json --profile releaseBuilding ipc_service_demo ...
 -p bloom
Building ipc_pipe_demo ...
$ cargo -Z build-std=core,alloc,std,panic_abort -Z build-std-features=compiler-builtins-mem -Z Building ipc_provider_demo ...
json-target-spec build --target /home/dancxjo/src/thingos/targets/x86_64-unknown-thingos.json --profile release -p poll_mux
Building vfs_test_provider ...
$ cargo -Z build-std=core,alloc,std,panic_abort -Z build-std-features=compiler-builtins-mem -Z json-target-spec build --target /home/dancxjo/src/thingos/targets/x86_64-unknown-thingos.json --profile release -p loglevel
$ cargo -Z build-std=core,alloc,std,panic_abort -Z build-std-features=compiler-builtins-mem -Z json-target-spec build --target /home/dancxjo/src/thingos/targets/x86_64-unknown-thingos.json --profile release -p clear
$ cargo -Z build-std=core,alloc,std,panic_abort -Z build-std-features=compiler-builtins-mem -Z json-target-spec build --target /home/dancxjo/src/thingos/targets/x86_64-unknown-thingos.json --profile release -p ipc_pipe_demo
$ cargo -Z build-std=core,alloc,std,panic_abort -Z build-std-features=compiler-builtins-mem -Z json-target-spec build --target /home/dancxjo/src/thingos/targets/x86_64-unknown-thingos.json --profile release -p ipc_service_demo
$ cargo -Z build-std=core,alloc,std,panic_abort -Z build-std-features=compiler-builtins-mem -Z json-target-spec build --target /home/dancxjo/src/thingos/targets/x86_64-unknown-thingos.json --profile release -p ipc_provider_demo
$ cargo -Z build-std=core,alloc,std,panic_abort -Z build-std-features=compiler-builtins-mem -Z json-target-spec build --target /home/dancxjo/src/thingos/targets/x86_64-unknown-thingos.json --profile release -p vfs_test_provider
    Blocking waiting for file lock on package cache
    Blocking waiting for file lock on package cache
    Blocking waiting for file lock on package cache
    Blocking waiting for file lock on package cache
    Blocking waiting for file lock on package cache
    Blocking    Blocking waiting for file lock on package cache
 waiting for file lock on package cache
    Blocking waiting for file lock on package cache
    Blocking waiting for file lock on package cache
    Blocking waiting for file lock on package cache
    Blocking waiting for file lock on package cache
    Blocking waiting for file lock on package cache
    Blocking waiting for file lock on package cache
    Blocking waiting for file lock on package cache
    Blocking waiting for file lock on package cache
    Blocking waiting for file lock on package cache
    Blocking waiting for file lock on package cache
    Blocking waiting for file lock on package cache
    Blocking waiting for file lock on package cache
    Blocking waiting for file lock on package cache
    Blocking waiting for file lock on package cache
    Blocking waiting for file lock on package cache
    Blocking waiting for file lock on package cache
    Blocking waiting for file lock on package cache
    Blocking waiting for file lock on package cache
    Blocking waiting for file lock on package cache
    Blocking waiting for file lock on package cache
    Blocking waiting for file lock on package cache
    Blocking waiting for file lock on package cache
    Blocking waiting for file lock on package cache
    Blocking waiting for file lock on package cache
    Blocking waiting for file lock on package cache
    Blocking waiting for file lock on package cache
    Blocking waiting for file lock on package cache
    Blocking waiting for file lock on package cache
    Blocking waiting for file lock on package cache
    Blocking waiting for file lock on package cache
    Blocking waiting for file lock on package cache
    Blocking waiting for file lock on package cache
    Blocking waiting for file lock on package cache
    Blocking waiting for file lock on package cache
    Blocking waiting for file lock on package cache
    Blocking waiting for file lock on package cache
    Blocking waiting for file lock on package cache
    Blocking waiting for file lock on package cache
    Blocking waiting for file lock on package cache
    Blocking waiting for file lock on package cache
    Blocking waiting for file lock on package cache
    Blocking waiting for file lock on package cache
    Blocking waiting for file lock on shared package cache
    Blocking waiting for file lock on artifact directory
    Blocking waiting for file lock on artifact directory
    Blocking waiting for file lock on artifact directory
    Blocking waiting for file lock on artifact directory
    Blocking waiting for file lock on artifact directory
    Blocking waiting for file lock on artifact directory
    Blocking waiting for file lock on artifact directory
    Finished `release` profile [optimized] target(s) in 1.12s
    Finished `release` profile [optimized] target(s) in 1.13s
    Finished `release` profile [optimized] target(s) in 1.14s
    Finished `release` profile [optimized] target(s) in 1.15s
    Finished `release` profile [optimized] target(s) in 1.16s
    Finished `release` profile [optimized] target(s) in 1.18s
    Finished `release` profile [optimized] target(s) in 1.19s
    Finished `release` profile [optimized] target(s) in 1.20s
Building ipc_memfd_demo ...
Building test_exec ...
Building test_vm_protect ...
$ cargo -Z build-std=core,alloc,std,panic_abort -Z build-std-features=compiler-builtins-mem -Z json-target-spec build --target /home/dancxjo/src/thingos/targets/x86_64-unknown-thingos.json --profile release -p Building test_exec_env ...
test_exec
Building test_threads ...
Building test_futex ...
$ cargo -Z build-std=core,alloc,std,panic_abort -Z build-std-features=compiler-builtins-mem -ZBuilding ld_so ...
 json-target-spec build --target /home/dancxjo/src/thingos/targets/x86_64-unknown-thingos.json --profile release -p ipc_memfd_demo
$ cargo -Z build-std=core,alloc,std,panic_abort -Z build-std-features=compiler-builtins-memBuilding test_dyn_loader ...
 -Z json-target-spec build --target /home/dancxjo/src/thingos/targets/x86_64-unknown-thingos.json --profile release -p ld_so
$ cargo -Z build-std=core,alloc,std,panic_abort -Z build-std-features=compiler-builtins-mem -Z json-target-spec build --target /home/dancxjo/src/thingos/targets/x86_64-unknown-thingos.json --profile release -p test_threads
$ cargo -Z build-std=core,alloc,std,panic_abort -Z build-std-features=compiler-builtins-mem -Z json-target-spec build --target /home/dancxjo/src/thingos/targets/x86_64-unknown-thingos.json --profile release -p test_exec_env
$ cargo -Z build-std=core,alloc,std,panic_abort -Z build-std-features=compiler-builtins-mem -Z json-target-spec build --target /home/dancxjo/src/thingos/targets/x86_64-unknown-thingos.json --profile release -p test_futex
$ cargo -Z build-std=core,alloc,std,panic_abort -Z build-std-features=compiler-builtins-mem -Z json-target-spec build --target /home/dancxjo/src/thingos/targets/x86_64-unknown-thingos.json --profile release -p test_vm_protect
$ cargo -Z build-std=core,alloc,std,panic_abort -Z build-std-features=compiler-builtins-mem -Z json-target-spec build --target /home/dancxjo/src/thingos/targets/x86_64-unknown-thingos.json --profile release -p test_dyn_loader
    Blocking waiting for file lock on package cache
    Blocking waiting for file lock on package cache
    Blocking waiting for file lock on package cache
    Blocking waiting for file lock on package cache
    Blocking waiting for file lock on package cache
    Blocking waiting for file lock on package cache
    Blocking waiting for file lock on package cache
    Blocking waiting for file lock on package cache
    Blocking waiting for file lock on package cache
    Blocking waiting for file lock on package cache
    Blocking waiting for file lock on package cache
    Blocking waiting for file lock on package cache
    Blocking waiting for file lock on package cache
    Blocking waiting for file lock on package cache
    Blocking waiting for file lock on package cache
    Blocking waiting for file lock on package cache
    Blocking waiting for file lock on package cache
    Blocking waiting for file lock on package cache
    Blocking waiting for file lock on package cache
    Blocking waiting for file lock on package cache
    Blocking waiting for file lock on package cache
    Blocking waiting for file lock on package cache
    Blocking waiting for file lock on package cache
    Blocking waiting for file lock on package cache
    Blocking waiting for file lock on package cache
    Blocking waiting for file lock on package cache
    Blocking waiting for file lock on package cache
    Blocking waiting for file lock on package cache
    Blocking waiting for file lock on package cache
    Blocking waiting for file lock on package cache
    Blocking waiting for file lock on package cache
    Blocking waiting for file lock on package cache
    Blocking waiting for file lock on package cache
    Blocking waiting for file lock on package cache
    Blocking waiting for file lock on package cache
    Blocking waiting for file lock on package cache
    Blocking waiting for file lock on package cache
    Blocking waiting for file lock on package cache
    Blocking waiting for file lock on package cache
    Blocking waiting for file lock on package cache
    Blocking waiting for file lock on package cache
    Blocking waiting for file lock on package cache
    Blocking waiting for file lock on package cache
    Blocking waiting for file lock on package cache
    Blocking waiting for file lock on package cache
    Blocking    Blocking waiting for file lock on package cache
 waiting for file lock on package cache
    Blocking waiting for file lock on shared package cache
    Blocking waiting for file lock on shared package cache
    Blocking waiting for file lock on artifact directory
    Blocking waiting for file lock on artifact directory
    Blocking waiting for file lock on artifact directory
    Blocking waiting for file lock on artifact directory
    Blocking waiting for file lock on artifact directory
    Blocking waiting for file lock on artifact directory
    Blocking waiting for file lock on artifact directory
    Finished `release` profile [optimized] target(s) in 1.14s
    Finished `release` profile [optimized] target(s) in 1.14s
    Finished `release` profile [optimized] target(s) in 1.16s
    Finished `release` profile [optimized] target(s) in 1.17s
    Finished `release` profile [optimized] target(s) in 1.17s
    Finished `release` profile [optimized] target(s) in 1.18s
    Finished `release` profile [optimized] target(s) in 1.20s
    Finished `release` profile [optimized] target(s) in 1.20s
Building test_dlopen ...
Building shutdown ...
$ cargo Building reboot ...
-Z build-std=core,alloc,std,panic_abort -Z build-std-features=compiler-builtins-mem -Z json-target-specBuilding attr_list ...
 build --target /home/dancxjo/src/thingos/targets/x86_64-unknown-thingos.json --profile release -p test_dlopen
Building attr_get ...
$ cargo -Z build-std=core,alloc,std,panic_abort -Z build-std-features=compiler-builtins-mem -Z json-target-specBuilding attr_set ...
 build --targetBuilding attr_rm ...
 /home/dancxjo/src/thingos/targets/x86_64-unknown-thingos.json --profile release -p reboot
$ cargo -Z build-std=core,alloc,std,panic_abort -Z build-std-features=compiler-builtins-mem -Z json-target-spec build --target /home/dancxjo/src/thingos/targets/x86_64-unknown-thingos.json --profile release -p shutdown
$ cargo -Z build-std=core,alloc,std,panic_abort -Z build-std-features=compiler-builtins-mem -Z json-target-spec build --target /home/dancxjo/src/thingos/targets/x86_64-unknown-thingos.json --profile release -p attr_list
$ cargo -Z build-std=core,alloc,std,panic_abort -Z build-std-features=compiler-builtins-mem -Z json-target-spec build --target /home/dancxjo/src/thingos/targets/x86_64-unknown-thingos.json --profile release -p attr_get
$ cargo -Z build-std=core,alloc,std,panic_abort -Z build-std-features=compiler-builtins-mem -Z json-target-spec build --target /home/dancxjo/src/thingos/targets/x86_64-unknown-thingos.json --profile release -p attr_set
$ cargo -Z build-std=core,alloc,std,panic_abort -Z build-std-features=compiler-builtins-mem -Z json-target-spec build --target /home/dancxjo/src/thingos/targets/x86_64-unknown-thingos.json --profile release -p attr_rm
    Blocking waiting for file lock on package cache
    Blocking waiting for file lock on package cache
    Blocking waiting for file lock on package cache
    Blocking waiting for file lock on package cache
    Blocking waiting for file lock on package cache
    Blocking waiting for file lock on package cache
    Blocking waiting for file lock on package cache
    Blocking waiting for file lock on package cache
    Blocking waiting for file lock on package cache
    Blocking waiting for file lock on package cache
    Blocking waiting for file lock on package cache
    Blocking waiting for file lock on package cache
    Blocking waiting for file lock on package cache
    Blocking waiting for file lock on package cache
    Blocking waiting for file lock on package cache
    Blocking waiting for file lock on package cache
    Blocking waiting for file lock on package cache
    Blocking waiting for file lock on package cache
    Blocking waiting for file lock on package cache
    Blocking waiting for file lock on package cache
    Blocking waiting for file lock on package cache
    Blocking waiting for file lock on package cache
    Blocking waiting for file lock on package cache
    Blocking waiting for file lock on package cache
    Blocking waiting for file lock on package cache
    Blocking waiting for file lock on package cache
    Blocking waiting for file lock on package cache
    Blocking waiting for file lock on package cache
    Blocking waiting for file lock on package cache
    Blocking waiting for file lock on package cache
    Blocking waiting for file lock on package cache
    Blocking waiting for file lock on package cache
    Blocking waiting for file lock on package cache
    Blocking waiting for file lock on package cache
    Blocking waiting for file lock on package cache
    Blocking waiting for file lock on package cache
    Blocking waiting for file lock on package cache
    Blocking waiting for file lock on package cache
    Blocking waiting for file lock on package cache
    Blocking waiting for file lock on package cache
    Blocking waiting for file lock on package cache
    Blocking waiting for file lock on package cache
    Blocking waiting for file lock on artifact directory
    Blocking waiting for file lock on artifact directory
    Blocking waiting for file lock on artifact directory
    Blocking waiting for file lock on artifact directory
    Blocking waiting for file lock on artifact directory
    Blocking waiting for file lock on artifact directory
    Finished `release` profile [optimized] target(s) in 1.00s
    Finished `release` profile [optimized] target(s) in 1.01s
    Finished `release` profile [optimized] target(s) in 1.02s
    Finished `release` profile [optimized] target(s) in 1.03s
    Finished `release` profile [optimized] target(s) in 1.04s
    Finished `release` profile [optimized] target(s) in 1.05s
    Finished `release` profile [optimized] target(s) in 1.06s
Staging userspace programs...
$ cp target/x86_64-unknown-thingos/release/sprout iso_root_367398250/bin/sprout
$ cp target/x86_64-unknown-thingos/release/bristle iso_root_367398250/bin/bristle
$ cp target/x86_64-unknown-thingos/release/rtc_cmos iso_root_367398250/drivers/rtc_cmos
$ cp target/x86_64-unknown-thingos/release/hwrng iso_root_367398250/drivers/hwrng
$ cp target/x86_64-unknown-thingos/release/ps2_kbd iso_root_367398250/drivers/ps2_kbd
$ cp target/x86_64-unknown-thingos/release/sh iso_root_367398250/bin/sh
$ cp target/x86_64-unknown-thingos/release/ls iso_root_367398250/bin/ls
$ cp target/x86_64-unknown-thingos/release/lsusb iso_root_367398250/bin/lsusb
$ cp target/x86_64-unknown-thingos/release/lspci iso_root_367398250/bin/lspci
$ cp target/x86_64-unknown-thingos/release/ln iso_root_367398250/bin/ln
$ cp target/x86_64-unknown-thingos/release/ps iso_root_367398250/bin/ps
$ cp target/x86_64-unknown-thingos/release/kill iso_root_367398250/bin/kill
$ cp target/x86_64-unknown-thingos/release/killall iso_root_367398250/bin/killall
$ cp target/x86_64-unknown-thingos/release/cat iso_root_367398250/bin/cat
$ cp target/x86_64-unknown-thingos/release/head iso_root_367398250/bin/head
$ cp target/x86_64-unknown-thingos/release/tail iso_root_367398250/bin/tail
$ cp target/x86_64-unknown-thingos/release/top iso_root_367398250/bin/top
$ cp target/x86_64-unknown-thingos/release/wc iso_root_367398250/bin/wc
$ cp target/x86_64-unknown-thingos/release/yes iso_root_367398250/bin/yes
$ cp target/x86_64-unknown-thingos/release/which iso_root_367398250/bin/which
$ cp target/x86_64-unknown-thingos/release/cp iso_root_367398250/bin/cp
$ cp target/x86_64-unknown-thingos/release/mv iso_root_367398250/bin/mv
$ cp target/x86_64-unknown-thingos/release/rm iso_root_367398250/bin/rm
$ cp target/x86_64-unknown-thingos/release/rmdir iso_root_367398250/bin/rmdir
$ cp target/x86_64-unknown-thingos/release/mkdir iso_root_367398250/bin/mkdir
$ cp target/x86_64-unknown-thingos/release/mount iso_root_367398250/bin/mount
$ cp target/x86_64-unknown-thingos/release/echo iso_root_367398250/bin/echo
$ cp target/x86_64-unknown-thingos/release/printf iso_root_367398250/bin/printf
$ cp target/x86_64-unknown-thingos/release/grep iso_root_367398250/bin/grep
$ cp target/x86_64-unknown-thingos/release/pwd iso_root_367398250/bin/pwd
$ cp target/x86_64-unknown-thingos/release/touch iso_root_367398250/bin/touch
$ cp target/x86_64-unknown-thingos/release/setshell iso_root_367398250/bin/setshell
$ cp target/x86_64-unknown-thingos/release/dmesg iso_root_367398250/bin/dmesg
$ cp target/x86_64-unknown-thingos/release/stat iso_root_367398250/bin/stat
$ cp target/x86_64-unknown-thingos/release/file iso_root_367398250/bin/file
$ cp target/x86_64-unknown-thingos/release/dirname iso_root_367398250/bin/dirname
$ cp target/x86_64-unknown-thingos/release/basename iso_root_367398250/bin/basename
$ cp target/x86_64-unknown-thingos/release/sleep iso_root_367398250/bin/sleep
$ cp target/x86_64-unknown-thingos/release/sort iso_root_367398250/bin/sort
$ cp target/x86_64-unknown-thingos/release/env iso_root_367398250/bin/env
$ cp target/x86_64-unknown-thingos/release/uname iso_root_367398250/bin/uname
$ cp target/x86_64-unknown-thingos/release/true iso_root_367398250/bin/true
$ cp target/x86_64-unknown-thingos/release/false iso_root_367398250/bin/false
$ cp target/x86_64-unknown-thingos/release/input_echo iso_root_367398250/bin/input_echo
$ cp target/x86_64-unknown-thingos/release/ps2_mouse iso_root_367398250/drivers/ps2_mouse
$ cp target/x86_64-unknown-thingos/release/display_bootfb iso_root_367398250/drivers/display_bootfb
$ cp target/x86_64-unknown-thingos/release/display_virtio_gpu iso_root_367398250/drivers/display_virtio_gpu
$ cp target/x86_64-unknown-thingos/release/cambium iso_root_367398250/bin/cambium
$ cp target/x86_64-unknown-thingos/release/virtio_netd iso_root_367398250/drivers/virtio_netd
$ cp target/x86_64-unknown-thingos/release/rtl8168d iso_root_367398250/drivers/rtl8168d
$ cp target/x86_64-unknown-thingos/release/netd iso_root_367398250/bin/netd
$ cp target/x86_64-unknown-thingos/release/mesocarp iso_root_367398250/bin/mesocarp
$ cp target/x86_64-unknown-thingos/release/fetchd iso_root_367398250/bin/fetchd
$ cp target/x86_64-unknown-thingos/release/httpsd iso_root_367398250/bin/httpsd
$ cp target/x86_64-unknown-thingos/release/find iso_root_367398250/bin/find
$ cp target/x86_64-unknown-thingos/release/ip iso_root_367398250/bin/ip
$ cp target/x86_64-unknown-thingos/release/iso_reader iso_root_367398250/bin/iso_reader
$ cp target/x86_64-unknown-thingos/release/ping iso_root_367398250/bin/ping
$ cp target/x86_64-unknown-thingos/release/nslookup iso_root_367398250/bin/nslookup
$ cp target/x86_64-unknown-thingos/release/ahci_disk iso_root_367398250/drivers/ahci_disk
$ cp target/x86_64-unknown-thingos/release/ata_disk iso_root_367398250/drivers/ata_disk
$ cp target/x86_64-unknown-thingos/release/iso9660d iso_root_367398250/bin/iso9660d
$ cp target/x86_64-unknown-thingos/release/fatd iso_root_367398250/bin/fatd
$ cp target/x86_64-unknown-thingos/release/virtio_sound iso_root_367398250/drivers/virtio_sound
$ cp target/x86_64-unknown-thingos/release/hdaudio iso_root_367398250/drivers/hdaudio
$ cp target/x86_64-unknown-thingos/release/pci_stubd iso_root_367398250/drivers/pci_stubd
$ cp target/x86_64-unknown-thingos/release/xhci iso_root_367398250/drivers/xhci
$ cp target/x86_64-unknown-thingos/release/chime iso_root_367398250/drivers/chime
$ cp target/x86_64-unknown-thingos/release/vfs_hello iso_root_367398250/bin/vfs_hello
$ cp target/x86_64-unknown-thingos/release/show_args iso_root_367398250/bin/show_args
$ cp target/x86_64-unknown-thingos/release/clock iso_root_367398250/bin/clock
$ cp target/x86_64-unknown-thingos/release/leaf iso_root_367398250/bin/leaf
$ cp target/x86_64-unknown-thingos/release/env_roundtrip iso_root_367398250/bin/env_roundtrip
$ cp target/x86_64-unknown-thingos/release/cwd_test iso_root_367398250/bin/cwd_test
$ cp target/x86_64-unknown-thingos/release/date iso_root_367398250/bin/date
$ cp target/x86_64-unknown-thingos/release/wayland_hello iso_root_367398250/bin/wayland_hello
$ cp target/x86_64-unknown-thingos/release/terminal iso_root_367398250/bin/terminal
$ cp target/x86_64-unknown-thingos/release/tee iso_root_367398250/bin/tee
$ cp target/x86_64-unknown-thingos/release/xargs iso_root_367398250/bin/xargs
$ cp target/x86_64-unknown-thingos/release/placed iso_root_367398250/bin/placed
$ cp target/x86_64-unknown-thingos/release/bloom iso_root_367398250/bin/bloom
$ cp target/x86_64-unknown-thingos/release/clear iso_root_367398250/bin/clear
$ cp target/x86_64-unknown-thingos/release/loglevel iso_root_367398250/bin/loglevel
$ cp target/x86_64-unknown-thingos/release/poll_mux iso_root_367398250/bin/poll_mux
$ cp target/x86_64-unknown-thingos/release/ipc_service_demo iso_root_367398250/bin/ipc_service_demo
$ cp target/x86_64-unknown-thingos/release/ipc_pipe_demo iso_root_367398250/bin/ipc_pipe_demo
$ cp target/x86_64-unknown-thingos/release/ipc_provider_demo iso_root_367398250/bin/ipc_provider_demo
$ cp target/x86_64-unknown-thingos/release/vfs_test_provider iso_root_367398250/bin/vfs_test_provider
$ cp target/x86_64-unknown-thingos/release/ipc_memfd_demo iso_root_367398250/bin/ipc_memfd_demo
$ cp target/x86_64-unknown-thingos/release/test_exec iso_root_367398250/bin/test_exec
$ cp target/x86_64-unknown-thingos/release/test_vm_protect iso_root_367398250/bin/test_vm_protect
$ cp target/x86_64-unknown-thingos/release/test_exec_env iso_root_367398250/bin/test_exec_env
$ cp target/x86_64-unknown-thingos/release/test_threads iso_root_367398250/bin/test_threads
$ cp target/x86_64-unknown-thingos/release/test_futex iso_root_367398250/bin/test_futex
$ cp target/x86_64-unknown-thingos/release/ld_so iso_root_367398250/bin/ld_so
$ cp target/x86_64-unknown-thingos/release/test_dyn_loader iso_root_367398250/bin/test_dyn_loader
$ cp target/x86_64-unknown-thingos/release/test_dlopen iso_root_367398250/bin/test_dlopen
$ cp target/x86_64-unknown-thingos/release/reboot iso_root_367398250/bin/reboot
$ cp target/x86_64-unknown-thingos/release/shutdown iso_root_367398250/bin/shutdown
$ cp target/x86_64-unknown-thingos/release/attr_list iso_root_367398250/bin/attr_list
$ cp target/x86_64-unknown-thingos/release/attr_get iso_root_367398250/bin/attr_get
$ cp target/x86_64-unknown-thingos/release/attr_set iso_root_367398250/bin/attr_set
$ cp target/x86_64-unknown-thingos/release/attr_rm iso_root_367398250/bin/attr_rm
Building pistil ...
$ cargo -Z build-std=core,alloc,std,panic_abort -Z build-std-features=compiler-builtins-mem -Z json-target-spec build --target /home/dancxjo/src/thingos/targets/x86_64-unknown-thingos.json --profile release -p pistil
    Finished `release` profile [optimized] target(s) in 0.25s
$ cp target/x86_64-unknown-thingos/release/deps/libpistil.so iso_root_367398250/lib/libpistil.so
--- DEBUG: Generated limine.conf ---
timeout: 3
quiet: yes
verbose: no
serial: yes
interface_branding: yes
interface_help: no
interface_background: 121212
interface_foreground: cccccc
interface_active_background: 333333
interface_active_foreground: ffffff
menu_hidden: yes

/ThingOS
    protocol: limine
    resolution: 1920x1080
    kernel_path: boot():/boot/kernel
    kernel_cmdline: loglevel=5
    module_path: boot():/bin/sprout
    module_cmdline: init
    module_path: boot():/bin/bristle
    module_path: boot():/drivers/rtc_cmos
    module_cmdline: init
    module_path: boot():/drivers/hwrng
    module_cmdline: init
    module_path: boot():/drivers/ps2_kbd
    module_path: boot():/bin/sh
    module_cmdline: init
    module_path: boot():/bin/ls
    module_cmdline: init
    module_path: boot():/bin/lsusb
    module_cmdline: init
    module_path: boot():/bin/lspci
    module_cmdline: init
    module_path: boot():/bin/ln
    module_cmdline: init
    module_path: boot():/bin/ps
    module_cmdline: init
    module_path: boot():/bin/kill
    module_cmdline: init
    module_path: boot():/bin/killall
    module_cmdline: init
    module_path: boot():/bin/cat
    module_cmdline: init
    module_path: boot():/bin/head
    module_cmdline: init
    module_path: boot():/bin/tail
    module_cmdline: init
    module_path: boot():/bin/top
    module_cmdline: init
    module_path: boot():/bin/wc
    module_cmdline: init
    module_path: boot():/bin/yes
    module_cmdline: init
    module_path: boot():/bin/which
    module_cmdline: init
    module_path: boot():/bin/cp
    module_cmdline: init
    module_path: boot():/bin/mv
    module_cmdline: init
    module_path: boot():/bin/rm
    module_cmdline: init
    module_path: boot():/bin/rmdir
    module_cmdline: init
    module_path: boot():/bin/mkdir
    module_cmdline: init
    module_path: boot():/bin/mount
    module_cmdline: init
    module_path: boot():/bin/echo
    module_cmdline: init
    module_path: boot():/bin/printf
    module_cmdline: init
    module_path: boot():/bin/grep
    module_cmdline: init
    module_path: boot():/bin/pwd
    module_cmdline: init
    module_path: boot():/bin/touch
    module_cmdline: init
    module_path: boot():/bin/setshell
    module_cmdline: init
    module_path: boot():/bin/dmesg
    module_cmdline: init
    module_path: boot():/bin/stat
    module_cmdline: init
    module_path: boot():/bin/file
    module_cmdline: init
    module_path: boot():/bin/dirname
    module_cmdline: init
    module_path: boot():/bin/basename
    module_cmdline: init
    module_path: boot():/bin/sleep
    module_cmdline: init
    module_path: boot():/bin/sort
    module_cmdline: init
    module_path: boot():/bin/env
    module_cmdline: init
    module_path: boot():/bin/uname
    module_path: boot():/bin/true
    module_path: boot():/bin/false
    module_path: boot():/bin/input_echo
    module_path: boot():/drivers/ps2_mouse
    module_path: boot():/drivers/display_bootfb
    module_path: boot():/drivers/display_virtio_gpu
    module_path: boot():/bin/cambium
    module_path: boot():/drivers/virtio_netd
    module_path: boot():/drivers/rtl8168d
    module_path: boot():/bin/netd
    module_path: boot():/bin/mesocarp
    module_path: boot():/bin/mdns
    module_path: boot():/bin/mdnsd
    module_path: boot():/bin/fetchd
    module_path: boot():/bin/httpsd
    module_path: boot():/bin/find
    module_path: boot():/bin/ip
    module_path: boot():/bin/iso_reader
    module_path: boot():/bin/ping
    module_path: boot():/bin/nslookup
    module_path: boot():/drivers/ahci_disk
    module_path: boot():/drivers/ata_disk
    module_path: boot():/bin/iso9660d
    module_path: boot():/bin/fatd
    module_path: boot():/drivers/virtio_sound
    module_path: boot():/drivers/hdaudio
    module_path: boot():/drivers/pci_stubd
    module_path: boot():/drivers/xhci
    module_path: boot():/drivers/chime
    module_path: boot():/bin/vfs_hello
    module_path: boot():/bin/show_args
    module_path: boot():/bin/clock
    module_path: boot():/bin/leaf
    module_path: boot():/bin/env_roundtrip
    module_path: boot():/bin/cwd_test
    module_path: boot():/bin/date
    module_path: boot():/bin/wayland_hello
    module_path: boot():/bin/terminal
    module_path: boot():/bin/tee
    module_path: boot():/bin/xargs
    module_path: boot():/bin/placed
    module_path: boot():/bin/bloom
    module_path: boot():/bin/clear
    module_path: boot():/bin/loglevel
    module_path: boot():/bin/poll_mux
    module_path: boot():/bin/ipc_service_demo
    module_path: boot():/bin/ipc_pipe_demo
    module_path: boot():/bin/ipc_provider_demo
    module_path: boot():/bin/vfs_test_provider
    module_path: boot():/bin/ipc_memfd_demo
    module_path: boot():/bin/test_exec
    module_path: boot():/bin/test_vm_protect
    module_path: boot():/bin/test_exec_env
    module_path: boot():/bin/test_threads
    module_path: boot():/bin/test_futex
    module_path: boot():/bin/ld_so
    module_path: boot():/bin/test_dyn_loader
    module_path: boot():/bin/test_dlopen
    module_path: boot():/bin/reboot
    module_path: boot():/bin/shutdown
    module_path: boot():/bin/attr_list
    module_path: boot():/bin/attr_get
    module_path: boot():/bin/attr_set
    module_path: boot():/bin/attr_rm
    module_path: boot():/lib/libpistil.so
    module_path: boot():/share/wallpapers/clouds.bmp
    module_path: boot():/share/wallpapers/flower.bmp
    module_path: boot():/share/wallpapers/flower.png
    module_path: boot():/share/wallpapers/leather.bmp
    module_path: boot():/share/wallpapers/linen.bmp
    module_path: boot():/share/fonts/DSEG7Classic-Regular.ttf
    module_path: boot():/share/fonts/Hack-Regular.ttf
    module_path: boot():/share/fonts/Inter-Regular.ttf
    module_path: boot():/share/fonts/Iosevka-Regular.ttf
    module_path: boot():/share/fonts/JetBrainsMono-Regular.ttf
    module_path: boot():/share/fonts/NotoSans-Regular.ttf
    module_path: boot():/share/fonts/NotoSansSymbol-Regular.ttf
    module_path: boot():/share/fonts/NotoSansSymbol2-Regular.ttf
    module_path: boot():/share/fonts/NotoSerif-Regular.ttf
    module_path: boot():/share/themes/solarized_warm.toml
    module_path: boot():/share/cursors/future/alias.svg
    module_path: boot():/share/cursors/future/all-scroll.svg
    module_path: boot():/share/cursors/future/bottom_left_corner.svg
    module_path: boot():/share/cursors/future/bottom_right_corner.svg
    module_path: boot():/share/cursors/future/bottom_side.svg
    module_path: boot():/share/cursors/future/cell.svg
    module_path: boot():/share/cursors/future/center_ptr.svg
    module_path: boot():/share/cursors/future/col-resize.svg
    module_path: boot():/share/cursors/future/color-picker.svg
    module_path: boot():/share/cursors/future/context-menu.svg
    module_path: boot():/share/cursors/future/copy.svg
    module_path: boot():/share/cursors/future/crosshair.svg
    module_path: boot():/share/cursors/future/default.svg
    module_path: boot():/share/cursors/future/dnd-move.svg
    module_path: boot():/share/cursors/future/dnd-no-drop.svg
    module_path: boot():/share/cursors/future/down-arrow.svg
    module_path: boot():/share/cursors/future/draft.svg
    module_path: boot():/share/cursors/future/fleur.svg
    module_path: boot():/share/cursors/future/help.svg
    module_path: boot():/share/cursors/future/left-arrow.svg
    module_path: boot():/share/cursors/future/left_side.svg
    module_path: boot():/share/cursors/future/no-drop.svg
    module_path: boot():/share/cursors/future/not-allowed.svg
    module_path: boot():/share/cursors/future/openhand.svg
    module_path: boot():/share/cursors/future/pencil.svg
    module_path: boot():/share/cursors/future/pirate.svg
    module_path: boot():/share/cursors/future/pointer.svg
    module_path: boot():/share/cursors/future/progress-01.svg
    module_path: boot():/share/cursors/future/progress-02.svg
    module_path: boot():/share/cursors/future/progress-03.svg
    module_path: boot():/share/cursors/future/progress-04.svg
    module_path: boot():/share/cursors/future/progress-05.svg
    module_path: boot():/share/cursors/future/progress-06.svg
    module_path: boot():/share/cursors/future/progress-07.svg
    module_path: boot():/share/cursors/future/progress-08.svg
    module_path: boot():/share/cursors/future/progress-09.svg
    module_path: boot():/share/cursors/future/progress-10.svg
    module_path: boot():/share/cursors/future/progress-11.svg
    module_path: boot():/share/cursors/future/progress-12.svg
    module_path: boot():/share/cursors/future/progress-13.svg
    module_path: boot():/share/cursors/future/progress-14.svg
    module_path: boot():/share/cursors/future/progress-15.svg
    module_path: boot():/share/cursors/future/progress-16.svg
    module_path: boot():/share/cursors/future/progress-17.svg
    module_path: boot():/share/cursors/future/progress-18.svg
    module_path: boot():/share/cursors/future/progress-19.svg
    module_path: boot():/share/cursors/future/progress-20.svg
    module_path: boot():/share/cursors/future/progress-21.svg
    module_path: boot():/share/cursors/future/progress-22.svg
    module_path: boot():/share/cursors/future/progress-23.svg
    module_path: boot():/share/cursors/future/progress.svg
    module_path: boot():/share/cursors/future/right-arrow.svg
    module_path: boot():/share/cursors/future/right_ptr.svg
    module_path: boot():/share/cursors/future/right_side.svg
    module_path: boot():/share/cursors/future/row-resize.svg
    module_path: boot():/share/cursors/future/size_bdiag.svg
    module_path: boot():/share/cursors/future/size_fdiag.svg
    module_path: boot():/share/cursors/future/size_hor.svg
    module_path: boot():/share/cursors/future/size_ver.svg
    module_path: boot():/share/cursors/future/text.svg
    module_path: boot():/share/cursors/future/top_left_corner.svg
    module_path: boot():/share/cursors/future/top_right_corner.svg
    module_path: boot():/share/cursors/future/top_side.svg
    module_path: boot():/share/cursors/future/up-arrow.svg
    module_path: boot():/share/cursors/future/vertical-text.svg
    module_path: boot():/share/cursors/future/wait-01.svg
    module_path: boot():/share/cursors/future/wait-02.svg
    module_path: boot():/share/cursors/future/wait-03.svg
    module_path: boot():/share/cursors/future/wait-04.svg
    module_path: boot():/share/cursors/future/wait-05.svg
    module_path: boot():/share/cursors/future/wait-06.svg
    module_path: boot():/share/cursors/future/wait-07.svg
    module_path: boot():/share/cursors/future/wait-08.svg
    module_path: boot():/share/cursors/future/wait-09.svg
    module_path: boot():/share/cursors/future/wait-10.svg
    module_path: boot():/share/cursors/future/wait-11.svg
    module_path: boot():/share/cursors/future/wait-12.svg
    module_path: boot():/share/cursors/future/wait-13.svg
    module_path: boot():/share/cursors/future/wait-14.svg
    module_path: boot():/share/cursors/future/wait-15.svg
    module_path: boot():/share/cursors/future/wait-16.svg
    module_path: boot():/share/cursors/future/wait-17.svg
    module_path: boot():/share/cursors/future/wait-18.svg
    module_path: boot():/share/cursors/future/wait-19.svg
    module_path: boot():/share/cursors/future/wait-20.svg
    module_path: boot():/share/cursors/future/wait-21.svg
    module_path: boot():/share/cursors/future/wait-22.svg
    module_path: boot():/share/cursors/future/wait-23.svg
    module_path: boot():/share/cursors/future/wait.svg
    module_path: boot():/share/cursors/future/wayland-cursor.svg
    module_path: boot():/share/cursors/future/x-cursor.svg
    module_path: boot():/share/cursors/future/zoom-in.svg
    module_path: boot():/share/cursors/future/zoom-out.svg
    module_path: boot():/share/fonts/unifont.hex
    module_path: boot():/etc/locale.conf
    module_path: boot():/etc/profile
    module_path: boot():/etc/motd
    module_path: boot():/etc/fstab
    module_path: boot():/etc/hostname

/ThingOS (BootFB Fallback)
    protocol: limine
    resolution: 1920x1080
    kernel_path: boot():/boot/kernel
    kernel_cmdline: loglevel=5 display=bootfb
    module_path: boot():/bin/sprout
    module_cmdline: init
    module_path: boot():/bin/bristle
    module_path: boot():/drivers/rtc_cmos
    module_cmdline: init
    module_path: boot():/drivers/hwrng
    module_cmdline: init
    module_path: boot():/drivers/ps2_kbd
    module_path: boot():/bin/sh
    module_cmdline: init
    module_path: boot():/bin/ls
    module_cmdline: init
    module_path: boot():/bin/lsusb
    module_cmdline: init
    module_path: boot():/bin/lspci
    module_cmdline: init
    module_path: boot():/bin/ln
    module_cmdline: init
    module_path: boot():/bin/ps
    module_cmdline: init
    module_path: boot():/bin/kill
    module_cmdline: init
    module_path: boot():/bin/killall
    module_cmdline: init
    module_path: boot():/bin/cat
    module_cmdline: init
    module_path: boot():/bin/head
    module_cmdline: init
    module_path: boot():/bin/tail
    module_cmdline: init
    module_path: boot():/bin/top
    module_cmdline: init
    module_path: boot():/bin/wc
    module_cmdline: init
    module_path: boot():/bin/yes
    module_cmdline: init
    module_path: boot():/bin/which
    module_cmdline: init
    module_path: boot():/bin/cp
    module_cmdline: init
    module_path: boot():/bin/mv
    module_cmdline: init
    module_path: boot():/bin/rm
    module_cmdline: init
    module_path: boot():/bin/rmdir
    module_cmdline: init
    module_path: boot():/bin/mkdir
    module_cmdline: init
    module_path: boot():/bin/mount
    module_cmdline: init
    module_path: boot():/bin/echo
    module_cmdline: init
    module_path: boot():/bin/printf
    module_cmdline: init
    module_path: boot():/bin/grep
    module_cmdline: init
    module_path: boot():/bin/pwd
    module_cmdline: init
    module_path: boot():/bin/touch
    module_cmdline: init
    module_path: boot():/bin/setshell
    module_cmdline: init
    module_path: boot():/bin/dmesg
    module_cmdline: init
    module_path: boot():/bin/stat
    module_cmdline: init
    module_path: boot():/bin/file
    module_cmdline: init
    module_path: boot():/bin/dirname
    module_cmdline: init
    module_path: boot():/bin/basename
    module_cmdline: init
    module_path: boot():/bin/sleep
    module_cmdline: init
    module_path: boot():/bin/sort
    module_cmdline: init
    module_path: boot():/bin/env
    module_cmdline: init
    module_path: boot():/bin/uname
    module_path: boot():/bin/true
    module_path: boot():/bin/false
    module_path: boot():/bin/input_echo
    module_path: boot():/drivers/ps2_mouse
    module_path: boot():/drivers/display_bootfb
    module_path: boot():/bin/cambium
    module_path: boot():/drivers/virtio_netd
    module_path: boot():/drivers/rtl8168d
    module_path: boot():/bin/netd
    module_path: boot():/bin/mesocarp
    module_path: boot():/bin/mdns
    module_path: boot():/bin/mdnsd
    module_path: boot():/bin/fetchd
    module_path: boot():/bin/httpsd
    module_path: boot():/bin/find
    module_path: boot():/bin/ip
    module_path: boot():/bin/iso_reader
    module_path: boot():/bin/ping
    module_path: boot():/bin/nslookup
    module_path: boot():/drivers/ahci_disk
    module_path: boot():/drivers/ata_disk
    module_path: boot():/bin/iso9660d
    module_path: boot():/bin/fatd
    module_path: boot():/drivers/virtio_sound
    module_path: boot():/drivers/hdaudio
    module_path: boot():/drivers/pci_stubd
    module_path: boot():/drivers/xhci
    module_path: boot():/drivers/chime
    module_path: boot():/bin/vfs_hello
    module_path: boot():/bin/show_args
    module_path: boot():/bin/clock
    module_path: boot():/bin/leaf
    module_path: boot():/bin/env_roundtrip
    module_path: boot():/bin/cwd_test
    module_path: boot():/bin/date
    module_path: boot():/bin/wayland_hello
    module_path: boot():/bin/terminal
    module_path: boot():/bin/tee
    module_path: boot():/bin/xargs
    module_path: boot():/bin/placed
    module_path: boot():/bin/bloom
    module_path: boot():/bin/clear
    module_path: boot():/bin/loglevel
    module_path: boot():/bin/poll_mux
    module_path: boot():/bin/ipc_service_demo
    module_path: boot():/bin/ipc_pipe_demo
    module_path: boot():/bin/ipc_provider_demo
    module_path: boot():/bin/vfs_test_provider
    module_path: boot():/bin/ipc_memfd_demo
    module_path: boot():/bin/test_exec
    module_path: boot():/bin/test_vm_protect
    module_path: boot():/bin/test_exec_env
    module_path: boot():/bin/test_threads
    module_path: boot():/bin/test_futex
    module_path: boot():/bin/ld_so
    module_path: boot():/bin/test_dyn_loader
    module_path: boot():/bin/test_dlopen
    module_path: boot():/bin/reboot
    module_path: boot():/bin/shutdown
    module_path: boot():/bin/attr_list
    module_path: boot():/bin/attr_get
    module_path: boot():/bin/attr_set
    module_path: boot():/bin/attr_rm
    module_path: boot():/lib/libpistil.so
    module_path: boot():/share/wallpapers/clouds.bmp
    module_path: boot():/share/wallpapers/flower.bmp
    module_path: boot():/share/wallpapers/flower.png
    module_path: boot():/share/wallpapers/leather.bmp
    module_path: boot():/share/wallpapers/linen.bmp
    module_path: boot():/share/fonts/DSEG7Classic-Regular.ttf
    module_path: boot():/share/fonts/Hack-Regular.ttf
    module_path: boot():/share/fonts/Inter-Regular.ttf
    module_path: boot():/share/fonts/Iosevka-Regular.ttf
    module_path: boot():/share/fonts/JetBrainsMono-Regular.ttf
    module_path: boot():/share/fonts/NotoSans-Regular.ttf
    module_path: boot():/share/fonts/NotoSansSymbol-Regular.ttf
    module_path: boot():/share/fonts/NotoSansSymbol2-Regular.ttf
    module_path: boot():/share/fonts/NotoSerif-Regular.ttf
    module_path: boot():/share/themes/solarized_warm.toml
    module_path: boot():/share/cursors/future/alias.svg
    module_path: boot():/share/cursors/future/all-scroll.svg
    module_path: boot():/share/cursors/future/bottom_left_corner.svg
    module_path: boot():/share/cursors/future/bottom_right_corner.svg
    module_path: boot():/share/cursors/future/bottom_side.svg
    module_path: boot():/share/cursors/future/cell.svg
    module_path: boot():/share/cursors/future/center_ptr.svg
    module_path: boot():/share/cursors/future/col-resize.svg
    module_path: boot():/share/cursors/future/color-picker.svg
    module_path: boot():/share/cursors/future/context-menu.svg
    module_path: boot():/share/cursors/future/copy.svg
    module_path: boot():/share/cursors/future/crosshair.svg
    module_path: boot():/share/cursors/future/default.svg
    module_path: boot():/share/cursors/future/dnd-move.svg
    module_path: boot():/share/cursors/future/dnd-no-drop.svg
    module_path: boot():/share/cursors/future/down-arrow.svg
    module_path: boot():/share/cursors/future/draft.svg
    module_path: boot():/share/cursors/future/fleur.svg
    module_path: boot():/share/cursors/future/help.svg
    module_path: boot():/share/cursors/future/left-arrow.svg
    module_path: boot():/share/cursors/future/left_side.svg
    module_path: boot():/share/cursors/future/no-drop.svg
    module_path: boot():/share/cursors/future/not-allowed.svg
    module_path: boot():/share/cursors/future/openhand.svg
    module_path: boot():/share/cursors/future/pencil.svg
    module_path: boot():/share/cursors/future/pirate.svg
    module_path: boot():/share/cursors/future/pointer.svg
    module_path: boot():/share/cursors/future/progress-01.svg
    module_path: boot():/share/cursors/future/progress-02.svg
    module_path: boot():/share/cursors/future/progress-03.svg
    module_path: boot():/share/cursors/future/progress-04.svg
    module_path: boot():/share/cursors/future/progress-05.svg
    module_path: boot():/share/cursors/future/progress-06.svg
    module_path: boot():/share/cursors/future/progress-07.svg
    module_path: boot():/share/cursors/future/progress-08.svg
    module_path: boot():/share/cursors/future/progress-09.svg
    module_path: boot():/share/cursors/future/progress-10.svg
    module_path: boot():/share/cursors/future/progress-11.svg
    module_path: boot():/share/cursors/future/progress-12.svg
    module_path: boot():/share/cursors/future/progress-13.svg
    module_path: boot():/share/cursors/future/progress-14.svg
    module_path: boot():/share/cursors/future/progress-15.svg
    module_path: boot():/share/cursors/future/progress-16.svg
    module_path: boot():/share/cursors/future/progress-17.svg
    module_path: boot():/share/cursors/future/progress-18.svg
    module_path: boot():/share/cursors/future/progress-19.svg
    module_path: boot():/share/cursors/future/progress-20.svg
    module_path: boot():/share/cursors/future/progress-21.svg
    module_path: boot():/share/cursors/future/progress-22.svg
    module_path: boot():/share/cursors/future/progress-23.svg
    module_path: boot():/share/cursors/future/progress.svg
    module_path: boot():/share/cursors/future/right-arrow.svg
    module_path: boot():/share/cursors/future/right_ptr.svg
    module_path: boot():/share/cursors/future/right_side.svg
    module_path: boot():/share/cursors/future/row-resize.svg
    module_path: boot():/share/cursors/future/size_bdiag.svg
    module_path: boot():/share/cursors/future/size_fdiag.svg
    module_path: boot():/share/cursors/future/size_hor.svg
    module_path: boot():/share/cursors/future/size_ver.svg
    module_path: boot():/share/cursors/future/text.svg
    module_path: boot():/share/cursors/future/top_left_corner.svg
    module_path: boot():/share/cursors/future/top_right_corner.svg
    module_path: boot():/share/cursors/future/top_side.svg
    module_path: boot():/share/cursors/future/up-arrow.svg
    module_path: boot():/share/cursors/future/vertical-text.svg
    module_path: boot():/share/cursors/future/wait-01.svg
    module_path: boot():/share/cursors/future/wait-02.svg
    module_path: boot():/share/cursors/future/wait-03.svg
    module_path: boot():/share/cursors/future/wait-04.svg
    module_path: boot():/share/cursors/future/wait-05.svg
    module_path: boot():/share/cursors/future/wait-06.svg
    module_path: boot():/share/cursors/future/wait-07.svg
    module_path: boot():/share/cursors/future/wait-08.svg
    module_path: boot():/share/cursors/future/wait-09.svg
    module_path: boot():/share/cursors/future/wait-10.svg
    module_path: boot():/share/cursors/future/wait-11.svg
    module_path: boot():/share/cursors/future/wait-12.svg
    module_path: boot():/share/cursors/future/wait-13.svg
    module_path: boot():/share/cursors/future/wait-14.svg
    module_path: boot():/share/cursors/future/wait-15.svg
    module_path: boot():/share/cursors/future/wait-16.svg
    module_path: boot():/share/cursors/future/wait-17.svg
    module_path: boot():/share/cursors/future/wait-18.svg
    module_path: boot():/share/cursors/future/wait-19.svg
    module_path: boot():/share/cursors/future/wait-20.svg
    module_path: boot():/share/cursors/future/wait-21.svg
    module_path: boot():/share/cursors/future/wait-22.svg
    module_path: boot():/share/cursors/future/wait-23.svg
    module_path: boot():/share/cursors/future/wait.svg
    module_path: boot():/share/cursors/future/wayland-cursor.svg
    module_path: boot():/share/cursors/future/x-cursor.svg
    module_path: boot():/share/cursors/future/zoom-in.svg
    module_path: boot():/share/cursors/future/zoom-out.svg
    module_path: boot():/share/fonts/unifont.hex
    module_path: boot():/etc/locale.conf
    module_path: boot():/etc/profile
    module_path: boot():/etc/motd
    module_path: boot():/etc/fstab
    module_path: boot():/etc/hostname

/ThingOS (Safe Shell)
    protocol: limine
    resolution: 1920x1080
    kernel_path: boot():/boot/kernel
    kernel_cmdline: loglevel=5 display=bootfb sprout.safe=sh sprout.active_ui=terminal
    module_path: boot():/bin/sprout
    module_cmdline: init
    module_path: boot():/bin/sh
    module_path: boot():/bin/terminal
    module_path: boot():/share/fonts/unifont.hex
    module_path: boot():/etc/locale.conf
    module_path: boot():/etc/profile
    module_path: boot():/etc/motd
    module_path: boot():/etc/fstab
    module_path: boot():/etc/hostname

/ThingOS (Debug)
    protocol: limine
    resolution: 1920x1080
    kernel_path: boot():/boot/kernel
    kernel_cmdline: loglevel=4
    module_path: boot():/bin/sprout
    module_cmdline: init
    module_path: boot():/bin/bristle
    module_path: boot():/drivers/rtc_cmos
    module_cmdline: init
    module_path: boot():/drivers/hwrng
    module_cmdline: init
    module_path: boot():/drivers/ps2_kbd
    module_path: boot():/bin/sh
    module_cmdline: init
    module_path: boot():/bin/ls
    module_cmdline: init
    module_path: boot():/bin/lsusb
    module_cmdline: init
    module_path: boot():/bin/lspci
    module_cmdline: init
    module_path: boot():/bin/ln
    module_cmdline: init
    module_path: boot():/bin/ps
    module_cmdline: init
    module_path: boot():/bin/kill
    module_cmdline: init
    module_path: boot():/bin/killall
    module_cmdline: init
    module_path: boot():/bin/cat
    module_cmdline: init
    module_path: boot():/bin/head
    module_cmdline: init
    module_path: boot():/bin/tail
    module_cmdline: init
    module_path: boot():/bin/top
    module_cmdline: init
    module_path: boot():/bin/wc
    module_cmdline: init
    module_path: boot():/bin/yes
    module_cmdline: init
    module_path: boot():/bin/which
    module_cmdline: init
    module_path: boot():/bin/cp
    module_cmdline: init
    module_path: boot():/bin/mv
    module_cmdline: init
    module_path: boot():/bin/rm
    module_cmdline: init
    module_path: boot():/bin/rmdir
    module_cmdline: init
    module_path: boot():/bin/mkdir
    module_cmdline: init
    module_path: boot():/bin/mount
    module_cmdline: init
    module_path: boot():/bin/echo
    module_cmdline: init
    module_path: boot():/bin/printf
    module_cmdline: init
    module_path: boot():/bin/grep
    module_cmdline: init
    module_path: boot():/bin/pwd
    module_cmdline: init
    module_path: boot():/bin/touch
    module_cmdline: init
    module_path: boot():/bin/setshell
    module_cmdline: init
    module_path: boot():/bin/dmesg
    module_cmdline: init
    module_path: boot():/bin/stat
    module_cmdline: init
    module_path: boot():/bin/file
    module_cmdline: init
    module_path: boot():/bin/dirname
    module_cmdline: init
    module_path: boot():/bin/basename
    module_cmdline: init
    module_path: boot():/bin/sleep
    module_cmdline: init
    module_path: boot():/bin/sort
    module_cmdline: init
    module_path: boot():/bin/env
    module_cmdline: init
    module_path: boot():/bin/uname
    module_path: boot():/bin/true
    module_path: boot():/bin/false
    module_path: boot():/bin/input_echo
    module_path: boot():/drivers/ps2_mouse
    module_path: boot():/drivers/display_bootfb
    module_path: boot():/drivers/display_virtio_gpu
    module_path: boot():/bin/cambium
    module_path: boot():/drivers/virtio_netd
    module_path: boot():/drivers/rtl8168d
    module_path: boot():/bin/netd
    module_path: boot():/bin/mesocarp
    module_path: boot():/bin/mdns
    module_path: boot():/bin/mdnsd
    module_path: boot():/bin/fetchd
    module_path: boot():/bin/httpsd
    module_path: boot():/bin/find
    module_path: boot():/bin/ip
    module_path: boot():/bin/iso_reader
    module_path: boot():/bin/ping
    module_path: boot():/bin/nslookup
    module_path: boot():/drivers/ahci_disk
    module_path: boot():/drivers/ata_disk
    module_path: boot():/bin/iso9660d
    module_path: boot():/bin/fatd
    module_path: boot():/drivers/virtio_sound
    module_path: boot():/drivers/hdaudio
    module_path: boot():/drivers/pci_stubd
    module_path: boot():/drivers/xhci
    module_path: boot():/drivers/chime
    module_path: boot():/bin/vfs_hello
    module_path: boot():/bin/show_args
    module_path: boot():/bin/clock
    module_path: boot():/bin/leaf
    module_path: boot():/bin/env_roundtrip
    module_path: boot():/bin/cwd_test
    module_path: boot():/bin/date
    module_path: boot():/bin/wayland_hello
    module_path: boot():/bin/terminal
    module_path: boot():/bin/tee
    module_path: boot():/bin/xargs
    module_path: boot():/bin/placed
    module_path: boot():/bin/bloom
    module_path: boot():/bin/clear
    module_path: boot():/bin/loglevel
    module_path: boot():/bin/poll_mux
    module_path: boot():/bin/ipc_service_demo
    module_path: boot():/bin/ipc_pipe_demo
    module_path: boot():/bin/ipc_provider_demo
    module_path: boot():/bin/vfs_test_provider
    module_path: boot():/bin/ipc_memfd_demo
    module_path: boot():/bin/test_exec
    module_path: boot():/bin/test_vm_protect
    module_path: boot():/bin/test_exec_env
    module_path: boot():/bin/test_threads
    module_path: boot():/bin/test_futex
    module_path: boot():/bin/ld_so
    module_path: boot():/bin/test_dyn_loader
    module_path: boot():/bin/test_dlopen
    module_path: boot():/bin/reboot
    module_path: boot():/bin/shutdown
    module_path: boot():/bin/attr_list
    module_path: boot():/bin/attr_get
    module_path: boot():/bin/attr_set
    module_path: boot():/bin/attr_rm
    module_path: boot():/lib/libpistil.so
    module_path: boot():/share/wallpapers/clouds.bmp
    module_path: boot():/share/wallpapers/flower.bmp
    module_path: boot():/share/wallpapers/flower.png
    module_path: boot():/share/wallpapers/leather.bmp
    module_path: boot():/share/wallpapers/linen.bmp
    module_path: boot():/share/fonts/DSEG7Classic-Regular.ttf
    module_path: boot():/share/fonts/Hack-Regular.ttf
    module_path: boot():/share/fonts/Inter-Regular.ttf
    module_path: boot():/share/fonts/Iosevka-Regular.ttf
    module_path: boot():/share/fonts/JetBrainsMono-Regular.ttf
    module_path: boot():/share/fonts/NotoSans-Regular.ttf
    module_path: boot():/share/fonts/NotoSansSymbol-Regular.ttf
    module_path: boot():/share/fonts/NotoSansSymbol2-Regular.ttf
    module_path: boot():/share/fonts/NotoSerif-Regular.ttf
    module_path: boot():/share/themes/solarized_warm.toml
    module_path: boot():/share/cursors/future/alias.svg
    module_path: boot():/share/cursors/future/all-scroll.svg
    module_path: boot():/share/cursors/future/bottom_left_corner.svg
    module_path: boot():/share/cursors/future/bottom_right_corner.svg
    module_path: boot():/share/cursors/future/bottom_side.svg
    module_path: boot():/share/cursors/future/cell.svg
    module_path: boot():/share/cursors/future/center_ptr.svg
    module_path: boot():/share/cursors/future/col-resize.svg
    module_path: boot():/share/cursors/future/color-picker.svg
    module_path: boot():/share/cursors/future/context-menu.svg
    module_path: boot():/share/cursors/future/copy.svg
    module_path: boot():/share/cursors/future/crosshair.svg
    module_path: boot():/share/cursors/future/default.svg
    module_path: boot():/share/cursors/future/dnd-move.svg
    module_path: boot():/share/cursors/future/dnd-no-drop.svg
    module_path: boot():/share/cursors/future/down-arrow.svg
    module_path: boot():/share/cursors/future/draft.svg
    module_path: boot():/share/cursors/future/fleur.svg
    module_path: boot():/share/cursors/future/help.svg
    module_path: boot():/share/cursors/future/left-arrow.svg
    module_path: boot():/share/cursors/future/left_side.svg
    module_path: boot():/share/cursors/future/no-drop.svg
    module_path: boot():/share/cursors/future/not-allowed.svg
    module_path: boot():/share/cursors/future/openhand.svg
    module_path: boot():/share/cursors/future/pencil.svg
    module_path: boot():/share/cursors/future/pirate.svg
    module_path: boot():/share/cursors/future/pointer.svg
    module_path: boot():/share/cursors/future/progress-01.svg
    module_path: boot():/share/cursors/future/progress-02.svg
    module_path: boot():/share/cursors/future/progress-03.svg
    module_path: boot():/share/cursors/future/progress-04.svg
    module_path: boot():/share/cursors/future/progress-05.svg
    module_path: boot():/share/cursors/future/progress-06.svg
    module_path: boot():/share/cursors/future/progress-07.svg
    module_path: boot():/share/cursors/future/progress-08.svg
    module_path: boot():/share/cursors/future/progress-09.svg
    module_path: boot():/share/cursors/future/progress-10.svg
    module_path: boot():/share/cursors/future/progress-11.svg
    module_path: boot():/share/cursors/future/progress-12.svg
    module_path: boot():/share/cursors/future/progress-13.svg
    module_path: boot():/share/cursors/future/progress-14.svg
    module_path: boot():/share/cursors/future/progress-15.svg
    module_path: boot():/share/cursors/future/progress-16.svg
    module_path: boot():/share/cursors/future/progress-17.svg
    module_path: boot():/share/cursors/future/progress-18.svg
    module_path: boot():/share/cursors/future/progress-19.svg
    module_path: boot():/share/cursors/future/progress-20.svg
    module_path: boot():/share/cursors/future/progress-21.svg
    module_path: boot():/share/cursors/future/progress-22.svg
    module_path: boot():/share/cursors/future/progress-23.svg
    module_path: boot():/share/cursors/future/progress.svg
    module_path: boot():/share/cursors/future/right-arrow.svg
    module_path: boot():/share/cursors/future/right_ptr.svg
    module_path: boot():/share/cursors/future/right_side.svg
    module_path: boot():/share/cursors/future/row-resize.svg
    module_path: boot():/share/cursors/future/size_bdiag.svg
    module_path: boot():/share/cursors/future/size_fdiag.svg
    module_path: boot():/share/cursors/future/size_hor.svg
    module_path: boot():/share/cursors/future/size_ver.svg
    module_path: boot():/share/cursors/future/text.svg
    module_path: boot():/share/cursors/future/top_left_corner.svg
    module_path: boot():/share/cursors/future/top_right_corner.svg
    module_path: boot():/share/cursors/future/top_side.svg
    module_path: boot():/share/cursors/future/up-arrow.svg
    module_path: boot():/share/cursors/future/vertical-text.svg
    module_path: boot():/share/cursors/future/wait-01.svg
    module_path: boot():/share/cursors/future/wait-02.svg
    module_path: boot():/share/cursors/future/wait-03.svg
    module_path: boot():/share/cursors/future/wait-04.svg
    module_path: boot():/share/cursors/future/wait-05.svg
    module_path: boot():/share/cursors/future/wait-06.svg
    module_path: boot():/share/cursors/future/wait-07.svg
    module_path: boot():/share/cursors/future/wait-08.svg
    module_path: boot():/share/cursors/future/wait-09.svg
    module_path: boot():/share/cursors/future/wait-10.svg
    module_path: boot():/share/cursors/future/wait-11.svg
    module_path: boot():/share/cursors/future/wait-12.svg
    module_path: boot():/share/cursors/future/wait-13.svg
    module_path: boot():/share/cursors/future/wait-14.svg
    module_path: boot():/share/cursors/future/wait-15.svg
    module_path: boot():/share/cursors/future/wait-16.svg
    module_path: boot():/share/cursors/future/wait-17.svg
    module_path: boot():/share/cursors/future/wait-18.svg
    module_path: boot():/share/cursors/future/wait-19.svg
    module_path: boot():/share/cursors/future/wait-20.svg
    module_path: boot():/share/cursors/future/wait-21.svg
    module_path: boot():/share/cursors/future/wait-22.svg
    module_path: boot():/share/cursors/future/wait-23.svg
    module_path: boot():/share/cursors/future/wait.svg
    module_path: boot():/share/cursors/future/wayland-cursor.svg
    module_path: boot():/share/cursors/future/x-cursor.svg
    module_path: boot():/share/cursors/future/zoom-in.svg
    module_path: boot():/share/cursors/future/zoom-out.svg
    module_path: boot():/share/fonts/unifont.hex
    module_path: boot():/etc/locale.conf
    module_path: boot():/etc/profile
    module_path: boot():/etc/motd
    module_path: boot():/etc/fstab
    module_path: boot():/etc/hostname

/ThingOS (Trace)
    protocol: limine
    resolution: 1920x1080
    kernel_path: boot():/boot/kernel
    kernel_cmdline: loglevel=5
    module_path: boot():/bin/sprout
    module_cmdline: init
    module_path: boot():/bin/bristle
    module_path: boot():/drivers/rtc_cmos
    module_cmdline: init
    module_path: boot():/drivers/hwrng
    module_cmdline: init
    module_path: boot():/drivers/ps2_kbd
    module_path: boot():/bin/sh
    module_cmdline: init
    module_path: boot():/bin/ls
    module_cmdline: init
    module_path: boot():/bin/lsusb
    module_cmdline: init
    module_path: boot():/bin/lspci
    module_cmdline: init
    module_path: boot():/bin/ln
    module_cmdline: init
    module_path: boot():/bin/ps
    module_cmdline: init
    module_path: boot():/bin/kill
    module_cmdline: init
    module_path: boot():/bin/killall
    module_cmdline: init
    module_path: boot():/bin/cat
    module_cmdline: init
    module_path: boot():/bin/head
    module_cmdline: init
    module_path: boot():/bin/tail
    module_cmdline: init
    module_path: boot():/bin/top
    module_cmdline: init
    module_path: boot():/bin/wc
    module_cmdline: init
    module_path: boot():/bin/yes
    module_cmdline: init
    module_path: boot():/bin/which
    module_cmdline: init
    module_path: boot():/bin/cp
    module_cmdline: init
    module_path: boot():/bin/mv
    module_cmdline: init
    module_path: boot():/bin/rm
    module_cmdline: init
    module_path: boot():/bin/rmdir
    module_cmdline: init
    module_path: boot():/bin/mkdir
    module_cmdline: init
    module_path: boot():/bin/mount
    module_cmdline: init
    module_path: boot():/bin/echo
    module_cmdline: init
    module_path: boot():/bin/printf
    module_cmdline: init
    module_path: boot():/bin/grep
    module_cmdline: init
    module_path: boot():/bin/pwd
    module_cmdline: init
    module_path: boot():/bin/touch
    module_cmdline: init
    module_path: boot():/bin/setshell
    module_cmdline: init
    module_path: boot():/bin/dmesg
    module_cmdline: init
    module_path: boot():/bin/stat
    module_cmdline: init
    module_path: boot():/bin/file
    module_cmdline: init
    module_path: boot():/bin/dirname
    module_cmdline: init
    module_path: boot():/bin/basename
    module_cmdline: init
    module_path: boot():/bin/sleep
    module_cmdline: init
    module_path: boot():/bin/sort
    module_cmdline: init
    module_path: boot():/bin/env
    module_cmdline: init
    module_path: boot():/bin/uname
    module_path: boot():/bin/true
    module_path: boot():/bin/false
    module_path: boot():/bin/input_echo
    module_path: boot():/drivers/ps2_mouse
    module_path: boot():/drivers/display_bootfb
    module_path: boot():/drivers/display_virtio_gpu
    module_path: boot():/bin/cambium
    module_path: boot():/drivers/virtio_netd
    module_path: boot():/drivers/rtl8168d
    module_path: boot():/bin/netd
    module_path: boot():/bin/mesocarp
    module_path: boot():/bin/mdns
    module_path: boot():/bin/mdnsd
    module_path: boot():/bin/fetchd
    module_path: boot():/bin/httpsd
    module_path: boot():/bin/find
    module_path: boot():/bin/ip
    module_path: boot():/bin/iso_reader
    module_path: boot():/bin/ping
    module_path: boot():/bin/nslookup
    module_path: boot():/drivers/ahci_disk
    module_path: boot():/drivers/ata_disk
    module_path: boot():/bin/iso9660d
    module_path: boot():/bin/fatd
    module_path: boot():/drivers/virtio_sound
    module_path: boot():/drivers/hdaudio
    module_path: boot():/drivers/pci_stubd
    module_path: boot():/drivers/xhci
    module_path: boot():/drivers/chime
    module_path: boot():/bin/vfs_hello
    module_path: boot():/bin/show_args
    module_path: boot():/bin/clock
    module_path: boot():/bin/leaf
    module_path: boot():/bin/env_roundtrip
    module_path: boot():/bin/cwd_test
    module_path: boot():/bin/date
    module_path: boot():/bin/wayland_hello
    module_path: boot():/bin/terminal
    module_path: boot():/bin/tee
    module_path: boot():/bin/xargs
    module_path: boot():/bin/placed
    module_path: boot():/bin/bloom
    module_path: boot():/bin/clear
    module_path: boot():/bin/loglevel
    module_path: boot():/bin/poll_mux
    module_path: boot():/bin/ipc_service_demo
    module_path: boot():/bin/ipc_pipe_demo
    module_path: boot():/bin/ipc_provider_demo
    module_path: boot():/bin/vfs_test_provider
    module_path: boot():/bin/ipc_memfd_demo
    module_path: boot():/bin/test_exec
    module_path: boot():/bin/test_vm_protect
    module_path: boot():/bin/test_exec_env
    module_path: boot():/bin/test_threads
    module_path: boot():/bin/test_futex
    module_path: boot():/bin/ld_so
    module_path: boot():/bin/test_dyn_loader
    module_path: boot():/bin/test_dlopen
    module_path: boot():/bin/reboot
    module_path: boot():/bin/shutdown
    module_path: boot():/bin/attr_list
    module_path: boot():/bin/attr_get
    module_path: boot():/bin/attr_set
    module_path: boot():/bin/attr_rm
    module_path: boot():/lib/libpistil.so
    module_path: boot():/share/wallpapers/clouds.bmp
    module_path: boot():/share/wallpapers/flower.bmp
    module_path: boot():/share/wallpapers/flower.png
    module_path: boot():/share/wallpapers/leather.bmp
    module_path: boot():/share/wallpapers/linen.bmp
    module_path: boot():/share/fonts/DSEG7Classic-Regular.ttf
    module_path: boot():/share/fonts/Hack-Regular.ttf
    module_path: boot():/share/fonts/Inter-Regular.ttf
    module_path: boot():/share/fonts/Iosevka-Regular.ttf
    module_path: boot():/share/fonts/JetBrainsMono-Regular.ttf
    module_path: boot():/share/fonts/NotoSans-Regular.ttf
    module_path: boot():/share/fonts/NotoSansSymbol-Regular.ttf
    module_path: boot():/share/fonts/NotoSansSymbol2-Regular.ttf
    module_path: boot():/share/fonts/NotoSerif-Regular.ttf
    module_path: boot():/share/themes/solarized_warm.toml
    module_path: boot():/share/cursors/future/alias.svg
    module_path: boot():/share/cursors/future/all-scroll.svg
    module_path: boot():/share/cursors/future/bottom_left_corner.svg
    module_path: boot():/share/cursors/future/bottom_right_corner.svg
    module_path: boot():/share/cursors/future/bottom_side.svg
    module_path: boot():/share/cursors/future/cell.svg
    module_path: boot():/share/cursors/future/center_ptr.svg
    module_path: boot():/share/cursors/future/col-resize.svg
    module_path: boot():/share/cursors/future/color-picker.svg
    module_path: boot():/share/cursors/future/context-menu.svg
    module_path: boot():/share/cursors/future/copy.svg
    module_path: boot():/share/cursors/future/crosshair.svg
    module_path: boot():/share/cursors/future/default.svg
    module_path: boot():/share/cursors/future/dnd-move.svg
    module_path: boot():/share/cursors/future/dnd-no-drop.svg
    module_path: boot():/share/cursors/future/down-arrow.svg
    module_path: boot():/share/cursors/future/draft.svg
    module_path: boot():/share/cursors/future/fleur.svg
    module_path: boot():/share/cursors/future/help.svg
    module_path: boot():/share/cursors/future/left-arrow.svg
    module_path: boot():/share/cursors/future/left_side.svg
    module_path: boot():/share/cursors/future/no-drop.svg
    module_path: boot():/share/cursors/future/not-allowed.svg
    module_path: boot():/share/cursors/future/openhand.svg
    module_path: boot():/share/cursors/future/pencil.svg
    module_path: boot():/share/cursors/future/pirate.svg
    module_path: boot():/share/cursors/future/pointer.svg
    module_path: boot():/share/cursors/future/progress-01.svg
    module_path: boot():/share/cursors/future/progress-02.svg
    module_path: boot():/share/cursors/future/progress-03.svg
    module_path: boot():/share/cursors/future/progress-04.svg
    module_path: boot():/share/cursors/future/progress-05.svg
    module_path: boot():/share/cursors/future/progress-06.svg
    module_path: boot():/share/cursors/future/progress-07.svg
    module_path: boot():/share/cursors/future/progress-08.svg
    module_path: boot():/share/cursors/future/progress-09.svg
    module_path: boot():/share/cursors/future/progress-10.svg
    module_path: boot():/share/cursors/future/progress-11.svg
    module_path: boot():/share/cursors/future/progress-12.svg
    module_path: boot():/share/cursors/future/progress-13.svg
    module_path: boot():/share/cursors/future/progress-14.svg
    module_path: boot():/share/cursors/future/progress-15.svg
    module_path: boot():/share/cursors/future/progress-16.svg
    module_path: boot():/share/cursors/future/progress-17.svg
    module_path: boot():/share/cursors/future/progress-18.svg
    module_path: boot():/share/cursors/future/progress-19.svg
    module_path: boot():/share/cursors/future/progress-20.svg
    module_path: boot():/share/cursors/future/progress-21.svg
    module_path: boot():/share/cursors/future/progress-22.svg
    module_path: boot():/share/cursors/future/progress-23.svg
    module_path: boot():/share/cursors/future/progress.svg
    module_path: boot():/share/cursors/future/right-arrow.svg
    module_path: boot():/share/cursors/future/right_ptr.svg
    module_path: boot():/share/cursors/future/right_side.svg
    module_path: boot():/share/cursors/future/row-resize.svg
    module_path: boot():/share/cursors/future/size_bdiag.svg
    module_path: boot():/share/cursors/future/size_fdiag.svg
    module_path: boot():/share/cursors/future/size_hor.svg
    module_path: boot():/share/cursors/future/size_ver.svg
    module_path: boot():/share/cursors/future/text.svg
    module_path: boot():/share/cursors/future/top_left_corner.svg
    module_path: boot():/share/cursors/future/top_right_corner.svg
    module_path: boot():/share/cursors/future/top_side.svg
    module_path: boot():/share/cursors/future/up-arrow.svg
    module_path: boot():/share/cursors/future/vertical-text.svg
    module_path: boot():/share/cursors/future/wait-01.svg
    module_path: boot():/share/cursors/future/wait-02.svg
    module_path: boot():/share/cursors/future/wait-03.svg
    module_path: boot():/share/cursors/future/wait-04.svg
    module_path: boot():/share/cursors/future/wait-05.svg
    module_path: boot():/share/cursors/future/wait-06.svg
    module_path: boot():/share/cursors/future/wait-07.svg
    module_path: boot():/share/cursors/future/wait-08.svg
    module_path: boot():/share/cursors/future/wait-09.svg
    module_path: boot():/share/cursors/future/wait-10.svg
    module_path: boot():/share/cursors/future/wait-11.svg
    module_path: boot():/share/cursors/future/wait-12.svg
    module_path: boot():/share/cursors/future/wait-13.svg
    module_path: boot():/share/cursors/future/wait-14.svg
    module_path: boot():/share/cursors/future/wait-15.svg
    module_path: boot():/share/cursors/future/wait-16.svg
    module_path: boot():/share/cursors/future/wait-17.svg
    module_path: boot():/share/cursors/future/wait-18.svg
    module_path: boot():/share/cursors/future/wait-19.svg
    module_path: boot():/share/cursors/future/wait-20.svg
    module_path: boot():/share/cursors/future/wait-21.svg
    module_path: boot():/share/cursors/future/wait-22.svg
    module_path: boot():/share/cursors/future/wait-23.svg
    module_path: boot():/share/cursors/future/wait.svg
    module_path: boot():/share/cursors/future/wayland-cursor.svg
    module_path: boot():/share/cursors/future/x-cursor.svg
    module_path: boot():/share/cursors/future/zoom-in.svg
    module_path: boot():/share/cursors/future/zoom-out.svg
    module_path: boot():/share/fonts/unifont.hex
    module_path: boot():/etc/locale.conf
    module_path: boot():/etc/profile
    module_path: boot():/etc/motd
    module_path: boot():/etc/fstab
    module_path: boot():/etc/hostname

--- END DEBUG ---
$ xorriso -as mkisofs -R -J -b boot/limine/limine-bios-cd.bin -no-emul-boot -boot-load-size 4 -boot-info-table --efi-boot boot/limine/limine-uefi-cd.bin -efi-boot-part --efi-boot-image --protective-msdos-label iso_root_367398250 -o thing-os-x86_64-1777672895-367398250.iso
xorriso 1.5.6 : RockRidge filesystem manipulator, libburnia project.

Drive current: -outdev 'stdio:thing-os-x86_64-1777672895-367398250.iso'
Media current: stdio file, overwriteable
Media status : is blank
Media summary: 0 sessions, 0 data blocks, 0 data,  652g free
Added to ISO image: directory '/'='/home/dancxjo/src/thingos/iso_root_367398250'
xorriso : UPDATE :   16465 files added in 1 seconds
xorriso : UPDATE :   16465 files added in 1 seconds
libisofs: WARNING : Cannot add /share/icons/chicago95/actions/16/action-unavailable-symbolic.png to Joliet tree. Symlinks can only be added to a Rock Ridge tree.
libisofs: WARNING : More symbolic links were omitted from Joliet tree.
libisofs: WARNING : Number of symbolic links omitted from Joliet tree: 11035
xorriso : UPDATE :  61.54% done
ISO image produced: 66059 sectors
Written to medium : 66059 sectors at LBA 0
Writing to 'stdio:thing-os-x86_64-1777672895-367398250.iso' completed successfully.

$ ./vendor/limine/limine bios-install thing-os-x86_64-1777672895-367398250.iso
Physical block size of 512 bytes.
Installing to GPT. Logical block size of 512 bytes.
Secondary header at LBA 0x4082b.
Secondary header valid.
Detected ISOHYBRID with a GUID partition table (GPT).
Converting to MBR for improved compatibility...
Conversion successful.
No active partition found, some systems may not boot.
Setting partition 1 as active to work around the issue...
Installing to MBR.
Stage 2 to be located at byte offset 0x200.
Reminder: Remember to copy the limine-bios.sys file in either
          the root, /boot, /limine, or /boot/limine directories of
          one of the partitions on the device, or boot will fail!
Limine BIOS stages installed successfully.
ISO created: thing-os-x86_64-1777672895-367398250.iso
Running thing-os-x86_64 in QEMU...
$ qemu-system-x86_64 -M q35 -drive if=pflash,unit=0,format=raw,file=vendor/ovmf/ovmf-code-x86_64.fd,readonly=on -drive if=pflash,unit=1,format=raw,file=vendor/ovmf/ovmf-vars-x86_64.fd -cdrom thing-os-x86_64-1777672895-367398250.iso -no-reboot -device virtio-net-pci,netdev=n0,mac=52:54:00:12:34:56,disable-legacy=on -netdev user,id=n0,hostfwd=tcp::8888-:80,hostfwd=tcp::2323-:2323 -device virtio-vga -M q35,usb=off,vmport=off,i8042=on -audiodev pipewire,id=audio0 -device virtio-sound-pci,audiodev=audio0 -chardev stdio,id=char0,signal=off -serial chardev:char0 -m 2G -smp 4 -display none -qmp unix:/tmp/freeze-hunter-0002-6__e0wl6/qmp.sock,server=on,wait=off
[2J[01;01H[=3h[2J[01;01H[2J[01;01H[8;056;240t0[2J[01;01H[2J[01;01H[=3h[2J[01;01H[2J[01;01H[8;042;160t0[2J[01;01HBdsDxe: loading Boot0002 "UEFI QEMU DVD-ROM QM00005 " from PciRoot(0x0)/Pci(0x1F,0x2)/Sata(0x2,0xFFFF,0x0)
BdsDxe: starting Boot0002 "UEFI QEMU DVD-ROM QM00005 " from PciRoot(0x0)/Pci(0x1F,0x2)/Sata(0x2,0xFFFF,0x0)
[2J[01;01H[01;01H[2J[01;01H[01;01H[33943922892] [[32mINFO [0m] [kernel::boot_progress] [CPU0] boot_progress: milestone="Framebuffer Initialized"
[33980498640] [[35mTRACE[0m] [kernel::memory] [CPU0] [kernel:mem:init] enter
[33983564175] [[35mTRACE[0m] [kernel::memory] [CPU0] [kernel:mem:init] phys_memory_map ok
[33984391980] [[35mTRACE[0m] [kernel::memory] [CPU0] [kernel:mem:init] modules ok
[33985215165] [[35mTRACE[0m] [kernel::memory] [CPU0] [kernel:mem:init] phys_to_virt_offset ok
[33985779993] [[35mTRACE[0m] [kernel::memory] [CPU0] [kernel:mem:init] memory map logging done
[34011688260] [[35mTRACE[0m] [kernel::memory] [CPU0] [kernel:mem:init] boot_frame_alloc init ok
[34205498217] [[35mTRACE[0m] [kernel::memory] [CPU0] [kernel:mem:init] frame allocator build ok
[34206346548] [[35mTRACE[0m] [kernel::memory] [CPU0] [kernel:mem:init] frame allocator log ok
[34207293252] [[35mTRACE[0m] [kernel::memory] [CPU0] [kernel:mem:init] FRAME_ALLOCATOR init ok
[34208093040] [[35mTRACE[0m] [kernel::memory] [CPU0] [kernel:mem:init] tasking init ok
[34208713044] [[32mINFO [0m] [kernel::boot_progress] [CPU0] boot_progress: milestone="Memory Map OK"
[34228582872] [[32mINFO [0m] [kernel] [CPU0] Initializing global allocator...
[34229314845] [[34mDEBUG[0m] [kernel::memory::global_alloc] [CPU0] [kernel:global_alloc] enter
[34229919372] [[34mDEBUG[0m] [kernel::memory::global_alloc] [CPU0] [kernel:global_alloc] set expand hook
[34230505089] [[34mDEBUG[0m] [kernel::memory::global_alloc] [CPU0] [kernel:global_alloc] expand hook ok
[34231075791] [[34mDEBUG[0m] [kernel::memory::global_alloc] [CPU0] [kernel:global_alloc] kernel_heap lock begin
[34231951281] [[34mDEBUG[0m] [kernel::memory::global_alloc] [CPU0] [kernel:global_alloc] kernel_heap lock ok
[34232532477] [[35mTRACE[0m] [kernel::memory::global_alloc] [CPU0] [kernel:global_alloc] reserve_region begin
[34261776912] [[35mTRACE[0m] [kernel::memory::global_alloc] [CPU0] [kernel:global_alloc] reserve_region ok
[34262571684] [[35mTRACE[0m] [kernel::memory::global_alloc] [CPU0] [kernel:global_alloc] inner allocator init begin
[34265423742] [[35mTRACE[0m] [kernel::memory::global_alloc] [CPU0] [kernel:global_alloc] inner allocator init ok
[34266242802] [[35mTRACE[0m] [kernel::memory::global_alloc] [CPU0] [kernel:global_alloc] heap top store ok
[34266851091] [[35mTRACE[0m] [kernel::memory::global_alloc] [CPU0] [kernel:global_alloc] init done
[34267540230] [[32mINFO [0m] [kernel::boot_progress] [CPU0] boot_progress: milestone="Global Allocator"
[34289056263] [[34mDEBUG[0m] [kernel::vfs::devfs] [CPU0] devfs: set_boot_fb width=1920 height=1080 pitch=7680 resource_id=0xfb000000 phys=0x80000000
[34291172124] [[34mDEBUG[0m] [kernel] [CPU0] [kernel:start] framebuffer/devfs set_boot_fb elapsed_ticks=1977987 elapsed_us=988
[34297123080] [[34mDEBUG[0m] [kernel] [CPU0] [kernel:start] framebuffer/devfs FbNode::new elapsed_ticks=5099424 elapsed_us=2549
[34297992267] [[35mTRACE[0m] [kernel::vfs::devfs] [CPU0] [kernel:devfs] register begin
[34302513069] [[35mTRACE[0m] [kernel::vfs::devfs] [CPU0] [kernel:devfs] register ok
[34303290120] [[34mDEBUG[0m] [kernel] [CPU0] [kernel:start] framebuffer/devfs register fb0 elapsed_ticks=5263995 elapsed_us=2631
[34303992327] [[32mINFO [0m] [kernel::boot_progress] [CPU0] boot_progress: milestone="Display Registry"
[34323904593] [[32mINFO [0m] [kernel] [CPU0] Initializing SIMD...
[34325792127] [[32mINFO [0m] [kernel::boot_progress] [CPU0] boot_progress: milestone="SIMD Ready"
[34361646099] [[34mDEBUG[0m] [kernel] [CPU0] Seeding entropy pool...
[34362976659] [[35mTRACE[0m] [kernel::entropy] [CPU0] [kernel:entropy] seed begin
[34364046684] [[35mTRACE[0m] [kernel::entropy] [CPU0] [kernel:entropy] fill_entropy done
[34366346817] [[35mTRACE[0m] [kernel::entropy] [CPU0] [kernel:entropy] add_sample(timer) ok
[34366973784] [[35mTRACE[0m] [kernel::entropy] [CPU0] [kernel:entropy] mark_seeded(timer) ok
[34367532705] [[33mWARN [0m] [kernel::entropy] [CPU0] ENTROPY: no hardware RNG available, using timer fallback (weak entropy)
[34368169110] [[34mDEBUG[0m] [kernel::entropy] [CPU0] ENTROPY: marked seeded with weak entropy (timer-only fallback)
[34368769578] [[35mTRACE[0m] [kernel::entropy] [CPU0] [kernel:entropy] seed done
[34369948338] [[34mDEBUG[0m] [kernel] [CPU0] [kernel:start] entropy::seed_from_hardware elapsed_ticks=6603696 elapsed_us=3301
[34370619492] [[32mINFO [0m] [kernel::boot_progress] [CPU0] boot_progress: milestone="SIMD Ready"
[34390746093] [[32mINFO [0m] [kernel] [CPU0] Initializing tasking...
[34399232439] [[35mTRACE[0m] [kernel::sched] [CPU0]   Acquiring scheduler lock...
[34400344869] [[35mTRACE[0m] [kernel::sched] [CPU0]   Lock acquired, checking if initialized...
[34401128454] [[35mTRACE[0m] [kernel::sched] [CPU0]   Allocating scheduler...
[34405185837] [[35mTRACE[0m] [kernel::sched] [CPU0]   Leaking scheduler...
[34405847388] [[35mTRACE[0m] [kernel::sched] [CPU0]   Initializing boot task...
[34408125312] [[34mDEBUG[0m] [kernel::sched] [CPU0] SCHED: allocating CpuScheduler for cpu0 (total=1)
[34409016279] [[32mINFO [0m] [kernel::sched] [CPU0] SCHED: 1 per-CPU scheduler(s) allocated
[34409611335] [[32mINFO [0m] [kernel::sched] [CPU0] SCHED: per-CPU preemption initialized (1 independent preemption domains, no global preemption lock)
[34410590148] [[35mTRACE[0m] [kernel::sched] [CPU0]   Creating boot task...
[34422447774] [[35mTRACE[0m] [kernel::sched] [CPU0]   Creating idle tasks...
[34423732266] [[34mDEBUG[0m] [bran::arch::x86_64::task] [CPU0] INIT KERNEL CTX: entry=0xffffffff8008b400 kstack_top=0xffffffffb0020660 arg=0x0
[34425754605] [[34mDEBUG[0m] [kernel::sched::spawn] [CPU0] SCHED: Task 1 assigned to CPU 0
[34446533715] [[35mTRACE[0m] [kernel::sched] [CPU0]   Boot task initialized
[34448773260] [[34mDEBUG[0m] [kernel::sched::state] [CPU0] SCHED[cpu0]: current=Some(0) idle=Some(1) runnable=0 need_resched=true
[34449991455] [[35mTRACE[0m] [kernel::sched] [CPU0]   Storing scheduler pointer...
[34451151207] [[32mINFO [0m] [kernel::sched] [CPU0] Scheduler initialized
[34452121176] [[32mINFO [0m] [kernel::boot_progress] [CPU0] boot_progress: milestone="Tasking Initialized"
[34472889792] [[34mDEBUG[0m] [kernel] [CPU0] Initializing VFS...
[34476635061] [[34mDEBUG[0m] [kernel] [CPU0] [kernel:start] scheduler-entry step='set_cmdline' elapsed_ticks=2866578 elapsed_us=1433 total_ticks=3603171 total_us=1801
[34508085282] [[34mDEBUG[0m] [kernel::vfs] [CPU0] VFS: Created /dev/display directory
[34509644400] [[34mDEBUG[0m] [kernel::vfs] [CPU0] VFS: Created /dev/storage directory
[34572787854] [[34mDEBUG[0m] [kernel::vfs] [CPU0] vfs: mounted union filesystem at / (root)
[34575756501] [[34mDEBUG[0m] [kernel::vfs] [CPU0] vfs: mounted devfs at /dev
[34577415213] [[34mDEBUG[0m] [kernel::vfs] [CPU0] vfs: mounted procfs at /proc
[34578932652] [[34mDEBUG[0m] [kernel::vfs] [CPU0] vfs: mounted sysfs at /sys
[34585529748] [[34mDEBUG[0m] [kernel::vfs] [CPU0] vfs: mounted tmpfs at /tmp
[34587196710] [[34mDEBUG[0m] [kernel::vfs] [CPU0] vfs: mounted tmpfs at /run
[34588437345] [[34mDEBUG[0m] [kernel::vfs] [CPU0] vfs: mounted tmpfs at /services
[34589644848] [[34mDEBUG[0m] [kernel::vfs] [CPU0] vfs: mounted tmpfs at /session
[34591157931] [[34mDEBUG[0m] [kernel::vfs] [CPU0] vfs: mounted tmpfs at /data
[34592017746] [[34mDEBUG[0m] [kernel] [CPU0] [kernel:start] scheduler-entry step='vfs_init' elapsed_ticks=114636324 elapsed_us=57318 total_ticks=119232498 total_us=59616
[34593068730] [[32mINFO [0m] [kernel::boot_progress] [CPU0] boot_progress: milestone="VFS Root Ready"
[34623456219] [[34mDEBUG[0m] [kernel] [CPU0] Scanning PCI bus...
[34630243098] [[34mDEBUG[0m] [kernel] [CPU0] PCI: Discovered 0x8086:0x29c0 at 00:00.0 class=060000 id=1
[34638259887] [[35mTRACE[0m] [kernel] [CPU0]   BAR1 (MEM32): 0x80883000 (size 0x1000)
[34656900828] [[35mTRACE[0m] [kernel] [CPU0]   BAR4 (MEM64): 0xc000000000 (size 0x4000)
[34658356788] [[34mDEBUG[0m] [kernel] [CPU0] PCI: Discovered 0x1af4:0x1041 at 00:01.0 class=020000 id=2
[34663576134] [[35mTRACE[0m] [kernel] [CPU0]   BAR0 (MEM32): 0x80000000 (size 0x800000)
[34677637467] [[35mTRACE[0m] [kernel] [CPU0]   BAR2 (MEM64): 0xc000004000 (size 0x4000)
[34680064650] [[35mTRACE[0m] [kernel] [CPU0]   BAR4 (MEM32): 0x80882000 (size 0x1000)
[34680798867] [[34mDEBUG[0m] [kernel] [CPU0] PCI: Discovered 0x1af4:0x1050 at 00:02.0 class=030000 id=3
[34683272613] [[35mTRACE[0m] [kernel] [CPU0]   BAR1 (MEM32): 0x80881000 (size 0x1000)
[34692080115] [[35mTRACE[0m] [kernel] [CPU0]   BAR4 (MEM64): 0xc000008000 (size 0x4000)
[34692868848] [[34mDEBUG[0m] [kernel] [CPU0] PCI: Discovered 0x1af4:0x1059 at 00:03.0 class=040100 id=4
[34693737837] [[34mDEBUG[0m] [kernel] [CPU0] PCI: Discovered 0x8086:0x2918 at 00:1f.0 class=060100 id=5
[34697716779] [[35mTRACE[0m] [kernel] [CPU0]   BAR4 (I/O):  0x6040 (size 0x20)
[34702586688] [[35mTRACE[0m] [kernel] [CPU0]   BAR5 (MEM32): 0x80880000 (size 0x1000)
[34703579361] [[34mDEBUG[0m] [kernel] [CPU0] PCI: Discovered 0x8086:0x2922 at 00:1f.2 class=010601 id=6
[34707641760] [[35mTRACE[0m] [kernel] [CPU0]   BAR4 (I/O):  0x6000 (size 0x40)
[34711984065] [[34mDEBUG[0m] [kernel] [CPU0] PCI: Discovered 0x8086:0x2930 at 00:1f.3 class=0c0500 id=7
[34714731315] [[34mDEBUG[0m] [kernel] [CPU0] [kernel:start] scheduler-entry step='scan_pci' elapsed_ticks=90167979 elapsed_us=45083 total_ticks=241951512 total_us=120975
[34715444346] [[32mINFO [0m] [kernel::boot_progress] [CPU0] boot_progress: milestone="PCI Bus Scanned"
[34738331694] [[34mDEBUG[0m] [kernel] [CPU0] [kernel:start] scheduler-entry step='register_legacy_devices' elapsed_ticks=929742 elapsed_us=464 total_ticks=265534203 total_us=132767
[34739263944] [[32mINFO [0m] [kernel::boot_progress] [CPU0] boot_progress: milestone="Legacy Devices"
[34760883168] [[34mDEBUG[0m] [kernel] [CPU0] System initialized. Setting up preemption timer (100Hz)...
[34768528641] [[34mDEBUG[0m] [bran::arch] [CPU0] IOAPIC: hhdm=0xffff800000000000
[34769539332] [[34mDEBUG[0m] [bran::arch] [CPU0] IOAPIC: Disabling legacy PIC...
[34770557877] [[34mDEBUG[0m] [bran::arch] [CPU0] IOAPIC: PIC disabled OK
[34771457952] [[34mDEBUG[0m] [bran::arch] [CPU0] IOAPIC: RSDP virt=0x7f77e014
[34775231568] [[34mDEBUG[0m] [bran::arch::x86_64::acpi] [CPU0] MADT: total length 144
[34776797220] [[35mTRACE[0m] [bran::arch::x86_64::acpi] [CPU0] MADT: Entry type 0, len 8 at 0xffff80007f77802c
[34777642548] [[35mTRACE[0m] [bran::arch::x86_64::acpi] [CPU0] MADT: Entry type 0, len 8 at 0xffff80007f778034
[34778206815] [[35mTRACE[0m] [bran::arch::x86_64::acpi] [CPU0] MADT: Entry type 0, len 8 at 0xffff80007f77803c
[34778705808] [[35mTRACE[0m] [bran::arch::x86_64::acpi] [CPU0] MADT: Entry type 0, len 8 at 0xffff80007f778044
[34779192360] [[35mTRACE[0m] [bran::arch::x86_64::acpi] [CPU0] MADT: Entry type 1, len 12 at 0xffff80007f77804c
[34780017327] [[35mTRACE[0m] [bran::arch::x86_64::acpi] [CPU0] MADT: Entry type 2, len 10 at 0xffff80007f778058
[34780861104] [[35mTRACE[0m] [bran::arch::x86_64::acpi] [CPU0] MADT: Entry type 2, len 10 at 0xffff80007f778062
[34781625384] [[35mTRACE[0m] [bran::arch::x86_64::acpi] [CPU0] MADT: Entry type 2, len 10 at 0xffff80007f77806c
[34782287628] [[35mTRACE[0m] [bran::arch::x86_64::acpi] [CPU0] MADT: Entry type 2, len 10 at 0xffff80007f778076
[34782887238] [[35mTRACE[0m] [bran::arch::x86_64::acpi] [CPU0] MADT: Entry type 2, len 10 at 0xffff80007f778080
[34783547898] [[35mTRACE[0m] [bran::arch::x86_64::acpi] [CPU0] MADT: Entry type 4, len 6 at 0xffff80007f77808a
[34784760483] [[34mDEBUG[0m] [bran::arch] [CPU0] IOAPIC: MADT parsed OK
[34786128399] [[34mDEBUG[0m] [bran::arch] [CPU0] SMP: Found 4 CPUs (CPU_COUNT now = 4)
[34787088501] [[34mDEBUG[0m] [bran::arch] [CPU0] IOAPIC: Found at phys 0xfec00000, GSI base 0
[34788815160] [[34mDEBUG[0m] [bran::arch] [CPU0] IOAPIC: Registers initialized
[34789767177] [[34mDEBUG[0m] [bran::arch] [CPU0] IOAPIC: Local APIC enabled (SVR=0x1FF, TPR=0)
[34790772654] [[34mDEBUG[0m] [bran::arch] [CPU0] IOAPIC: version 0x20, 24 redir entries
[34792033683] [[34mDEBUG[0m] [bran::arch] [CPU0] IOAPIC: All pins masked
[34793486079] [[35mTRACE[0m] [bran::arch] [CPU0] IOAPIC: IRQ1 -> GSI 1 -> NMI
[34794270357] [[35mTRACE[0m] [bran::arch] [CPU0] IOAPIC: IRQ12 -> GSI 12 -> 0x2C
[34795137597] [[35mTRACE[0m] [bran::arch] [CPU0] IOAPIC: IRQ4 -> GSI 4 -> 0x24
[34795767336] [[34mDEBUG[0m] [bran::arch] [CPU0] IOAPIC: Init complete
[34830205245] [[34mDEBUG[0m] [bran::arch::x86_64::ioapic] [CPU0] LAPIC: calibrated 62646100 ticks/sec (delta=626461, ok=true) -> init_cnt=626461
[34831896198] [[34mDEBUG[0m] [bran::arch::x86_64] [CPU0] LAPIC: calibrated timer (62646100 ticks/sec), init_cnt=626461 for 100Hz
[34832576262] [[34mDEBUG[0m] [kernel] [CPU0] [kernel:start] scheduler-entry step='setup_preemption_timer' elapsed_ticks=70819848 elapsed_us=35409 total_ticks=359802333 total_us=179901
[34833317475] [[32mINFO [0m] [kernel::boot_progress] [CPU0] boot_progress: milestone="BSP Timer OK"
[34854616863] [[34mDEBUG[0m] [kernel] [CPU0] Kernel: Detected 4 CPUs. Starting 3 secondaries...
[34855549410] [[34mDEBUG[0m] [bran::arch::x86_64] [CPU0] SMP: Starting 3 secondary CPUs...
[34857008769] [[34mDEBUG[0m] [bran::arch::x86_64] [CPU0] SMP: Initializing trampoline at 0x8000
[34859139843] [[34mDEBUG[0m] [bran::arch::x86_64] [CPU0] SMP: Starting CPU 1 (APIC 1)
[34888547661] [[34mDEBUG[0m] [bran::arch::x86_64] [CPU0] SMP: CPU 1 (APIC 1) is online
[34889467470] [[34mDEBUG[0m] [bran::arch::x86_64] [CPU0] SMP: Starting CPU 2 (APIC 2)
[34899341862] [[34mDEBUG[0m] [bran::arch::x86_64] [CPU1] SMP: CPU 1 initializing preemption timer (vec=32 init_cnt=626461)
[34900829634] [[34mDEBUG[0m] [kernel] [CPU1] SMP: kernel_secondary_entry arg_cpu=1 runtime_cpu=1
[34901557614] [[34mDEBUG[0m] [kernel] [CPU1] SMP: Entering kernel_secondary_entry for CPU 1
[34902734163] [[34mDEBUG[0m] [kernel::sched] [CPU1] SMP: CPU 1 online (triggered by scheduler spawn)
[34905771516] [[34mDEBUG[0m] [bran::arch::x86_64::task] [CPU1] INIT KERNEL CTX: entry=0xffffffff8008b400 kstack_top=0xffffffffb00373c0 arg=0x1
[34906701423] [[34mDEBUG[0m] [kernel::sched::spawn] [CPU1] SCHED: Task 2 assigned to CPU 1
[34909670763] [[34mDEBUG[0m] [kernel::sched] [CPU1] REGISTRY: Applying 2 deferred inserts
[34910903346] [[34mDEBUG[0m] [kernel::sched] [CPU1] REGISTRY: Inserting TID=1
[34911509919] [[34mDEBUG[0m] [kernel::sched] [CPU1] REGISTRY: Inserting TID=2
[34912863909] [[34mDEBUG[0m] [kernel::sched] [CPU1] REGISTRY: Inserts applied
[34913335941] [[34mDEBUG[0m] [bran::arch::x86_64] [CPU2] SMP: CPU 2 initializing preemption timer (vec=32 init_cnt=626461)
[34913812395] [[34mDEBUG[0m] [kernel::sched::lifecycle] [CPU1] SMP: Secondary CPU 1 online!
[34913541564] [[34mDEBUG[0m] [bran::arch::x86_64] [CPU0] SMP: CPU 2 (APIC 2) is online
[34914166188] [[34mDEBUG[0m] [kernel] [CPU2] SMP: kernel_secondary_entry arg_cpu=2 runtime_cpu=2
[34914532752] [[34mDEBUG[0m] [kernel::task] [CPU1] SMP: run_scheduler entry on CPU 1
[34914648681] [[34mDEBUG[0m] [bran::arch::x86_64] [CPU0] SMP: Starting CPU 3 (APIC 3)
[34915579281] [[34mDEBUG[0m] [kernel] [CPU2] SMP: Entering kernel_secondary_entry for CPU 2
[34915715571] [[34mDEBUG[0m] [kernel::task] [CPU1] SMP: bootstrap_cpu start on CPU 1
[34916201232] [[34mDEBUG[0m] [kernel::sched] [CPU2] SMP: CPU 2 online (triggered by scheduler spawn)
[34917167076] [[34mDEBUG[0m] [bran::arch::x86_64::task] [CPU2] INIT KERNEL CTX: entry=0xffffffff8008b400 kstack_top=0xffffffffb0048b40 arg=0x2
[34917797640] [[34mDEBUG[0m] [kernel::sched::spawn] [CPU2] SCHED: Task 3 assigned to CPU 2
[34919124867] [[34mDEBUG[0m] [kernel::sched] [CPU2] REGISTRY: Applying 1 deferred inserts
[34919739195] [[34mDEBUG[0m] [kernel::sched] [CPU2] REGISTRY: Inserting TID=3
[34920012039] [[34mDEBUG[0m] [kernel::task] [CPU1] SMP: CPU 1 bootstrapped with idle thread 2 and is now schedulable
[34920346263] [[34mDEBUG[0m] [kernel::sched] [CPU2] REGISTRY: Inserts applied
[34921229970] [[34mDEBUG[0m] [kernel::sched::lifecycle] [CPU2] SMP: Secondary CPU 2 online!
[34922050251] [[34mDEBUG[0m] [kernel::task] [CPU2] SMP: run_scheduler entry on CPU 2
[34922822715] [[34mDEBUG[0m] [kernel::task] [CPU2] SMP: bootstrap_cpu start on CPU 2
[34931874450] [[34mDEBUG[0m] [kernel::task] [CPU2] SMP: CPU 2 bootstrapped with idle thread 3 and is now schedulable
[34940717592] [[34mDEBUG[0m] [bran::arch::x86_64] [CPU3] SMP: CPU 3 initializing preemption timer (vec=32 init_cnt=626461)
[34940880282] [[34mDEBUG[0m] [bran::arch::x86_64] [CPU0] SMP: CPU 3 (APIC 3) is online
[34945148931] [[34mDEBUG[0m] [kernel] [CPU3] SMP: kernel_secondary_entry arg_cpu=3 runtime_cpu=3
[34946912220] [[34mDEBUG[0m] [bran::arch::x86_64] [CPU0] SMP: Secondary CPU startup complete
[34947049335] [[34mDEBUG[0m] [kernel] [CPU3] SMP: Entering kernel_secondary_entry for CPU 3
[34948173546] [[34mDEBUG[0m] [kernel] [CPU0] Kernel: Secondary CPU bring-up complete.
[34948277760] [[34mDEBUG[0m] [kernel::sched] [CPU3] SMP: CPU 3 online (triggered by scheduler spawn)
[34949356134] [[34mDEBUG[0m] [kernel] [CPU0] [kernel:start] scheduler-entry step='start_secondary_cpus' elapsed_ticks=94977003 elapsed_us=47488 total_ticks=476584317 total_us=238292
[34950081771] [[34mDEBUG[0m] [bran::arch::x86_64::task] [CPU3] INIT KERNEL CTX: entry=0xffffffff8008b400 kstack_top=0xffffffffb005a2c0 arg=0x3
[34950262215] [[32mINFO [0m] [kernel::boot_progress] [CPU0] boot_progress: milestone="SMP Bring-up"
[34950899742] [[34mDEBUG[0m] [kernel::sched::spawn] [CPU3] SCHED: Task 4 assigned to CPU 3
[34952413221] [[34mDEBUG[0m] [kernel::sched] [CPU3] REGISTRY: Applying 1 deferred inserts
[34953718569] [[34mDEBUG[0m] [kernel::sched] [CPU3] REGISTRY: Inserting TID=4
[34954441302] [[34mDEBUG[0m] [kernel::sched] [CPU3] REGISTRY: Inserts applied
[34955026359] [[34mDEBUG[0m] [kernel::sched::lifecycle] [CPU3] SMP: Secondary CPU 3 online!
[34955619171] [[34mDEBUG[0m] [kernel::task] [CPU3] SMP: run_scheduler entry on CPU 3
[34956194097] [[34mDEBUG[0m] [kernel::task] [CPU3] SMP: bootstrap_cpu start on CPU 3
[34956764403] [[34mDEBUG[0m] [kernel::task] [CPU3] SMP: CPU 3 bootstrapped with idle thread 4 and is now schedulable
[35028665727] [[32mINFO [0m] [kernel::boot_progress] [CPU0] boot_progress: milestone="Boot Info OK"
[35079441771] [[34mDEBUG[0m] [kernel] [CPU0] Kernel: Enumerating 220 boot modules...
[35086925082] [[35mTRACE[0m] [kernel] [CPU0]   Module[0]: name='/bin/sprout' cmdline='init' size=90224 bytes
[35087528421] [[35mTRACE[0m] [kernel] [CPU0]   Module[1]: name='/bin/bristle' cmdline='' size=68744 bytes
[35088165255] [[35mTRACE[0m] [kernel] [CPU0]   Module[2]: name='/drivers/rtc_cmos' cmdline='init' size=45904 bytes
[35088704739] [[35mTRACE[0m] [kernel] [CPU0]   Module[3]: name='/drivers/hwrng' cmdline='init' size=40016 bytes
[35089230627] [[35mTRACE[0m] [kernel] [CPU0]   Module[4]: name='/drivers/ps2_kbd' cmdline='' size=72264 bytes
[35089756086] [[35mTRACE[0m] [kernel] [CPU0]   Module[5]: name='/bin/sh' cmdline='init' size=127864 bytes
[35090261052] [[35mTRACE[0m] [kernel] [CPU0]   Module[6]: name='/bin/ls' cmdline='init' size=62136 bytes
[35090779911] [[35mTRACE[0m] [kernel] [CPU0]   Module[7]: name='/bin/lsusb' cmdline='init' size=1066664 bytes
[35091445983] [[35mTRACE[0m] [kernel] [CPU0]   Module[8]: name='/bin/lspci' cmdline='init' size=1052328 bytes
[35092060212] [[35mTRACE[0m] [kernel] [CPU0]   Module[9]: name='/bin/ln' cmdline='init' size=47568 bytes
[35092634478] [[35mTRACE[0m] [kernel] [CPU0]   Module[10]: name='/bin/ps' cmdline='init' size=50544 bytes
[35093218413] [[35mTRACE[0m] [kernel] [CPU0]   Module[11]: name='/bin/kill' cmdline='init' size=55584 bytes
[35093777466] [[35mTRACE[0m] [kernel] [CPU0]   Module[12]: name='/bin/killall' cmdline='init' size=67656 bytes
[35094506766] [[35mTRACE[0m] [kernel] [CPU0]   Module[13]: name='/bin/cat' cmdline='init' size=50832 bytes
[35095611606] [[35mTRACE[0m] [kernel] [CPU0]   Module[14]: name='/bin/head' cmdline='init' size=56112 bytes
[35096474028] [[35mTRACE[0m] [kernel] [CPU0]   Module[15]: name='/bin/tail' cmdline='init' size=56088 bytes
[35097060372] [[35mTRACE[0m] [kernel] [CPU0]   Module[16]: name='/bin/top' cmdline='init' size=65488 bytes
[35097730338] [[35mTRACE[0m] [kernel] [CPU0]   Module[17]: name='/bin/wc' cmdline='init' size=56248 bytes
[35098246161] [[35mTRACE[0m] [kernel] [CPU0]   Module[18]: name='/bin/yes' cmdline='init' size=44520 bytes
[35098795578] [[35mTRACE[0m] [kernel] [CPU0]   Module[19]: name='/bin/which' cmdline='init' size=50448 bytes
[35099545437] [[35mTRACE[0m] [kernel] [CPU0]   Module[20]: name='/bin/cp' cmdline='init' size=46312 bytes
[35100314205] [[35mTRACE[0m] [kernel] [CPU0]   Module[21]: name='/bin/mv' cmdline='init' size=47048 bytes
[35101894773] [[35mTRACE[0m] [kernel] [CPU0]   Module[22]: name='/bin/rm' cmdline='init' size=47128 bytes
[35109219651] [[35mTRACE[0m] [kernel] [CPU0]   Module[23]: name='/bin/rmdir' cmdline='init' size=47144 bytes
[35112982674] [[35mTRACE[0m] [kernel] [CPU0]   Module[24]: name='/bin/mkdir' cmdline='init' size=47144 bytes
[35113658316] [[35mTRACE[0m] [kernel] [CPU0]   Module[25]: name='/bin/mount' cmdline='init' size=57688 bytes
[35114358213] [[35mTRACE[0m] [kernel] [CPU0]   Module[26]: name='/bin/echo' cmdline='init' size=44616 bytes
[35121101466] [[35mTRACE[0m] [kernel] [CPU0]   Module[27]: name='/bin/printf' cmdline='init' size=93928 bytes
[35121766119] [[35mTRACE[0m] [kernel] [CPU0]   Module[28]: name='/bin/grep' cmdline='init' size=85240 bytes
[35122383087] [[35mTRACE[0m] [kernel] [CPU0]   Module[29]: name='/bin/pwd' cmdline='init' size=39184 bytes
[35122930623] [[35mTRACE[0m] [kernel] [CPU0]   Module[30]: name='/bin/touch' cmdline='init' size=46160 bytes
[35123472549] [[35mTRACE[0m] [kernel] [CPU0]   Module[31]: name='/bin/setshell' cmdline='init' size=47048 bytes
[35124032559] [[35mTRACE[0m] [kernel] [CPU0]   Module[32]: name='/bin/dmesg' cmdline='init' size=39328 bytes
[35124582933] [[35mTRACE[0m] [kernel] [CPU0]   Module[33]: name='/bin/stat' cmdline='init' size=46200 bytes
[35125105191] [[35mTRACE[0m] [kernel] [CPU0]   Module[34]: name='/bin/file' cmdline='init' size=51104 bytes
[35125627482] [[35mTRACE[0m] [kernel] [CPU0]   Module[35]: name='/bin/dirname' cmdline='init' size=50096 bytes
[35126166174] [[35mTRACE[0m] [kernel] [CPU0]   Module[36]: name='/bin/basename' cmdline='init' size=50104 bytes
[35126696616] [[35mTRACE[0m] [kernel] [CPU0]   Module[37]: name='/bin/sleep' cmdline='init' size=56824 bytes
[35127236793] [[35mTRACE[0m] [kernel] [CPU0]   Module[38]: name='/bin/sort' cmdline='init' size=66336 bytes
[35127760800] [[35mTRACE[0m] [kernel] [CPU0]   Module[39]: name='/bin/env' cmdline='init' size=45832 bytes
[35128262499] [[35mTRACE[0m] [kernel] [CPU0]   Module[40]: name='/bin/uname' cmdline='' size=44632 bytes
[35128761756] [[35mTRACE[0m] [kernel] [CPU0]   Module[41]: name='/bin/true' cmdline='' size=20744 bytes
[35129305596] [[35mTRACE[0m] [kernel] [CPU0]   Module[42]: name='/bin/false' cmdline='' size=20744 bytes
[35129806899] [[35mTRACE[0m] [kernel] [CPU0]   Module[43]: name='/bin/input_echo' cmdline='' size=43016 bytes
[35130315693] [[35mTRACE[0m] [kernel] [CPU0]   Module[44]: name='/drivers/ps2_mouse' cmdline='' size=71096 bytes
[35130854979] [[35mTRACE[0m] [kernel] [CPU0]   Module[45]: name='/drivers/display_bootfb' cmdline='' size=100448 bytes
[35131376808] [[35mTRACE[0m] [kernel] [CPU0]   Module[46]: name='/drivers/display_virtio_gpu' cmdline='' size=183440 bytes
[35131952625] [[35mTRACE[0m] [kernel] [CPU0]   Module[47]: name='/bin/cambium' cmdline='' size=144760 bytes
[35132606817] [[35mTRACE[0m] [kernel] [CPU0]   Module[48]: name='/drivers/virtio_netd' cmdline='' size=123920 bytes
[35133828840] [[35mTRACE[0m] [kernel] [CPU0]   Module[49]: name='/drivers/rtl8168d' cmdline='' size=61392 bytes
[35134343937] [[35mTRACE[0m] [kernel] [CPU0]   Module[50]: name='/bin/netd' cmdline='' size=10819752 bytes
[35134845273] [[35mTRACE[0m] [kernel] [CPU0]   Module[51]: name='/bin/mesocarp' cmdline='' size=123496 bytes
[35135365881] [[35mTRACE[0m] [kernel] [CPU0]   Module[52]: name='/bin/mdns' cmdline='' size=123496 bytes
[35135881572] [[35mTRACE[0m] [kernel] [CPU0]   Module[53]: name='/bin/mdnsd' cmdline='' size=123496 bytes
[35136380697] [[35mTRACE[0m] [kernel] [CPU0]   Module[54]: name='/bin/fetchd' cmdline='' size=76752 bytes
[35136887346] [[35mTRACE[0m] [kernel] [CPU0]   Module[55]: name='/bin/httpsd' cmdline='' size=536128 bytes
[35137412805] [[35mTRACE[0m] [kernel] [CPU0]   Module[56]: name='/bin/find' cmdline='' size=57896 bytes
[35137970439] [[35mTRACE[0m] [kernel] [CPU0]   Module[57]: name='/bin/ip' cmdline='' size=55472 bytes
[35138486163] [[35mTRACE[0m] [kernel] [CPU0]   Module[58]: name='/bin/iso_reader' cmdline='' size=37424 bytes
[35139013206] [[35mTRACE[0m] [kernel] [CPU0]   Module[59]: name='/bin/ping' cmdline='' size=65184 bytes
[35139561270] [[35mTRACE[0m] [kernel] [CPU0]   Module[60]: name='/bin/nslookup' cmdline='' size=56424 bytes
[35140122699] [[35mTRACE[0m] [kernel] [CPU0]   Module[61]: name='/drivers/ahci_disk' cmdline='' size=53784 bytes
[35140700958] [[35mTRACE[0m] [kernel] [CPU0]   Module[62]: name='/drivers/ata_disk' cmdline='' size=64448 bytes
[35141215461] [[35mTRACE[0m] [kernel] [CPU0]   Module[63]: name='/bin/iso9660d' cmdline='' size=78544 bytes
[35141719668] [[35mTRACE[0m] [kernel] [CPU0]   Module[64]: name='/bin/fatd' cmdline='' size=64096 bytes
[35142217374] [[35mTRACE[0m] [kernel] [CPU0]   Module[65]: name='/drivers/virtio_sound' cmdline='' size=99296 bytes
[35142732867] [[35mTRACE[0m] [kernel] [CPU0]   Module[66]: name='/drivers/hdaudio' cmdline='' size=67696 bytes
[35143364190] [[35mTRACE[0m] [kernel] [CPU0]   Module[67]: name='/drivers/pci_stubd' cmdline='' size=57928 bytes
[35143914696] [[35mTRACE[0m] [kernel] [CPU0]   Module[68]: name='/drivers/xhci' cmdline='' size=94056 bytes
[35144590338] [[35mTRACE[0m] [kernel] [CPU0]   Module[69]: name='/drivers/chime' cmdline='' size=59536 bytes
[35145627825] [[35mTRACE[0m] [kernel] [CPU0]   Module[70]: name='/bin/vfs_hello' cmdline='' size=39560 bytes
[35149251489] [[35mTRACE[0m] [kernel] [CPU0]   Module[71]: name='/bin/show_args' cmdline='' size=42488 bytes
[35149790280] [[35mTRACE[0m] [kernel] [CPU0]   Module[72]: name='/bin/clock' cmdline='' size=83048 bytes
[35150321580] [[35mTRACE[0m] [kernel] [CPU0]   Module[73]: name='/bin/leaf' cmdline='' size=97432 bytes
[35150824830] [[35mTRACE[0m] [kernel] [CPU0]   Module[74]: name='/bin/env_roundtrip' cmdline='' size=48232 bytes
[35151351774] [[35mTRACE[0m] [kernel] [CPU0]   Module[75]: name='/bin/cwd_test' cmdline='' size=43696 bytes
[35151896208] [[35mTRACE[0m] [kernel] [CPU0]   Module[76]: name='/bin/date' cmdline='' size=67032 bytes
[35152400778] [[35mTRACE[0m] [kernel] [CPU0]   Module[77]: name='/bin/wayland_hello' cmdline='' size=86696 bytes
[35152934058] [[35mTRACE[0m] [kernel] [CPU0]   Module[78]: name='/bin/terminal' cmdline='' size=91056 bytes
[35153528949] [[35mTRACE[0m] [kernel] [CPU0]   Module[79]: name='/bin/tee' cmdline='' size=44968 bytes
[35154047709] [[35mTRACE[0m] [kernel] [CPU0]   Module[80]: name='/bin/xargs' cmdline='' size=55016 bytes
[35154560562] [[35mTRACE[0m] [kernel] [CPU0]   Module[81]: name='/bin/placed' cmdline='' size=38048 bytes
[35155065297] [[35mTRACE[0m] [kernel] [CPU0]   Module[82]: name='/bin/bloom' cmdline='' size=577328 bytes
[35155568184] [[35mTRACE[0m] [kernel] [CPU0]   Module[83]: name='/bin/clear' cmdline='' size=20872 bytes
[35156084139] [[35mTRACE[0m] [kernel] [CPU0]   Module[84]: name='/bin/loglevel' cmdline='' size=41536 bytes
[35156601249] [[35mTRACE[0m] [kernel] [CPU0]   Module[85]: name='/bin/poll_mux' cmdline='' size=39056 bytes
[35157147861] [[35mTRACE[0m] [kernel] [CPU0]   Module[86]: name='/bin/ipc_service_demo' cmdline='' size=47592 bytes
[35157663189] [[35mTRACE[0m] [kernel] [CPU0]   Module[87]: name='/bin/ipc_pipe_demo' cmdline='' size=43936 bytes
[35158189440] [[35mTRACE[0m] [kernel] [CPU0]   Module[88]: name='/bin/ipc_provider_demo' cmdline='' size=84440 bytes
[35158705263] [[35mTRACE[0m] [kernel] [CPU0]   Module[89]: name='/bin/vfs_test_provider' cmdline='' size=70648 bytes
[35159239269] [[35mTRACE[0m] [kernel] [CPU0]   Module[90]: name='/bin/ipc_memfd_demo' cmdline='' size=38232 bytes
[35159765619] [[35mTRACE[0m] [kernel] [CPU0]   Module[91]: name='/bin/test_exec' cmdline='' size=62592 bytes
[35160278439] [[35mTRACE[0m] [kernel] [CPU0]   Module[92]: name='/bin/test_vm_protect' cmdline='' size=38224 bytes
[35160787992] [[35mTRACE[0m] [kernel] [CPU0]   Module[93]: name='/bin/test_exec_env' cmdline='' size=58904 bytes
[35161297611] [[35mTRACE[0m] [kernel] [CPU0]   Module[94]: name='/bin/test_threads' cmdline='' size=82376 bytes
[35161821453] [[35mTRACE[0m] [kernel] [CPU0]   Module[95]: name='/bin/test_futex' cmdline='' size=52992 bytes
[35162374566] [[35mTRACE[0m] [kernel] [CPU0]   Module[96]: name='/bin/ld_so' cmdline='' size=378600 bytes
[35162895867] [[35mTRACE[0m] [kernel] [CPU0]   Module[97]: name='/bin/test_dyn_loader' cmdline='' size=57760 bytes
[35163484356] [[35mTRACE[0m] [kernel] [CPU0]   Module[98]: name='/bin/test_dlopen' cmdline='' size=64688 bytes
[35164054860] [[35mTRACE[0m] [kernel] [CPU0]   Module[99]: name='/bin/reboot' cmdline='' size=32048 bytes
[35164581078] [[35mTRACE[0m] [kernel] [CPU0]   Module[100]: name='/bin/shutdown' cmdline='' size=32048 bytes
[35165218836] [[35mTRACE[0m] [kernel] [CPU0]   Module[101]: name='/bin/attr_list' cmdline='' size=47400 bytes
[35165739873] [[35mTRACE[0m] [kernel] [CPU0]   Module[102]: name='/bin/attr_get' cmdline='' size=47488 bytes
[35166720369] [[35mTRACE[0m] [kernel] [CPU0]   Module[103]: name='/bin/attr_set' cmdline='' size=69600 bytes
[35167373670] [[35mTRACE[0m] [kernel] [CPU0]   Module[104]: name='/bin/attr_rm' cmdline='' size=47008 bytes
[35167941171] [[35mTRACE[0m] [kernel] [CPU0]   Module[105]: name='/lib/libpistil.so' cmdline='' size=822496 bytes
[35168745150] [[35mTRACE[0m] [kernel] [CPU0]   Module[106]: name='/share/wallpapers/clouds.bmp' cmdline='' size=786486 bytes
[35181015969] [[35mTRACE[0m] [kernel] [CPU0]   Module[107]: name='/share/wallpapers/flower.bmp' cmdline='' size=8386614 bytes
[35186505321] [[35mTRACE[0m] [kernel] [CPU0]   Module[108]: name='/share/wallpapers/flower.png' cmdline='' size=1730504 bytes
[35187055662] [[35mTRACE[0m] [kernel] [CPU0]   Module[109]: name='/share/wallpapers/leather.bmp' cmdline='' size=1179702 bytes
[35187596862] [[35mTRACE[0m] [kernel] [CPU0]   Module[110]: name='/share/wallpapers/linen.bmp' cmdline='' size=4718646 bytes
[35188176507] [[35mTRACE[0m] [kernel] [CPU0]   Module[111]: name='/share/fonts/DSEG7Classic-Regular.ttf' cmdline='' size=23272 bytes
[35188736682] [[35mTRACE[0m] [kernel] [CPU0]   Module[112]: name='/share/fonts/Hack-Regular.ttf' cmdline='' size=309408 bytes
[35189266530] [[35mTRACE[0m] [kernel] [CPU0]   Module[113]: name='/share/fonts/Inter-Regular.ttf' cmdline='' size=876576 bytes
[35189828190] [[35mTRACE[0m] [kernel] [CPU0]   Module[114]: name='/share/fonts/Iosevka-Regular.ttf' cmdline='' size=10457376 bytes
[35190376683] [[35mTRACE[0m] [kernel] [CPU0]   Module[115]: name='/share/fonts/JetBrainsMono-Regular.ttf' cmdline='' size=270224 bytes
[35190923856] [[35mTRACE[0m] [kernel] [CPU0]   Module[116]: name='/share/fonts/NotoSans-Regular.ttf' cmdline='' size=569208 bytes
[35191462482] [[35mTRACE[0m] [kernel] [CPU0]   Module[117]: name='/share/fonts/NotoSansSymbol-Regular.ttf' cmdline='' size=258156 bytes
[35192022756] [[35mTRACE[0m] [kernel] [CPU0]   Module[118]: name='/share/fonts/NotoSansSymbol2-Regular.ttf' cmdline='' size=656852 bytes
[35192572041] [[35mTRACE[0m] [kernel] [CPU0]   Module[119]: name='/share/fonts/NotoSerif-Regular.ttf' cmdline='' size=616196 bytes
[35193141225] [[35mTRACE[0m] [kernel] [CPU0]   Module[120]: name='/share/themes/solarized_warm.toml' cmdline='' size=1832 bytes
[35193685098] [[35mTRACE[0m] [kernel] [CPU0]   Module[121]: name='/share/cursors/future/alias.svg' cmdline='' size=9033 bytes
[35194241577] [[35mTRACE[0m] [kernel] [CPU0]   Module[122]: name='/share/cursors/future/all-scroll.svg' cmdline='' size=5170 bytes
[35194794327] [[35mTRACE[0m] [kernel] [CPU0]   Module[123]: name='/share/cursors/future/bottom_left_corner.svg' cmdline='' size=1441 bytes
[35195389713] [[35mTRACE[0m] [kernel] [CPU0]   Module[124]: name='/share/cursors/future/bottom_right_corner.svg' cmdline='' size=3037 bytes
[35195942628] [[35mTRACE[0m] [kernel] [CPU0]   Module[125]: name='/share/cursors/future/bottom_side.svg' cmdline='' size=5432 bytes
[35196504156] [[35mTRACE[0m] [kernel] [CPU0]   Module[126]: name='/share/cursors/future/cell.svg' cmdline='' size=3707 bytes
[35197036347] [[35mTRACE[0m] [kernel] [CPU0]   Module[127]: name='/share/cursors/future/center_ptr.svg' cmdline='' size=9766 bytes
[35197574676] [[35mTRACE[0m] [kernel] [CPU0]   Module[128]: name='/share/cursors/future/col-resize.svg' cmdline='' size=16463 bytes
[35198367171] [[35mTRACE[0m] [kernel] [CPU0]   Module[129]: name='/share/cursors/future/color-picker.svg' cmdline='' size=6296 bytes
[35199375783] [[35mTRACE[0m] [kernel] [CPU0]   Module[130]: name='/share/cursors/future/context-menu.svg' cmdline='' size=9011 bytes
[35201264406] [[35mTRACE[0m] [kernel] [CPU0]   Module[131]: name='/share/cursors/future/copy.svg' cmdline='' size=3527 bytes
[35202143262] [[35mTRACE[0m] [kernel] [CPU0]   Module[132]: name='/share/cursors/future/crosshair.svg' cmdline='' size=16918 bytes
[35202718122] [[35mTRACE[0m] [kernel] [CPU0]   Module[133]: name='/share/cursors/future/default.svg' cmdline='' size=3079 bytes
[35203454517] [[35mTRACE[0m] [kernel] [CPU0]   Module[134]: name='/share/cursors/future/dnd-move.svg' cmdline='' size=3569 bytes
[35204598891] [[35mTRACE[0m] [kernel] [CPU0]   Module[135]: name='/share/cursors/future/dnd-no-drop.svg' cmdline='' size=4753 bytes
[35205801411] [[35mTRACE[0m] [kernel] [CPU0]   Module[136]: name='/share/cursors/future/down-arrow.svg' cmdline='' size=1820 bytes
[35206999113] [[35mTRACE[0m] [kernel] [CPU0]   Module[137]: name='/share/cursors/future/draft.svg' cmdline='' size=3136 bytes
[35207562225] [[35mTRACE[0m] [kernel] [CPU0]   Module[138]: name='/share/cursors/future/fleur.svg' cmdline='' size=28469 bytes
[35208147777] [[35mTRACE[0m] [kernel] [CPU0]   Module[139]: name='/share/cursors/future/help.svg' cmdline='' size=5873 bytes
[35208712440] [[35mTRACE[0m] [kernel] [CPU0]   Module[140]: name='/share/cursors/future/left-arrow.svg' cmdline='' size=1785 bytes
[35209340100] [[35mTRACE[0m] [kernel] [CPU0]   Module[141]: name='/share/cursors/future/left_side.svg' cmdline='' size=3848 bytes
[35210441343] [[35mTRACE[0m] [kernel] [CPU0]   Module[142]: name='/share/cursors/future/no-drop.svg' cmdline='' size=3861 bytes
[35212720290] [[35mTRACE[0m] [kernel] [CPU0]   Module[143]: name='/share/cursors/future/not-allowed.svg' cmdline='' size=1567 bytes
[35219831889] [[35mTRACE[0m] [kernel] [CPU0]   Module[144]: name='/share/cursors/future/openhand.svg' cmdline='' size=3435 bytes
[35220433248] [[35mTRACE[0m] [kernel] [CPU0]   Module[145]: name='/share/cursors/future/pencil.svg' cmdline='' size=6527 bytes
[35221155849] [[35mTRACE[0m] [kernel] [CPU0]   Module[146]: name='/share/cursors/future/pirate.svg' cmdline='' size=6663 bytes
[35221909371] [[35mTRACE[0m] [kernel] [CPU0]   Module[147]: name='/share/cursors/future/pointer.svg' cmdline='' size=2922 bytes
[35222513304] [[35mTRACE[0m] [kernel] [CPU0]   Module[148]: name='/share/cursors/future/progress-01.svg' cmdline='' size=11030 bytes
[35223117534] [[35mTRACE[0m] [kernel] [CPU0]   Module[149]: name='/share/cursors/future/progress-02.svg' cmdline='' size=12198 bytes
[35223665268] [[35mTRACE[0m] [kernel] [CPU0]   Module[150]: name='/share/cursors/future/progress-03.svg' cmdline='' size=12733 bytes
[35224213200] [[35mTRACE[0m] [kernel] [CPU0]   Module[151]: name='/share/cursors/future/progress-04.svg' cmdline='' size=13777 bytes
[35224755027] [[35mTRACE[0m] [kernel] [CPU0]   Module[152]: name='/share/cursors/future/progress-05.svg' cmdline='' size=13835 bytes
[35225299989] [[35mTRACE[0m] [kernel] [CPU0]   Module[153]: name='/share/cursors/future/progress-06.svg' cmdline='' size=14907 bytes
[35225854488] [[35mTRACE[0m] [kernel] [CPU0]   Module[154]: name='/share/cursors/future/progress-07.svg' cmdline='' size=14805 bytes
[35226444528] [[35mTRACE[0m] [kernel] [CPU0]   Module[155]: name='/share/cursors/future/progress-08.svg' cmdline='' size=15996 bytes
[35227001436] [[35mTRACE[0m] [kernel] [CPU0]   Module[156]: name='/share/cursors/future/progress-09.svg' cmdline='' size=16010 bytes
[35227560654] [[35mTRACE[0m] [kernel] [CPU0]   Module[157]: name='/share/cursors/future/progress-10.svg' cmdline='' size=17080 bytes
[35228155248] [[35mTRACE[0m] [kernel] [CPU0]   Module[158]: name='/share/cursors/future/progress-11.svg' cmdline='' size=17096 bytes
[35228727270] [[35mTRACE[0m] [kernel] [CPU0]   Module[159]: name='/share/cursors/future/progress-12.svg' cmdline='' size=17079 bytes
[35229293880] [[35mTRACE[0m] [kernel] [CPU0]   Module[160]: name='/share/cursors/future/progress-13.svg' cmdline='' size=15900 bytes
[35229853197] [[35mTRACE[0m] [kernel] [CPU0]   Module[161]: name='/share/cursors/future/progress-14.svg' cmdline='' size=16001 bytes
[35230413735] [[35mTRACE[0m] [kernel] [CPU0]   Module[162]: name='/share/cursors/future/progress-15.svg' cmdline='' size=14931 bytes
[35231035422] [[35mTRACE[0m] [kernel] [CPU0]   Module[163]: name='/share/cursors/future/progress-16.svg' cmdline='' size=14873 bytes
[35231609589] [[35mTRACE[0m] [kernel] [CPU0]   Module[164]: name='/share/cursors/future/progress-17.svg' cmdline='' size=13846 bytes
[35232156366] [[35mTRACE[0m] [kernel] [CPU0]   Module[165]: name='/share/cursors/future/progress-18.svg' cmdline='' size=13835 bytes
[35233059279] [[35mTRACE[0m] [kernel] [CPU0]   Module[166]: name='/share/cursors/future/progress-19.svg' cmdline='' size=12645 bytes
[35233601337] [[35mTRACE[0m] [kernel] [CPU0]   Module[167]: name='/share/cursors/future/progress-20.svg' cmdline='' size=12741 bytes
[35234141679] [[35mTRACE[0m] [kernel] [CPU0]   Module[168]: name='/share/cursors/future/progress-21.svg' cmdline='' size=11660 bytes
[35234686740] [[35mTRACE[0m] [kernel] [CPU0]   Module[169]: name='/share/cursors/future/progress-22.svg' cmdline='' size=11612 bytes
[35235246090] [[35mTRACE[0m] [kernel] [CPU0]   Module[170]: name='/share/cursors/future/progress-23.svg' cmdline='' size=11674 bytes
[35235838935] [[35mTRACE[0m] [kernel] [CPU0]   Module[171]: name='/share/cursors/future/progress.svg' cmdline='' size=11642 bytes
[35236433727] [[35mTRACE[0m] [kernel] [CPU0]   Module[172]: name='/share/cursors/future/right-arrow.svg' cmdline='' size=3432 bytes
[35237035911] [[35mTRACE[0m] [kernel] [CPU0]   Module[173]: name='/share/cursors/future/right_ptr.svg' cmdline='' size=5155 bytes
[35237610045] [[35mTRACE[0m] [kernel] [CPU0]   Module[174]: name='/share/cursors/future/right_side.svg' cmdline='' size=6447 bytes
[35238186984] [[35mTRACE[0m] [kernel] [CPU0]   Module[175]: name='/share/cursors/future/row-resize.svg' cmdline='' size=15825 bytes
[35238793986] [[35mTRACE[0m] [kernel] [CPU0]   Module[176]: name='/share/cursors/future/size_bdiag.svg' cmdline='' size=16323 bytes
[35239406301] [[35mTRACE[0m] [kernel] [CPU0]   Module[177]: name='/share/cursors/future/size_fdiag.svg' cmdline='' size=16589 bytes
[35239984230] [[35mTRACE[0m] [kernel] [CPU0]   Module[178]: name='/share/cursors/future/size_hor.svg' cmdline='' size=16255 bytes
[35240563512] [[35mTRACE[0m] [kernel] [CPU0]   Module[179]: name='/share/cursors/future/size_ver.svg' cmdline='' size=15822 bytes
[35241133917] [[35mTRACE[0m] [kernel] [CPU0]   Module[180]: name='/share/cursors/future/text.svg' cmdline='' size=5584 bytes
[35241696501] [[35mTRACE[0m] [kernel] [CPU0]   Module[181]: name='/share/cursors/future/top_left_corner.svg' cmdline='' size=7121 bytes
[35242302777] [[35mTRACE[0m] [kernel] [CPU0]   Module[182]: name='/share/cursors/future/top_right_corner.svg' cmdline='' size=7139 bytes
[35243390391] [[35mTRACE[0m] [kernel] [CPU0]   Module[183]: name='/share/cursors/future/top_side.svg' cmdline='' size=10651 bytes
[35245138335] [[35mTRACE[0m] [kernel] [CPU0]   Module[184]: name='/share/cursors/future/up-arrow.svg' cmdline='' size=7653 bytes
[35247039069] [[35mTRACE[0m] [kernel] [CPU0]   Module[185]: name='/share/cursors/future/vertical-text.svg' cmdline='' size=5621 bytes
[35247955314] [[35mTRACE[0m] [kernel] [CPU0]   Module[186]: name='/share/cursors/future/wait-01.svg' cmdline='' size=15308 bytes
[35248514961] [[35mTRACE[0m] [kernel] [CPU0]   Module[187]: name='/share/cursors/future/wait-02.svg' cmdline='' size=6672 bytes
[35249071308] [[35mTRACE[0m] [kernel] [CPU0]   Module[188]: name='/share/cursors/future/wait-03.svg' cmdline='' size=6686 bytes
[35249672403] [[35mTRACE[0m] [kernel] [CPU0]   Module[189]: name='/share/cursors/future/wait-04.svg' cmdline='' size=7827 bytes
[35250257988] [[35mTRACE[0m] [kernel] [CPU0]   Module[190]: name='/share/cursors/future/wait-05.svg' cmdline='' size=7835 bytes
[35250795756] [[35mTRACE[0m] [kernel] [CPU0]   Module[191]: name='/share/cursors/future/wait-06.svg' cmdline='' size=8976 bytes
[35251329597] [[35mTRACE[0m] [kernel] [CPU0]   Module[192]: name='/share/cursors/future/wait-07.svg' cmdline='' size=8989 bytes
[35251863372] [[35mTRACE[0m] [kernel] [CPU0]   Module[193]: name='/share/cursors/future/wait-08.svg' cmdline='' size=10126 bytes
[35252521854] [[35mTRACE[0m] [kernel] [CPU0]   Module[194]: name='/share/cursors/future/wait-09.svg' cmdline='' size=10140 bytes
[35253141495] [[35mTRACE[0m] [kernel] [CPU0]   Module[195]: name='/share/cursors/future/wait-10.svg' cmdline='' size=11277 bytes
[35253693717] [[35mTRACE[0m] [kernel] [CPU0]   Module[196]: name='/share/cursors/future/wait-11.svg' cmdline='' size=11291 bytes
[35254229835] [[35mTRACE[0m] [kernel] [CPU0]   Module[197]: name='/share/cursors/future/wait-12.svg' cmdline='' size=11277 bytes
[35254788063] [[35mTRACE[0m] [kernel] [CPU0]   Module[198]: name='/share/cursors/future/wait-13.svg' cmdline='' size=10140 bytes
[35255343156] [[35mTRACE[0m] [kernel] [CPU0]   Module[199]: name='/share/cursors/future/wait-14.svg' cmdline='' size=10126 bytes
[35255915277] [[35mTRACE[0m] [kernel] [CPU0]   Module[200]: name='/share/cursors/future/wait-15.svg' cmdline='' size=8991 bytes
[35256452022] [[35mTRACE[0m] [kernel] [CPU0]   Module[201]: name='/share/cursors/future/wait-16.svg' cmdline='' size=8978 bytes
[35256990384] [[35mTRACE[0m] [kernel] [CPU0]   Module[202]: name='/share/cursors/future/wait-17.svg' cmdline='' size=7842 bytes
[35257538778] [[35mTRACE[0m] [kernel] [CPU0]   Module[203]: name='/share/cursors/future/wait-18.svg' cmdline='' size=7829 bytes
[35258072157] [[35mTRACE[0m] [kernel] [CPU0]   Module[204]: name='/share/cursors/future/wait-19.svg' cmdline='' size=6822 bytes
[35258601807] [[35mTRACE[0m] [kernel] [CPU0]   Module[205]: name='/share/cursors/future/wait-20.svg' cmdline='' size=6679 bytes
[35259172641] [[35mTRACE[0m] [kernel] [CPU0]   Module[206]: name='/share/cursors/future/wait-21.svg' cmdline='' size=5542 bytes
[35259710013] [[35mTRACE[0m] [kernel] [CPU0]   Module[207]: name='/share/cursors/future/wait-22.svg' cmdline='' size=5528 bytes
[35260240653] [[35mTRACE[0m] [kernel] [CPU0]   Module[208]: name='/share/cursors/future/wait-23.svg' cmdline='' size=5546 bytes
[35260772217] [[35mTRACE[0m] [kernel] [CPU0]   Module[209]: name='/share/cursors/future/wait.svg' cmdline='' size=5525 bytes
[35261415354] [[35mTRACE[0m] [kernel] [CPU0]   Module[210]: name='/share/cursors/future/wayland-cursor.svg' cmdline='' size=8222 bytes
[35261976189] [[35mTRACE[0m] [kernel] [CPU0]   Module[211]: name='/share/cursors/future/x-cursor.svg' cmdline='' size=6822 bytes
[35262553920] [[35mTRACE[0m] [kernel] [CPU0]   Module[212]: name='/share/cursors/future/zoom-in.svg' cmdline='' size=5441 bytes
[35263145709] [[35mTRACE[0m] [kernel] [CPU0]   Module[213]: name='/share/cursors/future/zoom-out.svg' cmdline='' size=5403 bytes
[35264036511] [[35mTRACE[0m] [kernel] [CPU0]   Module[214]: name='/share/fonts/unifont.hex' cmdline='' size=8355852 bytes
[35264623317] [[35mTRACE[0m] [kernel] [CPU0]   Module[215]: name='/etc/locale.conf' cmdline='' size=85 bytes
[35265149799] [[35mTRACE[0m] [kernel] [CPU0]   Module[216]: name='/etc/profile' cmdline='' size=68 bytes
[35265693672] [[35mTRACE[0m] [kernel] [CPU0]   Module[217]: name='/etc/motd' cmdline='' size=610 bytes
[35266814352] [[35mTRACE[0m] [kernel] [CPU0]   Module[218]: name='/etc/fstab' cmdline='' size=127 bytes
[35267324268] [[35mTRACE[0m] [kernel] [CPU0]   Module[219]: name='/etc/hostname' cmdline='' size=8 bytes
[35267995059] [[32mINFO [0m] [kernel::boot_progress] [CPU0] boot_progress: milestone="Modules Scanned"
[35490607218] [[32mINFO [0m] [kernel::boot_progress] [CPU0] boot_progress: hint="Press F12 for a terminal"
[35491885539] [[34mDEBUG[0m] [kernel] [CPU0] Found init module: /bin/sprout (cmdline: 'init'), loading...
[35493660279] [[34mDEBUG[0m] [kernel::task::loader] [CPU0] LOADER: Loading module '/bin/sprout' (len=90224, base=0x200000)
[35494532832] [[35mTRACE[0m] [kernel::task::loader] [CPU0]   Header: [7f, 45, 4c, 46, 02, 01, 01, 00, 00, 00, 00, 00, 00, 00, 00, 00]
[35518032231] [[34mDEBUG[0m] [kernel::task::loader] [CPU0] LOADER: ELF info: entry=200000, min_vaddr=200000, bias=0, entry_pc=200000
[35520598641] [[35mTRACE[0m] [kernel::task::loader] [CPU0] Segment: vaddr=200000 exec=true
[35527863723] [[35mTRACE[0m] [kernel::task::loader] [CPU0]   COPIED at 0x201420: [0b, 00, 00, 00, be, 01, 00, 00]
[35550992004] [[35mTRACE[0m] [kernel::task::loader] [CPU0] Segment: vaddr=20c000 exec=false
[35553439482] [[35mTRACE[0m] [kernel::task::loader] [CPU0] Segment: vaddr=20f000 exec=false
[35557669950] [[34mDEBUG[0m] [kernel::task::loader] [CPU0] LOADER: TLS block: tp=0x210000 filesz=0 memsz=0 align=1
[35587131987] [[34mDEBUG[0m] [kernel] [CPU0] [kernel:start] scheduler-entry step='load_init_module' elapsed_ticks=93733431 elapsed_us=46866 total_ticks=1114341954 total_us=557170
[35588948934] [[34mDEBUG[0m] [kernel] [CPU0] Warning: Module registry page overflow, truncating list.
[35589510627] [[34mDEBUG[0m] [kernel] [CPU0] [kernel:start] scheduler-entry step='prepare_boot_registry' elapsed_ticks=1480776 elapsed_us=740 total_ticks=1116750822 total_us=558375
[35590341006] [[34mDEBUG[0m] [kernel] [CPU0] [kernel:start] scheduler-entry step='map_boot_registry' elapsed_ticks=162558 elapsed_us=81 total_ticks=1117582356 total_us=558791
[35591459013] [[34mDEBUG[0m] [kernel] [CPU0] [kernel:start] scheduler-entry step='activate_init_aspace' elapsed_ticks=176088 elapsed_us=88 total_ticks=1118662809 total_us=559331
[35592516432] [[34mDEBUG[0m] [kernel] [CPU0] Spawning sprout with registry at 0x600000...
[35593052121] [[34mDEBUG[0m] [kernel] [CPU0] Spawning init process...
[35595377763] [[34mDEBUG[0m] [bran::arch::x86_64::task] [CPU0] INIT KERNEL CTX: entry=0xffffffff800532f0 kstack_top=0xffffffffb006a7c0 arg=0xffffffffb0020a20
[35612006034] [[34mDEBUG[0m] [kernel::sched] [CPU0] REGISTRY: Applying 1 deferred inserts
[35617914156] [[34mDEBUG[0m] [kernel::sched] [CPU0] REGISTRY: Inserting TID=5
[35628301533] [[34mDEBUG[0m] [kernel::sched] [CPU0] REGISTRY: Inserts applied
[35628957474] [[34mDEBUG[0m] [kernel] [CPU0] [kernel:start] scheduler-entry step='spawn_init_task' elapsed_ticks=35941983 elapsed_us=17970 total_ticks=1156184898 total_us=578092
[35629991364] [[32mINFO [0m] [kernel::boot_progress] [CPU0] boot_progress: milestone="Spawning Sprout"
[35785292829] [[34mDEBUG[0m] [kernel::sched::lifecycle] [CPU0] SCHED: early-boot bringup complete; resuming steady-state SMP scheduling
[35786432352] [[34mDEBUG[0m] [kernel] [CPU0] [kernel:start] scheduler-entry step='end_bringup' elapsed_ticks=1587762 elapsed_us=793 total_ticks=1313630505 total_us=656815
[35787173796] [[32mINFO [0m] [kernel::boot_progress] [CPU0] boot_progress: milestone="Entering Scheduler"
[36046841424] [[32mINFO [0m] [kernel] [CPU0] [kernel:start] scheduler-entry total elapsed_ticks=1573848870 elapsed_us=786924
[36047734437] [[32mINFO [0m] [kernel] [CPU0] Entering scheduler loop.
[36065789859] [[34mDEBUG[0m] [kernel::sched::spawn] [CPU0] USER_TRAMPOLINE: PC=0x200000 SP=0x800000 ARG0=0x600000
[36066822957] [[34mDEBUG[0m] [bran::arch::x86_64] [CPU0] ENTER_USER: TID=5 entry_pc=200000 user_sp=800000
[36118165182] [[35mTRACE[0m] [kernel::sched] [CPU0] SCHED-DBG: cpus_online=4
[36129997233] [[35mTRACE[0m] [kernel::sched] [CPU0] SCHED-DBG: cpu=0 curr=Some(5) runq=1 runq_avg=2 runq_samples=1 ctxsw=1 idle2busy=0 tick=1 ipi=0 enq=3 deq=1 wake=0 lock_miss=0 lock_pending=0 lock_blocked=0
[36131933475] [[35mTRACE[0m] [kernel::sched] [CPU0] SCHED-DBG: cpu=1 curr=Some(2) runq=0 runq_avg=0 runq_samples=38 ctxsw=0 idle2busy=0 tick=34 ipi=0 enq=1 deq=0 wake=0 lock_miss=0 lock_pending=0 lock_blocked=0
[36132886845] [[35mTRACE[0m] [kernel::sched] [CPU0] SCHED-DBG: cpu=2 curr=Some(3) runq=0 runq_avg=0 runq_samples=40 ctxsw=0 idle2busy=0 tick=32 ipi=0 enq=1 deq=0 wake=0 lock_miss=0 lock_pending=0 lock_blocked=0
[36133780122] [[35mTRACE[0m] [kernel::sched] [CPU0] SCHED-DBG: cpu=3 curr=Some(4) runq=0 runq_avg=0 runq_samples=38 ctxsw=0 idle2busy=0 tick=33 ipi=0 enq=1 deq=0 wake=0 lock_miss=0 lock_pending=0 lock_blocked=0
[36146650782] [[34mDEBUG[0m] [kernel::syscall::handlers::process] [CPU0] sys_auxv_get: tid=5 buf_len=0
[36151806603] [[34mDEBUG[0m] [kernel::syscall::handlers::process] [CPU0] sys_auxv_get: tid=5 buf_len=20
[36165814014] [[32mINFO [0m] [sprout] [CPU0] SPROUT: ENTERING MAIN (arg0=6291456)
[36168566742] [[34mDEBUG[0m] [sprout] [CPU0] [sprout] whoami: cs=0x2b ss=0x23 cpl=3 rsp=0x7fef70 rip=0x2038e5 rflags=0x202
[36172344186] [[32mINFO [0m] [sprout] [CPU0] SPROUT: v0.4.1 [REBUILT] starting (Supervisor Mode)...
[36173729196] [[34mDEBUG[0m] [sprout] [CPU0] SPROUT: About to create Supervisor...
[36174986331] [[34mDEBUG[0m] [sprout] [CPU0] SPROUT: Listing /bin directory...
[36177481626] [[35mTRACE[0m] [kernel::syscall::handlers::vfs] [CPU0] VFS: sys_fs_open path='/bin' tid=5
[36211791627] [[35mTRACE[0m] [kernel::syscall::handlers::vfs] [CPU0] sys_fs_close: fd=3
[36219815973] [[32mINFO [0m] [sprout::supervisor] [CPU0] SPROUT: Initializing Supervisor...
[36223568601] [[34mDEBUG[0m] [sprout::supervisor] [CPU0] SPROUT: Parsed command line: '    '
[36225253581] [[35mTRACE[0m] [kernel::syscall::handlers::vfs] [CPU0] VFS: sys_fs_open path='/dev/cmdline' tid=5
[36231889023] [[35mTRACE[0m] [kernel::vfs::devfs] [CPU0] devfs: cmdline read offset=0 len=1024
[36234632973] [[34mDEBUG[0m] [sprout::supervisor] [CPU0] SPROUT: Parsed command line: 'loglevel=5'
[36235943964] [[35mTRACE[0m] [kernel::syscall::handlers::vfs] [CPU0] sys_fs_close: fd=3
[36267178068] [[34mDEBUG[0m] [sprout] [CPU0] SPROUT: Supervisor created, calling run_forever...
[36269437644] [[32mINFO [0m] [sprout::supervisor] [CPU0] SPROUT: Supervisor session started (FULL PIPELINE MODE)
[36278185416] [[32mINFO [0m] [sprout::supervisor] [CPU0] SPROUT: Launching serial shell...
[36279716814] [[32mINFO [0m] [sprout::pipelines] [CPU0] SPROUT: Setting up serial shell on /dev/console...
[36282912633] [[35mTRACE[0m] [kernel::syscall::handlers::vfs] [CPU0] VFS: sys_fs_open path='/run/sprout/shell' tid=5
[36289769670] [[35mTRACE[0m] [kernel::syscall::handlers::vfs] [CPU0] VFS: sys_fs_open path='/etc/default/shell' tid=5
[36292848009] [[35mTRACE[0m] [kernel::syscall::handlers::vfs] [CPU0] VFS: sys_fs_open path='/bin/sh' tid=5
[36297392010] [[35mTRACE[0m] [kernel::syscall::handlers::vfs] [CPU0] sys_fs_close: fd=3
[36299635086] [[35mTRACE[0m] [kernel::syscall::handlers::vfs] [CPU0] VFS: sys_fs_open path='/dev/console' tid=5
[36303265251] [[35mTRACE[0m] [kernel::syscall::handlers::vfs] [CPU0] VFS: sys_fs_open path='/dev/console' tid=5
[36306177006] [[35mTRACE[0m] [kernel::syscall::handlers::vfs] [CPU0] VFS: sys_fs_open path='/dev/console' tid=5
[36336095829] [[34mDEBUG[0m] [kernel::sched::spawn] [CPU0] SPAWN: page cache miss for '/bin/sh', caching 127864 bytes
[36341248977] [[34mDEBUG[0m] [kernel::task::loader] [CPU0] LOADER: Loading module 'sh' (len=127864, base=0x200000)
[36341929833] [[35mTRACE[0m] [kernel::task::loader] [CPU0]   Header: [7f, 45, 4c, 46, 02, 01, 01, 00, 00, 00, 00, 00, 00, 00, 00, 00]
[36343065528] [[34mDEBUG[0m] [kernel::task::loader] [CPU0] LOADER: ELF info: entry=200000, min_vaddr=200000, bias=0, entry_pc=200000
[36343740774] [[35mTRACE[0m] [kernel::task::loader] [CPU0] Segment: vaddr=200000 exec=true
[36346068297] [[35mTRACE[0m] [kernel::task::loader] [CPU0]   COPIED at 0x201420: [0f, 84, 32, 06, 00, 00, 48, 8b]
[36360639612] [[35mTRACE[0m] [kernel::task::loader] [CPU0] Segment: vaddr=214000 exec=false
[36362889948] [[35mTRACE[0m] [kernel::task::loader] [CPU0] Segment: vaddr=217000 exec=false
[36364324326] [[34mDEBUG[0m] [kernel::task::loader] [CPU0] LOADER: TLS block: tp=0x218000 filesz=0 memsz=0 align=1
[36373068171] [[34mDEBUG[0m] [kernel::sched::spawn] [CPU0] SPAWN_FROM_PATH: Starting Phase 1 for /bin/sh
[36374423217] [[34mDEBUG[0m] [bran::arch::x86_64::task] [CPU0] INIT KERNEL CTX: entry=0xffffffff800532f0 kstack_top=0xffffffffb00a3b40 arg=0xffffffffb00743e0
[36377520267] [[34mDEBUG[0m] [kernel::sched::spawn] [CPU0] SPAWN_FROM_PATH: Phase 1 complete, ID=6, applying inserts
[36378165054] [[34mDEBUG[0m] [kernel::sched] [CPU0] REGISTRY: Applying 1 deferred inserts
[36378652728] [[34mDEBUG[0m] [kernel::sched] [CPU0] REGISTRY: Inserting TID=6
[36379226994] [[34mDEBUG[0m] [kernel::sched] [CPU0] REGISTRY: Inserts applied
[36379759746] [[34mDEBUG[0m] [kernel::sched::spawn] [CPU0] SPAWN_FROM_PATH: Inserts applied, entering Phase 2
[36388284735] [[34mDEBUG[0m] [kernel::sched::spawn] [CPU0] SETUP_STDIO: stdin=Fd(3) stdout=Fd(4) stderr=Fd(5)
[36407689230] [[34mDEBUG[0m] [kernel::sched::spawn] [CPU0] SPAWN_FROM_PATH: Phase 2 complete, waking task 6
[36415822410] [[34mDEBUG[0m] [kernel::sched::spawn] [CPU0] SPAWN_FROM_PATH: Task 6 woken, restoring IRQs
[36416588472] [[34mDEBUG[0m] [kernel::sched::spawn] [CPU0] SPAWN_FROM_PATH: Done for /bin/sh
[36418409346] [[34mDEBUG[0m] [kernel::syscall::handlers::process] [CPU0] SYSCALL SPAWN_PROCESS_EX: name='/bin/sh' TID=6 PID=6
[36424348356] [[32mINFO [0m] [sprout::pipelines] [CPU0] SPROUT: Spawned serial shell '/bin/sh' (PID=6)
[36426030432] [[35mTRACE[0m] [kernel::syscall::handlers::vfs] [CPU0] sys_fs_close: fd=3
[36427124580] [[34mDEBUG[0m] [kernel::sched::spawn] [CPU3] USER_TRAMPOLINE: PC=0x200000 SP=0x800000 ARG0=0x0
[36427893480] [[34mDEBUG[0m] [bran::arch::x86_64] [CPU3] ENTER_USER: TID=6 entry_pc=200000 user_sp=800000
[36428932749] [[34mDEBUG[0m] [kernel::syscall::handlers::process] [CPU3] sys_auxv_get: tid=6 buf_len=0
[36429348912] [[35mTRACE[0m] [kernel::syscall::handlers::vfs] [CPU0] sys_fs_close: fd=4
[36430301226] [[34mDEBUG[0m] [kernel::syscall::handlers::process] [CPU3] sys_auxv_get: tid=6 buf_len=100
[36432816057] [[35mTRACE[0m] [kernel::syscall::handlers::vfs] [CPU0] sys_fs_close: fd=5
[36435307359] [[32mINFO [0m] [sprout::supervisor] [CPU0] SPROUT: Serial shell launched; yielding 50ms so the prompt can take the foreground
[36435997224] [[32mINFO [0m] [sh] [CPU3] SH: starting v0.1.0-debug
[36438768003] [[35mTRACE[0m] [kernel::syscall::handlers::vfs] [CPU3] VFS: sys_fs_open path='/run/motd' tid=6
[36441496014] [[35mTRACE[0m] [kernel::syscall::handlers::vfs] [CPU3] VFS: sys_fs_open path='/etc/motd' tid=6
[36444795387] [[35mTRACE[0m] [kernel::syscall::handlers::vfs] [CPU3] sys_fs_close: fd=6
[36445566663] [[34mDEBUG[0m] [kernel] [CPU0] deferred_bootfb_gradient elapsed_ticks=20790
[36452240517] [[35mTRACE[0m] [kernel::vfs::devfs] [CPU3] vfs: /dev/console write by PID=6 len=610
[1;32m
        .-.
       /   \        [1;36mTHING-OS[1;32m
      |     |       [0;36m"People, places, things."[1;32m
       \   /        
        `-'        
       /   \        v0.1  •  
      |     |       2026-04-16
       \   /
        `-'
[0m
[2m--------------------------------------------------------------[0m
[1m sprout has taken root. the system is awake.[0m

  try:
    [36mls /bin[0m       browse available shoots
    [36mps[0m            observe living processes
    [36mcat /version[0m  inspect the genome

[2m--------------------------------------------------------------[0m
[36459713763] [[35mTRACE[0m] [kernel::syscall::handlers::vfs] [CPU3] VFS: sys_fs_open path='/etc/profile' tid=6
[36503517699] [[35mTRACE[0m] [kernel::syscall::handlers::vfs] [CPU3] sys_fs_close: fd=6
[36513126408] [[35mTRACE[0m] [kernel::vfs::devfs] [CPU3] vfs: /dev/console write by PID=6 len=97
[1;95mTHING[0m[1;96m-OS[0m [2;94m[[0m[1;95mBOOT[0m[2;94m][0m [1;93m/[0m [1;96m>[0m [36519267609] [[35mTRACE[0m] [kernel::vfs::devfs] [CPU3] vfs: /dev/console write by PID=6 len=6
[?25h[36521730696] [[35mTRACE[0m] [kernel::vfs::devfs] [CPU3] vfs: /dev/console read by PID=6 len=1
[36595830084] [[32mINFO [0m] [sprout::supervisor] [CPU0] SPROUT: Continuing supervisor startup
[36598052799] [[32mINFO [0m] [sprout::supervisor] [CPU0] SPROUT: Spawning cambium for driver discovery...
[36602216673] [[34mDEBUG[0m] [kernel::task::loader] [CPU0] LOADER: Loading module '/bin/cambium' (len=144760, base=0x200000)
[36602849448] [[35mTRACE[0m] [kernel::task::loader] [CPU0]   Header: [7f, 45, 4c, 46, 02, 01, 01, 00, 00, 00, 00, 00, 00, 00, 00, 00]
[36603897990] [[34mDEBUG[0m] [kernel::task::loader] [CPU0] LOADER: ELF info: entry=200000, min_vaddr=200000, bias=0, entry_pc=200000
[36604493376] [[35mTRACE[0m] [kernel::task::loader] [CPU0] Segment: vaddr=200000 exec=true
[36606670749] [[35mTRACE[0m] [kernel::task::loader] [CPU0]   COPIED at 0x201420: [8d, 3c, f0, 48, 83, c7, 70, 48]
[36617352090] [[35mTRACE[0m] [kernel::task::loader] [CPU0] Segment: vaddr=217000 exec=false
[36619574442] [[35mTRACE[0m] [kernel::task::loader] [CPU0] Segment: vaddr=21a000 exec=false
[36627416562] [[34mDEBUG[0m] [kernel::task::loader] [CPU0] LOADER: TLS block: tp=0x21b000 filesz=0 memsz=0 align=1
[36633665640] [[34mDEBUG[0m] [bran::arch::x86_64::task] [CPU0] INIT KERNEL CTX: entry=0xffffffff800532f0 kstack_top=0xffffffffb00bd640 arg=0xffffffffb00744a0
[36635791236] [[34mDEBUG[0m] [kernel::sched] [CPU0] REGISTRY: Applying 1 deferred inserts
[36636301680] [[34mDEBUG[0m] [kernel::sched] [CPU0] REGISTRY: Inserting TID=7
[36636827502] [[34mDEBUG[0m] [kernel::sched] [CPU0] REGISTRY: Inserts applied
[36643563825] [[34mDEBUG[0m] [kernel::sched::spawn] [CPU0] SCHED: TID 7 → task '/bin/cambium' (pid=7 from boot module)
[36649314570] [[34mDEBUG[0m] [kernel::sched::spawn] [CPU1] USER_TRAMPOLINE: PC=0x200000 SP=0x800000 ARG0=0x0
[36650905302] [[34mDEBUG[0m] [bran::arch::x86_64] [CPU1] ENTER_USER: TID=7 entry_pc=200000 user_sp=800000
[36653055483] [[34mDEBUG[0m] [kernel::syscall::handlers::process] [CPU1] sys_auxv_get: tid=7 buf_len=0
[36653641827] [[34mDEBUG[0m] [sprout::supervisor] [CPU0] SPROUT: Spawned cambium (PID=7)
[36654460392] [[34mDEBUG[0m] [kernel::syscall::handlers::process] [CPU1] sys_auxv_get: tid=7 buf_len=100
[36656769897] [[32mINFO [0m] [sprout::pipelines] [CPU0] SPROUT: Skipping early /hosts mount; mesocarp is disabled in init
[36657178668] [[32mINFO [0m] [cambium] [CPU1] CAMBIUM: main started
[36658861206] [[34mDEBUG[0m] [sprout::supervisor] [CPU0] SPROUT: Deferring netd until /dev/net/virtio0/rx is ready...
[36660372243] [[34mDEBUG[0m] [sprout::supervisor] [CPU0] SPROUT: Waiting for /dev/net/virtio0/rx before spawning netd...
[36661879485] [[32mINFO [0m] [sprout::supervisor] [CPU0] SPROUT: Starting full pipeline (graphics + input)
[36663760254] [[32mINFO [0m] [sprout::supervisor] [CPU0] SPROUT: Entering supervisor service loop (tick=100ms)
[36666277923] [[35mTRACE[0m] [sprout::supervisor] [CPU0] SPROUT: Supervisor tick...
[36667546938] [[35mTRACE[0m] [sprout::supervisor] [CPU0] SPROUT: Loop iteration: spawn_bristle_if_needed
[36679618569] [[34mDEBUG[0m] [kernel::sched::spawn] [CPU0] SPAWN: page cache miss for '/bin/bristle', caching 68744 bytes
[36681983085] [[32mINFO [0m] [cambium] [CPU1] CAMBIUM: starting device discovery manager (daemon mode)
[36683123631] [[35mTRACE[0m] [kernel::syscall::handlers::vfs] [CPU1] VFS: sys_fs_open path='/drivers' tid=7
[36683363574] [[34mDEBUG[0m] [kernel::task::loader] [CPU0] LOADER: Loading module 'bristle' (len=68744, base=0x200000)
[36684110859] [[35mTRACE[0m] [kernel::task::loader] [CPU0]   Header: [7f, 45, 4c, 46, 02, 01, 01, 00, 00, 00, 00, 00, 00, 00, 00, 00]
[36685189233] [[34mDEBUG[0m] [kernel::task::loader] [CPU0] LOADER: ELF info: entry=200000, min_vaddr=200000, bias=0, entry_pc=200000
[36685796466] [[35mTRACE[0m] [kernel::task::loader] [CPU0] Segment: vaddr=200000 exec=true
[36687740331] [[35mTRACE[0m] [kernel::syscall::handlers::vfs] [CPU1] sys_fs_readdir: fd=3 len=4096
[36688297008] [[35mTRACE[0m] [kernel::task::loader] [CPU0]   COPIED at 0x201420: [cc, fc, ff, ff, 45, 31, ff, e9]
[36689716503] [[35mTRACE[0m] [kernel::syscall::handlers::vfs] [CPU1] sys_fs_readdir: natural phase begin offset=0
[36692473521] [[35mTRACE[0m] [kernel::task::loader] [CPU0] Segment: vaddr=209000 exec=false
[36693808569] [[35mTRACE[0m] [kernel::task::loader] [CPU0] Segment: vaddr=20b000 exec=false
[36695120187] [[34mDEBUG[0m] [kernel::task::loader] [CPU0] LOADER: TLS block: tp=0x20c000 filesz=0 memsz=0 align=1
[36711913062] [[34mDEBUG[0m] [kernel::sched::spawn] [CPU0] SPAWN_FROM_PATH: Starting Phase 1 for /bin/bristle
[36712694469] [[34mDEBUG[0m] [bran::arch::x86_64::task] [CPU0] INIT KERNEL CTX: entry=0xffffffff800532f0 kstack_top=0xffffffffb00e9100 arg=0xffffffffb00d7840
[36714276192] [[34mDEBUG[0m] [kernel::sched::spawn] [CPU0] SPAWN_FROM_PATH: Phase 1 complete, ID=8, applying inserts
[36714910419] [[34mDEBUG[0m] [kernel::sched] [CPU0] REGISTRY: Applying 1 deferred inserts
[36715406277] [[34mDEBUG[0m] [kernel::sched] [CPU0] REGISTRY: Inserting TID=8
[36715938963] [[34mDEBUG[0m] [kernel::sched] [CPU0] REGISTRY: Inserts applied
[36716398257] [[34mDEBUG[0m] [kernel::sched::spawn] [CPU0] SPAWN_FROM_PATH: Inserts applied, entering Phase 2
[36718453497] [[34mDEBUG[0m] [kernel::sched::spawn] [CPU0] SETUP_STDIO: stdin=Null stdout=Inherit stderr=Inherit
[36721192266] [[35mTRACE[0m] [kernel::syscall::handlers::vfs] [CPU1] sys_fs_close: fd=3
[36723180252] [[34mDEBUG[0m] [kernel::sched::spawn] [CPU0] SPAWN_FROM_PATH: Phase 2 complete, waking task 8
[36724308258] [[35mTRACE[0m] [kernel::syscall::handlers::vfs] [CPU1] VFS: sys_fs_open path='/drivers/ahci_disk' tid=7
[36724294959] [[34mDEBUG[0m] [kernel::sched::spawn] [CPU0] SPAWN_FROM_PATH: Task 8 woken, restoring IRQs
[36725121906] [[34mDEBUG[0m] [kernel::sched::spawn] [CPU0] SPAWN_FROM_PATH: Done for /bin/bristle
[36725792301] [[34mDEBUG[0m] [kernel::syscall::handlers::process] [CPU0] SYSCALL SPAWN_PROCESS_EX: name='/bin/bristle' TID=8 PID=8
[36726808635] [[34mDEBUG[0m] [kernel::sched::spawn] [CPU2] USER_TRAMPOLINE: PC=0x200000 SP=0x800000 ARG0=0x0
[36728758638] [[34mDEBUG[0m] [bran::arch::x86_64] [CPU2] ENTER_USER: TID=8 entry_pc=200000 user_sp=800000
[36730116159] [[34mDEBUG[0m] [kernel::syscall::handlers::process] [CPU2] sys_auxv_get: tid=8 buf_len=0
[36734595678] [[34mDEBUG[0m] [kernel::syscall::handlers::process] [CPU2] sys_auxv_get: tid=8 buf_len=100
[36743127729] [[32mINFO [0m] [sprout::pipelines] [CPU0] SPROUT: Spawned bristle (PID=8)
[36746735487] [[35mTRACE[0m] [sprout::supervisor] [CPU0] SPROUT: Loop iteration: spawn_display_if_needed
[36748079280] [[35mTRACE[0m] [kernel::syscall::handlers::vfs] [CPU2] VFS: sys_fs_open path='/session/active_ui' tid=8
[36750468117] [[32mINFO [0m] [sprout::supervisor] [CPU0] SPROUT: Starting display pipeline setup
[36752332353] [[32mINFO [0m] [sprout::pipelines] [CPU0] SPROUT: Probing /dev/fb0 for boot framebuffer metadata
[36754078383] [[35mTRACE[0m] [kernel::syscall::handlers::vfs] [CPU0] VFS: sys_fs_open path='/dev/fb0' tid=5
[36754907937] [[34mDEBUG[0m] [kernel::syscall::handlers::vfs] [CPU0] sys_fs_open: path='/dev/fb0' len=8 flags=0x0
[36756130587] [[35mTRACE[0m] [kernel::vfs::devfs] [CPU0] devfs: lookup entry path='fb0' len=3
[36756722706] [[35mTRACE[0m] [kernel::syscall::handlers::vfs] [CPU2] sys_fs_close: fd=3
[36757328025] [[34mDEBUG[0m] [kernel::vfs::devfs] [CPU0] devfs: dynamic registry hit path='fb0'
[36759341652] [[34mDEBUG[0m] [kernel::syscall::handlers::vfs] [CPU0] sys_fs_open: resolved node for /dev/fb0 mode=0o20666 size=32 ino=4
[36760199190] [[35mTRACE[0m] [bristle] [CPU2] bristle: active_ui set to 'bloom'
[36760260669] [[34mDEBUG[0m] [kernel::syscall::handlers::vfs] [CPU0] sys_fs_open: process info present for /dev/fb0
[36761338713] [[34mDEBUG[0m] [kernel::syscall::handlers::vfs] [CPU0] sys_fs_open: handle_table.open('/dev/fb0') -> 3
[36768190470] [[35mTRACE[0m] [kernel::syscall::handlers::vfs] [CPU2] VFS: sys_fs_open path='/run/bristle/pid' tid=8
[36771492582] [[35mTRACE[0m] [kernel::vfs::devfs] [CPU0] FbNode::read: off=0 n=32 buf_len=32 total=32
[36775339128] [[35mTRACE[0m] [kernel::syscall::handlers::vfs] [CPU0] sys_fs_close: fd=3
[36777877191] [[32mINFO [0m] [sprout::pipelines] [CPU0] SPROUT: /dev/fb0 ready width=1920 height=1080 stride=7680 format=2
[36798414642] [[35mTRACE[0m] [kernel::syscall::handlers::vfs] [CPU0] VFS: sys_fs_open path='/drivers/display_virtio_gpu' tid=5
[36806949663] [[35mTRACE[0m] [kernel::syscall::handlers::vfs] [CPU0] sys_fs_close: fd=3
[36817840884] [[32mINFO [0m] [sprout::pipelines] [CPU0] SPROUT: Selected display driver '/drivers/display_virtio_gpu'
[36823596942] [[35mTRACE[0m] [kernel::syscall::handlers::vfs] [CPU2] sys_fs_close: fd=3
[36824731482] [[32mINFO [0m] [sprout::pipelines] [CPU0] SPROUT: Creating display request port
[36826486653] [[32mINFO [0m] [bristle] [CPU2] bristle: published pid 8 to /run/bristle/pid
[36833387646] [[34mDEBUG[0m] [kernel::ipc] [CPU2] CREATE_PORT: capacity=4096
[36835925643] [[34mDEBUG[0m] [kernel::ipc] [CPU2] CREATE_PORT: appended id=PortId(0)
[36839561418] [[34mDEBUG[0m] [kernel::ipc] [CPU0] CREATE_PORT: capacity=4096
[36840932304] [[34mDEBUG[0m] [kernel::ipc] [CPU0] CREATE_PORT: appended id=PortId(1)
[36846224712] [[34mDEBUG[0m] [kernel::ipc::handles] [CPU2] ALLOC_HANDLE: handle=1 port_id=PortId(0) mode=Write
[36846202173] [[34mDEBUG[0m] [kernel::ipc::handles] [CPU0] ALLOC_HANDLE: handle=1 port_id=PortId(1) mode=Write
[36850946418] [[34mDEBUG[0m] [kernel::ipc::handles] [CPU2] ALLOC_HANDLE: handle=2 port_id=PortId(0) mode=Read
[36850956483] [[34mDEBUG[0m] [kernel::ipc::handles] [CPU0] ALLOC_HANDLE: handle=2 port_id=PortId(1) mode=Read
[36857069997] [[34mDEBUG[0m] [kernel::ipc] [CPU2] CREATE_PORT: capacity=4096
[36857780355] [[34mDEBUG[0m] [kernel::ipc] [CPU2] CREATE_PORT: appended id=PortId(2)
[36858640335] [[34mDEBUG[0m] [kernel::ipc::handles] [CPU2] ALLOC_HANDLE: handle=3 port_id=PortId(2) mode=Write
[36859366302] [[34mDEBUG[0m] [kernel::ipc::handles] [CPU2] ALLOC_HANDLE: handle=4 port_id=PortId(2) mode=Read
[36866113350] [[35mTRACE[0m] [kernel::syscall::handlers::vfs] [CPU2] VFS: sys_fs_open path='/run/bristle/kbd_in' tid=8
[36874666488] [[35mTRACE[0m] [kernel::syscall::handlers::vfs] [CPU2] sys_fs_close: fd=3
[36876647247] [[35mTRACE[0m] [kernel::syscall::handlers::vfs] [CPU2] VFS: sys_fs_open path='/run/bristle/mouse_in' tid=8
[36883374957] [[32mINFO [0m] [sprout::pipelines] [CPU0] SPROUT: Creating display response port
[36884632158] [[35mTRACE[0m] [kernel::syscall::handlers::vfs] [CPU2] sys_fs_close: fd=3
[36886731189] [[32mINFO [0m] [bristle] [CPU2] bristle: published device handles kbd_in=1 mouse_in=3
[36888266184] [[35mTRACE[0m] [kernel::syscall::handlers::vfs] [CPU2] VFS: sys_fs_open path='/proc/self/inbox' tid=8
[36899231853] [[34mDEBUG[0m] [kernel::ipc] [CPU0] CREATE_PORT: capacity=4096
[36900284850] [[34mDEBUG[0m] [kernel::ipc] [CPU0] CREATE_PORT: appended id=PortId(3)
[36901354578] [[34mDEBUG[0m] [kernel::ipc::handles] [CPU0] ALLOC_HANDLE: handle=3 port_id=PortId(3) mode=Write
[36901908252] [[34mDEBUG[0m] [kernel::handle::bridge] [CPU2] BRIDGE: handle=2 -> fd=4 node=0xffffffffb00c6a30 port=0xffffffffb00d8f90
[36902311545] [[34mDEBUG[0m] [kernel::ipc::handles] [CPU0] ALLOC_HANDLE: handle=4 port_id=PortId(3) mode=Read
[36906850167] [[34mDEBUG[0m] [kernel::handle::bridge] [CPU2] BRIDGE: handle=4 -> fd=5 node=0xffffffffb00f90d0 port=0xffffffffb00f6fd0
[36910136043] [[32mINFO [0m] [bristle] [CPU2] bristle: online (kbd_tok=Some(WaitToken(2)), mouse_tok=Some(WaitToken(3)))
[36916028193] [[32mINFO [0m] [sprout::pipelines] [CPU0] SPROUT: Creating display bootstrap memfd
[36923798373] [[32mINFO [0m] [sprout::pipelines] [CPU0] SPROUT: Mapping display bootstrap memfd
[36940823634] [[32mINFO [0m] [sprout::pipelines] [CPU0] SPROUT: Launching display driver '/drivers/display_virtio_gpu' (boot_fd=3, bind_id=322371585)
[36991034520] [[34mDEBUG[0m] [kernel::sched::spawn] [CPU0] SPAWN: page cache miss for '/drivers/display_virtio_gpu', caching 183440 bytes
[36994278618] [[34mDEBUG[0m] [kernel::task::loader] [CPU0] LOADER: Loading module 'display_virtio_gpu' (len=183440, base=0x200000)
[36998278977] [[35mTRACE[0m] [kernel::task::loader] [CPU0]   Header: [7f, 45, 4c, 46, 02, 01, 01, 03, 00, 00, 00, 00, 00, 00, 00, 00]
[37000305870] [[34mDEBUG[0m] [kernel::task::loader] [CPU0] LOADER: ELF info: entry=200000, min_vaddr=200000, bias=0, entry_pc=200000
[37001368140] [[35mTRACE[0m] [kernel::task::loader] [CPU0] Segment: vaddr=200000 exec=true
[37004393316] [[35mTRACE[0m] [kernel::task::loader] [CPU0]   COPIED at 0x201420: [48, b9, ff, ff, ff, ff, ff, ff]
[37019858997] [[35mTRACE[0m] [kernel::task::loader] [CPU0] Segment: vaddr=21d000 exec=false
[37023200841] [[35mTRACE[0m] [kernel::task::loader] [CPU0] Segment: vaddr=222000 exec=false
[37025021484] [[34mDEBUG[0m] [kernel::task::loader] [CPU0] LOADER: TLS block: tp=0x224000 filesz=0 memsz=0 align=1
[37036315866] [[34mDEBUG[0m] [kernel::sched::spawn] [CPU0] SPAWN_FROM_PATH: Starting Phase 1 for /drivers/display_virtio_gpu
[37037271909] [[34mDEBUG[0m] [bran::arch::x86_64::task] [CPU0] INIT KERNEL CTX: entry=0xffffffff800532f0 kstack_top=0xffffffffb02364e0 arg=0xffffffffb01f95e0
[37038867822] [[34mDEBUG[0m] [kernel::sched::spawn] [CPU0] SPAWN_FROM_PATH: Phase 1 complete, ID=9, applying inserts
[37039501785] [[34mDEBUG[0m] [kernel::sched] [CPU0] REGISTRY: Applying 1 deferred inserts
[37040043975] [[34mDEBUG[0m] [kernel::sched] [CPU0] REGISTRY: Inserting TID=9
[37040671041] [[34mDEBUG[0m] [kernel::sched] [CPU0] REGISTRY: Inserts applied
[37041225111] [[34mDEBUG[0m] [kernel::sched::spawn] [CPU0] SPAWN_FROM_PATH: Inserts applied, entering Phase 2
[37045027701] [[34mDEBUG[0m] [kernel::sched::spawn] [CPU0] SETUP_STDIO: stdin=Null stdout=Inherit stderr=Inherit
[37049281137] [[34mDEBUG[0m] [kernel::sched::spawn] [CPU0] SPAWN_FROM_PATH: Phase 2 complete, waking task 9
[37050446928] [[34mDEBUG[0m] [kernel::sched::spawn] [CPU0] SPAWN_FROM_PATH: Task 9 woken, restoring IRQs
[37051087326] [[34mDEBUG[0m] [kernel::sched::spawn] [CPU0] SPAWN_FROM_PATH: Done for /drivers/display_virtio_gpu
[37051704591] [[34mDEBUG[0m] [kernel::syscall::handlers::process] [CPU0] SYSCALL SPAWN_PROCESS_EX: name='/drivers/display_virtio_gpu' TID=9 PID=9
[37053517116] [[34mDEBUG[0m] [kernel::sched::spawn] [CPU3] USER_TRAMPOLINE: PC=0x200000 SP=0x800000 ARG0=0x3
[37054297533] [[34mDEBUG[0m] [bran::arch::x86_64] [CPU3] ENTER_USER: TID=9 entry_pc=200000 user_sp=800000
[37055751546] [[34mDEBUG[0m] [kernel::syscall::handlers::process] [CPU3] sys_auxv_get: tid=9 buf_len=0
[37057294923] [[34mDEBUG[0m] [kernel::syscall::handlers::process] [CPU3] sys_auxv_get: tid=9 buf_len=100
[37065198753] [[32mINFO [0m] [display_virtio_gpu] [CPU3] display_virtio_gpu: starting v0.4.1 (boot_arg=3)
[37067238879] [[34mDEBUG[0m] [display_virtio_gpu] [CPU3] display_virtio_gpu: Starting VFS-native VirtIO GPU driver...
[37068609402] [[34mDEBUG[0m] [display_virtio_gpu] [CPU3] display_virtio_gpu: boot_arg=3
[37070353716] [[34mDEBUG[0m] [display_virtio_gpu] [CPU3] display_virtio_gpu: Mapping bootstrap memfd 3 size=4096...
[37074361929] [[34mDEBUG[0m] [display_virtio_gpu] [CPU3] display_virtio_gpu: vm_map success at 0x400000001000
[37076784294] [[34mDEBUG[0m] [display_virtio_gpu] [CPU3] display_virtio_gpu: Recovered handles: req_read=2, resp_write=3, svc=0, id=322371585
[37078223952] [[34mDEBUG[0m] [display_virtio_gpu] [CPU3] display_virtio_gpu: starting (drv_req_r=2, drv_resp_w=3, svc=0, id=322371585)
[37079674005] [[35mTRACE[0m] [display_virtio_gpu] [CPU3] display_virtio_gpu: Scanning /sys/devices for PCI GPU...
[37080942360] [[35mTRACE[0m] [kernel::syscall::handlers::vfs] [CPU3] VFS: sys_fs_open path='/sys/devices' tid=9
[37083403104] [[34mDEBUG[0m] [kernel::vfs::sysfs] [CPU3] sysfs: lookup path='devices'
[37086130290] [[32mINFO [0m] [sprout::supervisor] [CPU0] SPROUT: Display pipeline initialized (backend=virtio_gpu)
[37088493321] [[35mTRACE[0m] [kernel::syscall::handlers::vfs] [CPU3] sys_fs_readdir: fd=4 len=4096
[37088709900] [[35mTRACE[0m] [sprout::supervisor] [CPU0] SPROUT: Loop iteration: spawn_bloom_if_ready
[37090051977] [[35mTRACE[0m] [kernel::syscall::handlers::vfs] [CPU3] sys_fs_readdir: natural phase begin offset=0
[37093162062] [[34mDEBUG[0m] [sprout::supervisor] [CPU0] SPROUT: Checking if bloom is ready to spawn (/dev/display/card0 mounted=false, service_ready=false)...
[37095528492] [[35mTRACE[0m] [kernel::vfs::sysfs] [CPU3] sysfs: readdir found 13 slots
[37099361838] [[34mDEBUG[0m] [sprout::supervisor] [CPU0] SPROUT: display card not ready for bloom yet
[37104355794] [[35mTRACE[0m] [sprout::supervisor] [CPU0] SPROUT: Loop iteration: spawn_wayland_hello_if_ready
[37104668964] [[35mTRACE[0m] [kernel::syscall::handlers::vfs] [CPU1] sys_fs_close: fd=3
[37107493170] [[35mTRACE[0m] [kernel::vfs::sysfs] [CPU3] sysfs: readdir wrote 191 bytes
[37111353147] [[35mTRACE[0m] [sprout::supervisor] [CPU0] SPROUT: Loop iteration: spawn_clock_if_ready
[37112579328] [[35mTRACE[0m] [kernel::syscall::handlers::vfs] [CPU3] sys_fs_close: fd=4
[37114646844] [[35mTRACE[0m] [sprout::supervisor] [CPU0] SPROUT: Loop iteration: spawn_leaf_if_ready
[37115651595] [[32mINFO [0m] [cambium::catalog] [CPU1] DEVD CATALOG: registered driver '/drivers/ahci_disk' name='ahci_disk' class=Block kind='dev.storage.Ahci' start='thingos_driver_start_safe'
[37117938594] [[35mTRACE[0m] [kernel::syscall::handlers::vfs] [CPU1] VFS: sys_fs_open path='/drivers/ata_disk' tid=7
[37120765506] [[35mTRACE[0m] [sprout::supervisor] [CPU0] SPROUT: Loop iteration: tick complete
[37122874404] [[35mTRACE[0m] [kernel::syscall::handlers::vfs] [CPU0] VFS: sys_fs_open path='/proc/self/inbox' tid=5
[37129910565] [[34mDEBUG[0m] [sprout::supervisor] [CPU0] SPROUT: ServiceLoop waiting for next event...
[37156460121] [[35mTRACE[0m] [kernel::syscall::handlers::vfs] [CPU3] VFS: sys_fs_open path='/sys/devices/platform-fb000000/vendor' tid=9
[37160128368] [[34mDEBUG[0m] [kernel::vfs::sysfs] [CPU3] sysfs: lookup path='devices/platform-fb000000/vendor'
[37164736026] [[34mDEBUG[0m] [kernel::vfs::sysfs] [CPU3] sysfs: matched device file 'platform-fb000000/vendor'
[37169666424] [[35mTRACE[0m] [kernel::syscall::handlers::vfs] [CPU3] sys_fs_close: fd=4
[37172158749] [[35mTRACE[0m] [kernel::syscall::handlers::vfs] [CPU3] VFS: sys_fs_open path='/sys/devices/platform-fb000000/device' tid=9
[37173464757] [[34mDEBUG[0m] [kernel::vfs::sysfs] [CPU3] sysfs: lookup path='devices/platform-fb000000/device'
[37174576857] [[34mDEBUG[0m] [kernel::vfs::sysfs] [CPU3] sysfs: matched device file 'platform-fb000000/device'
[37176304572] [[35mTRACE[0m] [kernel::syscall::handlers::vfs] [CPU3] sys_fs_close: fd=4
[37177322523] [[35mTRACE[0m] [kernel::syscall::handlers::vfs] [CPU3] VFS: sys_fs_open path='/sys/devices/platform-fb000000/class' tid=9
[37178457789] [[34mDEBUG[0m] [kernel::vfs::sysfs] [CPU3] sysfs: lookup path='devices/platform-fb000000/class'
[37179721095] [[34mDEBUG[0m] [kernel::vfs::sysfs] [CPU3] sysfs: matched device file 'platform-fb000000/class'
[37181244507] [[35mTRACE[0m] [kernel::syscall::handlers::vfs] [CPU3] sys_fs_close: fd=4
[37182294039] [[35mTRACE[0m] [kernel::syscall::handlers::vfs] [CPU3] VFS: sys_fs_open path='/sys/devices/pci-0000:00:00.0/vendor' tid=9
[37183389144] [[34mDEBUG[0m] [kernel::vfs::sysfs] [CPU3] sysfs: lookup path='devices/pci-0000:00:00.0/vendor'
[37184567277] [[34mDEBUG[0m] [kernel::vfs::sysfs] [CPU3] sysfs: matched device file 'pci-0000:00:00.0/vendor'
[37186257801] [[35mTRACE[0m] [kernel::syscall::handlers::vfs] [CPU3] sys_fs_close: fd=4
[37187139693] [[35mTRACE[0m] [kernel::syscall::handlers::vfs] [CPU3] VFS: sys_fs_open path='/sys/devices/pci-0000:00:00.0/device' tid=9
[37188245787] [[34mDEBUG[0m] [kernel::vfs::sysfs] [CPU3] sysfs: lookup path='devices/pci-0000:00:00.0/device'
[37189056168] [[34mDEBUG[0m] [kernel::vfs::sysfs] [CPU3] sysfs: matched device file 'pci-0000:00:00.0/device'
[37192118535] [[35mTRACE[0m] [kernel::syscall::handlers::vfs] [CPU3] sys_fs_close: fd=4
[37193184897] [[35mTRACE[0m] [kernel::syscall::handlers::vfs] [CPU3] VFS: sys_fs_open path='/sys/devices/pci-0000:00:00.0/class' tid=9
[37194155691] [[34mDEBUG[0m] [kernel::vfs::sysfs] [CPU3] sysfs: lookup path='devices/pci-0000:00:00.0/class'
[37194931422] [[34mDEBUG[0m] [kernel::vfs::sysfs] [CPU3] sysfs: matched device file 'pci-0000:00:00.0/class'
[37196363127] [[35mTRACE[0m] [kernel::syscall::handlers::vfs] [CPU3] sys_fs_close: fd=4
[37197516840] [[35mTRACE[0m] [kernel::syscall::handlers::vfs] [CPU3] VFS: sys_fs_open path='/sys/devices/pci-0000:00:01.0/vendor' tid=9
[37199075859] [[34mDEBUG[0m] [kernel::vfs::sysfs] [CPU3] sysfs: lookup path='devices/pci-0000:00:01.0/vendor'
[37200042528] [[34mDEBUG[0m] [kernel::vfs::sysfs] [CPU3] sysfs: matched device file 'pci-0000:00:01.0/vendor'
[37201614285] [[35mTRACE[0m] [kernel::syscall::handlers::vfs] [CPU3] sys_fs_close: fd=4
[37202546931] [[35mTRACE[0m] [kernel::syscall::handlers::vfs] [CPU3] VFS: sys_fs_open path='/sys/devices/pci-0000:00:01.0/device' tid=9
[37203719883] [[34mDEBUG[0m] [kernel::vfs::sysfs] [CPU3] sysfs: lookup path='devices/pci-0000:00:01.0/device'
[37204620915] [[34mDEBUG[0m] [kernel::vfs::sysfs] [CPU3] sysfs: matched device file 'pci-0000:00:01.0/device'
[37206026550] [[35mTRACE[0m] [kernel::syscall::handlers::vfs] [CPU3] sys_fs_close: fd=4
[37208065818] [[35mTRACE[0m] [kernel::syscall::handlers::vfs] [CPU3] VFS: sys_fs_open path='/sys/devices/pci-0000:00:01.0/class' tid=9
[37209180393] [[34mDEBUG[0m] [kernel::vfs::sysfs] [CPU3] sysfs: lookup path='devices/pci-0000:00:01.0/class'
[37210114953] [[34mDEBUG[0m] [kernel::vfs::sysfs] [CPU3] sysfs: matched device file 'pci-0000:00:01.0/class'
[37211726145] [[35mTRACE[0m] [kernel::syscall::handlers::vfs] [CPU3] sys_fs_close: fd=4
[37212911901] [[35mTRACE[0m] [kernel::syscall::handlers::vfs] [CPU3] VFS: sys_fs_open path='/sys/devices/pci-0000:00:02.0/vendor' tid=9
[37213996083] [[34mDEBUG[0m] [kernel::vfs::sysfs] [CPU3] sysfs: lookup path='devices/pci-0000:00:02.0/vendor'
[37215157584] [[34mDEBUG[0m] [kernel::vfs::sysfs] [CPU3] sysfs: matched device file 'pci-0000:00:02.0/vendor'
[37216997301] [[35mTRACE[0m] [kernel::syscall::handlers::vfs] [CPU3] sys_fs_close: fd=4
[37217898564] [[35mTRACE[0m] [kernel::syscall::handlers::vfs] [CPU3] VFS: sys_fs_open path='/sys/devices/pci-0000:00:02.0/device' tid=9
[37219052541] [[34mDEBUG[0m] [kernel::vfs::sysfs] [CPU3] sysfs: lookup path='devices/pci-0000:00:02.0/device'
[37221146622] [[34mDEBUG[0m] [kernel::vfs::sysfs] [CPU3] sysfs: matched device file 'pci-0000:00:02.0/device'
[37222820349] [[35mTRACE[0m] [kernel::syscall::handlers::vfs] [CPU3] sys_fs_close: fd=4
[37225468863] [[35mTRACE[0m] [kernel::syscall::handlers::vfs] [CPU3] VFS: sys_fs_open path='/sys/devices/pci-0000:00:02.0/class' tid=9
[37227194103] [[34mDEBUG[0m] [kernel::vfs::sysfs] [CPU3] sysfs: lookup path='devices/pci-0000:00:02.0/class'
[37228672305] [[34mDEBUG[0m] [kernel::vfs::sysfs] [CPU3] sysfs: matched device file 'pci-0000:00:02.0/class'
[37230390978] [[35mTRACE[0m] [kernel::syscall::handlers::vfs] [CPU3] sys_fs_close: fd=4
[37236432189] [[34mDEBUG[0m] [kernel::syscall::handlers::device] [CPU3] DEVICE: task 9 claimed device 'pci-0000:00:02.0' (handle 0)
[37237768425] [[35mTRACE[0m] [kernel::syscall::handlers::vfs] [CPU3] VFS: sys_fs_open path='/sys/devices/pci-0000:00:02.0/virtio/common_bar' tid=9
[37239614940] [[34mDEBUG[0m] [kernel::vfs::sysfs] [CPU3] sysfs: lookup path='devices/pci-0000:00:02.0/virtio/common_bar'
[37247373042] [[35mTRACE[0m] [kernel::syscall::handlers::vfs] [CPU3] sys_fs_close: fd=4
[37249034262] [[35mTRACE[0m] [kernel::syscall::handlers::vfs] [CPU3] VFS: sys_fs_open path='/sys/devices/pci-0000:00:02.0/virtio/common_offset' tid=9
[37250721651] [[34mDEBUG[0m] [kernel::vfs::sysfs] [CPU3] sysfs: lookup path='devices/pci-0000:00:02.0/virtio/common_offset'
[37254085209] [[35mTRACE[0m] [kernel::syscall::handlers::vfs] [CPU3] sys_fs_close: fd=4
[37255841436] [[35mTRACE[0m] [kernel::syscall::handlers::vfs] [CPU3] VFS: sys_fs_open path='/sys/devices/pci-0000:00:02.0/virtio/notify_bar' tid=9
[37257963105] [[34mDEBUG[0m] [kernel::vfs::sysfs] [CPU3] sysfs: lookup path='devices/pci-0000:00:02.0/virtio/notify_bar'
[37263846180] [[35mTRACE[0m] [kernel::syscall::handlers::vfs] [CPU3] sys_fs_close: fd=4
[37264976562] [[35mTRACE[0m] [kernel::syscall::handlers::vfs] [CPU3] VFS: sys_fs_open path='/sys/devices/pci-0000:00:02.0/virtio/notify_offset' tid=9
[37266437835] [[34mDEBUG[0m] [kernel::vfs::sysfs] [CPU3] sysfs: lookup path='devices/pci-0000:00:02.0/virtio/notify_offset'
[37269558810] [[35mTRACE[0m] [kernel::syscall::handlers::vfs] [CPU3] sys_fs_close: fd=4
[37270745886] [[35mTRACE[0m] [kernel::syscall::handlers::vfs] [CPU3] VFS: sys_fs_open path='/sys/devices/pci-0000:00:02.0/virtio/notify_multiplier' tid=9
[37272190791] [[34mDEBUG[0m] [kernel::vfs::sysfs] [CPU3] sysfs: lookup path='devices/pci-0000:00:02.0/virtio/notify_multiplier'
[37275142674] [[35mTRACE[0m] [kernel::syscall::handlers::vfs] [CPU3] sys_fs_close: fd=4
[37276542369] [[32mINFO [0m] [virtio_gpu] [CPU3] virtio_gpu: caps from sysfs - common BAR2 off=0x1000, notify BAR2 off=0x3000 mult=4
[37279719081] [[34mDEBUG[0m] [kernel::syscall::handlers::device] [CPU3] DEVICE: mapping BAR2 (phys=0xc000004000, size=0x4000) for task 9
[37282621134] [[34mDEBUG[0m] [kernel::syscall::handlers::device] [CPU3] DEVICE: Mapped BAR2 phys=0xc000004000 size=0x4000 -> virt=0x10000000
[37285509756] [[34mDEBUG[0m] [kernel::syscall::handlers::device] [CPU3] DEVICE: DMA alloc 1 pages phys=0x2331000 -> user_va=0x10004000
[37287763986] [[34mDEBUG[0m] [kernel::syscall::handlers::device] [CPU3] DEVICE: DMA alloc 1 pages phys=0x2332000 -> user_va=0x10005000
[37291763289] [[32mINFO [0m] [virtio_gpu] [CPU3] virtio_gpu: device features=0x30000002 virgl=false
[37296192978] [[35mTRACE[0m] [kernel::syscall::handlers::vfs] [CPU1] sys_fs_close: fd=3
[37296393618] [[34mDEBUG[0m] [kernel::syscall::handlers::device] [CPU3] DEVICE: DMA alloc 4 pages phys=0x2333000 -> user_va=0x10006000
[37299243102] [[32mINFO [0m] [cambium::catalog] [CPU1] DEVD CATALOG: registered driver '/drivers/ata_disk' name='ata_disk' class=Block kind='dev.storage.Ide' start='thingos_driver_start_safe'
[37300601976] [[35mTRACE[0m] [kernel::syscall::handlers::vfs] [CPU1] VFS: sys_fs_open path='/drivers/chime' tid=7
[37301581350] [[34mDEBUG[0m] [kernel::syscall::handlers::device] [CPU3] DEVICE: DMA alloc 4 pages phys=0x2337000 -> user_va=0x1000a000
[37303977546] [[32mINFO [0m] [virtio_gpu] [CPU3] virtio_gpu: cursor queue (queue 1) configured
[37305442284] [[32mINFO [0m] [display_virtio_gpu] [CPU3] display_virtio_gpu: GPU initialized successfully
[37306682523] [[32mINFO [0m] [display_virtio_gpu] [CPU3] display_virtio_gpu: composition paths: gpu_opaque_copy=enabled cpu_alpha_blend=enabled
[37308056016] [[34mDEBUG[0m] [display_virtio_gpu] [CPU3] display_virtio_gpu: Virgl 3D not supported, using 2D only
[37308906690] [[35mTRACE[0m] [kernel::syscall::handlers::vfs] [CPU3] VFS: sys_fs_open path='/sys/firmware/framebuffer' tid=9
[37310225271] [[34mDEBUG[0m] [kernel::vfs::sysfs] [CPU3] sysfs: lookup path='firmware/framebuffer'
[37313591601] [[35mTRACE[0m] [kernel::syscall::handlers::vfs] [CPU3] sys_fs_close: fd=4
[37318671192] [[32mINFO [0m] [display_virtio_gpu] [CPU3] display_virtio_gpu: host scanout 1280x800 enabled=true (bootfb was 1920x1080)
[37319712177] [[34mDEBUG[0m] [display_virtio_gpu] [CPU3] display_virtio_gpu: creating frame pool 1x 1280x800 stride=5120 format=1
[37456816155] [[35mTRACE[0m] [sprout::supervisor] [CPU0] SPROUT: Supervisor tick...
[37460547894] [[35mTRACE[0m] [sprout::supervisor] [CPU0] SPROUT: Loop iteration: spawn_bristle_if_needed
[37462506081] [[35mTRACE[0m] [sprout::supervisor] [CPU0] SPROUT: Loop iteration: spawn_display_if_needed
[37464349725] [[35mTRACE[0m] [sprout::supervisor] [CPU0] SPROUT: Loop iteration: spawn_bloom_if_ready
[37465934616] [[35mTRACE[0m] [kernel::syscall::handlers::vfs] [CPU1] sys_fs_close: fd=3
[37466414865] [[34mDEBUG[0m] [sprout::supervisor] [CPU0] SPROUT: Checking if bloom is ready to spawn (/dev/display/card0 mounted=false, service_ready=false)...
[37467771396] [[32mINFO [0m] [cambium::catalog] [CPU1] DEVD CATALOG: registered driver '/drivers/chime' name='chime' class=Audio kind='dev.sound.Chime' start='thingos_driver_start_safe'
[37468636854] [[35mTRACE[0m] [kernel::syscall::handlers::vfs] [CPU1] VFS: sys_fs_open path='/drivers/display_bootfb' tid=7
[37469218116] [[34mDEBUG[0m] [sprout::supervisor] [CPU0] SPROUT: display card not ready for bloom yet
[37474763898] [[35mTRACE[0m] [sprout::supervisor] [CPU0] SPROUT: Loop iteration: spawn_wayland_hello_if_ready
[37476378489] [[35mTRACE[0m] [sprout::supervisor] [CPU0] SPROUT: Loop iteration: spawn_clock_if_ready
[37477702482] [[35mTRACE[0m] [sprout::supervisor] [CPU0] SPROUT: Loop iteration: spawn_leaf_if_ready
[37479447456] [[35mTRACE[0m] [sprout::supervisor] [CPU0] SPROUT: Loop iteration: tick complete
[37481134317] [[34mDEBUG[0m] [sprout::supervisor] [CPU0] SPROUT: ServiceLoop waiting for next event...
[37529600526] [[34mDEBUG[0m] [kernel::syscall::handlers::memory] [CPU3] sys_vm_map: large backing file mapping offset=0 len=4096000 total_size=4096000
[37565702262] [[34mDEBUG[0m] [display_virtio_gpu] [CPU3] display_virtio_gpu: frame pool ready (1 buffer)
[37570845972] [[34mDEBUG[0m] [kernel::syscall::handlers::device] [CPU3] DEVICE: DMA alloc 16 pages phys=0x2724000 -> user_va=0x1000e000
[37572372783] [[32mINFO [0m] [display_virtio_gpu] [CPU3] display_virtio_gpu: cursor DMA buffer ready (16 pages at phys=0x2724000)
[37576783695] [[34mDEBUG[0m] [kernel::ipc] [CPU3] CREATE_PORT: capacity=65536
[37577453001] [[34mDEBUG[0m] [kernel::ipc] [CPU3] CREATE_PORT: appended id=PortId(4)
[37578045846] [[34mDEBUG[0m] [kernel::ipc::handles] [CPU3] ALLOC_HANDLE: handle=5 port_id=PortId(4) mode=Write
[37578648327] [[34mDEBUG[0m] [kernel::ipc::handles] [CPU3] ALLOC_HANDLE: handle=6 port_id=PortId(4) mode=Read
[37579645587] [[34mDEBUG[0m] [kernel::handle::bridge] [CPU3] BRIDGE: handle=5 -> fd=5 node=0xffffffffb00c6a10 port=0xffffffffb010a0b0
[37582296213] [[35mTRACE[0m] [kernel::syscall::handlers::vfs] [CPU3] VFS: sys_fs_open path='/proc/5/inbox' tid=9
[37611599850] [[35mTRACE[0m] [kernel::syscall::handlers::socket] [CPU3] SENDMSG: thing=6 data_len=44 caps_len=1 node=Pointer { addr: 0xffffffffb010a510, metadata: DynMetadata(0xffffffff802c7ed0) }
[37619398608] [[34mDEBUG[0m] [display_virtio_gpu] [CPU3] display_virtio_gpu: Sent MSG_BIND_READY (ID: 322371585)
[37622380884] [[34mDEBUG[0m] [display_virtio_gpu] [CPU3] display_virtio_gpu: Waiting for BIND_ASSIGNED...
[37630199772] [[35mTRACE[0m] [kernel::syscall::handlers::socket] [CPU0] RECVMSG: thing=4 data_len=44 caps_len=1 node=Pointer { addr: 0xffffffffb00f91b0, metadata: DynMetadata(0xffffffff802c7ed0) }
[37637234052] [[34mDEBUG[0m] [sprout::supervisor] [CPU0] SPROUT: BIND_READY from instance_id=0x13370001
[37639161450] [[35mTRACE[0m] [kernel::syscall::handlers::vfs] [CPU1] sys_fs_close: fd=3
[37639728390] [[34mDEBUG[0m] [sprout::supervisor] [CPU0] SPROUT: Registering DISPLAY_CARD at /dev/display/card0 (handle=5)
[37642278234] [[32mINFO [0m] [cambium::catalog] [CPU1] DEVD CATALOG: registered driver '/drivers/display_bootfb' name='display_bootfb' class=Display kind='dev.display.Gpu' start='thingos_driver_start_safe'
[37643340900] [[35mTRACE[0m] [kernel::syscall::handlers::vfs] [CPU1] VFS: sys_fs_open path='/drivers/display_virtio_gpu' tid=7
[37649157150] [[34mDEBUG[0m] [kernel::ipc] [CPU0] CREATE_PORT: capacity=262400
[37649703795] [[34mDEBUG[0m] [kernel::ipc] [CPU0] CREATE_PORT: appended id=PortId(5)
[37651538826] [[34mDEBUG[0m] [kernel::ipc::handles] [CPU0] ALLOC_HANDLE: handle=7 port_id=PortId(5) mode=Write
[37660342302] [[34mDEBUG[0m] [kernel::syscall::handlers::vfs] [CPU0] vfs: mounted userland provider at /dev/display/card0 (flags: 0x0) port=0xffffffffb010a0b0
[37663062591] [[32mINFO [0m] [sprout::supervisor] [CPU0] SPROUT: Mounted /dev/display/card0 successfully
[37665383349] [[34mDEBUG[0m] [sprout::supervisor] [CPU0] SPROUT: Handshake complete — task 'display' marked ready
[37672972491] [[32mINFO [0m] [display_virtio_gpu] [CPU3] display_virtio_gpu: Sovereign registration COMPLETE. Assigned: /dev/display/card0
[37674337866] [[35mTRACE[0m] [kernel::syscall::handlers::socket] [CPU3] SENDMSG: thing=6 data_len=44 caps_len=0 node=Pointer { addr: 0xffffffffb010a510, metadata: DynMetadata(0xffffffff802c7ed0) }
[37675613811] [[34mDEBUG[0m] [display_virtio_gpu] [CPU3] display_virtio_gpu: Sent MSG_SERVICE_READY.
[37676739903] [[34mDEBUG[0m] [kernel::handle::bridge] [CPU3] BRIDGE: handle=2 -> fd=7 node=0xffffffffb00f91f0 port=0xffffffffb00f5250
[37677955161] [[34mDEBUG[0m] [kernel::handle::bridge] [CPU3] BRIDGE: handle=3 -> fd=8 node=0xffffffffb011b3f0 port=0xffffffffb00f8ef0
[37678734225] [[34mDEBUG[0m] [kernel::handle::bridge] [CPU3] BRIDGE: handle=6 -> fd=9 node=0xffffffffb011b4b0 port=0xffffffffb010a0b0
[37680963870] [[32mINFO [0m] [display_virtio_gpu] [CPU3] display_virtio_gpu: VFS provider loop online
[37683653799] [[34mDEBUG[0m] [sprout::supervisor] [CPU0] SPROUT: Sent MSG_BIND_ASSIGNED to display pid 9 (res=Ok(()))
[37685614593] [[34mDEBUG[0m] [sprout::supervisor] [CPU0] SPROUT: ServiceLoop waiting for next event...
[37689025539] [[35mTRACE[0m] [kernel::syscall::handlers::socket] [CPU0] RECVMSG: thing=4 data_len=44 caps_len=0 node=Pointer { addr: 0xffffffffb00f91b0, metadata: DynMetadata(0xffffffff802c7ed0) }
[37692769356] [[34mDEBUG[0m] [sprout::supervisor] [CPU0] SPROUT: SERVICE_READY from instance_id=0x13370001
[37694510205] [[34mDEBUG[0m] [sprout::supervisor] [CPU0] SPROUT: Service 'display' reported ready
[37695979134] [[32mINFO [0m] [sprout::supervisor] [CPU0] SPROUT: Display service is ready at /dev/display/card0
[37697462088] [[34mDEBUG[0m] [sprout::supervisor] [CPU0] SPROUT: ServiceLoop waiting for next event...
[37829265375] [[35mTRACE[0m] [kernel::syscall::handlers::vfs] [CPU1] sys_fs_close: fd=3
[37832836041] [[32mINFO [0m] [cambium::catalog] [CPU1] DEVD CATALOG: registered driver '/drivers/display_virtio_gpu' name='display_virtio_gpu' class=Display kind='dev.display.Gpu' start='thingos_driver_start_safe'
[37834495083] [[35mTRACE[0m] [kernel::syscall::handlers::vfs] [CPU1] VFS: sys_fs_open path='/drivers/hdaudio' tid=7
[37996501653] [[35mTRACE[0m] [kernel::syscall::handlers::vfs] [CPU1] sys_fs_close: fd=3
[37999138683] [[32mINFO [0m] [cambium::catalog] [CPU1] DEVD CATALOG: registered driver '/drivers/hdaudio' name='hdaudio' class=Audio kind='dev.sound.Hda' start='thingos_driver_start_safe'
[38000617776] [[35mTRACE[0m] [kernel::syscall::handlers::vfs] [CPU1] VFS: sys_fs_open path='/drivers/hwrng' tid=7
[38008875927] [[35mTRACE[0m] [sprout::supervisor] [CPU0] SPROUT: Supervisor tick...
[38010652713] [[35mTRACE[0m] [sprout::supervisor] [CPU0] SPROUT: Loop iteration: spawn_bristle_if_needed
[38012162892] [[35mTRACE[0m] [sprout::supervisor] [CPU0] SPROUT: Loop iteration: spawn_display_if_needed
[38013612318] [[35mTRACE[0m] [sprout::supervisor] [CPU0] SPROUT: Loop iteration: spawn_bloom_if_ready
[38015186517] [[34mDEBUG[0m] [sprout::supervisor] [CPU0] SPROUT: Checking if bloom is ready to spawn (/dev/display/card0 mounted=true, service_ready=true)...
[38017856118] [[34mDEBUG[0m] [kernel::task::loader] [CPU0] LOADER: Loading module '/bin/bloom' (len=577328, base=0x200000)
[38018447049] [[35mTRACE[0m] [kernel::task::loader] [CPU0]   Header: [7f, 45, 4c, 46, 02, 01, 01, 00, 00, 00, 00, 00, 00, 00, 00, 00]
[38020814898] [[34mDEBUG[0m] [kernel::task::loader] [CPU0] LOADER: ELF info: entry=200000, min_vaddr=200000, bias=0, entry_pc=200000
[38021649831] [[35mTRACE[0m] [kernel::task::loader] [CPU0] Segment: vaddr=200000 exec=true
[38024172516] [[35mTRACE[0m] [kernel::task::loader] [CPU0]   COPIED at 0x201420: [24, a0, 00, 00, 00, 0f, 10, 04]
[38085804636] [[35mTRACE[0m] [kernel::task::loader] [CPU0] Segment: vaddr=268000 exec=false
[38092247952] [[35mTRACE[0m] [kernel::task::loader] [CPU0] Segment: vaddr=273000 exec=false
[38095297845] [[34mDEBUG[0m] [kernel::task::loader] [CPU0] LOADER: TLS block: tp=0x277000 filesz=0 memsz=0 align=1
[38099775252] [[34mDEBUG[0m] [bran::arch::x86_64::task] [CPU0] INIT KERNEL CTX: entry=0xffffffff800532f0 kstack_top=0xffffffffb012b9a0 arg=0xffffffffb00744a0
[38101572894] [[34mDEBUG[0m] [kernel::sched] [CPU0] REGISTRY: Applying 1 deferred inserts
[38102246457] [[34mDEBUG[0m] [kernel::sched] [CPU0] REGISTRY: Inserting TID=10
[38102962557] [[34mDEBUG[0m] [kernel::sched] [CPU0] REGISTRY: Inserts applied
[38107020996] [[34mDEBUG[0m] [kernel::sched::spawn] [CPU0] SCHED: TID 10 → task '/bin/bloom' (pid=10 from boot module)
[38170364694] [[34mDEBUG[0m] [kernel::sched::spawn] [CPU1] USER_TRAMPOLINE: PC=0x200000 SP=0x800000 ARG0=0x0
[38172271599] [[34mDEBUG[0m] [bran::arch::x86_64] [CPU1] ENTER_USER: TID=10 entry_pc=200000 user_sp=800000
[38174628723] [[32mINFO [0m] [sprout::supervisor] [CPU0] SPROUT: Spawned bloom (PID=10)
[38177798604] [[34mDEBUG[0m] [kernel::syscall::handlers::process] [CPU1] sys_auxv_get: tid=10 buf_len=0
[38177847840] [[35mTRACE[0m] [sprout::supervisor] [CPU0] SPROUT: Loop iteration: spawn_wayland_hello_if_ready
[38179249119] [[34mDEBUG[0m] [kernel::syscall::handlers::process] [CPU1] sys_auxv_get: tid=10 buf_len=100
[38181714054] [[32mINFO [0m] [bloom] [CPU1] bloom: ENTERING MAIN
[38182554696] [[32mINFO [0m] [bloom] [CPU1] bloom: compositor service starting
[38184071409] [[35mTRACE[0m] [sprout::supervisor] [CPU0] SPROUT: Loop iteration: spawn_clock_if_ready
[38184698673] [[34mDEBUG[0m] [bloom] [CPU1] bloom: connect try 0...
[38185556904] [[35mTRACE[0m] [kernel::syscall::handlers::vfs] [CPU1] VFS: sys_fs_open path='/dev/display/card0' tid=10
[38188183242] [[35mTRACE[0m] [sprout::supervisor] [CPU0] SPROUT: Loop iteration: spawn_leaf_if_ready
[38188321809] [[34mDEBUG[0m] [kernel::vfs::provider] [CPU1] VFS_RPC: request op=Lookup len=4 tid=10
[38190503571] [[35mTRACE[0m] [sprout::supervisor] [CPU0] SPROUT: Loop iteration: tick complete
[38191818786] [[34mDEBUG[0m] [sprout::supervisor] [CPU0] SPROUT: ServiceLoop waiting for next event...
[38199147162] [[35mTRACE[0m] [kernel::syscall::handlers::vfs] [CPU1] sys_fs_close: fd=3
[38201933649] [[32mINFO [0m] [cambium::catalog] [CPU1] DEVD CATALOG: registered driver '/drivers/hwrng' name='hwrng' class=Other kind='dev.rng.HwRng' start='_RNvCs7wlZbVUrQWf_5hwrng20thingos_driver_start'
[38204516460] [[35mTRACE[0m] [kernel::syscall::handlers::vfs] [CPU1] VFS: sys_fs_open path='/drivers/pci_stubd' tid=7
[38211891630] [[35mTRACE[0m] [display_virtio_gpu] [CPU3] display_virtio_gpu: VFS RPC op=Lookup
[38213519850] [[35mTRACE[0m] [display_virtio_gpu] [CPU3] DISP: vfs_lookup path=''
[38216479851] [[35mTRACE[0m] [display_virtio_gpu] [CPU3] display_virtio_gpu: VFS RPC response begin op=Lookup req_id=1
[38220858654] [[35mTRACE[0m] [display_virtio_gpu] [CPU3] display_virtio_gpu: VFS RPC response sent op=Lookup req_id=1
[38327957118] [[34mDEBUG[0m] [kernel::vfs::provider] [CPU1] VFS_RPC: response op=Lookup id=1 -> OK(8)
[38346272811] [[34mDEBUG[0m] [kernel::vfs::provider] [CPU1] VFS_RPC: request op=DeviceCall len=48 tid=10
[38375462235] [[35mTRACE[0m] [display_virtio_gpu] [CPU3] display_virtio_gpu: VFS RPC op=DeviceCall
[38377748607] [[35mTRACE[0m] [display_virtio_gpu] [CPU3] DISP: DISPLAY_OP_GET_INFO requested
[38378888526] [[35mTRACE[0m] [display_virtio_gpu] [CPU3] DISP: Returning dimensions 1280x800
[38381319372] [[35mTRACE[0m] [display_virtio_gpu] [CPU3] display_virtio_gpu: VFS RPC response begin op=DeviceCall req_id=2
[38383414641] [[35mTRACE[0m] [display_virtio_gpu] [CPU3] display_virtio_gpu: VFS RPC response sent op=DeviceCall req_id=2
[38438810190] [[34mDEBUG[0m] [kernel::vfs::provider] [CPU1] VFS_RPC: response op=DeviceCall id=2 -> OK(48)
[38445108372] [[32mINFO [0m] [bloom] [CPU1] bloom: connected to /dev/display/card0 on try 0
[38469303444] [[32mINFO [0m] [bloom] [CPU1] bloom: output0 1280x800 @ 60000mHz
[38470597374] [[32mINFO [0m] [bloom] [CPU1] bloom: display driver does not support VBLANK
[38471627238] [[32mINFO [0m] [bloom] [CPU1] bloom: display driver supports linear dmabuf import
[38472623046] [[32mINFO [0m] [bloom] [CPU1] bloom: display driver supports GPU blit (hardware transfer/flush)
[38473874703] [[32mINFO [0m] [bloom] [CPU1] bloom: display driver supports direct scanout (zero-copy path to display)
[38475164541] [[32mINFO [0m] [bloom] [CPU1] bloom: display driver supports partial flush (damage regions)
[38476318254] [[32mINFO [0m] [bloom] [CPU1] bloom: display driver supports resource cache (pre-allocated buffer pool)
[38477585289] [[32mINFO [0m] [bloom] [CPU1] bloom: creating service port...
[38482263402] [[34mDEBUG[0m] [kernel::ipc] [CPU1] CREATE_PORT: capacity=65536
[38482970361] [[34mDEBUG[0m] [kernel::ipc] [CPU1] CREATE_PORT: appended id=PortId(6)
[38483984055] [[34mDEBUG[0m] [kernel::ipc::handles] [CPU1] ALLOC_HANDLE: handle=5 port_id=PortId(6) mode=Write
[38484742725] [[34mDEBUG[0m] [kernel::ipc::handles] [CPU1] ALLOC_HANDLE: handle=6 port_id=PortId(6) mode=Read
[38487830865] [[35mTRACE[0m] [kernel::syscall::handlers::vfs] [CPU1] VFS: sys_fs_open path='/services/bloom' tid=10
[38492656752] [[35mTRACE[0m] [kernel::syscall::handlers::vfs] [CPU1] sys_fs_close: fd=7
[38501155275] [[35mTRACE[0m] [sprout::supervisor] [CPU0] SPROUT: Supervisor tick...
[38502808773] [[35mTRACE[0m] [sprout::supervisor] [CPU0] SPROUT: Loop iteration: spawn_bristle_if_needed
[38504245164] [[35mTRACE[0m] [kernel::syscall::handlers::vfs] [CPU1] VFS: sys_fs_open path='/session/wayland/components' tid=10
[38504382642] [[35mTRACE[0m] [sprout::supervisor] [CPU0] SPROUT: Loop iteration: spawn_display_if_needed
[38507081382] [[35mTRACE[0m] [sprout::supervisor] [CPU0] SPROUT: Loop iteration: spawn_bloom_if_ready
[38507548860] [[35mTRACE[0m] [kernel::syscall::handlers::vfs] [CPU1] sys_fs_close: fd=7
[38508585654] [[35mTRACE[0m] [kernel::syscall::handlers::vfs] [CPU1] VFS: sys_fs_open path='/session/wayland/status' tid=10
[38510705343] [[35mTRACE[0m] [sprout::supervisor] [CPU0] SPROUT: Loop iteration: spawn_wayland_hello_if_ready
[38511513546] [[35mTRACE[0m] [kernel::syscall::handlers::vfs] [CPU1] sys_fs_close: fd=7
[38512959606] [[35mTRACE[0m] [kernel::syscall::handlers::vfs] [CPU1] VFS: sys_fs_open path='/lib/libpistil.so' tid=10
[38515230171] [[35mTRACE[0m] [sprout::supervisor] [CPU0] SPROUT: Loop iteration: spawn_clock_if_ready
[38517629337] [[35mTRACE[0m] [sprout::supervisor] [CPU0] SPROUT: Loop iteration: spawn_leaf_if_ready
[38519530335] [[35mTRACE[0m] [sprout::supervisor] [CPU0] SPROUT: Loop iteration: tick complete
[38521282008] [[34mDEBUG[0m] [sprout::supervisor] [CPU0] SPROUT: ServiceLoop waiting for next event...
[38749090182] [[35mTRACE[0m] [kernel::syscall::handlers::vfs] [CPU1] sys_fs_close: fd=7
[38813463810] [[32mINFO [0m] [bloom::render] [CPU1] bloom: pistil background renderer loaded from /lib/libpistil.so
[38814573831] [[32mINFO [0m] [bloom::render] [CPU1] bloom: pistil font text renderer loaded with default /share/fonts/Inter-Regular.ttf
[38815450014] [[32mINFO [0m] [bloom::render] [CPU1] bloom: pistil symbol renderer loaded with /share/fonts/NotoSansSymbol2-Regular.ttf
[38816536935] [[35mTRACE[0m] [kernel::syscall::handlers::vfs] [CPU1] VFS: sys_fs_open path='/session/desktop/theme' tid=10
[38818909701] [[35mTRACE[0m] [kernel::syscall::handlers::vfs] [CPU1] VFS: sys_fs_open path='/session/desktop/theme' tid=10
[38822578047] [[35mTRACE[0m] [kernel::syscall::handlers::vfs] [CPU1] sys_fs_close: fd=7
[38824480827] [[32mINFO [0m] [bloom] [CPU1] bloom: initial theme configured Facet Frame
[38830559922] [[35mTRACE[0m] [sprout::supervisor] [CPU0] SPROUT: Supervisor tick...
[38832146826] [[35mTRACE[0m] [sprout::supervisor] [CPU0] SPROUT: Loop iteration: spawn_bristle_if_needed
[38833700334] [[35mTRACE[0m] [sprout::supervisor] [CPU0] SPROUT: Loop iteration: spawn_display_if_needed
[38835059802] [[35mTRACE[0m] [sprout::supervisor] [CPU0] SPROUT: Loop iteration: spawn_bloom_if_ready
[38836439235] [[35mTRACE[0m] [sprout::supervisor] [CPU0] SPROUT: Loop iteration: spawn_wayland_hello_if_ready
[38838331059] [[35mTRACE[0m] [sprout::supervisor] [CPU0] SPROUT: Loop iteration: spawn_clock_if_ready
[38839777944] [[35mTRACE[0m] [sprout::supervisor] [CPU0] SPROUT: Loop iteration: spawn_leaf_if_ready
[38841167739] [[35mTRACE[0m] [sprout::supervisor] [CPU0] SPROUT: Loop iteration: tick complete
[38842950267] [[34mDEBUG[0m] [sprout::supervisor] [CPU0] SPROUT: ServiceLoop waiting for next event...
[39030873222] [[35mTRACE[0m] [kernel::syscall::handlers::vfs] [CPU1] sys_fs_close: fd=3
[39033313275] [[32mINFO [0m] [cambium::catalog] [CPU1] DEVD CATALOG: registered driver '/drivers/pci_stubd' name='pci_stubd' class=Other kind='drv.PciStubd' start='thingos_driver_start_safe'
[39034619382] [[35mTRACE[0m] [kernel::syscall::handlers::vfs] [CPU1] VFS: sys_fs_open path='/drivers/ps2_kbd' tid=7
[39119593656] [[34mDEBUG[0m] [kernel::syscall::handlers::memory] [CPU1] sys_vm_map: large backing file mapping offset=0 len=4096000 total_size=4096000
[39161308659] [[34mDEBUG[0m] [kernel::vfs::provider] [CPU1] VFS_RPC: request op=DeviceCall len=96 tid=10
[39164742837] [[35mTRACE[0m] [sprout::supervisor] [CPU0] SPROUT: Supervisor tick...
[39166393002] [[35mTRACE[0m] [sprout::supervisor] [CPU0] SPROUT: Loop iteration: spawn_bristle_if_needed
[39168304230] [[35mTRACE[0m] [sprout::supervisor] [CPU0] SPROUT: Loop iteration: spawn_display_if_needed
[39168738279] [[35mTRACE[0m] [display_virtio_gpu] [CPU3] display_virtio_gpu: VFS RPC op=DeviceCall
[39169829622] [[35mTRACE[0m] [display_virtio_gpu] [CPU3] DISP: DISPLAY_OP_IMPORT_BUFFER requested: memfd=10, size=1280x800
[39171082434] [[34mDEBUG[0m] [kernel::syscall::handlers::memory] [CPU3] sys_vm_map: large backing file mapping offset=0 len=4096000 total_size=4096000
[39174771669] [[35mTRACE[0m] [sprout::supervisor] [CPU0] SPROUT: Loop iteration: spawn_bloom_if_ready
[39176635146] [[35mTRACE[0m] [sprout::supervisor] [CPU0] SPROUT: Loop iteration: spawn_wayland_hello_if_ready
[39178556670] [[35mTRACE[0m] [sprout::supervisor] [CPU0] SPROUT: Loop iteration: spawn_clock_if_ready
[39180302304] [[35mTRACE[0m] [sprout::supervisor] [CPU0] SPROUT: Loop iteration: spawn_leaf_if_ready
[39182020845] [[35mTRACE[0m] [sprout::supervisor] [CPU0] SPROUT: Loop iteration: tick complete
[39183595737] [[34mDEBUG[0m] [sprout::supervisor] [CPU0] SPROUT: ServiceLoop waiting for next event...
[39212344116] [[34mDEBUG[0m] [display_virtio_gpu] [CPU3] DISP: imported buffer as ID=1
[39214340748] [[35mTRACE[0m] [display_virtio_gpu] [CPU3] display_virtio_gpu: VFS RPC response begin op=DeviceCall req_id=3
[39217111857] [[35mTRACE[0m] [display_virtio_gpu] [CPU3] display_virtio_gpu: VFS RPC response sent op=DeviceCall req_id=3
[39239884860] [[35mTRACE[0m] [kernel::syscall::handlers::vfs] [CPU1] sys_fs_close: fd=3
[39242377944] [[32mINFO [0m] [cambium::catalog] [CPU1] DEVD CATALOG: registered driver '/drivers/ps2_kbd' name='ps2_kbd' class=Input kind='drv.Ps2Keyboard' start='thingos_driver_start_safe'
[39243435132] [[35mTRACE[0m] [kernel::syscall::handlers::vfs] [CPU1] VFS: sys_fs_open path='/drivers/ps2_mouse' tid=7
[39332107749] [[34mDEBUG[0m] [kernel::vfs::provider] [CPU1] VFS_RPC: response op=DeviceCall id=3 -> OK(12)
[39333999573] [[34mDEBUG[0m] [bloom::display] [CPU1] bloom: imported buffer 1280x800 as ID=1
[39335284626] [[35mTRACE[0m] [kernel::syscall::handlers::vfs] [CPU1] VFS: sys_fs_open path='/session/desktop/wallpaper' tid=10
[39337968417] [[35mTRACE[0m] [kernel::syscall::handlers::vfs] [CPU1] VFS: sys_fs_open path='/session/desktop/wallpaper' tid=10
[39342419490] [[35mTRACE[0m] [kernel::syscall::handlers::vfs] [CPU1] sys_fs_close: fd=8
[39344396289] [[32mINFO [0m] [bloom] [CPU1] bloom: initial wallpaper configured /share/wallpapers/flower.png
[39354285135] [[35mTRACE[0m] [kernel::syscall::handlers::vfs] [CPU1] VFS: sys_fs_open path='/share/cursors/future/default.svg' tid=10
[39370043031] [[35mTRACE[0m] [kernel::syscall::handlers::vfs] [CPU1] sys_fs_close: fd=9
[39486928437] [[34mDEBUG[0m] [kernel::vfs::provider] [CPU1] VFS_RPC: request op=DeviceCall len=96 tid=10
[39495342447] [[35mTRACE[0m] [sprout::supervisor] [CPU0] SPROUT: Supervisor tick...
[39497203713] [[35mTRACE[0m] [sprout::supervisor] [CPU0] SPROUT: Loop iteration: spawn_bristle_if_needed
[39498647298] [[35mTRACE[0m] [sprout::supervisor] [CPU0] SPROUT: Loop iteration: spawn_display_if_needed
[39498657561] [[35mTRACE[0m] [display_virtio_gpu] [CPU3] display_virtio_gpu: VFS RPC op=DeviceCall
[39499895886] [[35mTRACE[0m] [display_virtio_gpu] [CPU3] DISP: DISPLAY_OP_IMPORT_BUFFER requested: memfd=11, size=48x48
[39501495528] [[35mTRACE[0m] [sprout::supervisor] [CPU0] SPROUT: Loop iteration: spawn_bloom_if_ready
[39502338546] [[34mDEBUG[0m] [display_virtio_gpu] [CPU3] DISP: imported buffer as ID=2
[39503996136] [[35mTRACE[0m] [display_virtio_gpu] [CPU3] display_virtio_gpu: VFS RPC response begin op=DeviceCall req_id=4
[39503935515] [[35mTRACE[0m] [sprout::supervisor] [CPU0] SPROUT: Loop iteration: spawn_wayland_hello_if_ready
[39506512782] [[35mTRACE[0m] [display_virtio_gpu] [CPU3] display_virtio_gpu: VFS RPC response sent op=DeviceCall req_id=4
[39508021773] [[35mTRACE[0m] [sprout::supervisor] [CPU0] SPROUT: Loop iteration: spawn_clock_if_ready
[39509807832] [[35mTRACE[0m] [sprout::supervisor] [CPU0] SPROUT: Loop iteration: spawn_leaf_if_ready
[39511519179] [[35mTRACE[0m] [sprout::supervisor] [CPU0] SPROUT: Loop iteration: tick complete
[39513010515] [[34mDEBUG[0m] [sprout::supervisor] [CPU0] SPROUT: ServiceLoop waiting for next event...
[39576404835] [[34mDEBUG[0m] [kernel::vfs::provider] [CPU1] VFS_RPC: response op=DeviceCall id=4 -> OK(12)
[39578887656] [[34mDEBUG[0m] [bloom::display] [CPU1] bloom: imported buffer 48x48 as ID=2
[39580181586] [[32mINFO [0m] [bloom::render] [CPU1] bloom: cursor ready buffer=2 size=48x48 hotspot=11,6
[39588451749] [[34mDEBUG[0m] [kernel::ipc] [CPU1] CREATE_PORT: capacity=65536
[39589081719] [[34mDEBUG[0m] [kernel::ipc] [CPU1] CREATE_PORT: appended id=PortId(7)
[39590453826] [[34mDEBUG[0m] [kernel::ipc::handles] [CPU1] ALLOC_HANDLE: handle=7 port_id=PortId(7) mode=Write
[39591879624] [[34mDEBUG[0m] [kernel::ipc::handles] [CPU1] ALLOC_HANDLE: handle=8 port_id=PortId(7) mode=Read
[39595927899] [[35mTRACE[0m] [kernel::syscall::handlers::vfs] [CPU1] sys_fs_close: fd=3
[39598315449] [[32mINFO [0m] [cambium::catalog] [CPU1] DEVD CATALOG: registered driver '/drivers/ps2_mouse' name='ps2_mouse' class=Input kind='drv.Ps2Mouse' start='thingos_driver_start_safe'
[39599459757] [[35mTRACE[0m] [kernel::syscall::handlers::vfs] [CPU1] VFS: sys_fs_open path='/drivers/rtc_cmos' tid=7
[39752481516] [[35mTRACE[0m] [kernel::syscall::handlers::vfs] [CPU1] sys_fs_close: fd=3
[39754861377] [[32mINFO [0m] [cambium::catalog] [CPU1] DEVD CATALOG: registered driver '/drivers/rtc_cmos' name='rtc_cmos' class=Other kind='dev.rtc.Cmos' start='thingos_driver_start_safe'
[39755987436] [[35mTRACE[0m] [kernel::syscall::handlers::vfs] [CPU1] VFS: sys_fs_open path='/drivers/rtl8168d' tid=7
[39822671394] [[35mTRACE[0m] [sprout::supervisor] [CPU0] SPROUT: Supervisor tick...
[39824236485] [[35mTRACE[0m] [sprout::supervisor] [CPU0] SPROUT: Loop iteration: spawn_bristle_if_needed
[39825642285] [[35mTRACE[0m] [sprout::supervisor] [CPU0] SPROUT: Loop iteration: spawn_display_if_needed
[39827012511] [[35mTRACE[0m] [sprout::supervisor] [CPU0] SPROUT: Loop iteration: spawn_bloom_if_ready
[39828407949] [[35mTRACE[0m] [sprout::supervisor] [CPU0] SPROUT: Loop iteration: spawn_wayland_hello_if_ready
[39830233740] [[35mTRACE[0m] [sprout::supervisor] [CPU0] SPROUT: Loop iteration: spawn_clock_if_ready
[39832657953] [[35mTRACE[0m] [sprout::supervisor] [CPU0] SPROUT: Loop iteration: spawn_leaf_if_ready
[39834703128] [[35mTRACE[0m] [sprout::supervisor] [CPU0] SPROUT: Loop iteration: tick complete
[39836254590] [[34mDEBUG[0m] [sprout::supervisor] [CPU0] SPROUT: ServiceLoop waiting for next event...
[39844317018] [[32mINFO [0m] [bloom] [CPU1] bloom: watching wallpaper config /session/desktop/wallpaper
[39847399713] [[32mINFO [0m] [bloom] [CPU1] bloom: watching theme config /session/desktop/theme
[39850085418] [[34mDEBUG[0m] [kernel::handle::bridge] [CPU1] BRIDGE: handle=6 -> fd=11 node=0xffffffffb011b8b0 port=0xffffffffb0136290
[39852694596] [[34mDEBUG[0m] [kernel::handle::bridge] [CPU1] BRIDGE: handle=8 -> fd=12 node=0xffffffffb01390d0 port=0xffffffffb0137c70
[39856868898] [[35mTRACE[0m] [kernel::syscall::handlers::vfs] [CPU1] VFS: sys_fs_open path='/session/desktop/wallpaper' tid=10
[39859923312] [[35mTRACE[0m] [kernel::syscall::handlers::vfs] [CPU1] sys_fs_close: fd=13
[39862044189] [[35mTRACE[0m] [kernel::syscall::handlers::vfs] [CPU1] VFS: sys_fs_open path='/session/desktop/theme' tid=10
[39864519618] [[35mTRACE[0m] [kernel::syscall::handlers::vfs] [CPU1] sys_fs_close: fd=13
[39869116815] [[34mDEBUG[0m] [kernel::ipc] [CPU1] CREATE_PORT: capacity=65536
[39869888454] [[34mDEBUG[0m] [kernel::ipc] [CPU1] CREATE_PORT: appended id=PortId(8)
[39870825357] [[34mDEBUG[0m] [kernel::ipc::handles] [CPU1] ALLOC_HANDLE: handle=9 port_id=PortId(8) mode=Write
[39871597227] [[34mDEBUG[0m] [kernel::ipc::handles] [CPU1] ALLOC_HANDLE: handle=10 port_id=PortId(8) mode=Read
[39875788029] [[34mDEBUG[0m] [kernel::ipc] [CPU1] CREATE_PORT: capacity=65536
[39876427239] [[34mDEBUG[0m] [kernel::ipc] [CPU1] CREATE_PORT: appended id=PortId(9)
[39877210659] [[34mDEBUG[0m] [kernel::ipc::handles] [CPU1] ALLOC_HANDLE: handle=11 port_id=PortId(9) mode=Write
[39878097798] [[34mDEBUG[0m] [kernel::ipc::handles] [CPU1] ALLOC_HANDLE: handle=12 port_id=PortId(9) mode=Read
[39879443670] [[34mDEBUG[0m] [kernel::handle::bridge] [CPU1] BRIDGE: handle=10 -> fd=13 node=0xffffffffb010a230 port=0xffffffffb0139f50
[39880734795] [[34mDEBUG[0m] [kernel::handle::bridge] [CPU1] BRIDGE: handle=12 -> fd=14 node=0xffffffffb0139290 port=0xffffffffb013acd0
[39894868992] [[34mDEBUG[0m] [kernel::sched::spawn] [CPU1] SCHED: Task 11 (user thread) assigned to CPU 2
[39912373215] [[34mDEBUG[0m] [kernel::sched] [CPU1] REGISTRY: Applying 1 deferred inserts
[39913039584] [[34mDEBUG[0m] [kernel::sched] [CPU1] REGISTRY: Inserting TID=11
[39913760931] [[34mDEBUG[0m] [kernel::sched] [CPU1] REGISTRY: Inserts applied
[39916249428] [[32mINFO [0m] [bloom] [CPU1] bloom: Wayland server thread spawned
[39918169005] [[32mINFO [0m] [bloom::loop_types] [CPU1] bloom: service loop started
[39918942129] [[32mINFO [0m] [bloom::wayland] [CPU2] wayland-server: starting
[39919526922] [[32mINFO [0m] [bloom::loop_types] [CPU1] bloom: output0 1280x800 @ 60000mHz ready
[39919904475] [[35mTRACE[0m] [kernel::syscall::handlers::vfs] [CPU2] VFS: sys_fs_open path='/proc/self/inbox' tid=11
[39927600702] [[34mDEBUG[0m] [kernel::vfs::provider] [CPU1] VFS_RPC: request op=DeviceCall len=296 tid=10
[39937755363] [[32mINFO [0m] [bloom::wayland] [CPU2] wayland-server: listening on /run/wayland-0
[39939322665] [[32mINFO [0m] [bloom::wayland] [CPU2] wayland-server: advertising globals wl_compositor wl_shm xdg_wm_base wl_seat wl_output wl_subcompositor wl_data_device_manager zwp_linux_dmabuf_v1
[39959853516] [[35mTRACE[0m] [display_virtio_gpu] [CPU3] display_virtio_gpu: VFS RPC op=DeviceCall
[39986803692] [[35mTRACE[0m] [display_virtio_gpu] [CPU3] display_virtio_gpu: VFS RPC response begin op=DeviceCall req_id=5
[39990677298] [[35mTRACE[0m] [display_virtio_gpu] [CPU3] display_virtio_gpu: VFS RPC response sent op=DeviceCall req_id=5
[40009060179] [[34mDEBUG[0m] [kernel::vfs::provider] [CPU1] VFS_RPC: response op=DeviceCall id=5 -> OK(8)
[40013663382] [[34mDEBUG[0m] [bloom::world] [CPU1] bloom: presented cursor buffer=2 at 629,394 size=48x48
[40015704894] [[32mINFO [0m] [bloom::loop_types] [CPU1] First frame rendered
[40019423334] [[35mTRACE[0m] [kernel::syscall::handlers::vfs] [CPU1] sys_fs_close: fd=3
[40021315125] [[32mINFO [0m] [cambium::catalog] [CPU1] DEVD CATALOG: registered driver '/drivers/rtl8168d' name='rtl8168d' class=Net kind='dev.net.Nic' start='thingos_driver_start_safe'
[40022256648] [[35mTRACE[0m] [kernel::syscall::handlers::vfs] [CPU1] VFS: sys_fs_open path='/drivers/virtio_netd' tid=7
[40154659578] [[35mTRACE[0m] [sprout::supervisor] [CPU0] SPROUT: Supervisor tick...
[40156211172] [[35mTRACE[0m] [sprout::supervisor] [CPU0] SPROUT: Loop iteration: spawn_bristle_if_needed
[40157663304] [[35mTRACE[0m] [sprout::supervisor] [CPU0] SPROUT: Loop iteration: spawn_display_if_needed
[40159000629] [[35mTRACE[0m] [sprout::supervisor] [CPU0] SPROUT: Loop iteration: spawn_bloom_if_ready
[40160369271] [[35mTRACE[0m] [sprout::supervisor] [CPU0] SPROUT: Loop iteration: spawn_wayland_hello_if_ready
[40162559019] [[35mTRACE[0m] [sprout::supervisor] [CPU0] SPROUT: Loop iteration: spawn_clock_if_ready
[40164860505] [[35mTRACE[0m] [sprout::supervisor] [CPU0] SPROUT: Loop iteration: spawn_leaf_if_ready
[40166418237] [[35mTRACE[0m] [sprout::supervisor] [CPU0] SPROUT: Loop iteration: tick complete
[40167937656] [[34mDEBUG[0m] [sprout::supervisor] [CPU0] SPROUT: ServiceLoop waiting for next event...
[40172557788] [[35mTRACE[0m] [kernel::sched] [CPU0] SCHED-DBG: cpus_online=4
[40173865083] [[35mTRACE[0m] [kernel::sched] [CPU0] SCHED-DBG: cpu=0 curr=Some(0) runq=0 runq_avg=1 runq_samples=229 ctxsw=28 idle2busy=0 tick=103 ipi=1 enq=233 deq=232 wake=11 lock_miss=0 lock_pending=0 lock_blocked=0
[40174870263] [[35mTRACE[0m] [kernel::sched] [CPU0] SCHED-DBG: cpu=1 curr=Some(7) runq=0 runq_avg=0 runq_samples=75 ctxsw=17 idle2busy=1 tick=89 ipi=6 enq=23 deq=22 wake=14 lock_miss=0 lock_pending=0 lock_blocked=0
[40175905605] [[35mTRACE[0m] [kernel::sched] [CPU0] SCHED-DBG: cpu=2 curr=Some(3) runq=0 runq_avg=0 runq_samples=174 ctxsw=6 idle2busy=3 tick=141 ipi=2 enq=5 deq=4 wake=5 lock_miss=0 lock_pending=0 lock_blocked=0
[40177132050] [[35mTRACE[0m] [kernel::sched] [CPU0] SCHED-DBG: cpu=3 curr=Some(4) runq=0 runq_avg=0 runq_samples=425 ctxsw=142 idle2busy=71 tick=143 ipi=65 enq=156 deq=155 wake=140 lock_miss=0 lock_pending=0 lock_blocked=0
[40185958362] [[35mTRACE[0m] [kernel::syscall::handlers::vfs] [CPU1] sys_fs_close: fd=3
[40188462303] [[32mINFO [0m] [cambium::catalog] [CPU1] DEVD CATALOG: registered driver '/drivers/virtio_netd' name='virtio_netd' class=Net kind='dev.net.Nic' start='thingos_driver_start_safe'
[40192044618] [[35mTRACE[0m] [kernel::syscall::handlers::vfs] [CPU1] VFS: sys_fs_open path='/drivers/virtio_sound' tid=7
[40349225598] [[35mTRACE[0m] [kernel::syscall::handlers::vfs] [CPU1] sys_fs_close: fd=3
[40351394556] [[32mINFO [0m] [cambium::catalog] [CPU1] DEVD CATALOG: registered driver '/drivers/virtio_sound' name='virtio_sound' class=Audio kind='dev.sound.Virtio' start='thingos_driver_start_safe'
[40352526588] [[35mTRACE[0m] [kernel::syscall::handlers::vfs] [CPU1] VFS: sys_fs_open path='/drivers/xhci' tid=7
[40482581106] [[35mTRACE[0m] [sprout::supervisor] [CPU0] SPROUT: Supervisor tick...
[40484704359] [[35mTRACE[0m] [sprout::supervisor] [CPU0] SPROUT: Loop iteration: spawn_bristle_if_needed
[40486732638] [[35mTRACE[0m] [sprout::supervisor] [CPU0] SPROUT: Loop iteration: spawn_display_if_needed
[40488748179] [[35mTRACE[0m] [sprout::supervisor] [CPU0] SPROUT: Loop iteration: spawn_bloom_if_ready
[40490743194] [[35mTRACE[0m] [sprout::supervisor] [CPU0] SPROUT: Loop iteration: spawn_wayland_hello_if_ready
[40493895651] [[34mDEBUG[0m] [kernel::task::loader] [CPU0] LOADER: Loading module '/bin/wayland_hello' (len=86696, base=0x200000)
[40494607362] [[35mTRACE[0m] [kernel::task::loader] [CPU0]   Header: [7f, 45, 4c, 46, 02, 01, 01, 00, 00, 00, 00, 00, 00, 00, 00, 00]
[40496901225] [[34mDEBUG[0m] [kernel::task::loader] [CPU0] LOADER: ELF info: entry=200000, min_vaddr=200000, bias=0, entry_pc=200000
[40497579738] [[35mTRACE[0m] [kernel::task::loader] [CPU0] Segment: vaddr=200000 exec=true
[40499870862] [[35mTRACE[0m] [kernel::task::loader] [CPU0]   COPIED at 0x201420: [24, 28, 48, 85, f6, 74, 0f, 48]
[40506054204] [[35mTRACE[0m] [kernel::task::loader] [CPU0] Segment: vaddr=20d000 exec=false
[40507466109] [[35mTRACE[0m] [kernel::task::loader] [CPU0] Segment: vaddr=20f000 exec=false
[40509366777] [[34mDEBUG[0m] [kernel::task::loader] [CPU0] LOADER: TLS block: tp=0x211000 filesz=0 memsz=0 align=1
[40511344170] [[35mTRACE[0m] [kernel::syscall::handlers::vfs] [CPU1] sys_fs_close: fd=3
[40513473297] [[32mINFO [0m] [cambium::catalog] [CPU1] DEVD CATALOG: registered driver '/drivers/xhci' name='xhci' class=Block kind='dev.usb.Xhci' start='thingos_driver_start_safe'
[40514988756] [[34mDEBUG[0m] [bran::arch::x86_64::task] [CPU0] INIT KERNEL CTX: entry=0xffffffff800532f0 kstack_top=0xffffffffb01a52a0 arg=0xffffffffb011b860
[40515880251] [[32mINFO [0m] [cambium::catalog] [CPU1] DEVD CATALOG: 15 driver(s) found
[40516820784] [[35mTRACE[0m] [kernel::syscall::handlers::vfs] [CPU1] VFS: sys_fs_open path='/sys/device_snapshot' tid=7
[40517082243] [[34mDEBUG[0m] [kernel::sched] [CPU0] REGISTRY: Applying 1 deferred inserts
[40517890083] [[34mDEBUG[0m] [kernel::sched] [CPU0] REGISTRY: Inserting TID=12
[40518326277] [[34mDEBUG[0m] [kernel::vfs::sysfs] [CPU1] sysfs: lookup path='device_snapshot'
[40518775308] [[34mDEBUG[0m] [kernel::sched] [CPU0] REGISTRY: Inserts applied
[40522583673] [[34mDEBUG[0m] [kernel::sched::spawn] [CPU0] SCHED: TID 12 �� task '/bin/wayland_hello' (pid=12 from boot module)
[40523929281] [[35mTRACE[0m] [kernel::syscall::handlers::vfs] [CPU1] sys_fs_close: fd=3
[40526523741] [[34mDEBUG[0m] [kernel::sched::spawn] [CPU3] USER_TRAMPOLINE: PC=0x200000 SP=0x800000 ARG0=0x0
[40527375207] [[34mDEBUG[0m] [bran::arch::x86_64] [CPU3] ENTER_USER: TID=12 entry_pc=200000 user_sp=800000
[40529056095] [[34mDEBUG[0m] [kernel::syscall::handlers::process] [CPU3] sys_auxv_get: tid=12 buf_len=0
[40529264589] [[34mDEBUG[0m] [cambium] [CPU1] CAMBIUM: discovered device slot=pci-0000:00:00.0 kind=pci_device vendor=0x8086 device=0x29c0 class=0x060000 present=true
[40530339102] [[34mDEBUG[0m] [kernel::syscall::handlers::process] [CPU3] sys_auxv_get: tid=12 buf_len=100
[40531936368] [[34mDEBUG[0m] [cambium] [CPU1] CAMBIUM: discovered device slot=pci-0000:00:01.0 kind=pci_device vendor=0x1af4 device=0x1041 class=0x020000 present=true
[40534076154] [[34mDEBUG[0m] [cambium] [CPU1] CAMBIUM: isolation mode skipping driver '/drivers/virtio_netd' class=Net for pci-0000:00:01.0
[40535240328] [[34mDEBUG[0m] [cambium] [CPU1] CAMBIUM: discovered device slot=pci-0000:00:02.0 kind=pci_device vendor=0x1af4 device=0x1050 class=0x030000 present=true
[40536064767] [[34mDEBUG[0m] [cambium] [CPU1] CAMBIUM: discovered device slot=pci-0000:00:03.0 kind=pci_device vendor=0x1af4 device=0x1059 class=0x040100 present=true
[40537095654] [[34mDEBUG[0m] [cambium] [CPU1] CAMBIUM: isolation mode skipping driver '/drivers/virtio_sound' class=Audio for pci-0000:00:03.0
[40537913922] [[34mDEBUG[0m] [cambium] [CPU1] CAMBIUM: discovered device slot=pci-0000:00:1f.0 kind=pci_device vendor=0x8086 device=0x2918 class=0x060100 present=true
[40538607417] [[34mDEBUG[0m] [cambium] [CPU1] CAMBIUM: discovered device slot=pci-0000:00:1f.2 kind=pci_device vendor=0x8086 device=0x2922 class=0x010601 present=true
[40540336419] [[35mTRACE[0m] [kernel::syscall::handlers::vfs] [CPU1] VFS: sys_fs_open path='/sys/devices/pci-0000:00:1f.2/status' tid=7
[40541327970] [[32mINFO [0m] [wayland_hello] [CPU3] wayland_hello: connected to /run/wayland-0
[40541601375] [[34mDEBUG[0m] [kernel::vfs::sysfs] [CPU1] sysfs: lookup path='devices/pci-0000:00:1f.2/status'
[40542088158] [[35mTRACE[0m] [kernel::syscall::handlers::vfs] [CPU3] VFS: sys_fs_open path='/lib/libpistil.so' tid=12
[40542956685] [[34mDEBUG[0m] [kernel::vfs::sysfs] [CPU1] sysfs: matched device file 'pci-0000:00:1f.2/status'
[40545264243] [[35mTRACE[0m] [kernel::syscall::handlers::vfs] [CPU1] sys_fs_close: fd=3
[40551120159] [[34mDEBUG[0m] [bloom::wayland] [CPU2] wayland-server: new client fd=17
[40552061121] [[32mINFO [0m] [sprout::supervisor] [CPU0] SPROUT: Spawned wayland_hello (PID=12)
[40562874297] [[34mDEBUG[0m] [kernel::sched::spawn] [CPU1] SPAWN: page cache miss for '/drivers/ahci_disk', caching 53784 bytes
[40564249176] [[34mDEBUG[0m] [kernel::task::loader] [CPU1] LOADER: Loading module 'ahci_disk' (len=53784, base=0x200000)
[40564841625] [[35mTRACE[0m] [kernel::task::loader] [CPU1]   Header: [7f, 45, 4c, 46, 02, 01, 01, 03, 00, 00, 00, 00, 00, 00, 00, 00]
[40566103116] [[34mDEBUG[0m] [kernel::task::loader] [CPU1] LOADER: ELF info: entry=200000, min_vaddr=200000, bias=0, entry_pc=200000
[40566738399] [[35mTRACE[0m] [kernel::task::loader] [CPU1] Segment: vaddr=200000 exec=true
[40569699786] [[35mTRACE[0m] [kernel::task::loader] [CPU1]   COPIED at 0x201420: [24, 0c, e8, 59, 0e, 00, 00, bf]
[40573433934] [[35mTRACE[0m] [kernel::task::loader] [CPU1] Segment: vaddr=207000 exec=false
[40574690838] [[35mTRACE[0m] [kernel::task::loader] [CPU1] Segment: vaddr=208000 exec=false
[40576022223] [[34mDEBUG[0m] [kernel::task::loader] [CPU1] LOADER: TLS block: tp=0x209000 filesz=0 memsz=0 align=1
[40586226681] [[34mDEBUG[0m] [kernel::sched::spawn] [CPU1] SPAWN: driver entrypoint override 'thingos_driver_start_safe' => VA 0x201000 + bias 0x0 = PC 0x201000
[40588235358] [[34mDEBUG[0m] [kernel::sched::spawn] [CPU1] SPAWN_FROM_PATH: Starting Phase 1 for /drivers/ahci_disk
[40589473122] [[34mDEBUG[0m] [bran::arch::x86_64::task] [CPU1] INIT KERNEL CTX: entry=0xffffffff800532f0 kstack_top=0xffffffffb01c74c0 arg=0xffffffffb0143300
[40592696298] [[34mDEBUG[0m] [kernel::sched::spawn] [CPU1] SPAWN_FROM_PATH: Phase 1 complete, ID=13, applying inserts
[40593045966] [[35mTRACE[0m] [sprout::supervisor] [CPU0] SPROUT: Loop iteration: spawn_clock_if_ready
[40593621222] [[34mDEBUG[0m] [kernel::sched] [CPU1] REGISTRY: Applying 1 deferred inserts
[40594842222] [[34mDEBUG[0m] [kernel::sched] [CPU1] REGISTRY: Inserting TID=13
[40595834400] [[34mDEBUG[0m] [kernel::sched] [CPU1] REGISTRY: Inserts applied
[40596500538] [[34mDEBUG[0m] [kernel::sched::spawn] [CPU1] SPAWN_FROM_PATH: Inserts applied, entering Phase 2
[40599764766] [[34mDEBUG[0m] [kernel::sched::spawn] [CPU1] SETUP_STDIO: stdin=Inherit stdout=Inherit stderr=Inherit
[40600780374] [[34mDEBUG[0m] [kernel::task::loader] [CPU0] LOADER: Loading module '/bin/clock' (len=83048, base=0x200000)
[40601543433] [[35mTRACE[0m] [kernel::task::loader] [CPU0]   Header: [7f, 45, 4c, 46, 02, 01, 01, 00, 00, 00, 00, 00, 00, 00, 00, 00]
[40603167726] [[34mDEBUG[0m] [kernel::task::loader] [CPU0] LOADER: ELF info: entry=200000, min_vaddr=200000, bias=0, entry_pc=200000
[40603870527] [[35mTRACE[0m] [kernel::task::loader] [CPU0] Segment: vaddr=200000 exec=true
[40604800137] [[34mDEBUG[0m] [kernel::sched::spawn] [CPU1] SPAWN_FROM_PATH: Phase 2 complete, waking task 13
[40606320447] [[34mDEBUG[0m] [kernel::sched::spawn] [CPU1] SPAWN_FROM_PATH: Task 13 woken, restoring IRQs
[40606478088] [[35mTRACE[0m] [kernel::task::loader] [CPU0]   COPIED at 0x201420: [48, 83, c4, 58, c3, cc, cc, cc]
[40606945797] [[34mDEBUG[0m] [kernel::sched::spawn] [CPU1] SPAWN_FROM_PATH: Done for /drivers/ahci_disk
[40607757069] [[34mDEBUG[0m] [kernel::syscall::handlers::process] [CPU1] SYSCALL SPAWN_PROCESS_EX: name='/drivers/ahci_disk' TID=13 PID=13
[40611038193] [[34mDEBUG[0m] [kernel::sched::spawn] [CPU1] USER_TRAMPOLINE: PC=0x201000 SP=0x800000 ARG0=0x3
[40612015026] [[34mDEBUG[0m] [bran::arch::x86_64] [CPU1] ENTER_USER: TID=13 entry_pc=201000 user_sp=800000
[40614795276] [[34mDEBUG[0m] [kernel::syscall::handlers::process] [CPU1] sys_auxv_get: tid=13 buf_len=0
[40616582358] [[34mDEBUG[0m] [kernel::syscall::handlers::process] [CPU1] sys_auxv_get: tid=13 buf_len=100
[40620243609] [[32mINFO [0m] [ahci_disk] [CPU1] AHCI: Starting AHCI VFS driver
[40621276278] [[35mTRACE[0m] [kernel::task::loader] [CPU0] Segment: vaddr=20c000 exec=false
[40622769594] [[35mTRACE[0m] [kernel::task::loader] [CPU0] Segment: vaddr=20e000 exec=false
[40624637295] [[34mDEBUG[0m] [kernel::task::loader] [CPU0] LOADER: TLS block: tp=0x210000 filesz=0 memsz=0 align=1
[40638100767] [[34mDEBUG[0m] [bran::arch::x86_64::task] [CPU0] INIT KERNEL CTX: entry=0xffffffff800532f0 kstack_top=0xffffffffb01e09a0 arg=0xffffffffb01431e0
[40639832277] [[34mDEBUG[0m] [kernel::sched] [CPU0] REGISTRY: Applying 1 deferred inserts
[40640491914] [[34mDEBUG[0m] [kernel::sched] [CPU0] REGISTRY: Inserting TID=14
[40641428421] [[34mDEBUG[0m] [kernel::sched] [CPU0] REGISTRY: Inserts applied
[40645504614] [[34mDEBUG[0m] [kernel::sched::spawn] [CPU0] SCHED: TID 14 �� task '/bin/clock' (pid=14 from boot module)
[40649430360] [[34mDEBUG[0m] [kernel::sched::spawn] [CPU2] USER_TRAMPOLINE: PC=0x200000 SP=0x800000 ARG0=0x0
[40650223284] [[34mDEBUG[0m] [bran::arch::x86_64] [CPU2] ENTER_USER: TID=14 entry_pc=200000 user_sp=800000
[40651572126] [[34mDEBUG[0m] [kernel::syscall::handlers::process] [CPU2] sys_auxv_get: tid=14 buf_len=0
[40653066993] [[34mDEBUG[0m] [kernel::syscall::handlers::process] [CPU2] sys_auxv_get: tid=14 buf_len=100
[40658151006] [[32mINFO [0m] [sprout::supervisor] [CPU0] SPROUT: Spawned clock (PID=14)
[40659063753] [[32mINFO [0m] [clock] [CPU2] clock: running at low scheduler priority tid=14
[40659436422] [[35mTRACE[0m] [kernel::syscall::handlers::vfs] [CPU1] VFS: sys_fs_open path='/run/bristle/pid' tid=10
[40663078137] [[35mTRACE[0m] [kernel::syscall::handlers::vfs] [CPU1] sys_fs_close: fd=18
[40663632669] [[35mTRACE[0m] [sprout::supervisor] [CPU0] SPROUT: Loop iteration: spawn_leaf_if_ready
[40665570396] [[34mDEBUG[0m] [kernel::ipc::handles] [CPU1] ALLOC_HANDLE: handle=5 port_id=PortId(7) mode=Write
[40668022065] [[34mDEBUG[0m] [kernel::task::loader] [CPU0] LOADER: Loading module '/bin/leaf' (len=97432, base=0x200000)
[40668096942] [[32mINFO [0m] [bloom::services::input_service] [CPU1] bloom: registered bristle pointer sink
[40669020678] [[35mTRACE[0m] [kernel::task::loader] [CPU0]   Header: [7f, 45, 4c, 46, 02, 01, 01, 00, 00, 00, 00, 00, 00, 00, 00, 00]
[40670096478] [[34mDEBUG[0m] [kernel::task::loader] [CPU0] LOADER: ELF info: entry=200000, min_vaddr=200000, bias=0, entry_pc=200000
[40670381763] [[34mDEBUG[0m] [kernel::vfs::provider] [CPU1] VFS_RPC: request op=DeviceCall len=48 tid=10
[40670920059] [[35mTRACE[0m] [kernel::task::loader] [CPU0] Segment: vaddr=200000 exec=true
[40672860690] [[35mTRACE[0m] [kernel::syscall::handlers::socket] [CPU2] RECVMSG: thing=3 data_len=22 caps_len=0 node=Pointer { addr: 0xffffffffb00f7270, metadata: DynMetadata(0xffffffff802c7ed0) }
[40673709483] [[35mTRACE[0m] [kernel::task::loader] [CPU0]   COPIED at 0x201420: [4e, 8b, 44, 24, 2c, 89, 44, 24]
[40677201477] [[32mINFO [0m] [bristle] [CPU2] bristle: bloom sink registered (handle=5 mask=0x03)
[40680063435] [[34mDEBUG[0m] [kernel::syscall::handlers::device] [CPU1] DEVICE: task 13 claimed device 'pci-0000:00:1f.2' (handle 1)
[40681867248] [[35mTRACE[0m] [kernel::task::loader] [CPU0] Segment: vaddr=20f000 exec=false
[40681918662] [[32mINFO [0m] [ahci_disk] [CPU1] AHCI: Claimed device /sys/devices/pci-0000:00:1f.2
[40682959053] [[32mINFO [0m] [clock] [CPU2] clock: connected to /run/wayland-0
[40683075114] [[34mDEBUG[0m] [kernel::syscall::handlers::device] [CPU1] DEVICE: mapping BAR5 (phys=0x80880000, size=0x1000) for task 13
[40684009806] [[35mTRACE[0m] [kernel::syscall::handlers::vfs] [CPU2] VFS: sys_fs_open path='/lib/libpistil.so' tid=14
[40684368285] [[34mDEBUG[0m] [kernel::syscall::handlers::device] [CPU1] DEVICE: Mapped BAR5 phys=0x80880000 size=0x1000 -> virt=0x1001e000
[40684648125] [[35mTRACE[0m] [kernel::task::loader] [CPU0] Segment: vaddr=212000 exec=false
[40686172428] [[34mDEBUG[0m] [kernel::task::loader] [CPU0] LOADER: TLS block: tp=0x213000 filesz=0 memsz=0 align=1
[40686954363] [[34mDEBUG[0m] [kernel::syscall::handlers::device] [CPU1] DEVICE: DMA alloc 1 pages phys=0x2f29000 -> user_va=0x1001f000
[40690935120] [[34mDEBUG[0m] [bran::arch::x86_64::task] [CPU0] INIT KERNEL CTX: entry=0xffffffff800532f0 kstack_top=0xffffffffb03286c0 arg=0xffffffffb013d780
[40691805396] [[34mDEBUG[0m] [kernel::ipc] [CPU1] CREATE_PORT: capacity=65536
[40692372567] [[34mDEBUG[0m] [kernel::ipc] [CPU1] CREATE_PORT: appended id=PortId(10)
[40692818166] [[34mDEBUG[0m] [kernel::sched] [CPU0] REGISTRY: Applying 1 deferred inserts
[40693064346] [[34mDEBUG[0m] [kernel::ipc::handles] [CPU1] ALLOC_HANDLE: handle=1 port_id=PortId(10) mode=Write
[40693470741] [[34mDEBUG[0m] [kernel::sched] [CPU0] REGISTRY: Inserting TID=15
[40693667256] [[34mDEBUG[0m] [kernel::ipc::handles] [CPU1] ALLOC_HANDLE: handle=2 port_id=PortId(10) mode=Read
[40694219016] [[34mDEBUG[0m] [kernel::sched] [CPU0] REGISTRY: Inserts applied
[40698301809] [[34mDEBUG[0m] [kernel::sched::spawn] [CPU0] SCHED: TID 15 → task '/bin/leaf' (pid=15 from boot module)
[40699735989] [[34mDEBUG[0m] [kernel::ipc] [CPU1] CREATE_PORT: capacity=262400
[40700128623] [[34mDEBUG[0m] [kernel::ipc] [CPU1] CREATE_PORT: appended id=PortId(11)
[40700684277] [[34mDEBUG[0m] [kernel::ipc::handles] [CPU1] ALLOC_HANDLE: handle=3 port_id=PortId(11) mode=Write
[40703845875] [[34mDEBUG[0m] [kernel::syscall::handlers::vfs] [CPU1] vfs: mounted userland provider at /dev/storage/atapi2 (flags: 0x0) port=0xffffffffb01ecf30
[40705039716] [[32mINFO [0m] [ahci_disk] [CPU1] AHCI: Mounted atapi2 at /dev/storage/atapi2
[40705860327] [[32mINFO [0m] [ahci_disk] [CPU1] AHCI: Provider loop online at /dev/storage/atapi2
[40719169623] [[34mDEBUG[0m] [cambium::spawn] [CPU1] CAMBIUM: launched driver /drivers/ahci_disk for pci-0000:00:1f.2 (entry='thingos_driver_start_safe', pid=13)
[40722835989] [[34mDEBUG[0m] [cambium::spawn] [CPU1] CAMBIUM: sent DRIVER_READY to Sprout (pid=5) for driver pid=13
[40724403159] [[34mDEBUG[0m] [cambium] [CPU1] CAMBIUM: discovered device slot=pci-0000:00:1f.3 kind=pci_device vendor=0x8086 device=0x2930 class=0x0c0500 present=true
[40725660393] [[34mDEBUG[0m] [cambium] [CPU1] CAMBIUM: discovered device slot=isa-0070 kind=dev.rtc.Cmos vendor=0x0000 device=0x0000 class=0x000000 present=true
[40726553142] [[32mINFO [0m] [sprout::supervisor] [CPU0] SPROUT: Spawned leaf (PID=15)
[40729214691] [[35mTRACE[0m] [kernel::syscall::handlers::vfs] [CPU1] VFS: sys_fs_open path='/sys/devices/isa-0070/status' tid=7
[40731545250] [[34mDEBUG[0m] [kernel::vfs::sysfs] [CPU1] sysfs: lookup path='devices/isa-0070/status'
[40733804463] [[34mDEBUG[0m] [kernel::vfs::sysfs] [CPU1] sysfs: matched device file 'isa-0070/status'
[40736946591] [[35mTRACE[0m] [kernel::syscall::handlers::vfs] [CPU1] sys_fs_close: fd=4
[40741069182] [[35mTRACE[0m] [sprout::supervisor] [CPU0] SPROUT: Loop iteration: tick complete
[40743783795] [[34mDEBUG[0m] [sprout::supervisor] [CPU0] SPROUT: ServiceLoop waiting for next event...
[40747112604] [[35mTRACE[0m] [kernel::syscall::handlers::socket] [CPU0] RECVMSG: thing=4 data_len=40 caps_len=0 node=Pointer { addr: 0xffffffffb00f91b0, metadata: DynMetadata(0xffffffff802c7ed0) }
[40748375184] [[34mDEBUG[0m] [kernel::sched::spawn] [CPU1] SPAWN: page cache miss for '/drivers/rtc_cmos', caching 45904 bytes
[40750057227] [[34mDEBUG[0m] [kernel::task::loader] [CPU1] LOADER: Loading module 'rtc_cmos' (len=45904, base=0x200000)
[40751109762] [[35mTRACE[0m] [kernel::task::loader] [CPU1]   Header: [7f, 45, 4c, 46, 02, 01, 01, 03, 00, 00, 00, 00, 00, 00, 00, 00]
[40753920405] [[34mDEBUG[0m] [kernel::task::loader] [CPU1] LOADER: ELF info: entry=200000, min_vaddr=200000, bias=0, entry_pc=200000
[40755006798] [[35mTRACE[0m] [kernel::task::loader] [CPU1] Segment: vaddr=200000 exec=true
[40757713095] [[35mTRACE[0m] [kernel::task::loader] [CPU1]   COPIED at 0x201420: [0f, 84, ea, 03, 00, 00, b8, 00]
[40757986599] [[34mDEBUG[0m] [sprout::supervisor] [CPU0] SPROUT: DRIVER_READY from PID 13 �� no matching ManagedTask (already exited?)
[40760350422] [[35mTRACE[0m] [kernel::task::loader] [CPU1] Segment: vaddr=206000 exec=false
[40761454899] [[35mTRACE[0m] [kernel::task::loader] [CPU1] Segment: vaddr=207000 exec=false
[40763787108] [[34mDEBUG[0m] [kernel::task::loader] [CPU1] LOADER: TLS block: tp=0x208000 filesz=0 memsz=0 align=1
[40766111100] [[34mDEBUG[0m] [sprout::supervisor] [CPU0] SPROUT: ServiceLoop waiting for next event...
[40770442086] [[34mDEBUG[0m] [kernel::sched::spawn] [CPU1] SPAWN: driver entrypoint override 'thingos_driver_start_safe' => VA 0x201000 + bias 0x0 = PC 0x201000
[40771235043] [[34mDEBUG[0m] [kernel::sched::spawn] [CPU1] SPAWN_FROM_PATH: Starting Phase 1 for /drivers/rtc_cmos
[40772185641] [[34mDEBUG[0m] [bran::arch::x86_64::task] [CPU1] INIT KERNEL CTX: entry=0xffffffff800532f0 kstack_top=0xffffffffb0363a20 arg=0xffffffffb01f75c0
[40774818942] [[34mDEBUG[0m] [kernel::sched::spawn] [CPU1] SPAWN_FROM_PATH: Phase 1 complete, ID=16, applying inserts
[40775628366] [[34mDEBUG[0m] [kernel::sched] [CPU1] REGISTRY: Applying 1 deferred inserts
[40776307605] [[34mDEBUG[0m] [kernel::sched] [CPU1] REGISTRY: Inserting TID=16
[40776974568] [[34mDEBUG[0m] [kernel::sched] [CPU1] REGISTRY: Inserts applied
[40777993641] [[34mDEBUG[0m] [kernel::sched::spawn] [CPU1] SPAWN_FROM_PATH: Inserts applied, entering Phase 2
[40782457287] [[34mDEBUG[0m] [kernel::sched::spawn] [CPU1] SETUP_STDIO: stdin=Inherit stdout=Inherit stderr=Inherit
[40789472757] [[34mDEBUG[0m] [kernel::sched::spawn] [CPU1] SPAWN_FROM_PATH: Phase 2 complete, waking task 16
[40791386493] [[34mDEBUG[0m] [kernel::sched::spawn] [CPU1] SPAWN_FROM_PATH: Task 16 woken, restoring IRQs
[40792611585] [[34mDEBUG[0m] [kernel::sched::spawn] [CPU1] SPAWN_FROM_PATH: Done for /drivers/rtc_cmos
[40793440545] [[34mDEBUG[0m] [kernel::syscall::handlers::process] [CPU1] SYSCALL SPAWN_PROCESS_EX: name='/drivers/rtc_cmos' TID=16 PID=16
[40797859641] [[34mDEBUG[0m] [kernel::sched::spawn] [CPU1] USER_TRAMPOLINE: PC=0x201000 SP=0x800000 ARG0=0x4
[40799053647] [[34mDEBUG[0m] [bran::arch::x86_64] [CPU1] ENTER_USER: TID=16 entry_pc=201000 user_sp=800000
[40800433806] [[34mDEBUG[0m] [kernel::syscall::handlers::process] [CPU1] sys_auxv_get: tid=16 buf_len=0
[40802158089] [[34mDEBUG[0m] [kernel::syscall::handlers::process] [CPU1] sys_auxv_get: tid=16 buf_len=100
[40806694764] [[34mDEBUG[0m] [rtc_cmos] [CPU1] whoami: cs=0x2b ss=0x23 cpl=3 rsp=0x7ffef0 rip=0x201c27 rflags=0x206
[40807848543] [[34mDEBUG[0m] [rtc_cmos] [CPU1] Starting... arg=4
[40831412556] [[34mDEBUG[0m] [kernel::syscall::handlers::device] [CPU1] DEVICE: task 16 claimed device 'isa-0070' (handle 2)
[40833772782] [[32mINFO [0m] [rtc_cmos] [CPU1] RTC: claimed /sys/devices/isa-0070 (handle=2)
[40842613647] [[34mDEBUG[0m] [kernel::sched::spawn] [CPU3] USER_TRAMPOLINE: PC=0x200000 SP=0x800000 ARG0=0x0
[40843584309] [[34mDEBUG[0m] [bran::arch::x86_64] [CPU3] ENTER_USER: TID=15 entry_pc=200000 user_sp=800000
[40845352482] [[34mDEBUG[0m] [kernel::syscall::handlers::process] [CPU3] sys_auxv_get: tid=15 buf_len=0
[40846859658] [[34mDEBUG[0m] [kernel::syscall::handlers::process] [CPU3] sys_auxv_get: tid=15 buf_len=100
[40850643339] [[32mINFO [0m] [leaf::thingos_app] [CPU3] leaf: starting
[40851928755] [[35mTRACE[0m] [kernel::syscall::handlers::vfs] [CPU3] VFS: sys_fs_open path='/share/fonts/unifont.hex' tid=15
[40857107115] [[35mTRACE[0m] [kernel::syscall::handlers::vfs] [CPU3] sys_fs_close: fd=7
[40861037514] [[32mINFO [0m] [rtc_cmos] [CPU1] RTC: 2026-05-01 22:02:08 = 1777672928 unix_secs
[40862569044] [[32mINFO [0m] [kernel::time] [CPU1] System clock anchored: unix_secs=1777672928, mono_ns=20431072579, offset=1777672907568927421ns
[40863503472] [[32mINFO [0m] [rtc_cmos] [CPU1] RTC: System clock anchored to 1777672928 unix_secs
[40864571748] [[34mDEBUG[0m] [rtc_cmos] [CPU1] RTC: Entering maintenance loop.
[40866850596] [[34mDEBUG[0m] [cambium::spawn] [CPU1] CAMBIUM: launched driver /drivers/rtc_cmos for isa-0070 (entry='thingos_driver_start_safe', pid=16)
[40869199734] [[34mDEBUG[0m] [cambium::spawn] [CPU1] CAMBIUM: sent DRIVER_READY to Sprout (pid=5) for driver pid=16


[!!!] KILLED DUE TO SILENCE AT 2026-05-01T15:02:24.102232
