    Finished `dev` profile [unoptimized + debuginfo] target(s) in 0.34s
     Running `target/debug/xtask run --env x86_64 --profile dev --loglevel 5 -i --qemu-flags '-m 2G -smp 4 -display none -qmp unix:/tmp/freeze-hunter-0004-z2o0s8pr/qmp.sock,server=on,wait=off'`
==> Fetching Limine...
    Limine repo already exists, skipping clone.
    Limine artifacts and tool already present, skipping build.
    Limine ready.
==> Fetching OVMF...
    OVMF artifacts already present, skipping.
==> Fetching Fonts...
==> Fetching Icons...
    -> Tango
    Tango icon set already exists.
    -> Chicago95
       Chicago95 icon set already exists.
==> Fetching Cursors...
    Plain Cursors already exist.
==> Fetching Unifont...
    unifont.hex already exists.
==> Fetching Lucide Icons...
    Generated boot_progress_icons.rs
==> Fetching pci.ids...
    pci.ids already exists.
Limine already present, skipping clone.
Building bran kernel for x86_64 (dev profile)...
$ cargo build --target x86_64-unknown-none --profile dev -p bran
   Compiling kernel v0.1.0 (/home/dancxjo/src/thingos/thingos/kernel)
   Compiling bran v0.1.0 (/home/dancxjo/src/thingos/thingos/bran)
    Finished `dev` profile [unoptimized + debuginfo] target(s) in 1.42s
Kernel built: thingos/bran/bin-x86_64/kernel
rustc-thingos: cache hit, reusing target/rustc-thingos/rustc
Building ISO thing-os-x86_64-1777661349-669500451.iso...
$ cp -r assets iso_root_669500451/share
ISO: Using kernel from thingos/bran/bin-x86_64/kernel
$ file thingos/bran/bin-x86_64/kernel
thingos/bran/bin-x86_64/kernel: ELF 64-bit LSB executable, x86-64, version 1 (SYSV), statically linked, with debug_info, not stripped
Building 101 userspace programs (8 build vines)...
Building sprout ...
Building bristle ...
$ cargo -Z build-std=core,alloc,std,panic_abort -Z build-std-features=compiler-builtins-mem -Z json-target-spec build --target /home/dancxjo/src/thingos/targets/x86_64-unknown-thingos.json --profile release -p bristle
Building hwrng ...
$ cargo -Z build-std=core,alloc,std,panic_abort -Z build-std-features=compiler-builtins-mem -Z json-target-spec build --target /home/dancxjo/src/thingos/targets/x86_64-unknown-thingos.json --profile release -p sprout --features diagnostic-apps
$ cargo -Z build-std=core,alloc,std,panic_abort -Z build-std-features=compiler-builtins-mem -Z json-target-spec build --target /home/dancxjo/src/thingos/targets/x86_64-unknown-thingos.json --profile release -p hwrng
Building ps2_kbd ...
$ cargo -Z build-std=core,alloc,std,panic_abort -Z build-std-features=compiler-builtins-mem -Z json-target-spec build --target /home/dancxjo/src/thingos/targets/x86_64-unknown-thingos.json --profile release -p ps2_kbd
Building sh ...
$ cargo -Z build-std=core,alloc,std,panic_abort -Z build-std-features=compiler-builtins-mem -Z json-target-spec build --target /home/dancxjo/src/thingos/targets/x86_64-unknown-thingos.json --profile release -p sh
Building rtc_cmos ...
$ cargo -Z build-std=core,alloc,std,panic_abort -Z build-std-features=compiler-builtins-mem -ZBuilding ls ...
Building lsusb ...
 json-target-spec build --target /home/dancxjo/src/thingos/targets/x86_64-unknown-thingos.json --profile release -p rtc_cmos
$ cargo -Z build-std=core,alloc,std,panic_abort -Z build-std-features=compiler-builtins-mem -Z json-target-spec build --target /home/dancxjo/src/thingos/targets/x86_64-unknown-thingos.json --profile release -p ls
$ cargo -Z build-std=core,alloc,std,panic_abort -Z build-std-features=compiler-builtins-mem -Z json-target-spec build --target /home/dancxjo/src/thingos/targets/x86_64-unknown-thingos.json --profile release -p lsusb
    Blocking waiting for file lock on package cache
    Blocking waiting for file lock on package cache
    Blocking waiting for file lock on package cache
    Blocking waiting for file lock on package cache
    Blocking waiting for file lock on package cache
    Blocking waiting for file lock on package cache
    Blocking waiting for file lock on package cache
    Blocking waiting for file lock on package cache
    Blocking waiting for file lock on package cache
    Blocking waiting for file lock on package cache
    Blocking waiting for file lock on package cache
    Blocking waiting for file lock on package cache
    Blocking waiting for file lock on package cache
    Blocking waiting for file lock on package cache
    Blocking waiting for file lock on package cache
    Blocking waiting for file lock on package cache
    Blocking waiting for file lock on package cache
    Blocking waiting for file lock on package cache
    Blocking waiting for file lock on package cache
    Blocking waiting for file lock on package cache
    Blocking waiting for file lock on package cache
    Blocking waiting for file lock on package cache
    Blocking waiting for file lock on package cache
    Blocking waiting for file lock on package cache
    Blocking waiting for file lock on package cache
    Blocking waiting for file lock on package cache
    Blocking waiting for file lock on package cache
    Blocking waiting for file lock on package cache
    Blocking waiting for file lock on package cache
    Blocking waiting for file lock on package cache
    Blocking waiting for file lock on package cache
    Blocking waiting for file lock on package cache
    Blocking waiting for file lock on package cache
    Blocking waiting for file lock on package cache
    Blocking waiting for file lock on package cache
    Blocking waiting for file lock on package cache
    Blocking waiting for file lock on package cache
    Blocking waiting for file lock on package cache
    Blocking waiting for file lock on package cache
    Blocking waiting for file lock on package cache
    Blocking waiting for file lock on package cache
    Blocking waiting for file lock on package cache
    Blocking waiting for file lock on package cache
    Blocking waiting for file lock on package cache
    Blocking waiting for file lock on package cache
    Blocking waiting for file lock on package cache
    Blocking waiting for file lock on package cache
    Blocking waiting for file lock on artifact directory
    Blocking waiting for file lock on artifact directory
    Blocking waiting for file lock on artifact directory
    Blocking waiting for file lock on artifact directory
    Blocking waiting for file lock on artifact directory
    Blocking waiting for file lock on artifact directory
    Blocking waiting for file lock on artifact directory
    Finished `release` profile [optimized] target(s) in 1.41s
    Finished `release` profile [optimized] target(s) in 1.39s
    Finished `release` profile [optimized] target(s) in 1.42s
    Finished `release` profile [optimized] target(s) in 1.42s
    Finished `release` profile [optimized] target(s) in 1.40s
    Finished `release` profile [optimized] target(s) in 1.46s
    Finished `release` profile [optimized] target(s) in 1.47s
    Finished `release` profile [optimized] target(s) in 1.45s
Building lspci ...
Building ln ...
Building ps ...
Building kill ...
$ cargo -Z build-std=core,alloc,std,panic_abort -Z build-std-features=compiler-builtins-mem -Z json-target-spec buildBuilding killall ...
 --target /home/dancxjo/src/thingos/targets/x86_64-unknown-thingos.json --profile release -p lspci
$ cargo -ZBuilding cat ...
 build-std=core,alloc,std,panic_abort -ZBuilding head ...
 build-std-features=compiler-builtins-mem -Z json-target-spec build --target /home/dancxjo/src/thingos/targets/x86_64-unknown-thingos.json --profile release -pBuilding tail ...
 killall
$ cargo -Z build-std=core,alloc,std,panic_abort -Z build-std-features=compiler-builtins-mem -Z json-target-spec build --target /home/dancxjo/src/thingos/targets/x86_64-unknown-thingos.json --profile release -p ps
$ cargo -Z build-std=core,alloc,std,panic_abort -Z build-std-features=compiler-builtins-mem -Z json-target-spec build --target /home/dancxjo/src/thingos/targets/x86_64-unknown-thingos.json --profile release -p kill
$ cargo -Z build-std=core,alloc,std,panic_abort -Z build-std-features=compiler-builtins-mem -Z json-target-spec build --target /home/dancxjo/src/thingos/targets/x86_64-unknown-thingos.json --profile release -p ln
$ cargo -Z build-std=core,alloc,std,panic_abort -Z build-std-features=compiler-builtins-mem -Z json-target-spec build --target /home/dancxjo/src/thingos/targets/x86_64-unknown-thingos.json --profile release -p head
$ cargo -Z build-std=core,alloc,std,panic_abort -Z build-std-features=compiler-builtins-mem -Z json-target-spec build --target /home/dancxjo/src/thingos/targets/x86_64-unknown-thingos.json --profile release -p cat
$ cargo -Z build-std=core,alloc,std,panic_abort -Z build-std-features=compiler-builtins-mem -Z json-target-spec build --target /home/dancxjo/src/thingos/targets/x86_64-unknown-thingos.json --profile release -p tail
    Blocking waiting for file lock on package cache
    Blocking    Blocking waiting for file lock on package cache
 waiting for file lock on package cache
    Blocking waiting for file lock on package cache
    Blocking waiting for file lock on package cache
    Blocking waiting for file lock on package cache
    Blocking waiting for file lock on package cache
    Blocking waiting for file lock on package cache
    Blocking waiting for file lock on package cache
    Blocking waiting for file lock on package cache
    Blocking waiting for file lock on package cache
    Blocking waiting for file lock on package cache
    Blocking waiting for file lock on package cache
    Blocking waiting for file lock on package cache
    Blocking waiting for file lock on package cache
    Blocking waiting for file lock on package cache
    Blocking waiting for file lock on package cache
    Blocking waiting for file lock on package cache
    Blocking waiting for file lock on package cache
    Blocking waiting for file lock on package cache
    Blocking waiting for file lock on package cache
    Blocking waiting for file lock on package cache
    Blocking waiting for file lock on package cache
    Blocking waiting for file lock on package cache
    Blocking waiting for file lock on package cache
    Blocking waiting for file lock on package cache
    Blocking waiting for file lock on package cache
    Blocking waiting for file lock on package cache
    Blocking waiting for file lock on package cache
    Blocking waiting for file lock on package cache
    Blocking waiting for file lock on package cache
    Blocking waiting for file lock on package cache
    Blocking waiting for file lock on package cache
    Blocking waiting for file lock on package cache
    Blocking waiting for file lock on package cache
    Blocking waiting for file lock on package cache
    Blocking waiting for file lock on package cache
    Blocking waiting for file lock on package cache
    Blocking waiting for file lock on package cache
    Blocking waiting for file lock on package cache
    Blocking waiting for file lock on package cache
    Blocking waiting for file lock on package cache
    Blocking waiting for file lock on package cache
    Blocking waiting for file lock on package cache
    Blocking waiting for file lock on package cache
    Blocking waiting for file lock on package cache
    Blocking waiting for file lock on package cache
    Blocking waiting for file lock on package cache
    Blocking waiting for file lock on package cache
    Blocking waiting for file lock on package cache
    Blocking waiting for file lock on package cache
    Blocking waiting for file lock on shared package cache
    Blocking waiting for file lock on artifact directory
    Blocking waiting for file lock on artifact directory
    Blocking waiting for file lock on artifact directory
    Blocking waiting for file lock on artifact directory
    Blocking waiting for file lock on artifact directory
    Blocking waiting for file lock on artifact directory
    Blocking waiting for file lock on artifact directory
    Finished `release` profile [optimized] target(s) in 1.16s
    Finished `release` profile [optimized] target(s) in 1.16s
    Finished `release` profile [optimized] target(s) in 1.18s
    Finished `release` profile [optimized] target(s) in 1.19s
    Finished `release` profile [optimized] target(s) in 1.17s
    Finished `release` profile [optimized] target(s) in 1.21s
    Finished `release` profile [optimized] target(s) in 1.22s
    Finished `release` profile [optimized] target(s) in 1.24s
Building top ...
Building wc ...
Building yes ...
$ cargo -Z build-std=core,alloc,std,panic_abort -Z build-std-features=compiler-builtins-mem -Z json-target-spec build --target /home/dancxjo/src/thingos/targets/x86_64-unknown-thingos.json --profile release -p wc
Building rm ...
Building which ...
Building cp ...
$ cargo -Z build-std=core,alloc,std,panic_abort -Z build-std-features=compiler-builtins-mem -Z json-target-spec build --target /home/dancxjo/src/thingos/targets/x86_64-unknown-thingos.json --profile release -p rm
$ cargo -Z build-std=core,alloc,std,panic_abort -Z build-std-features=compiler-builtins-mem -Z json-target-spec buildBuilding mv ...
 --target /home/dancxjo/src/thingos/targets/x86_64-unknown-thingos.json --profile release -p yes
$ cargo -Z build-std=core,alloc,std,panic_abort -Z build-std-features=compiler-builtins-mem -Z json-target-spec build --target /home/dancxjo/src/thingos/targets/x86_64-unknown-thingos.json --profile release -p mv
$ cargo -Z build-std=core,alloc,std,panic_abort -Z build-std-features=compiler-builtins-mem -Z json-target-spec build --target /home/dancxjo/src/thingos/targets/x86_64-unknown-thingos.json --profile release -p which
Building rmdir ...
$ cargo -Z build-std=core,alloc,std,panic_abort -Z build-std-features=compiler-builtins-mem -Z json-target-spec build --target /home/dancxjo/src/thingos/targets/x86_64-unknown-thingos.json --profile release -p rmdir
$ cargo -Z build-std=core,alloc,std,panic_abort -Z build-std-features=compiler-builtins-mem -Z json-target-spec build --target /home/dancxjo/src/thingos/targets/x86_64-unknown-thingos.json --profile release -p top
$ cargo -Z build-std=core,alloc,std,panic_abort -Z build-std-features=compiler-builtins-mem -Z json-target-spec build --target /home/dancxjo/src/thingos/targets/x86_64-unknown-thingos.json --profile release -p cp
    Blocking waiting for file lock on package cache
    Blocking waiting for file lock on package cache
    Blocking waiting for file lock on package cache
    Blocking waiting for file lock on package cache
    Blocking waiting for file lock on package cache
    Blocking waiting for file lock on package cache
    Blocking waiting for file lock on package cache
    Blocking waiting for file lock on package cache
    Blocking waiting for file lock on package cache
    Blocking waiting for file lock on package cache
    Blocking waiting for file lock on package cache
    Blocking waiting for file lock on package cache
    Blocking waiting for file lock on package cache
    Blocking waiting for file lock on package cache
    Blocking waiting for file lock on package cache
    Blocking waiting for file lock on package cache
    Blocking waiting for file lock on package cache
    Blocking waiting for file lock on package cache
    Blocking waiting for file lock on package cache
    Blocking waiting for file lock on package cache
    Blocking waiting for file lock on package cache
    Blocking waiting for file lock on package cache
    Blocking waiting for file lock on package cache
    Blocking waiting for file lock on package cache
    Blocking waiting for file lock on package cache
    Blocking waiting for file lock on package cache
    Blocking waiting for file lock on package cache
    Blocking waiting for file lock on package cache
    Blocking waiting for file lock on package cache
    Blocking waiting for file lock on package cache
    Blocking waiting for file lock on package cache
    Blocking waiting for file lock on package cache
    Blocking waiting for file lock on package cache
    Blocking waiting for file lock on package cache
    Blocking waiting for file lock on package cache
    Blocking waiting for file lock on package cache
    Blocking waiting for file lock on package cache
    Blocking waiting for file lock on package cache
    Blocking waiting for file lock on package cache
    Blocking waiting for file lock on package cache
    Blocking waiting for file lock on package cache
    Blocking waiting for file lock on package cache
    Blocking waiting for file lock on package cache
    Blocking waiting for file lock on package cache
    Blocking waiting for file lock on package cache
    Blocking waiting for file lock on package cache
    Blocking waiting for file lock on package cache
    Blocking waiting for file lock on package cache
    Blocking waiting for file lock on artifact directory
    Blocking waiting for file lock on artifact directory
    Blocking waiting for file lock on artifact directory
    Blocking waiting for file lock on artifact directory
    Blocking waiting for file lock on artifact directory
    Blocking waiting for file lock on artifact directory
    Blocking waiting for file lock on artifact directory
    Finished `release` profile [optimized] target(s) in 1.20s
    Finished `release` profile [optimized] target(s) in 1.21s
    Finished `release` profile [optimized] target(s) in 1.20s
    Finished `release` profile [optimized] target(s) in 1.23s
    Finished `release` profile [optimized] target(s) in 1.24s
    Finished `release` profile [optimized] target(s) in 1.24s
    Finished `release` profile [optimized] target(s) in 1.27s
    Finished `release` profile [optimized] target(s) in 1.28s
Building mkdir ...
Building mount ...
Building echo ...
Building printf ...
$ cargo -Z build-std=core,alloc,std,panic_abort -Z build-std-features=compiler-builtins-mem -Z json-target-spec build --targetBuilding grep ...
 /home/dancxjo/src/thingos/targets/x86_64-unknown-thingos.json --profile release -pBuilding pwd ...
 echo
$ cargo -Z build-std=core,alloc,std,panic_abort Building touch ...
-Z Building setshell ...
build-std-features=compiler-builtins-mem -Z json-target-spec build --target /home/dancxjo/src/thingos/targets/x86_64-unknown-thingos.json --profile release -p mount
$ cargo -Z build-std=core,alloc,std,panic_abort -Z build-std-features=compiler-builtins-mem -Z json-target-spec build --target /home/dancxjo/src/thingos/targets/x86_64-unknown-thingos.json --profile release -p mkdir
$ cargo -Z build-std=core,alloc,std,panic_abort -Z build-std-features=compiler-builtins-mem -Z json-target-spec build --target /home/dancxjo/src/thingos/targets/x86_64-unknown-thingos.json --profile release -p printf
$ cargo -Z build-std=core,alloc,std,panic_abort -Z build-std-features=compiler-builtins-mem -Z json-target-spec build --target /home/dancxjo/src/thingos/targets/x86_64-unknown-thingos.json --profile release -p pwd
$ cargo -Z build-std=core,alloc,std,panic_abort -Z build-std-features=compiler-builtins-mem -Z json-target-spec build --target /home/dancxjo/src/thingos/targets/x86_64-unknown-thingos.json --profile release -p grep
$ cargo -Z build-std=core,alloc,std,panic_abort -Z build-std-features=compiler-builtins-mem -Z json-target-spec build --target /home/dancxjo/src/thingos/targets/x86_64-unknown-thingos.json --profile release -p touch
$ cargo -Z build-std=core,alloc,std,panic_abort -Z build-std-features=compiler-builtins-mem -Z json-target-spec build --target /home/dancxjo/src/thingos/targets/x86_64-unknown-thingos.json --profile release -p setshell
    Blocking waiting for file lock on package cache
    Blocking waiting for file lock on package cache
    Blocking waiting for file lock on package cache
    Blocking waiting for file lock on package cache
    Blocking waiting for file lock on package cache
    Blocking waiting for file lock on package cache
    Blocking waiting for file lock on package cache
    Blocking waiting for file lock on package cache
    Blocking waiting for file lock on package cache
    Blocking waiting for file lock on package cache
    Blocking waiting for file lock on package cache
    Blocking waiting for file lock on package cache
    Blocking waiting for file lock on package cache
    Blocking waiting for file lock on package cache
    Blocking waiting for file lock on package cache
    Blocking waiting for file lock on package cache
    Blocking waiting for file lock on package cache
    Blocking waiting for file lock on package cache
    Blocking waiting for file lock on package cache
    Blocking waiting for file lock on package cache
    Blocking waiting for file lock on package cache
    Blocking waiting for file lock on package cache
    Blocking waiting for file lock on package cache
    Blocking waiting for file lock on package cache
    Blocking waiting for file lock on package cache
    Blocking waiting for file lock on package cache
    Blocking waiting for file lock on package cache
    Blocking waiting for file lock on package cache
    Blocking waiting for file lock on package cache
    Blocking waiting for file lock on package cache
    Blocking waiting for file lock on package cache
    Blocking waiting for file lock on package cache
    Blocking waiting for file lock on package cache
    Blocking waiting for file lock on package cache
    Blocking waiting for file lock on package cache
    Blocking waiting for file lock on package cache
    Blocking waiting for file lock on package cache
    Blocking waiting for file lock on package cache
    Blocking waiting for file lock on package cache
    Blocking waiting for file lock on package cache
    Blocking waiting for file lock on package cache
    Blocking waiting for file lock on package cache
    Blocking waiting for file lock on package cache
    Blocking waiting for file lock on package cache
    Blocking waiting for file lock on package cache
    Blocking waiting for file lock on package cache
    Blocking waiting for file lock on package cache
    Blocking    Blocking waiting for file lock on shared package cache
 waiting for file lock on shared package cache
    Blocking waiting for file lock on shared package cache
    Blocking waiting for file lock on shared package cache
    Blocking waiting for file lock on shared package cache
    Blocking waiting for file lock on artifact directory
    Blocking waiting for file lock on artifact directory
    Blocking waiting for file lock on artifact directory
    Blocking waiting for file lock on artifact directory
    Blocking waiting for file lock on artifact directory
    Blocking waiting for file lock on artifact directory
    Blocking waiting for file lock on artifact directory
    Finished `release` profile [optimized] target(s) in 1.11s
    Finished `release` profile [optimized] target(s) in 1.12s
    Finished `release` profile [optimized] target(s) in 1.13s
    Finished `release` profile [optimized] target(s) in 1.14s
    Finished `release` profile [optimized] target(s) in 1.15s
    Finished `release` profile [optimized] target(s) in 1.13s
    Finished `release` profile [optimized] target(s) in 1.17s
    Finished `release` profile [optimized] target(s) in 1.18s
Building dmesg ...
Building stat ...
Building file ...
$ Building dirname ...
cargo -Z build-std=core,alloc,std,panic_abort -Z build-std-features=compiler-builtins-mem -ZBuilding basename ...
 json-target-spec build --target /home/dancxjo/src/thingos/targets/x86_64-unknown-thingos.json --profile release -p dmesg
Building sleep ...
$ cargo -Z build-std=core,alloc,std,panic_abort -Z build-std-features=compiler-builtins-mem -Z json-target-spec build --target /home/dancxjo/src/thingos/targets/x86_64-unknown-thingos.json --profile releaseBuilding sort ...
 -p stat
$ cargo -Z build-std=core,alloc,std,panic_abort -Z Building env ...
build-std-features=compiler-builtins-mem -Z json-target-spec build --target /home/dancxjo/src/thingos/targets/x86_64-unknown-thingos.json --profile release -p file
$ cargo -Z build-std=core,alloc,std,panic_abort -Z build-std-features=compiler-builtins-mem -Z json-target-spec build --target /home/dancxjo/src/thingos/targets/x86_64-unknown-thingos.json --profile release -p dirname
$ cargo -Z build-std=core,alloc,std,panic_abort -Z build-std-features=compiler-builtins-mem -Z json-target-spec build --target /home/dancxjo/src/thingos/targets/x86_64-unknown-thingos.json --profile release -p basename
$ cargo -Z build-std=core,alloc,std,panic_abort -Z build-std-features=compiler-builtins-mem -Z json-target-spec build --target /home/dancxjo/src/thingos/targets/x86_64-unknown-thingos.json --profile release -p sleep
$ cargo -Z build-std=core,alloc,std,panic_abort -Z build-std-features=compiler-builtins-mem -Z json-target-spec build --target /home/dancxjo/src/thingos/targets/x86_64-unknown-thingos.json --profile release -p sort
$ cargo -Z build-std=core,alloc,std,panic_abort -Z build-std-features=compiler-builtins-mem -Z json-target-spec build --target /home/dancxjo/src/thingos/targets/x86_64-unknown-thingos.json --profile release -p env
    Blocking waiting for file lock on package cache
    Blocking waiting for file lock on package cache
    Blocking waiting for file lock on package cache
    Blocking waiting for file lock on package cache
    Blocking waiting for file lock on package cache
    Blocking waiting for file lock on package cache
    Blocking waiting for file lock on package cache
    Blocking waiting for file lock on package cache
    Blocking waiting for file lock on package cache
    Blocking waiting for file lock on package cache
    Blocking waiting for file lock on package cache
    Blocking waiting for file lock on package cache
    Blocking waiting for file lock on package cache
    Blocking waiting for file lock on package cache
    Blocking waiting for file lock on package cache
    Blocking waiting for file lock on package cache
    Blocking waiting for file lock on package cache
    Blocking waiting for file lock on package cache
    Blocking waiting for file lock on package cache
    Blocking waiting for file lock on package cache
    Blocking waiting for file lock on package cache
    Blocking waiting for file lock on package cache
    Blocking waiting for file lock on package cache
    Blocking waiting for file lock on package cache
    Blocking waiting for file lock on package cache
    Blocking waiting for file lock on package cache
    Blocking waiting for file lock on package cache
    Blocking waiting for file lock on package cache
    Blocking waiting for file lock on package cache
    Blocking waiting for file lock on package cache
    Blocking waiting for file lock on package cache
    Blocking waiting for file lock on package cache
    Blocking waiting for file lock on package cache
    Blocking waiting for file lock on package cache
    Blocking waiting for file lock on package cache
    Blocking waiting for file lock on package cache
    Blocking waiting for file lock on package cache
    Blocking waiting for file lock on package cache
    Blocking waiting for file lock on package cache
    Blocking waiting for file lock on package cache
    Blocking waiting for file lock on package cache
    Blocking waiting for file lock on package cache
    Blocking waiting for file lock on package cache
    Blocking waiting for file lock on package cache
    Blocking waiting for file lock on package cache
    Blocking waiting for file lock on artifact directory
    Blocking waiting for file lock on artifact directory
    Finished `release` profile [optimized] target(s) in 1.10s
    Blocking waiting for file lock on artifact directory
    Blocking waiting for file lock on artifact directory
    Blocking waiting for file lock on artifact directory
    Blocking waiting for file lock on artifact directory
    Blocking waiting for file lock on artifact directory
    Finished `release` profile [optimized] target(s) in 1.11s
    Finished `release` profile [optimized] target(s) in 1.12s
    Finished `release` profile [optimized] target(s) in 1.13s
    Finished `release` profile [optimized] target(s) in 1.14s
    Finished `release` profile [optimized] target(s) in 1.16s
    Finished `release` profile [optimized] target(s) in 1.16s
    Finished `release` profile [optimized] target(s) in 1.18s
Building uname ...
Building true ...
Building false ...
$ cargo -Z build-std=core,alloc,std,panic_abort -ZBuilding input_echo ...
 build-std-features=compiler-builtins-mem -Z json-target-spec build --target /home/dancxjo/src/thingos/targets/x86_64-unknown-thingos.json --profileBuilding ps2_mouse ...
 release -p uname
Building display_bootfb ...
$ cargo -Z build-std=core,alloc,std,panic_abort -Z build-std-features=compiler-builtins-mem -Z json-target-spec build --target /home/dancxjo/src/thingos/targets/x86_64-unknown-thingos.json --profile release Building display_virtio_gpu ...
-p true
$ cargo -Z build-std=core,alloc,std,panic_abort -ZBuilding cambium ...
 build-std-features=compiler-builtins-mem -Z json-target-spec build --target /home/dancxjo/src/thingos/targets/x86_64-unknown-thingos.json --profile release -p input_echo
$ cargo -Z build-std=core,alloc,std,panic_abort -Z build-std-features=compiler-builtins-mem -Z json-target-spec build --target /home/dancxjo/src/thingos/targets/x86_64-unknown-thingos.json --profile release -p false
$ cargo -Z build-std=core,alloc,std,panic_abort -Z build-std-features=compiler-builtins-mem -Z json-target-spec build --target /home/dancxjo/src/thingos/targets/x86_64-unknown-thingos.json --profile release -p ps2_mouse
$ cargo -Z build-std=core,alloc,std,panic_abort -Z build-std-features=compiler-builtins-mem -Z json-target-spec build --target /home/dancxjo/src/thingos/targets/x86_64-unknown-thingos.json --profile release -p display_bootfb
$ cargo -Z build-std=core,alloc,std,panic_abort -Z build-std-features=compiler-builtins-mem -Z json-target-spec build --target /home/dancxjo/src/thingos/targets/x86_64-unknown-thingos.json --profile release -p display_virtio_gpu
$ cargo -Z build-std=core,alloc,std,panic_abort -Z build-std-features=compiler-builtins-mem -Z json-target-spec build --target /home/dancxjo/src/thingos/targets/x86_64-unknown-thingos.json --profile release -p cambium
    Blocking waiting for file lock on package cache
    Blocking waiting for file lock on package cache
    Blocking waiting for file lock on package cache
    Blocking waiting for file lock on package cache
    Blocking waiting for file lock on package cache
    Blocking waiting for file lock on package cache
    Blocking waiting for file lock on package cache
    Blocking waiting for file lock on package cache
    Blocking waiting for file lock on package cache
    Blocking waiting for file lock on package cache
    Blocking waiting for file lock on package cache
    Blocking waiting for file lock on package cache
    Blocking waiting for file lock on package cache
    Blocking waiting for file lock on package cache
    Blocking waiting for file lock on package cache
    Blocking waiting for file lock on package cache
    Blocking waiting for file lock on package cache
    Blocking waiting for file lock on package cache
    Blocking waiting for file lock on package cache
    Blocking waiting for file lock on package cache
    Blocking waiting for file lock on package cache
    Blocking waiting for file lock on package cache
    Blocking waiting for file lock on package cache
    Blocking waiting for file lock on package cache
    Blocking waiting for file lock on package cache
    Blocking waiting for file lock on package cache
    Blocking waiting for file lock on package cache
    Blocking waiting for file lock on package cache
    Blocking waiting for file lock on package cache
    Blocking waiting for file lock on package cache
    Blocking waiting for file lock on package cache
    Blocking waiting for file lock on package cache
    Blocking waiting for file lock on package cache
    Blocking waiting for file lock on package cache
    Blocking waiting for file lock on package cache
    Blocking waiting for file lock on package cache
    Blocking waiting for file lock on package cache
    Blocking waiting for file lock on package cache
    Blocking waiting for file lock on package cache
    Blocking waiting for file lock on package cache
    Blocking waiting for file lock on package cache
    Blocking waiting for file lock on package cache
    Blocking waiting for file lock on package cache
    Blocking waiting for file lock on package cache
    Blocking waiting for file lock on package cache
    Blocking waiting for file lock on package cache
    Blocking waiting for file lock on package cache
    Blocking waiting for file lock on package cache
    Blocking waiting for file lock on shared package cache
    Blocking waiting for file lock on artifact directory
    Blocking waiting for file lock on artifact directory
    Blocking waiting for file lock on artifact directory
    Blocking waiting for file lock on artifact directory
    Blocking waiting for file lock on artifact directory
    Blocking waiting for file lock on artifact directory
    Blocking waiting for file lock on artifact directory
    Finished `release` profile [optimized] target(s) in 1.12s
    Finished `release` profile [optimized] target(s) in 1.09s
    Finished `release` profile [optimized] target(s) in 1.14s
    Finished `release` profile [optimized] target(s) in 1.14s
    Finished `release` profile [optimized] target(s) in 1.12s
    Finished `release` profile [optimized] target(s) in 1.18s
    Finished `release` profile [optimized] target(s) in 1.19s
    Finished `release` profile [optimized] target(s) in 1.18s
Building virtio_netd ...
Building rtl8168d ...
Building netd ...
$ cargo -Z build-std=core,alloc,std,panic_abort -Z build-std-features=compiler-builtins-mem -Z json-target-spec buildBuilding mesocarp ...
 --target /home/dancxjo/src/thingos/targets/x86_64-unknown-thingos.json --profile release -p virtio_netd
$ cargo -Z Building httpsd ...
build-std=core,alloc,std,panic_abort -Z build-std-features=compiler-builtins-mem -Z json-target-specBuilding find ...
 build --target /home/dancxjo/src/thingos/targets/x86_64-unknown-thingos.json --profile release -p mesocarp
Building fetchd ...
$ cargo -Z build-std=core,alloc,std,panic_abort -Z build-std-features=compiler-builtins-mem -Z json-target-spec build --targetBuilding ip ...
 /home/dancxjo/src/thingos/targets/x86_64-unknown-thingos.json --profile release -p rtl8168d
$ cargo -Z build-std=core,alloc,std,panic_abort -Z build-std-features=compiler-builtins-mem -Z json-target-spec build --target /home/dancxjo/src/thingos/targets/x86_64-unknown-thingos.json --profile release -p ip
$ cargo -Z build-std=core,alloc,std,panic_abort -Z build-std-features=compiler-builtins-mem -Z json-target-spec build --target /home/dancxjo/src/thingos/targets/x86_64-unknown-thingos.json --profile release -p netd
$ cargo -Z build-std=core,alloc,std,panic_abort -Z build-std-features=compiler-builtins-mem -Z json-target-spec build --target /home/dancxjo/src/thingos/targets/x86_64-unknown-thingos.json --profile release -p find
$ cargo -Z build-std=core,alloc,std,panic_abort -Z build-std-features=compiler-builtins-mem -Z json-target-spec build --target /home/dancxjo/src/thingos/targets/x86_64-unknown-thingos.json --profile release -p fetchd
$ cargo -Z build-std=core,alloc,std,panic_abort -Z build-std-features=compiler-builtins-mem -Z json-target-spec build --target /home/dancxjo/src/thingos/targets/x86_64-unknown-thingos.json --profile release -p httpsd
    Blocking waiting for file lock on package cache
    Blocking waiting for file lock on package cache
    Blocking waiting for file lock on package cache
    Blocking waiting for file lock on package cache
    Blocking waiting for file lock on package cache
    Blocking waiting for file lock on package cache
    Blocking waiting for file lock on package cache
    Blocking waiting for file lock on package cache
    Blocking waiting for file lock on package cache
    Blocking waiting for file lock on package cache
    Blocking waiting for file lock on package cache
    Blocking waiting for file lock on package cache
    Blocking waiting for file lock on package cache
    Blocking waiting for file lock on package cache
    Blocking waiting for file lock on package cache
    Blocking waiting for file lock on package cache
    Blocking waiting for file lock on package cache
    Blocking waiting for file lock on package cache
    Blocking waiting for file lock on package cache
    Blocking waiting for file lock on package cache
    Blocking waiting for file lock on package cache
    Blocking waiting for file lock on package cache
    Blocking waiting for file lock on package cache
    Blocking waiting for file lock on package cache
    Blocking waiting for file lock on package cache
    Blocking waiting for file lock on package cache
    Blocking waiting for file lock on package cache
    Blocking waiting for file lock on package cache
    Blocking waiting for file lock on package cache
    Blocking waiting for file lock on package cache
    Blocking waiting for file lock on package cache
    Blocking waiting for file lock on package cache
    Blocking waiting for file lock on package cache
    Blocking waiting for file lock on package cache
    Blocking waiting for file lock on package cache
    Blocking waiting for file lock on package cache
    Blocking waiting for file lock on package cache
    Blocking waiting for file lock on package cache
    Blocking waiting for file lock on package cache
    Blocking waiting for file lock on package cache
    Blocking waiting for file lock on package cache
    Blocking waiting for file lock on package cache
    Blocking waiting for file lock on package cache
    Blocking waiting for file lock on package cache
    Blocking waiting for file lock on package cache
    Blocking waiting for file lock on package cache
    Blocking waiting for file lock on package cache
    Blocking waiting for file lock on package cache
    Blocking waiting for file lock on artifact directory
    Blocking waiting for file lock on artifact directory
    Blocking waiting for file lock on artifact directory
    Blocking waiting for file lock on artifact directory
    Blocking waiting for file lock on artifact directory
    Blocking waiting for file lock on artifact directory
    Blocking waiting for file lock on artifact directory
    Finished `release` profile [optimized] target(s) in 1.12s
    Finished `release` profile [optimized] target(s) in 1.14s
    Finished `release` profile [optimized] target(s) in 1.14s
    Finished `release` profile [optimized] target(s) in 1.15s
    Finished `release` profile [optimized] target(s) in 1.16s
    Finished `release` profile [optimized] target(s) in 1.18s
    Finished `release` profile [optimized] target(s) in 1.19s
    Finished `release` profile [optimized] target(s) in 1.20s
Building iso_reader ...
Building ping ...
Building nslookup ...
$ cargoBuilding ahci_disk ...
 -Z build-std=core,alloc,std,panic_abort -Z build-std-features=compiler-builtins-mem -Z json-target-spec build --target /home/dancxjo/src/thingos/targets/x86_64-unknown-thingos.json --profile releaseBuilding ata_disk ...
 -p iso_reader
$ cargo -Z build-std=core,alloc,std,panic_abort Building iso9660d ...
-Z build-std-features=compiler-builtins-mem -ZBuilding virtio_sound ...
 json-target-spec build --target /home/dancxjo/src/thingos/targets/x86_64-unknown-thingos.json --profile release -p ahci_disk
$ cargoBuilding hdaudio ...
 -Z build-std=core,alloc,std,panic_abort -Z build-std-features=compiler-builtins-mem -Z json-target-spec build --target /home/dancxjo/src/thingos/targets/x86_64-unknown-thingos.json --profile release -p virtio_sound
$ cargo -Z build-std=core,alloc,std,panic_abort -Z build-std-features=compiler-builtins-mem -Z json-target-spec build --target /home/dancxjo/src/thingos/targets/x86_64-unknown-thingos.json --profile release -p ata_disk
$ cargo -Z build-std=core,alloc,std,panic_abort -Z build-std-features=compiler-builtins-mem -Z json-target-spec build --target /home/dancxjo/src/thingos/targets/x86_64-unknown-thingos.json --profile release -p nslookup
$ cargo -Z build-std=core,alloc,std,panic_abort -Z build-std-features=compiler-builtins-mem -Z json-target-spec build --target /home/dancxjo/src/thingos/targets/x86_64-unknown-thingos.json --profile release -p hdaudio
$ cargo -Z build-std=core,alloc,std,panic_abort -Z build-std-features=compiler-builtins-mem -Z json-target-spec build --target /home/dancxjo/src/thingos/targets/x86_64-unknown-thingos.json --profile release -p ping
$ cargo -Z build-std=core,alloc,std,panic_abort -Z build-std-features=compiler-builtins-mem -Z json-target-spec build --target /home/dancxjo/src/thingos/targets/x86_64-unknown-thingos.json --profile release -p iso9660d
    Blocking waiting for file lock on package cache
    Blocking waiting for file lock on package cache
    Blocking waiting for file lock on package cache
    Blocking waiting for file lock on package cache
    Blocking waiting for file lock on package cache
    Blocking waiting for file lock on package cache
    Blocking waiting for file lock on package cache
    Blocking waiting for file lock on package cache
    Blocking waiting for file lock on package cache
    Blocking waiting for file lock on package cache
    Blocking waiting for file lock on package cache
    Blocking waiting for file lock on package cache
    Blocking waiting for file lock on package cache
    Blocking waiting for file lock on package cache
    Blocking waiting for file lock on package cache
    Blocking waiting for file lock on package cache
    Blocking waiting for file lock on package cache
    Blocking waiting for file lock on package cache
    Blocking waiting for file lock on package cache
    Blocking waiting for file lock on package cache
    Blocking waiting for file lock on package cache
    Blocking waiting for file lock on package cache
    Blocking waiting for file lock on package cache
    Blocking waiting for file lock on package cache
    Blocking waiting for file lock on package cache
    Blocking waiting for file lock on package cache
    Blocking waiting for file lock on package cache
    Blocking waiting for file lock on package cache
    Blocking waiting for file lock on package cache
    Blocking waiting for file lock on package cache
    Blocking waiting for file lock on package cache
    Blocking waiting for file lock on package cache
    Blocking waiting for file lock on package cache
    Blocking waiting for file lock on package cache
    Blocking waiting for file lock on package cache
    Blocking waiting for file lock on package cache
    Blocking waiting for file lock on package cache
    Blocking waiting for file lock on package cache
    Blocking waiting for file lock on package cache
    Blocking waiting for file lock on package cache
    Blocking waiting for file lock on package cache
    Blocking waiting for file lock on package cache
    Blocking waiting for file lock on package cache
    Blocking waiting for file lock on package cache
    Blocking waiting for file lock on package cache
    Blocking waiting for file lock on package cache
    Blocking waiting for file lock on package cache
    Blocking waiting for file lock on package cache
    Blocking waiting for file lock on package cache
    Blocking waiting for file lock on package cache
    Blocking waiting for file lock on shared package cache
    Blocking    Blocking waiting for file lock on artifact directory
    Blocking waiting for file lock on artifact directory
 waiting for file lock on artifact directory
    Blocking waiting for file lock on artifact directory
    Blocking waiting for file lock on artifact directory
    Blocking waiting for file lock on artifact directory
    Blocking waiting for file lock on artifact directory
    Finished `release` profile [optimized] target(s) in 1.24s
    Finished `release` profile [optimized] target(s) in 1.25s
    Finished `release` profile [optimized] target(s) in 1.26s
    Finished `release` profile [optimized] target(s) in 1.28s
    Finished `release` profile [optimized] target(s) in 1.29s
    Finished `release` profile [optimized] target(s) in 1.29s
    Finished `release` profile [optimized] target(s) in 1.31s
    Finished `release` profile [optimized] target(s) in 1.32s
Building pci_stubd ...
Building xhci ...
$ cargo -Z build-std=core,alloc,std,panic_abort -Z build-std-features=compiler-builtins-mem -ZBuilding vfs_hello ...
 json-target-spec build --targetBuilding chime ...
 /home/dancxjo/src/thingos/targets/x86_64-unknown-thingos.json --profile release -p xhci
Building show_args ...
$ cargo -Z build-std=core,alloc,std,panic_abort -Z build-std-features=compiler-builtins-mem Building clock ...
-Z json-target-spec build --target /home/dancxjo/src/thingos/targets/x86_64-unknown-thingos.json --profile release -p vfs_hello
$ cargo -Z build-std=core,alloc,std,panic_abort -Z Building env_roundtrip ...
build-std-features=compiler-builtins-mem -Z json-target-specBuilding cwd_test ...
 build --target /home/dancxjo/src/thingos/targets/x86_64-unknown-thingos.json --profile release -p clock
$ cargo -Z build-std=core,alloc,std,panic_abort -Z build-std-features=compiler-builtins-mem -Z json-target-spec build --target /home/dancxjo/src/thingos/targets/x86_64-unknown-thingos.json --profile release -p cwd_test
$ cargo -Z build-std=core,alloc,std,panic_abort -Z build-std-features=compiler-builtins-mem -Z json-target-spec build --target /home/dancxjo/src/thingos/targets/x86_64-unknown-thingos.json --profile release -p pci_stubd
$ cargo -Z build-std=core,alloc,std,panic_abort -Z build-std-features=compiler-builtins-mem -Z json-target-spec build --target /home/dancxjo/src/thingos/targets/x86_64-unknown-thingos.json --profile release -p chime
$ cargo -Z build-std=core,alloc,std,panic_abort -Z build-std-features=compiler-builtins-mem -Z json-target-spec build --target /home/dancxjo/src/thingos/targets/x86_64-unknown-thingos.json --profile release -p env_roundtrip
$ cargo -Z build-std=core,alloc,std,panic_abort -Z build-std-features=compiler-builtins-mem -Z json-target-spec build --target /home/dancxjo/src/thingos/targets/x86_64-unknown-thingos.json --profile release -p show_args
    Blocking    Blocking waiting for file lock on package cache
 waiting for file lock on package cache
    Blocking waiting for file lock on package cache
    Blocking waiting for file lock on package cache
    Blocking waiting for file lock on package cache
    Blocking waiting for file lock on package cache
    Blocking waiting for file lock on package cache
    Blocking waiting for file lock on package cache
    Blocking waiting for file lock on package cache
    Blocking waiting for file lock on package cache
    Blocking waiting for file lock on package cache
    Blocking waiting for file lock on package cache
    Blocking waiting for file lock on package cache
    Blocking waiting for file lock on package cache
    Blocking waiting for file lock on package cache
    Blocking waiting for file lock on package cache
    Blocking waiting for file lock on package cache
    Blocking waiting for file lock on package cache
    Blocking waiting for file lock on package cache
    Blocking waiting for file lock on package cache
    Blocking waiting for file lock on package cache
    Blocking waiting for file lock on package cache
    Blocking waiting for file lock on package cache
    Blocking waiting for file lock on package cache
    Blocking waiting for file lock on package cache
    Blocking waiting for file lock on package cache
    Blocking waiting for file lock on package cache
    Blocking waiting for file lock on package cache
    Blocking waiting for file lock on package cache
    Blocking waiting for file lock on package cache
    Blocking waiting for file lock on package cache
    Blocking waiting for file lock on package cache
    Blocking waiting for file lock on package cache
    Blocking waiting for file lock on package cache
    Blocking waiting for file lock on package cache
    Blocking waiting for file lock on package cache
    Blocking waiting for file lock on package cache
    Blocking waiting for file lock on package cache
    Blocking waiting for file lock on package cache
    Blocking waiting for file lock on package cache
    Blocking waiting for file lock on package cache
    Blocking waiting for file lock on package cache
    Blocking waiting for file lock on package cache
    Blocking waiting for file lock on package cache
    Blocking waiting for file lock on package cache
    Blocking waiting for file lock on package cache
    Blocking waiting for file lock on package cache
    Blocking waiting for file lock on package cache
    Blocking waiting for file lock on package cache
    Blocking    Blocking waiting for file lock on shared package cache
    Blocking waiting for file lock on shared package cache
 waiting for file lock on shared package cache
    Blocking waiting for file lock on artifact directory
    Blocking waiting for file lock on artifact directory
    Blocking waiting for file lock on artifact directory
    Blocking waiting for file lock on artifact directory
    Blocking waiting for file lock on artifact directory
    Blocking waiting for file lock on artifact directory
    Blocking waiting for file lock on artifact directory
    Finished `release` profile [optimized] target(s) in 1.09s
    Finished `release` profile [optimized] target(s) in 1.10s
    Finished `release` profile [optimized] target(s) in 1.10s
    Finished `release` profile [optimized] target(s) in 1.12s
    Finished `release` profile [optimized] target(s) in 1.13s
    Finished `release` profile [optimized] target(s) in 1.13s
    Finished `release` profile [optimized] target(s) in 1.15s
    Finished `release` profile [optimized] target(s) in 1.16s
Building date ...
Building wayland_hello ...
Building terminal ...
$ cargo -Z build-std=core,alloc,std,panic_abort -Z build-std-features=compiler-builtins-mem -Z json-target-spec Building xargs ...
build --targetBuilding tee ...
 /home/dancxjo/src/thingos/targets/x86_64-unknown-thingos.json --profile release -p terminal
$ cargo -Z build-std=core,alloc,std,panic_abort -ZBuilding placed ...
 build-std-features=compiler-builtins-mem -Z json-target-spec build --target /home/dancxjo/src/thingos/targets/x86_64-unknown-thingos.json --profile release -p Building bloom ...
date
Building clear ...
$ cargo -Z build-std=core,alloc,std,panic_abort -Z build-std-features=compiler-builtins-mem -Z json-target-spec build --target /home/dancxjo/src/thingos/targets/x86_64-unknown-thingos.json --profile release -p wayland_hello
$ cargo -Z build-std=core,alloc,std,panic_abort -Z build-std-features=compiler-builtins-mem -Z json-target-spec build --target /home/dancxjo/src/thingos/targets/x86_64-unknown-thingos.json --profile release -p xargs
$ cargo -Z build-std=core,alloc,std,panic_abort -Z build-std-features=compiler-builtins-mem -Z json-target-spec build --target /home/dancxjo/src/thingos/targets/x86_64-unknown-thingos.json --profile release -p tee
$ cargo -Z build-std=core,alloc,std,panic_abort -Z build-std-features=compiler-builtins-mem -Z json-target-spec build --target /home/dancxjo/src/thingos/targets/x86_64-unknown-thingos.json --profile release -p placed
$ cargo -Z build-std=core,alloc,std,panic_abort -Z build-std-features=compiler-builtins-mem -Z json-target-spec build --target /home/dancxjo/src/thingos/targets/x86_64-unknown-thingos.json --profile release -p bloom
$ cargo -Z build-std=core,alloc,std,panic_abort -Z build-std-features=compiler-builtins-mem -Z json-target-spec build --target /home/dancxjo/src/thingos/targets/x86_64-unknown-thingos.json --profile release -p clear
    Blocking waiting for file lock on package cache
    Blocking waiting for file lock on package cache
    Blocking waiting for file lock on package cache
    Blocking waiting for file lock on package cache
    Blocking waiting for file lock on package cache
    Blocking waiting for file lock on package cache
    Blocking waiting for file lock on package cache
    Blocking waiting for file lock on package cache
    Blocking waiting for file lock on package cache
    Blocking waiting for file lock on package cache
    Blocking waiting for file lock on package cache
    Blocking waiting for file lock on package cache
    Blocking waiting for file lock on package cache
    Blocking waiting for file lock on package cache
    Blocking waiting for file lock on package cache
    Blocking waiting for file lock on package cache
    Blocking waiting for file lock on package cache
    Blocking waiting for file lock on package cache
    Blocking waiting for file lock on package cache
    Blocking waiting for file lock on package cache
    Blocking waiting for file lock on package cache
    Blocking waiting for file lock on package cache
    Blocking waiting for file lock on package cache
    Blocking waiting for file lock on package cache
    Blocking waiting for file lock on package cache
    Blocking waiting for file lock on package cache
    Blocking waiting for file lock on package cache
    Blocking waiting for file lock on package cache
    Blocking waiting for file lock on package cache
    Blocking waiting for file lock on package cache
    Blocking waiting for file lock on package cache
    Blocking waiting for file lock on package cache
    Blocking waiting for file lock on package cache
    Blocking waiting for file lock on package cache
    Blocking waiting for file lock on package cache
    Blocking waiting for file lock on package cache
    Blocking waiting for file lock on package cache
    Blocking waiting for file lock on package cache
    Blocking waiting for file lock on package cache
    Blocking waiting for file lock on package cache
    Blocking waiting for file lock on package cache
    Blocking waiting for file lock on package cache
    Blocking waiting for file lock on package cache
    Blocking waiting for file lock on package cache
    Blocking waiting for file lock on package cache
    Blocking    Blocking waiting for file lock on package cache
 waiting for file lock on package cache
    Blocking waiting for file lock on shared package cache
    Blocking waiting for file lock on shared package cache
    Blocking waiting for file lock on artifact directory
    Blocking waiting for file lock on artifact directory
    Blocking waiting for file lock on artifact directory
    Blocking waiting for file lock on artifact directory
    Blocking waiting for file lock on artifact directory
    Blocking waiting for file lock on artifact directory
    Blocking waiting for file lock on artifact directory
    Finished `release` profile [optimized] target(s) in 1.09s
    Finished `release` profile [optimized] target(s) in 1.10s
    Finished `release` profile [optimized] target(s) in 1.12s
    Finished `release` profile [optimized] target(s) in 1.13s
    Finished `release` profile [optimized] target(s) in 1.13s
    Finished `release` profile [optimized] target(s) in 1.15s
    Finished `release` profile [optimized] target(s) in 1.16s
    Finished `release` profile [optimized] target(s) in 1.17s
Building loglevel ...
Building poll_mux ...
$ cargo -ZBuilding ipc_service_demo ...
 build-std=core,alloc,std,panic_abort -Z build-std-features=compiler-builtins-mem -Z json-target-spec build --targetBuilding ipc_pipe_demo ...
 /home/dancxjo/src/thingos/targets/x86_64-unknown-thingos.json --profile release -p loglevel
Building ipc_provider_demo ...
$ cargoBuilding vfs_test_provider ...
 -Z build-std=core,alloc,std,panic_abort -Z build-std-features=compiler-builtins-mem -Z json-target-spec build --target /home/dancxjo/src/thingos/targets/x86_64-unknown-thingos.json --profile release Building test_exec ...
-p ipc_service_demoBuilding ipc_memfd_demo ...

$ cargo -Z build-std=core,alloc,std,panic_abort -Z build-std-features=compiler-builtins-mem -Z json-target-spec build --target /home/dancxjo/src/thingos/targets/x86_64-unknown-thingos.json --profile release -p test_exec
$ cargo -Z build-std=core,alloc,std,panic_abort -Z build-std-features=compiler-builtins-mem -Z json-target-spec build --target /home/dancxjo/src/thingos/targets/x86_64-unknown-thingos.json --profile release -p ipc_pipe_demo
$ cargo -Z build-std=core,alloc,std,panic_abort -Z build-std-features=compiler-builtins-mem -Z json-target-spec build --target /home/dancxjo/src/thingos/targets/x86_64-unknown-thingos.json --profile release -p vfs_test_provider
$ cargo -Z build-std=core,alloc,std,panic_abort -Z build-std-features=compiler-builtins-mem -Z json-target-spec build --target /home/dancxjo/src/thingos/targets/x86_64-unknown-thingos.json --profile release -p ipc_provider_demo
$ cargo -Z build-std=core,alloc,std,panic_abort -Z build-std-features=compiler-builtins-mem -Z json-target-spec build --target /home/dancxjo/src/thingos/targets/x86_64-unknown-thingos.json --profile release -p poll_mux
$ cargo -Z build-std=core,alloc,std,panic_abort -Z build-std-features=compiler-builtins-mem -Z json-target-spec build --target /home/dancxjo/src/thingos/targets/x86_64-unknown-thingos.json --profile release -p ipc_memfd_demo
    Blocking waiting for file lock on package cache
    Blocking waiting for file lock on package cache
    Blocking waiting for file lock on package cache
    Blocking waiting for file lock on package cache
    Blocking waiting for file lock on package cache
    Blocking waiting for file lock on package cache
    Blocking waiting for file lock on package cache
    Blocking waiting for file lock on package cache
    Blocking waiting for file lock on package cache
    Blocking waiting for file lock on package cache
    Blocking waiting for file lock on package cache
    Blocking waiting for file lock on package cache
    Blocking waiting for file lock on package cache
    Blocking waiting for file lock on package cache
    Blocking waiting for file lock on package cache
    Blocking waiting for file lock on package cache
    Blocking waiting for file lock on package cache
    Blocking waiting for file lock on package cache
    Blocking waiting for file lock on package cache
    Blocking waiting for file lock on package cache
    Blocking waiting for file lock on package cache
    Blocking waiting for file lock on package cache
    Blocking waiting for file lock on package cache
    Blocking waiting for file lock on package cache
    Blocking waiting for file lock on package cache
    Blocking waiting for file lock on package cache
    Blocking waiting for file lock on package cache
    Blocking waiting for file lock on package cache
    Blocking waiting for file lock on package cache
    Blocking waiting for file lock on package cache
    Blocking waiting for file lock on package cache
    Blocking waiting for file lock on package cache
    Blocking waiting for file lock on package cache
    Blocking waiting for file lock on package cache
    Blocking waiting for file lock on package cache
    Blocking waiting for file lock on package cache
    Blocking waiting for file lock on package cache
    Blocking waiting for file lock on package cache
    Blocking waiting for file lock on package cache
    Blocking waiting for file lock on package cache
    Blocking waiting for file lock on package cache
    Blocking waiting for file lock on package cache
    Blocking waiting for file lock on package cache
    Blocking waiting for file lock on package cache
    Blocking waiting for file lock on package cache
    Blocking waiting for file lock on package cache
    Blocking waiting for file lock on package cache
    Blocking waiting for file lock on package cache
    Blocking waiting for file lock on package cache
    Blocking waiting for file lock on shared package cache
    Blocking waiting for file lock on artifact directory
    Blocking waiting for file lock on artifact directory
    Blocking waiting for file lock on artifact directory
    Blocking waiting for file lock on artifact directory
    Blocking waiting for file lock on artifact directory
    Blocking waiting for file lock on artifact directory
    Blocking waiting for file lock on artifact directory
    Finished `release` profile [optimized] target(s) in 1.13s
    Finished `release` profile [optimized] target(s) in 1.13s
    Finished `release` profile [optimized] target(s) in 1.15s
    Finished `release` profile [optimized] target(s) in 1.16s
    Finished `release` profile [optimized] target(s) in 1.17s
    Finished `release` profile [optimized] target(s) in 1.18s
    Finished `release` profile [optimized] target(s) in 1.19s
    Finished `release` profile [optimized] target(s) in 1.20s
Building test_vm_protect ...
Building test_exec_env ...
Building test_threads ...
$ cargo Building test_futex ...
-Z build-std=core,alloc,std,panic_abort -Z build-std-features=compiler-builtins-mem -Z json-target-spec build --targetBuilding ld_so ...
 /home/dancxjo/src/thingos/targets/x86_64-unknown-thingos.json --profile release -p Building test_dyn_loader ...
test_exec_env
$ cargo -ZBuilding test_dlopen ...
 build-std=core,alloc,std,panic_abort -Z build-std-features=compiler-builtins-mem -Z json-target-spec build --target /home/dancxjo/src/thingos/targets/x86_64-unknown-thingos.json Building reboot ...
--profile release -p ld_so
$ cargo -Z build-std=core,alloc,std,panic_abort -Z build-std-features=compiler-builtins-mem -Z json-target-spec build --target /home/dancxjo/src/thingos/targets/x86_64-unknown-thingos.json --profile release -p reboot
$ cargo -Z build-std=core,alloc,std,panic_abort -Z build-std-features=compiler-builtins-mem -Z json-target-spec build --target /home/dancxjo/src/thingos/targets/x86_64-unknown-thingos.json --profile release -p test_futex
$ cargo -Z build-std=core,alloc,std,panic_abort -Z build-std-features=compiler-builtins-mem -Z json-target-spec build --target /home/dancxjo/src/thingos/targets/x86_64-unknown-thingos.json --profile release -p test_vm_protect
$ cargo -Z build-std=core,alloc,std,panic_abort -Z build-std-features=compiler-builtins-mem -Z json-target-spec build --target /home/dancxjo/src/thingos/targets/x86_64-unknown-thingos.json --profile release -p test_dyn_loader
$ cargo -Z build-std=core,alloc,std,panic_abort -Z build-std-features=compiler-builtins-mem -Z json-target-spec build --target /home/dancxjo/src/thingos/targets/x86_64-unknown-thingos.json --profile release -p test_dlopen
$ cargo -Z build-std=core,alloc,std,panic_abort -Z build-std-features=compiler-builtins-mem -Z json-target-spec build --target /home/dancxjo/src/thingos/targets/x86_64-unknown-thingos.json --profile release -p test_threads
    Blocking waiting for file lock on package cache
    Blocking waiting for file lock on package cache
    Blocking waiting for file lock on package cache
    Blocking waiting for file lock on package cache
    Blocking waiting for file lock on package cache
    Blocking waiting for file lock on package cache
    Blocking waiting for file lock on package cache
    Blocking waiting for file lock on package cache
    Blocking waiting for file lock on package cache
    Blocking waiting for file lock on package cache
    Blocking waiting for file lock on package cache
    Blocking waiting for file lock on package cache
    Blocking waiting for file lock on package cache
    Blocking waiting for file lock on package cache
    Blocking waiting for file lock on package cache
    Blocking waiting for file lock on package cache
    Blocking waiting for file lock on package cache
    Blocking waiting for file lock on package cache
    Blocking waiting for file lock on package cache
    Blocking waiting for file lock on package cache
    Blocking waiting for file lock on package cache
    Blocking waiting for file lock on package cache
    Blocking waiting for file lock on package cache
    Blocking waiting for file lock on package cache
    Blocking waiting for file lock on package cache
    Blocking waiting for file lock on package cache
    Blocking waiting for file lock on package cache
    Blocking waiting for file lock on package cache
    Blocking waiting for file lock on package cache
    Blocking waiting for file lock on package cache
    Blocking waiting for file lock on package cache
    Blocking waiting for file lock on package cache
    Blocking waiting for file lock on package cache
    Blocking waiting for file lock on package cache
    Blocking waiting for file lock on package cache
    Blocking waiting for file lock on package cache
    Blocking waiting for file lock on package cache
    Blocking waiting for file lock on package cache
    Blocking waiting for file lock on package cache
    Blocking waiting for file lock on package cache
    Blocking waiting for file lock on package cache
    Blocking waiting for file lock on package cache
    Blocking waiting for file lock on package cache
    Blocking waiting for file lock on package cache
    Blocking waiting for file lock on package cache
    Blocking waiting for file lock on package cache
    Blocking waiting for file lock on package cache
    Blocking waiting for file lock on package cache
    Blocking waiting for file lock on package cache
    Blocking    Blocking waiting for file lock on artifact directory
 waiting for file lock on artifact directory
    Blocking waiting for file lock on artifact directory
    Blocking waiting for file lock on artifact directory
    Blocking waiting for file lock on artifact directory
    Blocking waiting for file lock on artifact directory
    Blocking waiting for file lock on artifact directory
    Finished `release` profile [optimized] target(s) in 1.07s
    Finished `release` profile [optimized] target(s) in 1.08s
    Finished `release` profile [optimized] target(s) in 1.10s
    Finished `release` profile [optimized] target(s) in 1.09s
    Finished `release` profile [optimized] target(s) in 1.12s
    Finished `release` profile [optimized] target(s) in 1.12s
    Finished `release` profile [optimized] target(s) in 1.15s
    Finished `release` profile [optimized] target(s) in 1.16s
Building shutdown ...
Building attr_list ...
Building attr_get ...
Building attr_set ...
$ cargo -Z build-std=core,alloc,std,panic_abort -Z build-std-features=compiler-builtins-mem -Z json-target-spec build Building attr_rm ...
--target /home/dancxjo/src/thingos/targets/x86_64-unknown-thingos.json --profile release -p shutdown
$ cargo -Z build-std=core,alloc,std,panic_abort -Z build-std-features=compiler-builtins-mem -Z json-target-spec build --target /home/dancxjo/src/thingos/targets/x86_64-unknown-thingos.json --profile release -p attr_list
$ cargo -Z build-std=core,alloc,std,panic_abort -Z build-std-features=compiler-builtins-mem -Z json-target-spec build --target /home/dancxjo/src/thingos/targets/x86_64-unknown-thingos.json --profile release -p attr_get
$ cargo -Z build-std=core,alloc,std,panic_abort -Z build-std-features=compiler-builtins-mem -Z json-target-spec build --target /home/dancxjo/src/thingos/targets/x86_64-unknown-thingos.json --profile release -p attr_set
$ cargo -Z build-std=core,alloc,std,panic_abort -Z build-std-features=compiler-builtins-mem -Z json-target-spec build --target /home/dancxjo/src/thingos/targets/x86_64-unknown-thingos.json --profile release -p attr_rm
    Blocking waiting for file lock on package cache
    Blocking waiting for file lock on package cache
    Blocking waiting for file lock on package cache
    Blocking waiting for file lock on package cache
    Blocking waiting for file lock on package cache
    Blocking waiting for file lock on package cache
    Blocking waiting for file lock on package cache
    Blocking waiting for file lock on package cache
    Blocking waiting for file lock on package cache
    Blocking waiting for file lock on package cache
    Blocking waiting for file lock on package cache
    Blocking waiting for file lock on package cache
    Blocking waiting for file lock on package cache
    Blocking waiting for file lock on package cache
    Blocking waiting for file lock on package cache
    Blocking waiting for file lock on package cache
    Blocking waiting for file lock on package cache
    Blocking waiting for file lock on package cache
    Blocking waiting for file lock on package cache
    Blocking waiting for file lock on package cache
    Blocking waiting for file lock on package cache
    Blocking waiting for file lock on package cache
    Blocking waiting for file lock on package cache
    Blocking waiting for file lock on package cache
    Blocking waiting for file lock on package cache
    Blocking waiting for file lock on package cache
    Blocking waiting for file lock on package cache
    Blocking waiting for file lock on package cache
    Blocking waiting for file lock on package cache
    Blocking waiting for file lock on package cache
    Blocking waiting for file lock on package cache
    Blocking waiting for file lock on shared package cache
    Blocking waiting for file lock on shared package cache
    Blocking waiting for file lock on artifact directory
    Blocking waiting for file lock on artifact directory
    Blocking waiting for file lock on artifact directory
    Blocking waiting for file lock on artifact directory
    Finished `release` profile [optimized] target(s) in 0.71s
    Finished `release` profile [optimized] target(s) in 0.72s
    Finished `release` profile [optimized] target(s) in 0.72s
    Finished `release` profile [optimized] target(s) in 0.74s
    Finished `release` profile [optimized] target(s) in 0.75s
Staging userspace programs...
$ cp target/x86_64-unknown-thingos/release/sprout iso_root_669500451/bin/sprout
$ cp target/x86_64-unknown-thingos/release/bristle iso_root_669500451/bin/bristle
$ cp target/x86_64-unknown-thingos/release/rtc_cmos iso_root_669500451/drivers/rtc_cmos
$ cp target/x86_64-unknown-thingos/release/hwrng iso_root_669500451/drivers/hwrng
$ cp target/x86_64-unknown-thingos/release/ps2_kbd iso_root_669500451/drivers/ps2_kbd
$ cp target/x86_64-unknown-thingos/release/sh iso_root_669500451/bin/sh
$ cp target/x86_64-unknown-thingos/release/ls iso_root_669500451/bin/ls
$ cp target/x86_64-unknown-thingos/release/lsusb iso_root_669500451/bin/lsusb
$ cp target/x86_64-unknown-thingos/release/lspci iso_root_669500451/bin/lspci
$ cp target/x86_64-unknown-thingos/release/ln iso_root_669500451/bin/ln
$ cp target/x86_64-unknown-thingos/release/ps iso_root_669500451/bin/ps
$ cp target/x86_64-unknown-thingos/release/kill iso_root_669500451/bin/kill
$ cp target/x86_64-unknown-thingos/release/killall iso_root_669500451/bin/killall
$ cp target/x86_64-unknown-thingos/release/cat iso_root_669500451/bin/cat
$ cp target/x86_64-unknown-thingos/release/head iso_root_669500451/bin/head
$ cp target/x86_64-unknown-thingos/release/tail iso_root_669500451/bin/tail
$ cp target/x86_64-unknown-thingos/release/top iso_root_669500451/bin/top
$ cp target/x86_64-unknown-thingos/release/wc iso_root_669500451/bin/wc
$ cp target/x86_64-unknown-thingos/release/yes iso_root_669500451/bin/yes
$ cp target/x86_64-unknown-thingos/release/which iso_root_669500451/bin/which
$ cp target/x86_64-unknown-thingos/release/cp iso_root_669500451/bin/cp
$ cp target/x86_64-unknown-thingos/release/mv iso_root_669500451/bin/mv
$ cp target/x86_64-unknown-thingos/release/rm iso_root_669500451/bin/rm
$ cp target/x86_64-unknown-thingos/release/rmdir iso_root_669500451/bin/rmdir
$ cp target/x86_64-unknown-thingos/release/mkdir iso_root_669500451/bin/mkdir
$ cp target/x86_64-unknown-thingos/release/mount iso_root_669500451/bin/mount
$ cp target/x86_64-unknown-thingos/release/echo iso_root_669500451/bin/echo
$ cp target/x86_64-unknown-thingos/release/printf iso_root_669500451/bin/printf
$ cp target/x86_64-unknown-thingos/release/grep iso_root_669500451/bin/grep
$ cp target/x86_64-unknown-thingos/release/pwd iso_root_669500451/bin/pwd
$ cp target/x86_64-unknown-thingos/release/touch iso_root_669500451/bin/touch
$ cp target/x86_64-unknown-thingos/release/setshell iso_root_669500451/bin/setshell
$ cp target/x86_64-unknown-thingos/release/dmesg iso_root_669500451/bin/dmesg
$ cp target/x86_64-unknown-thingos/release/stat iso_root_669500451/bin/stat
$ cp target/x86_64-unknown-thingos/release/file iso_root_669500451/bin/file
$ cp target/x86_64-unknown-thingos/release/dirname iso_root_669500451/bin/dirname
$ cp target/x86_64-unknown-thingos/release/basename iso_root_669500451/bin/basename
$ cp target/x86_64-unknown-thingos/release/sleep iso_root_669500451/bin/sleep
$ cp target/x86_64-unknown-thingos/release/sort iso_root_669500451/bin/sort
$ cp target/x86_64-unknown-thingos/release/env iso_root_669500451/bin/env
$ cp target/x86_64-unknown-thingos/release/uname iso_root_669500451/bin/uname
$ cp target/x86_64-unknown-thingos/release/true iso_root_669500451/bin/true
$ cp target/x86_64-unknown-thingos/release/false iso_root_669500451/bin/false
$ cp target/x86_64-unknown-thingos/release/input_echo iso_root_669500451/bin/input_echo
$ cp target/x86_64-unknown-thingos/release/ps2_mouse iso_root_669500451/drivers/ps2_mouse
$ cp target/x86_64-unknown-thingos/release/display_bootfb iso_root_669500451/drivers/display_bootfb
$ cp target/x86_64-unknown-thingos/release/display_virtio_gpu iso_root_669500451/drivers/display_virtio_gpu
$ cp target/x86_64-unknown-thingos/release/cambium iso_root_669500451/bin/cambium
$ cp target/x86_64-unknown-thingos/release/virtio_netd iso_root_669500451/drivers/virtio_netd
$ cp target/x86_64-unknown-thingos/release/rtl8168d iso_root_669500451/drivers/rtl8168d
$ cp target/x86_64-unknown-thingos/release/netd iso_root_669500451/bin/netd
$ cp target/x86_64-unknown-thingos/release/mesocarp iso_root_669500451/bin/mesocarp
$ cp target/x86_64-unknown-thingos/release/fetchd iso_root_669500451/bin/fetchd
$ cp target/x86_64-unknown-thingos/release/httpsd iso_root_669500451/bin/httpsd
$ cp target/x86_64-unknown-thingos/release/find iso_root_669500451/bin/find
$ cp target/x86_64-unknown-thingos/release/ip iso_root_669500451/bin/ip
$ cp target/x86_64-unknown-thingos/release/iso_reader iso_root_669500451/bin/iso_reader
$ cp target/x86_64-unknown-thingos/release/ping iso_root_669500451/bin/ping
$ cp target/x86_64-unknown-thingos/release/nslookup iso_root_669500451/bin/nslookup
$ cp target/x86_64-unknown-thingos/release/ahci_disk iso_root_669500451/drivers/ahci_disk
$ cp target/x86_64-unknown-thingos/release/ata_disk iso_root_669500451/drivers/ata_disk
$ cp target/x86_64-unknown-thingos/release/iso9660d iso_root_669500451/bin/iso9660d
$ cp target/x86_64-unknown-thingos/release/virtio_sound iso_root_669500451/drivers/virtio_sound
$ cp target/x86_64-unknown-thingos/release/hdaudio iso_root_669500451/drivers/hdaudio
$ cp target/x86_64-unknown-thingos/release/pci_stubd iso_root_669500451/drivers/pci_stubd
$ cp target/x86_64-unknown-thingos/release/xhci iso_root_669500451/drivers/xhci
$ cp target/x86_64-unknown-thingos/release/chime iso_root_669500451/drivers/chime
$ cp target/x86_64-unknown-thingos/release/vfs_hello iso_root_669500451/bin/vfs_hello
$ cp target/x86_64-unknown-thingos/release/show_args iso_root_669500451/bin/show_args
$ cp target/x86_64-unknown-thingos/release/clock iso_root_669500451/bin/clock
$ cp target/x86_64-unknown-thingos/release/env_roundtrip iso_root_669500451/bin/env_roundtrip
$ cp target/x86_64-unknown-thingos/release/cwd_test iso_root_669500451/bin/cwd_test
$ cp target/x86_64-unknown-thingos/release/date iso_root_669500451/bin/date
$ cp target/x86_64-unknown-thingos/release/wayland_hello iso_root_669500451/bin/wayland_hello
$ cp target/x86_64-unknown-thingos/release/terminal iso_root_669500451/bin/terminal
$ cp target/x86_64-unknown-thingos/release/tee iso_root_669500451/bin/tee
$ cp target/x86_64-unknown-thingos/release/xargs iso_root_669500451/bin/xargs
$ cp target/x86_64-unknown-thingos/release/placed iso_root_669500451/bin/placed
$ cp target/x86_64-unknown-thingos/release/bloom iso_root_669500451/bin/bloom
$ cp target/x86_64-unknown-thingos/release/clear iso_root_669500451/bin/clear
$ cp target/x86_64-unknown-thingos/release/loglevel iso_root_669500451/bin/loglevel
$ cp target/x86_64-unknown-thingos/release/poll_mux iso_root_669500451/bin/poll_mux
$ cp target/x86_64-unknown-thingos/release/ipc_service_demo iso_root_669500451/bin/ipc_service_demo
$ cp target/x86_64-unknown-thingos/release/ipc_pipe_demo iso_root_669500451/bin/ipc_pipe_demo
$ cp target/x86_64-unknown-thingos/release/ipc_provider_demo iso_root_669500451/bin/ipc_provider_demo
$ cp target/x86_64-unknown-thingos/release/vfs_test_provider iso_root_669500451/bin/vfs_test_provider
$ cp target/x86_64-unknown-thingos/release/ipc_memfd_demo iso_root_669500451/bin/ipc_memfd_demo
$ cp target/x86_64-unknown-thingos/release/test_exec iso_root_669500451/bin/test_exec
$ cp target/x86_64-unknown-thingos/release/test_vm_protect iso_root_669500451/bin/test_vm_protect
$ cp target/x86_64-unknown-thingos/release/test_exec_env iso_root_669500451/bin/test_exec_env
$ cp target/x86_64-unknown-thingos/release/test_threads iso_root_669500451/bin/test_threads
$ cp target/x86_64-unknown-thingos/release/test_futex iso_root_669500451/bin/test_futex
$ cp target/x86_64-unknown-thingos/release/ld_so iso_root_669500451/bin/ld_so
$ cp target/x86_64-unknown-thingos/release/test_dyn_loader iso_root_669500451/bin/test_dyn_loader
$ cp target/x86_64-unknown-thingos/release/test_dlopen iso_root_669500451/bin/test_dlopen
$ cp target/x86_64-unknown-thingos/release/reboot iso_root_669500451/bin/reboot
$ cp target/x86_64-unknown-thingos/release/shutdown iso_root_669500451/bin/shutdown
$ cp target/x86_64-unknown-thingos/release/attr_list iso_root_669500451/bin/attr_list
$ cp target/x86_64-unknown-thingos/release/attr_get iso_root_669500451/bin/attr_get
$ cp target/x86_64-unknown-thingos/release/attr_set iso_root_669500451/bin/attr_set
$ cp target/x86_64-unknown-thingos/release/attr_rm iso_root_669500451/bin/attr_rm
Building pistil ...
$ cargo -Z build-std=core,alloc,std,panic_abort -Z build-std-features=compiler-builtins-mem -Z json-target-spec build --target /home/dancxjo/src/thingos/targets/x86_64-unknown-thingos.json --profile release -p pistil
    Finished `release` profile [optimized] target(s) in 0.26s
$ cp target/x86_64-unknown-thingos/release/deps/libpistil.so iso_root_669500451/lib/libpistil.so
--- DEBUG: Generated limine.conf ---
timeout: 3
quiet: yes
verbose: no
serial: yes
interface_branding: yes
interface_help: no
interface_background: 121212
interface_foreground: cccccc
interface_active_background: 333333
interface_active_foreground: ffffff
menu_hidden: yes

/ThingOS
    protocol: limine
    resolution: 1920x1080
    kernel_path: boot():/boot/kernel
    kernel_cmdline: loglevel=5
    module_path: boot():/bin/sprout
    module_cmdline: init
    module_path: boot():/bin/bristle
    module_path: boot():/drivers/rtc_cmos
    module_cmdline: init
    module_path: boot():/drivers/hwrng
    module_cmdline: init
    module_path: boot():/drivers/ps2_kbd
    module_path: boot():/bin/sh
    module_cmdline: init
    module_path: boot():/bin/ls
    module_cmdline: init
    module_path: boot():/bin/lsusb
    module_cmdline: init
    module_path: boot():/bin/lspci
    module_cmdline: init
    module_path: boot():/bin/ln
    module_cmdline: init
    module_path: boot():/bin/ps
    module_cmdline: init
    module_path: boot():/bin/kill
    module_cmdline: init
    module_path: boot():/bin/killall
    module_cmdline: init
    module_path: boot():/bin/cat
    module_cmdline: init
    module_path: boot():/bin/head
    module_cmdline: init
    module_path: boot():/bin/tail
    module_cmdline: init
    module_path: boot():/bin/top
    module_cmdline: init
    module_path: boot():/bin/wc
    module_cmdline: init
    module_path: boot():/bin/yes
    module_cmdline: init
    module_path: boot():/bin/which
    module_cmdline: init
    module_path: boot():/bin/cp
    module_cmdline: init
    module_path: boot():/bin/mv
    module_cmdline: init
    module_path: boot():/bin/rm
    module_cmdline: init
    module_path: boot():/bin/rmdir
    module_cmdline: init
    module_path: boot():/bin/mkdir
    module_cmdline: init
    module_path: boot():/bin/mount
    module_cmdline: init
    module_path: boot():/bin/echo
    module_cmdline: init
    module_path: boot():/bin/printf
    module_cmdline: init
    module_path: boot():/bin/grep
    module_cmdline: init
    module_path: boot():/bin/pwd
    module_cmdline: init
    module_path: boot():/bin/touch
    module_cmdline: init
    module_path: boot():/bin/setshell
    module_cmdline: init
    module_path: boot():/bin/dmesg
    module_cmdline: init
    module_path: boot():/bin/stat
    module_cmdline: init
    module_path: boot():/bin/file
    module_cmdline: init
    module_path: boot():/bin/dirname
    module_cmdline: init
    module_path: boot():/bin/basename
    module_cmdline: init
    module_path: boot():/bin/sleep
    module_cmdline: init
    module_path: boot():/bin/sort
    module_cmdline: init
    module_path: boot():/bin/env
    module_cmdline: init
    module_path: boot():/bin/uname
    module_path: boot():/bin/true
    module_path: boot():/bin/false
    module_path: boot():/bin/input_echo
    module_path: boot():/drivers/ps2_mouse
    module_path: boot():/drivers/display_bootfb
    module_path: boot():/drivers/display_virtio_gpu
    module_path: boot():/bin/cambium
    module_path: boot():/drivers/virtio_netd
    module_path: boot():/drivers/rtl8168d
    module_path: boot():/bin/netd
    module_path: boot():/bin/mesocarp
    module_path: boot():/bin/mdns
    module_path: boot():/bin/mdnsd
    module_path: boot():/bin/fetchd
    module_path: boot():/bin/httpsd
    module_path: boot():/bin/find
    module_path: boot():/bin/ip
    module_path: boot():/bin/iso_reader
    module_path: boot():/bin/ping
    module_path: boot():/bin/nslookup
    module_path: boot():/drivers/ahci_disk
    module_path: boot():/drivers/ata_disk
    module_path: boot():/bin/iso9660d
    module_path: boot():/drivers/virtio_sound
    module_path: boot():/drivers/hdaudio
    module_path: boot():/drivers/pci_stubd
    module_path: boot():/drivers/xhci
    module_path: boot():/drivers/chime
    module_path: boot():/bin/vfs_hello
    module_path: boot():/bin/show_args
    module_path: boot():/bin/clock
    module_path: boot():/bin/env_roundtrip
    module_path: boot():/bin/cwd_test
    module_path: boot():/bin/date
    module_path: boot():/bin/wayland_hello
    module_path: boot():/bin/terminal
    module_path: boot():/bin/tee
    module_path: boot():/bin/xargs
    module_path: boot():/bin/placed
    module_path: boot():/bin/bloom
    module_path: boot():/bin/clear
    module_path: boot():/bin/loglevel
    module_path: boot():/bin/poll_mux
    module_path: boot():/bin/ipc_service_demo
    module_path: boot():/bin/ipc_pipe_demo
    module_path: boot():/bin/ipc_provider_demo
    module_path: boot():/bin/vfs_test_provider
    module_path: boot():/bin/ipc_memfd_demo
    module_path: boot():/bin/test_exec
    module_path: boot():/bin/test_vm_protect
    module_path: boot():/bin/test_exec_env
    module_path: boot():/bin/test_threads
    module_path: boot():/bin/test_futex
    module_path: boot():/bin/ld_so
    module_path: boot():/bin/test_dyn_loader
    module_path: boot():/bin/test_dlopen
    module_path: boot():/bin/reboot
    module_path: boot():/bin/shutdown
    module_path: boot():/bin/attr_list
    module_path: boot():/bin/attr_get
    module_path: boot():/bin/attr_set
    module_path: boot():/bin/attr_rm
    module_path: boot():/lib/libpistil.so
    module_path: boot():/share/wallpapers/clouds.bmp
    module_path: boot():/share/wallpapers/flower.bmp
    module_path: boot():/share/wallpapers/flower.png
    module_path: boot():/share/wallpapers/leather.bmp
    module_path: boot():/share/wallpapers/linen.bmp
    module_path: boot():/share/fonts/DSEG7Classic-Regular.ttf
    module_path: boot():/share/fonts/Hack-Regular.ttf
    module_path: boot():/share/fonts/Inter-Regular.ttf
    module_path: boot():/share/fonts/Iosevka-Regular.ttf
    module_path: boot():/share/fonts/JetBrainsMono-Regular.ttf
    module_path: boot():/share/fonts/NotoSans-Regular.ttf
    module_path: boot():/share/fonts/NotoSansSymbol-Regular.ttf
    module_path: boot():/share/fonts/NotoSansSymbol2-Regular.ttf
    module_path: boot():/share/fonts/NotoSerif-Regular.ttf
    module_path: boot():/share/themes/solarized_warm.toml
    module_path: boot():/share/cursors/future/alias.svg
    module_path: boot():/share/cursors/future/all-scroll.svg
    module_path: boot():/share/cursors/future/bottom_left_corner.svg
    module_path: boot():/share/cursors/future/bottom_right_corner.svg
    module_path: boot():/share/cursors/future/bottom_side.svg
    module_path: boot():/share/cursors/future/cell.svg
    module_path: boot():/share/cursors/future/center_ptr.svg
    module_path: boot():/share/cursors/future/col-resize.svg
    module_path: boot():/share/cursors/future/color-picker.svg
    module_path: boot():/share/cursors/future/context-menu.svg
    module_path: boot():/share/cursors/future/copy.svg
    module_path: boot():/share/cursors/future/crosshair.svg
    module_path: boot():/share/cursors/future/default.svg
    module_path: boot():/share/cursors/future/dnd-move.svg
    module_path: boot():/share/cursors/future/dnd-no-drop.svg
    module_path: boot():/share/cursors/future/down-arrow.svg
    module_path: boot():/share/cursors/future/draft.svg
    module_path: boot():/share/cursors/future/fleur.svg
    module_path: boot():/share/cursors/future/help.svg
    module_path: boot():/share/cursors/future/left-arrow.svg
    module_path: boot():/share/cursors/future/left_side.svg
    module_path: boot():/share/cursors/future/no-drop.svg
    module_path: boot():/share/cursors/future/not-allowed.svg
    module_path: boot():/share/cursors/future/openhand.svg
    module_path: boot():/share/cursors/future/pencil.svg
    module_path: boot():/share/cursors/future/pirate.svg
    module_path: boot():/share/cursors/future/pointer.svg
    module_path: boot():/share/cursors/future/progress-01.svg
    module_path: boot():/share/cursors/future/progress-02.svg
    module_path: boot():/share/cursors/future/progress-03.svg
    module_path: boot():/share/cursors/future/progress-04.svg
    module_path: boot():/share/cursors/future/progress-05.svg
    module_path: boot():/share/cursors/future/progress-06.svg
    module_path: boot():/share/cursors/future/progress-07.svg
    module_path: boot():/share/cursors/future/progress-08.svg
    module_path: boot():/share/cursors/future/progress-09.svg
    module_path: boot():/share/cursors/future/progress-10.svg
    module_path: boot():/share/cursors/future/progress-11.svg
    module_path: boot():/share/cursors/future/progress-12.svg
    module_path: boot():/share/cursors/future/progress-13.svg
    module_path: boot():/share/cursors/future/progress-14.svg
    module_path: boot():/share/cursors/future/progress-15.svg
    module_path: boot():/share/cursors/future/progress-16.svg
    module_path: boot():/share/cursors/future/progress-17.svg
    module_path: boot():/share/cursors/future/progress-18.svg
    module_path: boot():/share/cursors/future/progress-19.svg
    module_path: boot():/share/cursors/future/progress-20.svg
    module_path: boot():/share/cursors/future/progress-21.svg
    module_path: boot():/share/cursors/future/progress-22.svg
    module_path: boot():/share/cursors/future/progress-23.svg
    module_path: boot():/share/cursors/future/progress.svg
    module_path: boot():/share/cursors/future/right-arrow.svg
    module_path: boot():/share/cursors/future/right_ptr.svg
    module_path: boot():/share/cursors/future/right_side.svg
    module_path: boot():/share/cursors/future/row-resize.svg
    module_path: boot():/share/cursors/future/size_bdiag.svg
    module_path: boot():/share/cursors/future/size_fdiag.svg
    module_path: boot():/share/cursors/future/size_hor.svg
    module_path: boot():/share/cursors/future/size_ver.svg
    module_path: boot():/share/cursors/future/text.svg
    module_path: boot():/share/cursors/future/top_left_corner.svg
    module_path: boot():/share/cursors/future/top_right_corner.svg
    module_path: boot():/share/cursors/future/top_side.svg
    module_path: boot():/share/cursors/future/up-arrow.svg
    module_path: boot():/share/cursors/future/vertical-text.svg
    module_path: boot():/share/cursors/future/wait-01.svg
    module_path: boot():/share/cursors/future/wait-02.svg
    module_path: boot():/share/cursors/future/wait-03.svg
    module_path: boot():/share/cursors/future/wait-04.svg
    module_path: boot():/share/cursors/future/wait-05.svg
    module_path: boot():/share/cursors/future/wait-06.svg
    module_path: boot():/share/cursors/future/wait-07.svg
    module_path: boot():/share/cursors/future/wait-08.svg
    module_path: boot():/share/cursors/future/wait-09.svg
    module_path: boot():/share/cursors/future/wait-10.svg
    module_path: boot():/share/cursors/future/wait-11.svg
    module_path: boot():/share/cursors/future/wait-12.svg
    module_path: boot():/share/cursors/future/wait-13.svg
    module_path: boot():/share/cursors/future/wait-14.svg
    module_path: boot():/share/cursors/future/wait-15.svg
    module_path: boot():/share/cursors/future/wait-16.svg
    module_path: boot():/share/cursors/future/wait-17.svg
    module_path: boot():/share/cursors/future/wait-18.svg
    module_path: boot():/share/cursors/future/wait-19.svg
    module_path: boot():/share/cursors/future/wait-20.svg
    module_path: boot():/share/cursors/future/wait-21.svg
    module_path: boot():/share/cursors/future/wait-22.svg
    module_path: boot():/share/cursors/future/wait-23.svg
    module_path: boot():/share/cursors/future/wait.svg
    module_path: boot():/share/cursors/future/wayland-cursor.svg
    module_path: boot():/share/cursors/future/x-cursor.svg
    module_path: boot():/share/cursors/future/zoom-in.svg
    module_path: boot():/share/cursors/future/zoom-out.svg
    module_path: boot():/share/fonts/unifont.hex
    module_path: boot():/etc/locale.conf
    module_path: boot():/etc/profile
    module_path: boot():/etc/motd
    module_path: boot():/etc/fstab
    module_path: boot():/etc/hostname

/ThingOS (BootFB Fallback)
    protocol: limine
    resolution: 1920x1080
    kernel_path: boot():/boot/kernel
    kernel_cmdline: loglevel=5 display=bootfb
    module_path: boot():/bin/sprout
    module_cmdline: init
    module_path: boot():/bin/bristle
    module_path: boot():/drivers/rtc_cmos
    module_cmdline: init
    module_path: boot():/drivers/hwrng
    module_cmdline: init
    module_path: boot():/drivers/ps2_kbd
    module_path: boot():/bin/sh
    module_cmdline: init
    module_path: boot():/bin/ls
    module_cmdline: init
    module_path: boot():/bin/lsusb
    module_cmdline: init
    module_path: boot():/bin/lspci
    module_cmdline: init
    module_path: boot():/bin/ln
    module_cmdline: init
    module_path: boot():/bin/ps
    module_cmdline: init
    module_path: boot():/bin/kill
    module_cmdline: init
    module_path: boot():/bin/killall
    module_cmdline: init
    module_path: boot():/bin/cat
    module_cmdline: init
    module_path: boot():/bin/head
    module_cmdline: init
    module_path: boot():/bin/tail
    module_cmdline: init
    module_path: boot():/bin/top
    module_cmdline: init
    module_path: boot():/bin/wc
    module_cmdline: init
    module_path: boot():/bin/yes
    module_cmdline: init
    module_path: boot():/bin/which
    module_cmdline: init
    module_path: boot():/bin/cp
    module_cmdline: init
    module_path: boot():/bin/mv
    module_cmdline: init
    module_path: boot():/bin/rm
    module_cmdline: init
    module_path: boot():/bin/rmdir
    module_cmdline: init
    module_path: boot():/bin/mkdir
    module_cmdline: init
    module_path: boot():/bin/mount
    module_cmdline: init
    module_path: boot():/bin/echo
    module_cmdline: init
    module_path: boot():/bin/printf
    module_cmdline: init
    module_path: boot():/bin/grep
    module_cmdline: init
    module_path: boot():/bin/pwd
    module_cmdline: init
    module_path: boot():/bin/touch
    module_cmdline: init
    module_path: boot():/bin/setshell
    module_cmdline: init
    module_path: boot():/bin/dmesg
    module_cmdline: init
    module_path: boot():/bin/stat
    module_cmdline: init
    module_path: boot():/bin/file
    module_cmdline: init
    module_path: boot():/bin/dirname
    module_cmdline: init
    module_path: boot():/bin/basename
    module_cmdline: init
    module_path: boot():/bin/sleep
    module_cmdline: init
    module_path: boot():/bin/sort
    module_cmdline: init
    module_path: boot():/bin/env
    module_cmdline: init
    module_path: boot():/bin/uname
    module_path: boot():/bin/true
    module_path: boot():/bin/false
    module_path: boot():/bin/input_echo
    module_path: boot():/drivers/ps2_mouse
    module_path: boot():/drivers/display_bootfb
    module_path: boot():/bin/cambium
    module_path: boot():/drivers/virtio_netd
    module_path: boot():/drivers/rtl8168d
    module_path: boot():/bin/netd
    module_path: boot():/bin/mesocarp
    module_path: boot():/bin/mdns
    module_path: boot():/bin/mdnsd
    module_path: boot():/bin/fetchd
    module_path: boot():/bin/httpsd
    module_path: boot():/bin/find
    module_path: boot():/bin/ip
    module_path: boot():/bin/iso_reader
    module_path: boot():/bin/ping
    module_path: boot():/bin/nslookup
    module_path: boot():/drivers/ahci_disk
    module_path: boot():/drivers/ata_disk
    module_path: boot():/bin/iso9660d
    module_path: boot():/drivers/virtio_sound
    module_path: boot():/drivers/hdaudio
    module_path: boot():/drivers/pci_stubd
    module_path: boot():/drivers/xhci
    module_path: boot():/drivers/chime
    module_path: boot():/bin/vfs_hello
    module_path: boot():/bin/show_args
    module_path: boot():/bin/clock
    module_path: boot():/bin/env_roundtrip
    module_path: boot():/bin/cwd_test
    module_path: boot():/bin/date
    module_path: boot():/bin/wayland_hello
    module_path: boot():/bin/terminal
    module_path: boot():/bin/tee
    module_path: boot():/bin/xargs
    module_path: boot():/bin/placed
    module_path: boot():/bin/bloom
    module_path: boot():/bin/clear
    module_path: boot():/bin/loglevel
    module_path: boot():/bin/poll_mux
    module_path: boot():/bin/ipc_service_demo
    module_path: boot():/bin/ipc_pipe_demo
    module_path: boot():/bin/ipc_provider_demo
    module_path: boot():/bin/vfs_test_provider
    module_path: boot():/bin/ipc_memfd_demo
    module_path: boot():/bin/test_exec
    module_path: boot():/bin/test_vm_protect
    module_path: boot():/bin/test_exec_env
    module_path: boot():/bin/test_threads
    module_path: boot():/bin/test_futex
    module_path: boot():/bin/ld_so
    module_path: boot():/bin/test_dyn_loader
    module_path: boot():/bin/test_dlopen
    module_path: boot():/bin/reboot
    module_path: boot():/bin/shutdown
    module_path: boot():/bin/attr_list
    module_path: boot():/bin/attr_get
    module_path: boot():/bin/attr_set
    module_path: boot():/bin/attr_rm
    module_path: boot():/lib/libpistil.so
    module_path: boot():/share/wallpapers/clouds.bmp
    module_path: boot():/share/wallpapers/flower.bmp
    module_path: boot():/share/wallpapers/flower.png
    module_path: boot():/share/wallpapers/leather.bmp
    module_path: boot():/share/wallpapers/linen.bmp
    module_path: boot():/share/fonts/DSEG7Classic-Regular.ttf
    module_path: boot():/share/fonts/Hack-Regular.ttf
    module_path: boot():/share/fonts/Inter-Regular.ttf
    module_path: boot():/share/fonts/Iosevka-Regular.ttf
    module_path: boot():/share/fonts/JetBrainsMono-Regular.ttf
    module_path: boot():/share/fonts/NotoSans-Regular.ttf
    module_path: boot():/share/fonts/NotoSansSymbol-Regular.ttf
    module_path: boot():/share/fonts/NotoSansSymbol2-Regular.ttf
    module_path: boot():/share/fonts/NotoSerif-Regular.ttf
    module_path: boot():/share/themes/solarized_warm.toml
    module_path: boot():/share/cursors/future/alias.svg
    module_path: boot():/share/cursors/future/all-scroll.svg
    module_path: boot():/share/cursors/future/bottom_left_corner.svg
    module_path: boot():/share/cursors/future/bottom_right_corner.svg
    module_path: boot():/share/cursors/future/bottom_side.svg
    module_path: boot():/share/cursors/future/cell.svg
    module_path: boot():/share/cursors/future/center_ptr.svg
    module_path: boot():/share/cursors/future/col-resize.svg
    module_path: boot():/share/cursors/future/color-picker.svg
    module_path: boot():/share/cursors/future/context-menu.svg
    module_path: boot():/share/cursors/future/copy.svg
    module_path: boot():/share/cursors/future/crosshair.svg
    module_path: boot():/share/cursors/future/default.svg
    module_path: boot():/share/cursors/future/dnd-move.svg
    module_path: boot():/share/cursors/future/dnd-no-drop.svg
    module_path: boot():/share/cursors/future/down-arrow.svg
    module_path: boot():/share/cursors/future/draft.svg
    module_path: boot():/share/cursors/future/fleur.svg
    module_path: boot():/share/cursors/future/help.svg
    module_path: boot():/share/cursors/future/left-arrow.svg
    module_path: boot():/share/cursors/future/left_side.svg
    module_path: boot():/share/cursors/future/no-drop.svg
    module_path: boot():/share/cursors/future/not-allowed.svg
    module_path: boot():/share/cursors/future/openhand.svg
    module_path: boot():/share/cursors/future/pencil.svg
    module_path: boot():/share/cursors/future/pirate.svg
    module_path: boot():/share/cursors/future/pointer.svg
    module_path: boot():/share/cursors/future/progress-01.svg
    module_path: boot():/share/cursors/future/progress-02.svg
    module_path: boot():/share/cursors/future/progress-03.svg
    module_path: boot():/share/cursors/future/progress-04.svg
    module_path: boot():/share/cursors/future/progress-05.svg
    module_path: boot():/share/cursors/future/progress-06.svg
    module_path: boot():/share/cursors/future/progress-07.svg
    module_path: boot():/share/cursors/future/progress-08.svg
    module_path: boot():/share/cursors/future/progress-09.svg
    module_path: boot():/share/cursors/future/progress-10.svg
    module_path: boot():/share/cursors/future/progress-11.svg
    module_path: boot():/share/cursors/future/progress-12.svg
    module_path: boot():/share/cursors/future/progress-13.svg
    module_path: boot():/share/cursors/future/progress-14.svg
    module_path: boot():/share/cursors/future/progress-15.svg
    module_path: boot():/share/cursors/future/progress-16.svg
    module_path: boot():/share/cursors/future/progress-17.svg
    module_path: boot():/share/cursors/future/progress-18.svg
    module_path: boot():/share/cursors/future/progress-19.svg
    module_path: boot():/share/cursors/future/progress-20.svg
    module_path: boot():/share/cursors/future/progress-21.svg
    module_path: boot():/share/cursors/future/progress-22.svg
    module_path: boot():/share/cursors/future/progress-23.svg
    module_path: boot():/share/cursors/future/progress.svg
    module_path: boot():/share/cursors/future/right-arrow.svg
    module_path: boot():/share/cursors/future/right_ptr.svg
    module_path: boot():/share/cursors/future/right_side.svg
    module_path: boot():/share/cursors/future/row-resize.svg
    module_path: boot():/share/cursors/future/size_bdiag.svg
    module_path: boot():/share/cursors/future/size_fdiag.svg
    module_path: boot():/share/cursors/future/size_hor.svg
    module_path: boot():/share/cursors/future/size_ver.svg
    module_path: boot():/share/cursors/future/text.svg
    module_path: boot():/share/cursors/future/top_left_corner.svg
    module_path: boot():/share/cursors/future/top_right_corner.svg
    module_path: boot():/share/cursors/future/top_side.svg
    module_path: boot():/share/cursors/future/up-arrow.svg
    module_path: boot():/share/cursors/future/vertical-text.svg
    module_path: boot():/share/cursors/future/wait-01.svg
    module_path: boot():/share/cursors/future/wait-02.svg
    module_path: boot():/share/cursors/future/wait-03.svg
    module_path: boot():/share/cursors/future/wait-04.svg
    module_path: boot():/share/cursors/future/wait-05.svg
    module_path: boot():/share/cursors/future/wait-06.svg
    module_path: boot():/share/cursors/future/wait-07.svg
    module_path: boot():/share/cursors/future/wait-08.svg
    module_path: boot():/share/cursors/future/wait-09.svg
    module_path: boot():/share/cursors/future/wait-10.svg
    module_path: boot():/share/cursors/future/wait-11.svg
    module_path: boot():/share/cursors/future/wait-12.svg
    module_path: boot():/share/cursors/future/wait-13.svg
    module_path: boot():/share/cursors/future/wait-14.svg
    module_path: boot():/share/cursors/future/wait-15.svg
    module_path: boot():/share/cursors/future/wait-16.svg
    module_path: boot():/share/cursors/future/wait-17.svg
    module_path: boot():/share/cursors/future/wait-18.svg
    module_path: boot():/share/cursors/future/wait-19.svg
    module_path: boot():/share/cursors/future/wait-20.svg
    module_path: boot():/share/cursors/future/wait-21.svg
    module_path: boot():/share/cursors/future/wait-22.svg
    module_path: boot():/share/cursors/future/wait-23.svg
    module_path: boot():/share/cursors/future/wait.svg
    module_path: boot():/share/cursors/future/wayland-cursor.svg
    module_path: boot():/share/cursors/future/x-cursor.svg
    module_path: boot():/share/cursors/future/zoom-in.svg
    module_path: boot():/share/cursors/future/zoom-out.svg
    module_path: boot():/share/fonts/unifont.hex
    module_path: boot():/etc/locale.conf
    module_path: boot():/etc/profile
    module_path: boot():/etc/motd
    module_path: boot():/etc/fstab
    module_path: boot():/etc/hostname

/ThingOS (Safe Shell)
    protocol: limine
    resolution: 1920x1080
    kernel_path: boot():/boot/kernel
    kernel_cmdline: loglevel=5 display=bootfb sprout.safe=sh sprout.active_ui=terminal
    module_path: boot():/bin/sprout
    module_cmdline: init
    module_path: boot():/bin/sh
    module_path: boot():/bin/terminal
    module_path: boot():/share/fonts/unifont.hex
    module_path: boot():/etc/locale.conf
    module_path: boot():/etc/profile
    module_path: boot():/etc/motd
    module_path: boot():/etc/fstab
    module_path: boot():/etc/hostname

/ThingOS (Debug)
    protocol: limine
    resolution: 1920x1080
    kernel_path: boot():/boot/kernel
    kernel_cmdline: loglevel=4
    module_path: boot():/bin/sprout
    module_cmdline: init
    module_path: boot():/bin/bristle
    module_path: boot():/drivers/rtc_cmos
    module_cmdline: init
    module_path: boot():/drivers/hwrng
    module_cmdline: init
    module_path: boot():/drivers/ps2_kbd
    module_path: boot():/bin/sh
    module_cmdline: init
    module_path: boot():/bin/ls
    module_cmdline: init
    module_path: boot():/bin/lsusb
    module_cmdline: init
    module_path: boot():/bin/lspci
    module_cmdline: init
    module_path: boot():/bin/ln
    module_cmdline: init
    module_path: boot():/bin/ps
    module_cmdline: init
    module_path: boot():/bin/kill
    module_cmdline: init
    module_path: boot():/bin/killall
    module_cmdline: init
    module_path: boot():/bin/cat
    module_cmdline: init
    module_path: boot():/bin/head
    module_cmdline: init
    module_path: boot():/bin/tail
    module_cmdline: init
    module_path: boot():/bin/top
    module_cmdline: init
    module_path: boot():/bin/wc
    module_cmdline: init
    module_path: boot():/bin/yes
    module_cmdline: init
    module_path: boot():/bin/which
    module_cmdline: init
    module_path: boot():/bin/cp
    module_cmdline: init
    module_path: boot():/bin/mv
    module_cmdline: init
    module_path: boot():/bin/rm
    module_cmdline: init
    module_path: boot():/bin/rmdir
    module_cmdline: init
    module_path: boot():/bin/mkdir
    module_cmdline: init
    module_path: boot():/bin/mount
    module_cmdline: init
    module_path: boot():/bin/echo
    module_cmdline: init
    module_path: boot():/bin/printf
    module_cmdline: init
    module_path: boot():/bin/grep
    module_cmdline: init
    module_path: boot():/bin/pwd
    module_cmdline: init
    module_path: boot():/bin/touch
    module_cmdline: init
    module_path: boot():/bin/setshell
    module_cmdline: init
    module_path: boot():/bin/dmesg
    module_cmdline: init
    module_path: boot():/bin/stat
    module_cmdline: init
    module_path: boot():/bin/file
    module_cmdline: init
    module_path: boot():/bin/dirname
    module_cmdline: init
    module_path: boot():/bin/basename
    module_cmdline: init
    module_path: boot():/bin/sleep
    module_cmdline: init
    module_path: boot():/bin/sort
    module_cmdline: init
    module_path: boot():/bin/env
    module_cmdline: init
    module_path: boot():/bin/uname
    module_path: boot():/bin/true
    module_path: boot():/bin/false
    module_path: boot():/bin/input_echo
    module_path: boot():/drivers/ps2_mouse
    module_path: boot():/drivers/display_bootfb
    module_path: boot():/drivers/display_virtio_gpu
    module_path: boot():/bin/cambium
    module_path: boot():/drivers/virtio_netd
    module_path: boot():/drivers/rtl8168d
    module_path: boot():/bin/netd
    module_path: boot():/bin/mesocarp
    module_path: boot():/bin/mdns
    module_path: boot():/bin/mdnsd
    module_path: boot():/bin/fetchd
    module_path: boot():/bin/httpsd
    module_path: boot():/bin/find
    module_path: boot():/bin/ip
    module_path: boot():/bin/iso_reader
    module_path: boot():/bin/ping
    module_path: boot():/bin/nslookup
    module_path: boot():/drivers/ahci_disk
    module_path: boot():/drivers/ata_disk
    module_path: boot():/bin/iso9660d
    module_path: boot():/drivers/virtio_sound
    module_path: boot():/drivers/hdaudio
    module_path: boot():/drivers/pci_stubd
    module_path: boot():/drivers/xhci
    module_path: boot():/drivers/chime
    module_path: boot():/bin/vfs_hello
    module_path: boot():/bin/show_args
    module_path: boot():/bin/clock
    module_path: boot():/bin/env_roundtrip
    module_path: boot():/bin/cwd_test
    module_path: boot():/bin/date
    module_path: boot():/bin/wayland_hello
    module_path: boot():/bin/terminal
    module_path: boot():/bin/tee
    module_path: boot():/bin/xargs
    module_path: boot():/bin/placed
    module_path: boot():/bin/bloom
    module_path: boot():/bin/clear
    module_path: boot():/bin/loglevel
    module_path: boot():/bin/poll_mux
    module_path: boot():/bin/ipc_service_demo
    module_path: boot():/bin/ipc_pipe_demo
    module_path: boot():/bin/ipc_provider_demo
    module_path: boot():/bin/vfs_test_provider
    module_path: boot():/bin/ipc_memfd_demo
    module_path: boot():/bin/test_exec
    module_path: boot():/bin/test_vm_protect
    module_path: boot():/bin/test_exec_env
    module_path: boot():/bin/test_threads
    module_path: boot():/bin/test_futex
    module_path: boot():/bin/ld_so
    module_path: boot():/bin/test_dyn_loader
    module_path: boot():/bin/test_dlopen
    module_path: boot():/bin/reboot
    module_path: boot():/bin/shutdown
    module_path: boot():/bin/attr_list
    module_path: boot():/bin/attr_get
    module_path: boot():/bin/attr_set
    module_path: boot():/bin/attr_rm
    module_path: boot():/lib/libpistil.so
    module_path: boot():/share/wallpapers/clouds.bmp
    module_path: boot():/share/wallpapers/flower.bmp
    module_path: boot():/share/wallpapers/flower.png
    module_path: boot():/share/wallpapers/leather.bmp
    module_path: boot():/share/wallpapers/linen.bmp
    module_path: boot():/share/fonts/DSEG7Classic-Regular.ttf
    module_path: boot():/share/fonts/Hack-Regular.ttf
    module_path: boot():/share/fonts/Inter-Regular.ttf
    module_path: boot():/share/fonts/Iosevka-Regular.ttf
    module_path: boot():/share/fonts/JetBrainsMono-Regular.ttf
    module_path: boot():/share/fonts/NotoSans-Regular.ttf
    module_path: boot():/share/fonts/NotoSansSymbol-Regular.ttf
    module_path: boot():/share/fonts/NotoSansSymbol2-Regular.ttf
    module_path: boot():/share/fonts/NotoSerif-Regular.ttf
    module_path: boot():/share/themes/solarized_warm.toml
    module_path: boot():/share/cursors/future/alias.svg
    module_path: boot():/share/cursors/future/all-scroll.svg
    module_path: boot():/share/cursors/future/bottom_left_corner.svg
    module_path: boot():/share/cursors/future/bottom_right_corner.svg
    module_path: boot():/share/cursors/future/bottom_side.svg
    module_path: boot():/share/cursors/future/cell.svg
    module_path: boot():/share/cursors/future/center_ptr.svg
    module_path: boot():/share/cursors/future/col-resize.svg
    module_path: boot():/share/cursors/future/color-picker.svg
    module_path: boot():/share/cursors/future/context-menu.svg
    module_path: boot():/share/cursors/future/copy.svg
    module_path: boot():/share/cursors/future/crosshair.svg
    module_path: boot():/share/cursors/future/default.svg
    module_path: boot():/share/cursors/future/dnd-move.svg
    module_path: boot():/share/cursors/future/dnd-no-drop.svg
    module_path: boot():/share/cursors/future/down-arrow.svg
    module_path: boot():/share/cursors/future/draft.svg
    module_path: boot():/share/cursors/future/fleur.svg
    module_path: boot():/share/cursors/future/help.svg
    module_path: boot():/share/cursors/future/left-arrow.svg
    module_path: boot():/share/cursors/future/left_side.svg
    module_path: boot():/share/cursors/future/no-drop.svg
    module_path: boot():/share/cursors/future/not-allowed.svg
    module_path: boot():/share/cursors/future/openhand.svg
    module_path: boot():/share/cursors/future/pencil.svg
    module_path: boot():/share/cursors/future/pirate.svg
    module_path: boot():/share/cursors/future/pointer.svg
    module_path: boot():/share/cursors/future/progress-01.svg
    module_path: boot():/share/cursors/future/progress-02.svg
    module_path: boot():/share/cursors/future/progress-03.svg
    module_path: boot():/share/cursors/future/progress-04.svg
    module_path: boot():/share/cursors/future/progress-05.svg
    module_path: boot():/share/cursors/future/progress-06.svg
    module_path: boot():/share/cursors/future/progress-07.svg
    module_path: boot():/share/cursors/future/progress-08.svg
    module_path: boot():/share/cursors/future/progress-09.svg
    module_path: boot():/share/cursors/future/progress-10.svg
    module_path: boot():/share/cursors/future/progress-11.svg
    module_path: boot():/share/cursors/future/progress-12.svg
    module_path: boot():/share/cursors/future/progress-13.svg
    module_path: boot():/share/cursors/future/progress-14.svg
    module_path: boot():/share/cursors/future/progress-15.svg
    module_path: boot():/share/cursors/future/progress-16.svg
    module_path: boot():/share/cursors/future/progress-17.svg
    module_path: boot():/share/cursors/future/progress-18.svg
    module_path: boot():/share/cursors/future/progress-19.svg
    module_path: boot():/share/cursors/future/progress-20.svg
    module_path: boot():/share/cursors/future/progress-21.svg
    module_path: boot():/share/cursors/future/progress-22.svg
    module_path: boot():/share/cursors/future/progress-23.svg
    module_path: boot():/share/cursors/future/progress.svg
    module_path: boot():/share/cursors/future/right-arrow.svg
    module_path: boot():/share/cursors/future/right_ptr.svg
    module_path: boot():/share/cursors/future/right_side.svg
    module_path: boot():/share/cursors/future/row-resize.svg
    module_path: boot():/share/cursors/future/size_bdiag.svg
    module_path: boot():/share/cursors/future/size_fdiag.svg
    module_path: boot():/share/cursors/future/size_hor.svg
    module_path: boot():/share/cursors/future/size_ver.svg
    module_path: boot():/share/cursors/future/text.svg
    module_path: boot():/share/cursors/future/top_left_corner.svg
    module_path: boot():/share/cursors/future/top_right_corner.svg
    module_path: boot():/share/cursors/future/top_side.svg
    module_path: boot():/share/cursors/future/up-arrow.svg
    module_path: boot():/share/cursors/future/vertical-text.svg
    module_path: boot():/share/cursors/future/wait-01.svg
    module_path: boot():/share/cursors/future/wait-02.svg
    module_path: boot():/share/cursors/future/wait-03.svg
    module_path: boot():/share/cursors/future/wait-04.svg
    module_path: boot():/share/cursors/future/wait-05.svg
    module_path: boot():/share/cursors/future/wait-06.svg
    module_path: boot():/share/cursors/future/wait-07.svg
    module_path: boot():/share/cursors/future/wait-08.svg
    module_path: boot():/share/cursors/future/wait-09.svg
    module_path: boot():/share/cursors/future/wait-10.svg
    module_path: boot():/share/cursors/future/wait-11.svg
    module_path: boot():/share/cursors/future/wait-12.svg
    module_path: boot():/share/cursors/future/wait-13.svg
    module_path: boot():/share/cursors/future/wait-14.svg
    module_path: boot():/share/cursors/future/wait-15.svg
    module_path: boot():/share/cursors/future/wait-16.svg
    module_path: boot():/share/cursors/future/wait-17.svg
    module_path: boot():/share/cursors/future/wait-18.svg
    module_path: boot():/share/cursors/future/wait-19.svg
    module_path: boot():/share/cursors/future/wait-20.svg
    module_path: boot():/share/cursors/future/wait-21.svg
    module_path: boot():/share/cursors/future/wait-22.svg
    module_path: boot():/share/cursors/future/wait-23.svg
    module_path: boot():/share/cursors/future/wait.svg
    module_path: boot():/share/cursors/future/wayland-cursor.svg
    module_path: boot():/share/cursors/future/x-cursor.svg
    module_path: boot():/share/cursors/future/zoom-in.svg
    module_path: boot():/share/cursors/future/zoom-out.svg
    module_path: boot():/share/fonts/unifont.hex
    module_path: boot():/etc/locale.conf
    module_path: boot():/etc/profile
    module_path: boot():/etc/motd
    module_path: boot():/etc/fstab
    module_path: boot():/etc/hostname

/ThingOS (Trace)
    protocol: limine
    resolution: 1920x1080
    kernel_path: boot():/boot/kernel
    kernel_cmdline: loglevel=5
    module_path: boot():/bin/sprout
    module_cmdline: init
    module_path: boot():/bin/bristle
    module_path: boot():/drivers/rtc_cmos
    module_cmdline: init
    module_path: boot():/drivers/hwrng
    module_cmdline: init
    module_path: boot():/drivers/ps2_kbd
    module_path: boot():/bin/sh
    module_cmdline: init
    module_path: boot():/bin/ls
    module_cmdline: init
    module_path: boot():/bin/lsusb
    module_cmdline: init
    module_path: boot():/bin/lspci
    module_cmdline: init
    module_path: boot():/bin/ln
    module_cmdline: init
    module_path: boot():/bin/ps
    module_cmdline: init
    module_path: boot():/bin/kill
    module_cmdline: init
    module_path: boot():/bin/killall
    module_cmdline: init
    module_path: boot():/bin/cat
    module_cmdline: init
    module_path: boot():/bin/head
    module_cmdline: init
    module_path: boot():/bin/tail
    module_cmdline: init
    module_path: boot():/bin/top
    module_cmdline: init
    module_path: boot():/bin/wc
    module_cmdline: init
    module_path: boot():/bin/yes
    module_cmdline: init
    module_path: boot():/bin/which
    module_cmdline: init
    module_path: boot():/bin/cp
    module_cmdline: init
    module_path: boot():/bin/mv
    module_cmdline: init
    module_path: boot():/bin/rm
    module_cmdline: init
    module_path: boot():/bin/rmdir
    module_cmdline: init
    module_path: boot():/bin/mkdir
    module_cmdline: init
    module_path: boot():/bin/mount
    module_cmdline: init
    module_path: boot():/bin/echo
    module_cmdline: init
    module_path: boot():/bin/printf
    module_cmdline: init
    module_path: boot():/bin/grep
    module_cmdline: init
    module_path: boot():/bin/pwd
    module_cmdline: init
    module_path: boot():/bin/touch
    module_cmdline: init
    module_path: boot():/bin/setshell
    module_cmdline: init
    module_path: boot():/bin/dmesg
    module_cmdline: init
    module_path: boot():/bin/stat
    module_cmdline: init
    module_path: boot():/bin/file
    module_cmdline: init
    module_path: boot():/bin/dirname
    module_cmdline: init
    module_path: boot():/bin/basename
    module_cmdline: init
    module_path: boot():/bin/sleep
    module_cmdline: init
    module_path: boot():/bin/sort
    module_cmdline: init
    module_path: boot():/bin/env
    module_cmdline: init
    module_path: boot():/bin/uname
    module_path: boot():/bin/true
    module_path: boot():/bin/false
    module_path: boot():/bin/input_echo
    module_path: boot():/drivers/ps2_mouse
    module_path: boot():/drivers/display_bootfb
    module_path: boot():/drivers/display_virtio_gpu
    module_path: boot():/bin/cambium
    module_path: boot():/drivers/virtio_netd
    module_path: boot():/drivers/rtl8168d
    module_path: boot():/bin/netd
    module_path: boot():/bin/mesocarp
    module_path: boot():/bin/mdns
    module_path: boot():/bin/mdnsd
    module_path: boot():/bin/fetchd
    module_path: boot():/bin/httpsd
    module_path: boot():/bin/find
    module_path: boot():/bin/ip
    module_path: boot():/bin/iso_reader
    module_path: boot():/bin/ping
    module_path: boot():/bin/nslookup
    module_path: boot():/drivers/ahci_disk
    module_path: boot():/drivers/ata_disk
    module_path: boot():/bin/iso9660d
    module_path: boot():/drivers/virtio_sound
    module_path: boot():/drivers/hdaudio
    module_path: boot():/drivers/pci_stubd
    module_path: boot():/drivers/xhci
    module_path: boot():/drivers/chime
    module_path: boot():/bin/vfs_hello
    module_path: boot():/bin/show_args
    module_path: boot():/bin/clock
    module_path: boot():/bin/env_roundtrip
    module_path: boot():/bin/cwd_test
    module_path: boot():/bin/date
    module_path: boot():/bin/wayland_hello
    module_path: boot():/bin/terminal
    module_path: boot():/bin/tee
    module_path: boot():/bin/xargs
    module_path: boot():/bin/placed
    module_path: boot():/bin/bloom
    module_path: boot():/bin/clear
    module_path: boot():/bin/loglevel
    module_path: boot():/bin/poll_mux
    module_path: boot():/bin/ipc_service_demo
    module_path: boot():/bin/ipc_pipe_demo
    module_path: boot():/bin/ipc_provider_demo
    module_path: boot():/bin/vfs_test_provider
    module_path: boot():/bin/ipc_memfd_demo
    module_path: boot():/bin/test_exec
    module_path: boot():/bin/test_vm_protect
    module_path: boot():/bin/test_exec_env
    module_path: boot():/bin/test_threads
    module_path: boot():/bin/test_futex
    module_path: boot():/bin/ld_so
    module_path: boot():/bin/test_dyn_loader
    module_path: boot():/bin/test_dlopen
    module_path: boot():/bin/reboot
    module_path: boot():/bin/shutdown
    module_path: boot():/bin/attr_list
    module_path: boot():/bin/attr_get
    module_path: boot():/bin/attr_set
    module_path: boot():/bin/attr_rm
    module_path: boot():/lib/libpistil.so
    module_path: boot():/share/wallpapers/clouds.bmp
    module_path: boot():/share/wallpapers/flower.bmp
    module_path: boot():/share/wallpapers/flower.png
    module_path: boot():/share/wallpapers/leather.bmp
    module_path: boot():/share/wallpapers/linen.bmp
    module_path: boot():/share/fonts/DSEG7Classic-Regular.ttf
    module_path: boot():/share/fonts/Hack-Regular.ttf
    module_path: boot():/share/fonts/Inter-Regular.ttf
    module_path: boot():/share/fonts/Iosevka-Regular.ttf
    module_path: boot():/share/fonts/JetBrainsMono-Regular.ttf
    module_path: boot():/share/fonts/NotoSans-Regular.ttf
    module_path: boot():/share/fonts/NotoSansSymbol-Regular.ttf
    module_path: boot():/share/fonts/NotoSansSymbol2-Regular.ttf
    module_path: boot():/share/fonts/NotoSerif-Regular.ttf
    module_path: boot():/share/themes/solarized_warm.toml
    module_path: boot():/share/cursors/future/alias.svg
    module_path: boot():/share/cursors/future/all-scroll.svg
    module_path: boot():/share/cursors/future/bottom_left_corner.svg
    module_path: boot():/share/cursors/future/bottom_right_corner.svg
    module_path: boot():/share/cursors/future/bottom_side.svg
    module_path: boot():/share/cursors/future/cell.svg
    module_path: boot():/share/cursors/future/center_ptr.svg
    module_path: boot():/share/cursors/future/col-resize.svg
    module_path: boot():/share/cursors/future/color-picker.svg
    module_path: boot():/share/cursors/future/context-menu.svg
    module_path: boot():/share/cursors/future/copy.svg
    module_path: boot():/share/cursors/future/crosshair.svg
    module_path: boot():/share/cursors/future/default.svg
    module_path: boot():/share/cursors/future/dnd-move.svg
    module_path: boot():/share/cursors/future/dnd-no-drop.svg
    module_path: boot():/share/cursors/future/down-arrow.svg
    module_path: boot():/share/cursors/future/draft.svg
    module_path: boot():/share/cursors/future/fleur.svg
    module_path: boot():/share/cursors/future/help.svg
    module_path: boot():/share/cursors/future/left-arrow.svg
    module_path: boot():/share/cursors/future/left_side.svg
    module_path: boot():/share/cursors/future/no-drop.svg
    module_path: boot():/share/cursors/future/not-allowed.svg
    module_path: boot():/share/cursors/future/openhand.svg
    module_path: boot():/share/cursors/future/pencil.svg
    module_path: boot():/share/cursors/future/pirate.svg
    module_path: boot():/share/cursors/future/pointer.svg
    module_path: boot():/share/cursors/future/progress-01.svg
    module_path: boot():/share/cursors/future/progress-02.svg
    module_path: boot():/share/cursors/future/progress-03.svg
    module_path: boot():/share/cursors/future/progress-04.svg
    module_path: boot():/share/cursors/future/progress-05.svg
    module_path: boot():/share/cursors/future/progress-06.svg
    module_path: boot():/share/cursors/future/progress-07.svg
    module_path: boot():/share/cursors/future/progress-08.svg
    module_path: boot():/share/cursors/future/progress-09.svg
    module_path: boot():/share/cursors/future/progress-10.svg
    module_path: boot():/share/cursors/future/progress-11.svg
    module_path: boot():/share/cursors/future/progress-12.svg
    module_path: boot():/share/cursors/future/progress-13.svg
    module_path: boot():/share/cursors/future/progress-14.svg
    module_path: boot():/share/cursors/future/progress-15.svg
    module_path: boot():/share/cursors/future/progress-16.svg
    module_path: boot():/share/cursors/future/progress-17.svg
    module_path: boot():/share/cursors/future/progress-18.svg
    module_path: boot():/share/cursors/future/progress-19.svg
    module_path: boot():/share/cursors/future/progress-20.svg
    module_path: boot():/share/cursors/future/progress-21.svg
    module_path: boot():/share/cursors/future/progress-22.svg
    module_path: boot():/share/cursors/future/progress-23.svg
    module_path: boot():/share/cursors/future/progress.svg
    module_path: boot():/share/cursors/future/right-arrow.svg
    module_path: boot():/share/cursors/future/right_ptr.svg
    module_path: boot():/share/cursors/future/right_side.svg
    module_path: boot():/share/cursors/future/row-resize.svg
    module_path: boot():/share/cursors/future/size_bdiag.svg
    module_path: boot():/share/cursors/future/size_fdiag.svg
    module_path: boot():/share/cursors/future/size_hor.svg
    module_path: boot():/share/cursors/future/size_ver.svg
    module_path: boot():/share/cursors/future/text.svg
    module_path: boot():/share/cursors/future/top_left_corner.svg
    module_path: boot():/share/cursors/future/top_right_corner.svg
    module_path: boot():/share/cursors/future/top_side.svg
    module_path: boot():/share/cursors/future/up-arrow.svg
    module_path: boot():/share/cursors/future/vertical-text.svg
    module_path: boot():/share/cursors/future/wait-01.svg
    module_path: boot():/share/cursors/future/wait-02.svg
    module_path: boot():/share/cursors/future/wait-03.svg
    module_path: boot():/share/cursors/future/wait-04.svg
    module_path: boot():/share/cursors/future/wait-05.svg
    module_path: boot():/share/cursors/future/wait-06.svg
    module_path: boot():/share/cursors/future/wait-07.svg
    module_path: boot():/share/cursors/future/wait-08.svg
    module_path: boot():/share/cursors/future/wait-09.svg
    module_path: boot():/share/cursors/future/wait-10.svg
    module_path: boot():/share/cursors/future/wait-11.svg
    module_path: boot():/share/cursors/future/wait-12.svg
    module_path: boot():/share/cursors/future/wait-13.svg
    module_path: boot():/share/cursors/future/wait-14.svg
    module_path: boot():/share/cursors/future/wait-15.svg
    module_path: boot():/share/cursors/future/wait-16.svg
    module_path: boot():/share/cursors/future/wait-17.svg
    module_path: boot():/share/cursors/future/wait-18.svg
    module_path: boot():/share/cursors/future/wait-19.svg
    module_path: boot():/share/cursors/future/wait-20.svg
    module_path: boot():/share/cursors/future/wait-21.svg
    module_path: boot():/share/cursors/future/wait-22.svg
    module_path: boot():/share/cursors/future/wait-23.svg
    module_path: boot():/share/cursors/future/wait.svg
    module_path: boot():/share/cursors/future/wayland-cursor.svg
    module_path: boot():/share/cursors/future/x-cursor.svg
    module_path: boot():/share/cursors/future/zoom-in.svg
    module_path: boot():/share/cursors/future/zoom-out.svg
    module_path: boot():/share/fonts/unifont.hex
    module_path: boot():/etc/locale.conf
    module_path: boot():/etc/profile
    module_path: boot():/etc/motd
    module_path: boot():/etc/fstab
    module_path: boot():/etc/hostname

--- END DEBUG ---
$ xorriso -as mkisofs -R -J -b boot/limine/limine-bios-cd.bin -no-emul-boot -boot-load-size 4 -boot-info-table --efi-boot boot/limine/limine-uefi-cd.bin -efi-boot-part --efi-boot-image --protective-msdos-label iso_root_669500451 -o thing-os-x86_64-1777661349-669500451.iso
xorriso 1.5.6 : RockRidge filesystem manipulator, libburnia project.

Drive current: -outdev 'stdio:thing-os-x86_64-1777661349-669500451.iso'
Media current: stdio file, overwriteable
Media status : is blank
Media summary: 0 sessions, 0 data blocks, 0 data,  663g free
Added to ISO image: directory '/'='/home/dancxjo/src/thingos/iso_root_669500451'
xorriso : UPDATE :   16463 files added in 1 seconds
xorriso : UPDATE :   16463 files added in 1 seconds
libisofs: WARNING : Cannot add /share/icons/chicago95/actions/16/action-unavailable-symbolic.png to Joliet tree. Symlinks can only be added to a Rock Ridge tree.
libisofs: WARNING : More symbolic links were omitted from Joliet tree.
libisofs: WARNING : Number of symbolic links omitted from Joliet tree: 11035
xorriso : UPDATE :  61.49% done
ISO image produced: 65952 sectors
Written to medium : 65952 sectors at LBA 0
Writing to 'stdio:thing-os-x86_64-1777661349-669500451.iso' completed successfully.

$ ./vendor/limine/limine bios-install thing-os-x86_64-1777661349-669500451.iso
Physical block size of 512 bytes.
Installing to GPT. Logical block size of 512 bytes.
Secondary header at LBA 0x4067f.
Secondary header valid.
Detected ISOHYBRID with a GUID partition table (GPT).
Converting to MBR for improved compatibility...
Conversion successful.
No active partition found, some systems may not boot.
Setting partition 1 as active to work around the issue...
Installing to MBR.
Stage 2 to be located at byte offset 0x200.
Reminder: Remember to copy the limine-bios.sys file in either
          the root, /boot, /limine, or /boot/limine directories of
          one of the partitions on the device, or boot will fail!
Limine BIOS stages installed successfully.
ISO created: thing-os-x86_64-1777661349-669500451.iso
Running thing-os-x86_64 in QEMU...
$ qemu-system-x86_64 -M q35 -drive if=pflash,unit=0,format=raw,file=vendor/ovmf/ovmf-code-x86_64.fd,readonly=on -drive if=pflash,unit=1,format=raw,file=vendor/ovmf/ovmf-vars-x86_64.fd -cdrom thing-os-x86_64-1777661349-669500451.iso -no-reboot -device virtio-net-pci,netdev=n0,mac=52:54:00:12:34:56,disable-legacy=on -netdev user,id=n0,hostfwd=tcp::8888-:80,hostfwd=tcp::2323-:2323 -device virtio-vga -M q35,usb=off,vmport=off,i8042=on -audiodev pipewire,id=audio0 -device virtio-sound-pci,audiodev=audio0 -chardev stdio,id=char0,signal=off -serial chardev:char0 -m 2G -smp 4 -display none -qmp unix:/tmp/freeze-hunter-0004-z2o0s8pr/qmp.sock,server=on,wait=off
[2J[01;01H[=3h[2J[01;01H[2J[01;01H[8;042;160t0[2J[01;01H[2J[01;01H[8;056;240t0[2J[01;01HBdsDxe: loading Boot0002 "UEFI QEMU DVD-ROM QM00005 " from PciRoot(0x0)/Pci(0x1F,0x2)/Sata(0x2,0xFFFF,0x0)
BdsDxe: starting Boot0002 "UEFI QEMU DVD-ROM QM00005 " from PciRoot(0x0)/Pci(0x1F,0x2)/Sata(0x2,0xFFFF,0x0)
[2J[01;01H[01;01H[2J[01;01H[01;01H[35951371203] [[32mINFO [0m] [kernel::boot_progress] [CPU0] boot_progress: milestone="Framebuffer Initialized"
[35984609760] [[35mTRACE[0m] [kernel::memory] [CPU0] [kernel:mem:init] enter
[35987660643] [[35mTRACE[0m] [kernel::memory] [CPU0] [kernel:mem:init] phys_memory_map ok
[35988504222] [[35mTRACE[0m] [kernel::memory] [CPU0] [kernel:mem:init] modules ok
[35989269888] [[35mTRACE[0m] [kernel::memory] [CPU0] [kernel:mem:init] phys_to_virt_offset ok
[35989812639] [[35mTRACE[0m] [kernel::memory] [CPU0] [kernel:mem:init] memory map logging done
[36016562967] [[35mTRACE[0m] [kernel::memory] [CPU0] [kernel:mem:init] boot_frame_alloc init ok
[36218293617] [[35mTRACE[0m] [kernel::memory] [CPU0] [kernel:mem:init] frame allocator build ok
[36219152112] [[35mTRACE[0m] [kernel::memory] [CPU0] [kernel:mem:init] frame allocator log ok
[36220060437] [[35mTRACE[0m] [kernel::memory] [CPU0] [kernel:mem:init] FRAME_ALLOCATOR init ok
[36220816005] [[35mTRACE[0m] [kernel::memory] [CPU0] [kernel:mem:init] tasking init ok
[36221378919] [[32mINFO [0m] [kernel::boot_progress] [CPU0] boot_progress: milestone="Memory Map OK"
[36241433250] [[32mINFO [0m] [kernel] [CPU0] Initializing global allocator...
[36242190336] [[34mDEBUG[0m] [kernel::memory::global_alloc] [CPU0] [kernel:global_alloc] enter
[36242788329] [[34mDEBUG[0m] [kernel::memory::global_alloc] [CPU0] [kernel:global_alloc] set expand hook
[36243330684] [[34mDEBUG[0m] [kernel::memory::global_alloc] [CPU0] [kernel:global_alloc] expand hook ok
[36243892806] [[34mDEBUG[0m] [kernel::memory::global_alloc] [CPU0] [kernel:global_alloc] kernel_heap lock begin
[36244895973] [[34mDEBUG[0m] [kernel::memory::global_alloc] [CPU0] [kernel:global_alloc] kernel_heap lock ok
[36245509212] [[35mTRACE[0m] [kernel::memory::global_alloc] [CPU0] [kernel:global_alloc] reserve_region begin
[36274607853] [[35mTRACE[0m] [kernel::memory::global_alloc] [CPU0] [kernel:global_alloc] reserve_region ok
[36275410578] [[35mTRACE[0m] [kernel::memory::global_alloc] [CPU0] [kernel:global_alloc] inner allocator init begin
[36278108658] [[35mTRACE[0m] [kernel::memory::global_alloc] [CPU0] [kernel:global_alloc] inner allocator init ok
[36278862279] [[35mTRACE[0m] [kernel::memory::global_alloc] [CPU0] [kernel:global_alloc] heap top store ok
[36279392589] [[35mTRACE[0m] [kernel::memory::global_alloc] [CPU0] [kernel:global_alloc] init done
[36280007808] [[32mINFO [0m] [kernel::boot_progress] [CPU0] boot_progress: milestone="Global Allocator"
[36302298054] [[34mDEBUG[0m] [kernel::vfs::devfs] [CPU0] devfs: set_boot_fb width=1920 height=1080 pitch=7680 resource_id=0xfb000000 phys=0x80000000
[36304391442] [[34mDEBUG[0m] [kernel] [CPU0] [kernel:start] framebuffer/devfs set_boot_fb elapsed_ticks=2030556 elapsed_us=1015
[36310198386] [[34mDEBUG[0m] [kernel] [CPU0] [kernel:start] framebuffer/devfs FbNode::new elapsed_ticks=4933269 elapsed_us=2466
[36310933461] [[35mTRACE[0m] [kernel::vfs::devfs] [CPU0] [kernel:devfs] register begin
[36315694503] [[35mTRACE[0m] [kernel::vfs::devfs] [CPU0] [kernel:devfs] register ok
[36316392222] [[34mDEBUG[0m] [kernel] [CPU0] [kernel:start] framebuffer/devfs register fb0 elapsed_ticks=5412231 elapsed_us=2706
[36317002953] [[32mINFO [0m] [kernel::boot_progress] [CPU0] boot_progress: milestone="Display Registry"
[36337012899] [[32mINFO [0m] [kernel] [CPU0] Initializing SIMD...
[36338917230] [[32mINFO [0m] [kernel::boot_progress] [CPU0] boot_progress: milestone="SIMD Ready"
[36375703056] [[34mDEBUG[0m] [kernel] [CPU0] Seeding entropy pool...
[36376993323] [[35mTRACE[0m] [kernel::entropy] [CPU0] [kernel:entropy] seed begin
[36378012561] [[35mTRACE[0m] [kernel::entropy] [CPU0] [kernel:entropy] fill_entropy done
[36380257386] [[35mTRACE[0m] [kernel::entropy] [CPU0] [kernel:entropy] add_sample(timer) ok
[36380974014] [[35mTRACE[0m] [kernel::entropy] [CPU0] [kernel:entropy] mark_seeded(timer) ok
[36381649227] [[33mWARN [0m] [kernel::entropy] [CPU0] ENTROPY: no hardware RNG available, using timer fallback (weak entropy)
[36382246395] [[34mDEBUG[0m] [kernel::entropy] [CPU0] ENTROPY: marked seeded with weak entropy (timer-only fallback)
[36382810365] [[35mTRACE[0m] [kernel::entropy] [CPU0] [kernel:entropy] seed done
[36384043377] [[34mDEBUG[0m] [kernel] [CPU0] [kernel:start] entropy::seed_from_hardware elapsed_ticks=6653691 elapsed_us=3326
[36384683016] [[32mINFO [0m] [kernel::boot_progress] [CPU0] boot_progress: milestone="SIMD Ready"
[36405121434] [[32mINFO [0m] [kernel] [CPU0] Initializing tasking...
[36414168252] [[35mTRACE[0m] [kernel::sched] [CPU0]   Acquiring scheduler lock...
[36415259166] [[35mTRACE[0m] [kernel::sched] [CPU0]   Lock acquired, checking if initialized...
[36415903986] [[35mTRACE[0m] [kernel::sched] [CPU0]   Allocating scheduler...
[36419670705] [[35mTRACE[0m] [kernel::sched] [CPU0]   Leaking scheduler...
[36420253518] [[35mTRACE[0m] [kernel::sched] [CPU0]   Initializing boot task...
[36422448018] [[34mDEBUG[0m] [kernel::sched] [CPU0] SCHED: allocating CpuScheduler for cpu0 (total=1)
[36423391224] [[32mINFO [0m] [kernel::sched] [CPU0] SCHED: 1 per-CPU scheduler(s) allocated
[36423953115] [[32mINFO [0m] [kernel::sched] [CPU0] SCHED: per-CPU preemption initialized (1 independent preemption domains, no global preemption lock)
[36424930476] [[35mTRACE[0m] [kernel::sched] [CPU0]   Creating boot task...
[36437492916] [[35mTRACE[0m] [kernel::sched] [CPU0]   Creating idle tasks...
[36438981348] [[34mDEBUG[0m] [bran::arch::x86_64::task] [CPU0] INIT KERNEL CTX: entry=0xffffffff8008b400 kstack_top=0xffffffffb0020660 arg=0x0
[36441150801] [[34mDEBUG[0m] [kernel::sched::spawn] [CPU0] SCHED: Task 1 assigned to CPU 0
[36461692740] [[35mTRACE[0m] [kernel::sched] [CPU0]   Boot task initialized
[36463894203] [[34mDEBUG[0m] [kernel::sched::state] [CPU0] SCHED[cpu0]: current=Some(0) idle=Some(1) runnable=0 need_resched=true
[36465237072] [[35mTRACE[0m] [kernel::sched] [CPU0]   Storing scheduler pointer...
[36466584396] [[32mINFO [0m] [kernel::sched] [CPU0] Scheduler initialized
[36467590170] [[32mINFO [0m] [kernel::boot_progress] [CPU0] boot_progress: milestone="Tasking Initialized"
[36488295393] [[34mDEBUG[0m] [kernel] [CPU0] Initializing VFS...
[36492176754] [[34mDEBUG[0m] [kernel] [CPU0] [kernel:start] scheduler-entry step='set_cmdline' elapsed_ticks=3007653 elapsed_us=1503 total_ticks=3720486 total_us=1860
[36511945437] [[34mDEBUG[0m] [kernel::vfs] [CPU0] VFS: Created /dev/display directory
[36512944710] [[34mDEBUG[0m] [kernel::vfs] [CPU0] VFS: Created /dev/storage directory
[36554155275] [[34mDEBUG[0m] [kernel::vfs] [CPU0] vfs: mounted union filesystem at / (root)
[36556663605] [[34mDEBUG[0m] [kernel::vfs] [CPU0] vfs: mounted devfs at /dev
[36557806230] [[34mDEBUG[0m] [kernel::vfs] [CPU0] vfs: mounted procfs at /proc
[36558763395] [[34mDEBUG[0m] [kernel::vfs] [CPU0] vfs: mounted sysfs at /sys
[36563350197] [[34mDEBUG[0m] [kernel::vfs] [CPU0] vfs: mounted tmpfs at /tmp
[36564354552] [[34mDEBUG[0m] [kernel::vfs] [CPU0] vfs: mounted tmpfs at /run
[36565159125] [[34mDEBUG[0m] [kernel::vfs] [CPU0] vfs: mounted tmpfs at /services
[36565917069] [[34mDEBUG[0m] [kernel::vfs] [CPU0] vfs: mounted tmpfs at /session
[36566748636] [[34mDEBUG[0m] [kernel::vfs] [CPU0] vfs: mounted tmpfs at /data
[36567328017] [[34mDEBUG[0m] [kernel] [CPU0] [kernel:start] scheduler-entry step='vfs_init' elapsed_ticks=74371803 elapsed_us=37185 total_ticks=79136838 total_us=39568
[36568012041] [[32mINFO [0m] [kernel::boot_progress] [CPU0] boot_progress: milestone="VFS Root Ready"
[36588978756] [[34mDEBUG[0m] [kernel] [CPU0] Scanning PCI bus...
[36593047392] [[34mDEBUG[0m] [kernel] [CPU0] PCI: Discovered 0x8086:0x29c0 at 00:00.0 class=060000 id=1
[36598042140] [[35mTRACE[0m] [kernel] [CPU0]   BAR1 (MEM32): 0x80883000 (size 0x1000)
[36611254812] [[35mTRACE[0m] [kernel] [CPU0]   BAR4 (MEM64): 0xc000000000 (size 0x4000)
[36612194322] [[34mDEBUG[0m] [kernel] [CPU0] PCI: Discovered 0x1af4:0x1041 at 00:01.0 class=020000 id=2
[36615980808] [[35mTRACE[0m] [kernel] [CPU0]   BAR0 (MEM32): 0x80000000 (size 0x800000)
[36626906118] [[35mTRACE[0m] [kernel] [CPU0]   BAR2 (MEM64): 0xc000004000 (size 0x4000)
[36634935744] [[35mTRACE[0m] [kernel] [CPU0]   BAR4 (MEM32): 0x80882000 (size 0x1000)
[36636052002] [[34mDEBUG[0m] [kernel] [CPU0] PCI: Discovered 0x1af4:0x1050 at 00:02.0 class=030000 id=3
[36639825123] [[35mTRACE[0m] [kernel] [CPU0]   BAR1 (MEM32): 0x80881000 (size 0x1000)
[36647886660] [[35mTRACE[0m] [kernel] [CPU0]   BAR4 (MEM64): 0xc000008000 (size 0x4000)
[36648635034] [[34mDEBUG[0m] [kernel] [CPU0] PCI: Discovered 0x1af4:0x1059 at 00:03.0 class=040100 id=4
[36649544151] [[34mDEBUG[0m] [kernel] [CPU0] PCI: Discovered 0x8086:0x2918 at 00:1f.0 class=060100 id=5
[36652782078] [[35mTRACE[0m] [kernel] [CPU0]   BAR4 (I/O):  0x6040 (size 0x20)
[36655521738] [[35mTRACE[0m] [kernel] [CPU0]   BAR5 (MEM32): 0x80880000 (size 0x1000)
[36656262753] [[34mDEBUG[0m] [kernel] [CPU0] PCI: Discovered 0x8086:0x2922 at 00:1f.2 class=010601 id=6
[36659168799] [[35mTRACE[0m] [kernel] [CPU0]   BAR4 (I/O):  0x6000 (size 0x40)
[36659823717] [[34mDEBUG[0m] [kernel] [CPU0] PCI: Discovered 0x8086:0x2930 at 00:1f.3 class=0c0500 id=7
[36662363298] [[34mDEBUG[0m] [kernel] [CPU0] [kernel:start] scheduler-entry step='scan_pci' elapsed_ticks=72771501 elapsed_us=36385 total_ticks=174164859 total_us=87082
[36663064383] [[32mINFO [0m] [kernel::boot_progress] [CPU0] boot_progress: milestone="PCI Bus Scanned"
[36684960444] [[34mDEBUG[0m] [kernel] [CPU0] [kernel:start] scheduler-entry step='register_legacy_devices' elapsed_ticks=823944 elapsed_us=411 total_ticks=196747254 total_us=98373
[36685940709] [[32mINFO [0m] [kernel::boot_progress] [CPU0] boot_progress: milestone="Legacy Devices"
[36708463737] [[34mDEBUG[0m] [kernel] [CPU0] System initialized. Setting up preemption timer (100Hz)...
[36719184282] [[34mDEBUG[0m] [bran::arch] [CPU0] IOAPIC: hhdm=0xffff800000000000
[36720406569] [[34mDEBUG[0m] [bran::arch] [CPU0] IOAPIC: Disabling legacy PIC...
[36721656642] [[34mDEBUG[0m] [bran::arch] [CPU0] IOAPIC: PIC disabled OK
[36722565429] [[34mDEBUG[0m] [bran::arch] [CPU0] IOAPIC: RSDP virt=0x7f77e014
[36727359306] [[34mDEBUG[0m] [bran::arch::x86_64::acpi] [CPU0] MADT: total length 144
[36733162686] [[35mTRACE[0m] [bran::arch::x86_64::acpi] [CPU0] MADT: Entry type 0, len 8 at 0xffff80007f77802c
[36734510868] [[35mTRACE[0m] [bran::arch::x86_64::acpi] [CPU0] MADT: Entry type 0, len 8 at 0xffff80007f778034
[36735383322] [[35mTRACE[0m] [bran::arch::x86_64::acpi] [CPU0] MADT: Entry type 0, len 8 at 0xffff80007f77803c
[36736261848] [[35mTRACE[0m] [bran::arch::x86_64::acpi] [CPU0] MADT: Entry type 0, len 8 at 0xffff80007f778044
[36737100741] [[35mTRACE[0m] [bran::arch::x86_64::acpi] [CPU0] MADT: Entry type 1, len 12 at 0xffff80007f77804c
[36738471033] [[35mTRACE[0m] [bran::arch::x86_64::acpi] [CPU0] MADT: Entry type 2, len 10 at 0xffff80007f778058
[36739781562] [[35mTRACE[0m] [bran::arch::x86_64::acpi] [CPU0] MADT: Entry type 2, len 10 at 0xffff80007f778062
[36740563728] [[35mTRACE[0m] [bran::arch::x86_64::acpi] [CPU0] MADT: Entry type 2, len 10 at 0xffff80007f77806c
[36741264681] [[35mTRACE[0m] [bran::arch::x86_64::acpi] [CPU0] MADT: Entry type 2, len 10 at 0xffff80007f778076
[36741790668] [[35mTRACE[0m] [bran::arch::x86_64::acpi] [CPU0] MADT: Entry type 2, len 10 at 0xffff80007f778080
[36742352592] [[35mTRACE[0m] [bran::arch::x86_64::acpi] [CPU0] MADT: Entry type 4, len 6 at 0xffff80007f77808a
[36743465451] [[34mDEBUG[0m] [bran::arch] [CPU0] IOAPIC: MADT parsed OK
[36744820893] [[34mDEBUG[0m] [bran::arch] [CPU0] SMP: Found 4 CPUs (CPU_COUNT now = 4)
[36745765584] [[34mDEBUG[0m] [bran::arch] [CPU0] IOAPIC: Found at phys 0xfec00000, GSI base 0
[36747348066] [[34mDEBUG[0m] [bran::arch] [CPU0] IOAPIC: Registers initialized
[36748484487] [[34mDEBUG[0m] [bran::arch] [CPU0] IOAPIC: Local APIC enabled (SVR=0x1FF, TPR=0)
[36749542071] [[34mDEBUG[0m] [bran::arch] [CPU0] IOAPIC: version 0x20, 24 redir entries
[36750635196] [[34mDEBUG[0m] [bran::arch] [CPU0] IOAPIC: All pins masked
[36752282391] [[35mTRACE[0m] [bran::arch] [CPU0] IOAPIC: IRQ1 -> GSI 1 -> NMI
[36753509859] [[35mTRACE[0m] [bran::arch] [CPU0] IOAPIC: IRQ12 -> GSI 12 -> 0x2C
[36754657269] [[35mTRACE[0m] [bran::arch] [CPU0] IOAPIC: IRQ4 -> GSI 4 -> 0x24
[36755487252] [[34mDEBUG[0m] [bran::arch] [CPU0] IOAPIC: Init complete
[36790320732] [[34mDEBUG[0m] [bran::arch::x86_64::ioapic] [CPU0] LAPIC: calibrated 62781500 ticks/sec (delta=627815, ok=true) -> init_cnt=627815
[36792066729] [[34mDEBUG[0m] [bran::arch::x86_64] [CPU0] LAPIC: calibrated timer (62781500 ticks/sec), init_cnt=627815 for 100Hz
[36792907899] [[34mDEBUG[0m] [kernel] [CPU0] [kernel:start] scheduler-entry step='setup_preemption_timer' elapsed_ticks=83231313 elapsed_us=41615 total_ticks=304696260 total_us=152348
[36794049600] [[32mINFO [0m] [kernel::boot_progress] [CPU0] boot_progress: milestone="BSP Timer OK"
[36816910680] [[34mDEBUG[0m] [kernel] [CPU0] Kernel: Detected 4 CPUs. Starting 3 secondaries...
[36818049873] [[34mDEBUG[0m] [bran::arch::x86_64] [CPU0] SMP: Starting 3 secondary CPUs...
[36820050663] [[34mDEBUG[0m] [bran::arch::x86_64] [CPU0] SMP: Initializing trampoline at 0x8000
[36823020597] [[34mDEBUG[0m] [bran::arch::x86_64] [CPU0] SMP: Starting CPU 1 (APIC 1)
[36853836195] [[34mDEBUG[0m] [bran::arch::x86_64] [CPU0] SMP: CPU 1 (APIC 1) is online
[36855454119] [[34mDEBUG[0m] [bran::arch::x86_64] [CPU0] SMP: Starting CPU 2 (APIC 2)
[36857434515] [[34mDEBUG[0m] [bran::arch::x86_64] [CPU1] SMP: CPU 1 initializing preemption timer (vec=32 init_cnt=627815)
[36859969971] [[34mDEBUG[0m] [kernel] [CPU1] SMP: kernel_secondary_entry arg_cpu=1 runtime_cpu=1
[36861324885] [[34mDEBUG[0m] [kernel] [CPU1] SMP: Entering kernel_secondary_entry for CPU 1
[36863665377] [[34mDEBUG[0m] [kernel::sched] [CPU1] SMP: CPU 1 online (triggered by scheduler spawn)
[36869250363] [[34mDEBUG[0m] [bran::arch::x86_64::task] [CPU1] INIT KERNEL CTX: entry=0xffffffff8008b400 kstack_top=0xffffffffb00373a0 arg=0x1
[36870442620] [[34mDEBUG[0m] [kernel::sched::spawn] [CPU1] SCHED: Task 2 assigned to CPU 1
[36876084135] [[34mDEBUG[0m] [kernel::sched] [CPU1] REGISTRY: Applying 2 deferred inserts
[36878214978] [[34mDEBUG[0m] [kernel::sched] [CPU1] REGISTRY: Inserting TID=1
[36879039351] [[34mDEBUG[0m] [kernel::sched] [CPU1] REGISTRY: Inserting TID=2
[36881358129] [[34mDEBUG[0m] [bran::arch::x86_64] [CPU2] SMP: CPU 2 initializing preemption timer (vec=32 init_cnt=627815)
[36881539398] [[34mDEBUG[0m] [bran::arch::x86_64] [CPU0] SMP: CPU 2 (APIC 2) is online
[36882411720] [[34mDEBUG[0m] [kernel] [CPU2] SMP: kernel_secondary_entry arg_cpu=2 runtime_cpu=2
[36882608268] [[34mDEBUG[0m] [bran::arch::x86_64] [CPU0] SMP: Starting CPU 3 (APIC 3)
[36883020042] [[34mDEBUG[0m] [kernel] [CPU2] SMP: Entering kernel_secondary_entry for CPU 2
[36883690668] [[34mDEBUG[0m] [kernel::sched] [CPU2] SMP: CPU 2 online (triggered by scheduler spawn)
[36884869428] [[34mDEBUG[0m] [bran::arch::x86_64::task] [CPU2] INIT KERNEL CTX: entry=0xffffffff8008b400 kstack_top=0xffffffffb0048b20 arg=0x2
[36885876390] [[34mDEBUG[0m] [kernel::sched::spawn] [CPU2] SCHED: Task 3 assigned to CPU 2
[36886421880] [[34mDEBUG[0m] [kernel::sched] [CPU1] REGISTRY: Inserts applied
[36887370762] [[34mDEBUG[0m] [kernel::sched::lifecycle] [CPU1] SMP: Secondary CPU 1 online!
[36887567343] [[34mDEBUG[0m] [kernel::sched] [CPU2] REGISTRY: Applying 1 deferred inserts
[36888157944] [[34mDEBUG[0m] [kernel::task] [CPU1] SMP: run_scheduler entry on CPU 1
[36888229884] [[34mDEBUG[0m] [kernel::sched] [CPU2] REGISTRY: Inserting TID=3
[36889065873] [[34mDEBUG[0m] [kernel::task] [CPU1] SMP: bootstrap_cpu start on CPU 1
[36889469232] [[34mDEBUG[0m] [kernel::sched] [CPU2] REGISTRY: Inserts applied
[36890067753] [[34mDEBUG[0m] [kernel::sched::lifecycle] [CPU2] SMP: Secondary CPU 2 online!
[36890425869] [[34mDEBUG[0m] [kernel::task] [CPU1] SMP: CPU 1 bootstrapped with idle thread 2 and is now schedulable
[36890605059] [[34mDEBUG[0m] [kernel::task] [CPU2] SMP: run_scheduler entry on CPU 2
[36891427914] [[34mDEBUG[0m] [kernel::task] [CPU2] SMP: bootstrap_cpu start on CPU 2
[36892416099] [[34mDEBUG[0m] [kernel::task] [CPU2] SMP: CPU 2 bootstrapped with idle thread 3 and is now schedulable
[36907744071] [[34mDEBUG[0m] [bran::arch::x86_64] [CPU0] SMP: CPU 3 (APIC 3) is online
[36908202441] [[34mDEBUG[0m] [bran::arch::x86_64] [CPU3] SMP: CPU 3 initializing preemption timer (vec=32 init_cnt=627815)
[36909724533] [[34mDEBUG[0m] [bran::arch::x86_64] [CPU0] SMP: Secondary CPU startup complete
[36910043973] [[34mDEBUG[0m] [kernel] [CPU3] SMP: kernel_secondary_entry arg_cpu=3 runtime_cpu=3
[36910837425] [[34mDEBUG[0m] [kernel] [CPU0] Kernel: Secondary CPU bring-up complete.
[36910860096] [[34mDEBUG[0m] [kernel] [CPU3] SMP: Entering kernel_secondary_entry for CPU 3
[36915837750] [[34mDEBUG[0m] [kernel] [CPU0] [kernel:start] scheduler-entry step='start_secondary_cpus' elapsed_ticks=99167508 elapsed_us=49583 total_ticks=427630995 total_us=213815
[36916779834] [[32mINFO [0m] [kernel::boot_progress] [CPU0] boot_progress: milestone="SMP Bring-up"
[36917549328] [[34mDEBUG[0m] [kernel::sched] [CPU3] SMP: CPU 3 online (triggered by scheduler spawn)
[36919381818] [[34mDEBUG[0m] [bran::arch::x86_64::task] [CPU3] INIT KERNEL CTX: entry=0xffffffff8008b400 kstack_top=0xffffffffb005a2a0 arg=0x3
[36920238795] [[34mDEBUG[0m] [kernel::sched::spawn] [CPU3] SCHED: Task 4 assigned to CPU 3
[36923047194] [[34mDEBUG[0m] [kernel::sched] [CPU3] REGISTRY: Applying 1 deferred inserts
[36923595522] [[34mDEBUG[0m] [kernel::sched] [CPU3] REGISTRY: Inserting TID=4
[36924421413] [[34mDEBUG[0m] [kernel::sched] [CPU3] REGISTRY: Inserts applied
[36925059699] [[34mDEBUG[0m] [kernel::sched::lifecycle] [CPU3] SMP: Secondary CPU 3 online!
[36926089299] [[34mDEBUG[0m] [kernel::task] [CPU3] SMP: run_scheduler entry on CPU 3
[36926876349] [[34mDEBUG[0m] [kernel::task] [CPU3] SMP: bootstrap_cpu start on CPU 3
[36928139292] [[34mDEBUG[0m] [kernel::task] [CPU3] SMP: CPU 3 bootstrapped with idle thread 4 and is now schedulable
[37010113701] [[32mINFO [0m] [kernel::boot_progress] [CPU0] boot_progress: milestone="Boot Info OK"
[37096552812] [[34mDEBUG[0m] [kernel] [CPU0] Kernel: Enumerating 218 boot modules...
[37100712726] [[35mTRACE[0m] [kernel] [CPU0]   Module[0]: name='/bin/sprout' cmdline='init' size=90224 bytes
[37102590294] [[35mTRACE[0m] [kernel] [CPU0]   Module[1]: name='/bin/bristle' cmdline='' size=68744 bytes
[37103715495] [[35mTRACE[0m] [kernel] [CPU0]   Module[2]: name='/drivers/rtc_cmos' cmdline='init' size=45904 bytes
[37104686091] [[35mTRACE[0m] [kernel] [CPU0]   Module[3]: name='/drivers/hwrng' cmdline='init' size=40016 bytes
[37105685958] [[35mTRACE[0m] [kernel] [CPU0]   Module[4]: name='/drivers/ps2_kbd' cmdline='' size=72264 bytes
[37106401365] [[35mTRACE[0m] [kernel] [CPU0]   Module[5]: name='/bin/sh' cmdline='init' size=127864 bytes
[37107193827] [[35mTRACE[0m] [kernel] [CPU0]   Module[6]: name='/bin/ls' cmdline='init' size=62136 bytes
[37107885507] [[35mTRACE[0m] [kernel] [CPU0]   Module[7]: name='/bin/lsusb' cmdline='init' size=1066664 bytes
[37108680906] [[35mTRACE[0m] [kernel] [CPU0]   Module[8]: name='/bin/lspci' cmdline='init' size=1052328 bytes
[37109371530] [[35mTRACE[0m] [kernel] [CPU0]   Module[9]: name='/bin/ln' cmdline='init' size=47568 bytes
[37110114030] [[35mTRACE[0m] [kernel] [CPU0]   Module[10]: name='/bin/ps' cmdline='init' size=50544 bytes
[37111121520] [[35mTRACE[0m] [kernel] [CPU0]   Module[11]: name='/bin/kill' cmdline='init' size=55584 bytes
[37115568930] [[35mTRACE[0m] [kernel] [CPU0]   Module[12]: name='/bin/killall' cmdline='init' size=67656 bytes
[37125181929] [[35mTRACE[0m] [kernel] [CPU0]   Module[13]: name='/bin/cat' cmdline='init' size=50832 bytes
[37125899679] [[35mTRACE[0m] [kernel] [CPU0]   Module[14]: name='/bin/head' cmdline='init' size=56112 bytes
[37126796190] [[35mTRACE[0m] [kernel] [CPU0]   Module[15]: name='/bin/tail' cmdline='init' size=56088 bytes
[37133371803] [[35mTRACE[0m] [kernel] [CPU0]   Module[16]: name='/bin/top' cmdline='init' size=65488 bytes
[37133989431] [[35mTRACE[0m] [kernel] [CPU0]   Module[17]: name='/bin/wc' cmdline='init' size=56248 bytes
[37134566436] [[35mTRACE[0m] [kernel] [CPU0]   Module[18]: name='/bin/yes' cmdline='init' size=44520 bytes
[37135177431] [[35mTRACE[0m] [kernel] [CPU0]   Module[19]: name='/bin/which' cmdline='init' size=50448 bytes
[37135824561] [[35mTRACE[0m] [kernel] [CPU0]   Module[20]: name='/bin/cp' cmdline='init' size=46312 bytes
[37136402886] [[35mTRACE[0m] [kernel] [CPU0]   Module[21]: name='/bin/mv' cmdline='init' size=47048 bytes
[37136967813] [[35mTRACE[0m] [kernel] [CPU0]   Module[22]: name='/bin/rm' cmdline='init' size=47128 bytes
[37137523368] [[35mTRACE[0m] [kernel] [CPU0]   Module[23]: name='/bin/rmdir' cmdline='init' size=47144 bytes
[37138150896] [[35mTRACE[0m] [kernel] [CPU0]   Module[24]: name='/bin/mkdir' cmdline='init' size=47144 bytes
[37138732818] [[35mTRACE[0m] [kernel] [CPU0]   Module[25]: name='/bin/mount' cmdline='init' size=57688 bytes
[37139312199] [[35mTRACE[0m] [kernel] [CPU0]   Module[26]: name='/bin/echo' cmdline='init' size=44616 bytes
[37139887587] [[35mTRACE[0m] [kernel] [CPU0]   Module[27]: name='/bin/printf' cmdline='init' size=93928 bytes
[37140465681] [[35mTRACE[0m] [kernel] [CPU0]   Module[28]: name='/bin/grep' cmdline='init' size=85240 bytes
[37141034403] [[35mTRACE[0m] [kernel] [CPU0]   Module[29]: name='/bin/pwd' cmdline='init' size=39184 bytes
[37141618404] [[35mTRACE[0m] [kernel] [CPU0]   Module[30]: name='/bin/touch' cmdline='init' size=46160 bytes
[37142301438] [[35mTRACE[0m] [kernel] [CPU0]   Module[31]: name='/bin/setshell' cmdline='init' size=47048 bytes
[37142891445] [[35mTRACE[0m] [kernel] [CPU0]   Module[32]: name='/bin/dmesg' cmdline='init' size=39328 bytes
[37143477756] [[35mTRACE[0m] [kernel] [CPU0]   Module[33]: name='/bin/stat' cmdline='init' size=46200 bytes
[37144045884] [[35mTRACE[0m] [kernel] [CPU0]   Module[34]: name='/bin/file' cmdline='init' size=51104 bytes
[37145071491] [[35mTRACE[0m] [kernel] [CPU0]   Module[35]: name='/bin/dirname' cmdline='init' size=50096 bytes
[37145784621] [[35mTRACE[0m] [kernel] [CPU0]   Module[36]: name='/bin/basename' cmdline='init' size=50104 bytes
[37146447591] [[35mTRACE[0m] [kernel] [CPU0]   Module[37]: name='/bin/sleep' cmdline='init' size=56824 bytes
[37147016610] [[35mTRACE[0m] [kernel] [CPU0]   Module[38]: name='/bin/sort' cmdline='init' size=66336 bytes
[37147858440] [[35mTRACE[0m] [kernel] [CPU0]   Module[39]: name='/bin/env' cmdline='init' size=45832 bytes
[37148971992] [[35mTRACE[0m] [kernel] [CPU0]   Module[40]: name='/bin/uname' cmdline='' size=44632 bytes
[37152715248] [[35mTRACE[0m] [kernel] [CPU0]   Module[41]: name='/bin/true' cmdline='' size=20744 bytes
[37159499190] [[35mTRACE[0m] [kernel] [CPU0]   Module[42]: name='/bin/false' cmdline='' size=20744 bytes
[37162201131] [[35mTRACE[0m] [kernel] [CPU0]   Module[43]: name='/bin/input_echo' cmdline='' size=43016 bytes
[37162862814] [[35mTRACE[0m] [kernel] [CPU0]   Module[44]: name='/drivers/ps2_mouse' cmdline='' size=71096 bytes
[37163701212] [[35mTRACE[0m] [kernel] [CPU0]   Module[45]: name='/drivers/display_bootfb' cmdline='' size=100456 bytes
[37164865683] [[35mTRACE[0m] [kernel] [CPU0]   Module[46]: name='/drivers/display_virtio_gpu' cmdline='' size=178536 bytes
[37165645308] [[35mTRACE[0m] [kernel] [CPU0]   Module[47]: name='/bin/cambium' cmdline='' size=144760 bytes
[37166544228] [[35mTRACE[0m] [kernel] [CPU0]   Module[48]: name='/drivers/virtio_netd' cmdline='' size=123920 bytes
[37167372957] [[35mTRACE[0m] [kernel] [CPU0]   Module[49]: name='/drivers/rtl8168d' cmdline='' size=61392 bytes
[37168199937] [[35mTRACE[0m] [kernel] [CPU0]   Module[50]: name='/bin/netd' cmdline='' size=10819752 bytes
[37169002101] [[35mTRACE[0m] [kernel] [CPU0]   Module[51]: name='/bin/mesocarp' cmdline='' size=123496 bytes
[37169825748] [[35mTRACE[0m] [kernel] [CPU0]   Module[52]: name='/bin/mdns' cmdline='' size=123496 bytes
[37170564123] [[35mTRACE[0m] [kernel] [CPU0]   Module[53]: name='/bin/mdnsd' cmdline='' size=123496 bytes
[37171395063] [[35mTRACE[0m] [kernel] [CPU0]   Module[54]: name='/bin/fetchd' cmdline='' size=76752 bytes
[37172174193] [[35mTRACE[0m] [kernel] [CPU0]   Module[55]: name='/bin/httpsd' cmdline='' size=536128 bytes
[37172908740] [[35mTRACE[0m] [kernel] [CPU0]   Module[56]: name='/bin/find' cmdline='' size=57896 bytes
[37173550986] [[35mTRACE[0m] [kernel] [CPU0]   Module[57]: name='/bin/ip' cmdline='' size=55472 bytes
[37174373049] [[35mTRACE[0m] [kernel] [CPU0]   Module[58]: name='/bin/iso_reader' cmdline='' size=37424 bytes
[37175091195] [[35mTRACE[0m] [kernel] [CPU0]   Module[59]: name='/bin/ping' cmdline='' size=65184 bytes
[37175840658] [[35mTRACE[0m] [kernel] [CPU0]   Module[60]: name='/bin/nslookup' cmdline='' size=56424 bytes
[37176904380] [[35mTRACE[0m] [kernel] [CPU0]   Module[61]: name='/drivers/ahci_disk' cmdline='' size=53784 bytes
[37178597775] [[35mTRACE[0m] [kernel] [CPU0]   Module[62]: name='/drivers/ata_disk' cmdline='' size=64448 bytes
[37190724846] [[35mTRACE[0m] [kernel] [CPU0]   Module[63]: name='/bin/iso9660d' cmdline='' size=78544 bytes
[37191517407] [[35mTRACE[0m] [kernel] [CPU0]   Module[64]: name='/drivers/virtio_sound' cmdline='' size=99296 bytes
[37192240338] [[35mTRACE[0m] [kernel] [CPU0]   Module[65]: name='/drivers/hdaudio' cmdline='' size=67696 bytes
[37197168294] [[35mTRACE[0m] [kernel] [CPU0]   Module[66]: name='/drivers/pci_stubd' cmdline='' size=57928 bytes
[37201291512] [[35mTRACE[0m] [kernel] [CPU0]   Module[67]: name='/drivers/xhci' cmdline='' size=94056 bytes
[37201990881] [[35mTRACE[0m] [kernel] [CPU0]   Module[68]: name='/drivers/chime' cmdline='' size=59536 bytes
[37202644446] [[35mTRACE[0m] [kernel] [CPU0]   Module[69]: name='/bin/vfs_hello' cmdline='' size=39560 bytes
[37203447600] [[35mTRACE[0m] [kernel] [CPU0]   Module[70]: name='/bin/show_args' cmdline='' size=42488 bytes
[37204310583] [[35mTRACE[0m] [kernel] [CPU0]   Module[71]: name='/bin/clock' cmdline='' size=83048 bytes
[37205032755] [[35mTRACE[0m] [kernel] [CPU0]   Module[72]: name='/bin/env_roundtrip' cmdline='' size=48232 bytes
[37205842047] [[35mTRACE[0m] [kernel] [CPU0]   Module[73]: name='/bin/cwd_test' cmdline='' size=43696 bytes
[37206593358] [[35mTRACE[0m] [kernel] [CPU0]   Module[74]: name='/bin/date' cmdline='' size=67032 bytes
[37207241511] [[35mTRACE[0m] [kernel] [CPU0]   Module[75]: name='/bin/wayland_hello' cmdline='' size=86480 bytes
[37207833366] [[35mTRACE[0m] [kernel] [CPU0]   Module[76]: name='/bin/terminal' cmdline='' size=91056 bytes
[37208587284] [[35mTRACE[0m] [kernel] [CPU0]   Module[77]: name='/bin/tee' cmdline='' size=44968 bytes
[37209341433] [[35mTRACE[0m] [kernel] [CPU0]   Module[78]: name='/bin/xargs' cmdline='' size=55016 bytes
[37210382319] [[35mTRACE[0m] [kernel] [CPU0]   Module[79]: name='/bin/placed' cmdline='' size=38048 bytes
[37211680836] [[35mTRACE[0m] [kernel] [CPU0]   Module[80]: name='/bin/bloom' cmdline='' size=533960 bytes
[37219858995] [[35mTRACE[0m] [kernel] [CPU0]   Module[81]: name='/bin/clear' cmdline='' size=20872 bytes
[37220772897] [[35mTRACE[0m] [kernel] [CPU0]   Module[82]: name='/bin/loglevel' cmdline='' size=41536 bytes
[37221628389] [[35mTRACE[0m] [kernel] [CPU0]   Module[83]: name='/bin/poll_mux' cmdline='' size=39056 bytes
[37222505628] [[35mTRACE[0m] [kernel] [CPU0]   Module[84]: name='/bin/ipc_service_demo' cmdline='' size=47592 bytes
[37223344950] [[35mTRACE[0m] [kernel] [CPU0]   Module[85]: name='/bin/ipc_pipe_demo' cmdline='' size=43936 bytes
[37224210045] [[35mTRACE[0m] [kernel] [CPU0]   Module[86]: name='/bin/ipc_provider_demo' cmdline='' size=84440 bytes
[37224871530] [[35mTRACE[0m] [kernel] [CPU0]   Module[87]: name='/bin/vfs_test_provider' cmdline='' size=70648 bytes
[37225790646] [[35mTRACE[0m] [kernel] [CPU0]   Module[88]: name='/bin/ipc_memfd_demo' cmdline='' size=38232 bytes
[37227219117] [[35mTRACE[0m] [kernel] [CPU0]   Module[89]: name='/bin/test_exec' cmdline='' size=62592 bytes
[37244425284] [[35mTRACE[0m] [kernel] [CPU0]   Module[90]: name='/bin/test_vm_protect' cmdline='' size=38224 bytes
[37245354069] [[35mTRACE[0m] [kernel] [CPU0]   Module[91]: name='/bin/test_exec_env' cmdline='' size=58904 bytes
[37246173657] [[35mTRACE[0m] [kernel] [CPU0]   Module[92]: name='/bin/test_threads' cmdline='' size=82376 bytes
[37247296779] [[35mTRACE[0m] [kernel] [CPU0]   Module[93]: name='/bin/test_futex' cmdline='' size=52992 bytes
[37248385383] [[35mTRACE[0m] [kernel] [CPU0]   Module[94]: name='/bin/ld_so' cmdline='' size=378600 bytes
[37252324296] [[35mTRACE[0m] [kernel] [CPU0]   Module[95]: name='/bin/test_dyn_loader' cmdline='' size=57760 bytes
[37254522327] [[35mTRACE[0m] [kernel] [CPU0]   Module[96]: name='/bin/test_dlopen' cmdline='' size=64688 bytes
[37260090186] [[35mTRACE[0m] [kernel] [CPU0]   Module[97]: name='/bin/reboot' cmdline='' size=32048 bytes
[37260960561] [[35mTRACE[0m] [kernel] [CPU0]   Module[98]: name='/bin/shutdown' cmdline='' size=32048 bytes
[37261794471] [[35mTRACE[0m] [kernel] [CPU0]   Module[99]: name='/bin/attr_list' cmdline='' size=47400 bytes
[37262487669] [[35mTRACE[0m] [kernel] [CPU0]   Module[100]: name='/bin/attr_get' cmdline='' size=47488 bytes
[37263163014] [[35mTRACE[0m] [kernel] [CPU0]   Module[101]: name='/bin/attr_set' cmdline='' size=69600 bytes
[37263977982] [[35mTRACE[0m] [kernel] [CPU0]   Module[102]: name='/bin/attr_rm' cmdline='' size=47008 bytes
[37264796580] [[35mTRACE[0m] [kernel] [CPU0]   Module[103]: name='/lib/libpistil.so' cmdline='' size=822496 bytes
[37265631513] [[35mTRACE[0m] [kernel] [CPU0]   Module[104]: name='/share/wallpapers/clouds.bmp' cmdline='' size=786486 bytes
[37266230430] [[35mTRACE[0m] [kernel] [CPU0]   Module[105]: name='/share/wallpapers/flower.bmp' cmdline='' size=8386614 bytes
[37267024146] [[35mTRACE[0m] [kernel] [CPU0]   Module[106]: name='/share/wallpapers/flower.png' cmdline='' size=1730504 bytes
[37267722195] [[35mTRACE[0m] [kernel] [CPU0]   Module[107]: name='/share/wallpapers/leather.bmp' cmdline='' size=1179702 bytes
[37268526240] [[35mTRACE[0m] [kernel] [CPU0]   Module[108]: name='/share/wallpapers/linen.bmp' cmdline='' size=4718646 bytes
[37269239139] [[35mTRACE[0m] [kernel] [CPU0]   Module[109]: name='/share/fonts/DSEG7Classic-Regular.ttf' cmdline='' size=23272 bytes
[37269949299] [[35mTRACE[0m] [kernel] [CPU0]   Module[110]: name='/share/fonts/Hack-Regular.ttf' cmdline='' size=309408 bytes
[37270611873] [[35mTRACE[0m] [kernel] [CPU0]   Module[111]: name='/share/fonts/Inter-Regular.ttf' cmdline='' size=876576 bytes
[37271298339] [[35mTRACE[0m] [kernel] [CPU0]   Module[112]: name='/share/fonts/Iosevka-Regular.ttf' cmdline='' size=10457376 bytes
[37272131094] [[35mTRACE[0m] [kernel] [CPU0]   Module[113]: name='/share/fonts/JetBrainsMono-Regular.ttf' cmdline='' size=270224 bytes
[37272899070] [[35mTRACE[0m] [kernel] [CPU0]   Module[114]: name='/share/fonts/NotoSans-Regular.ttf' cmdline='' size=569208 bytes
[37273669917] [[35mTRACE[0m] [kernel] [CPU0]   Module[115]: name='/share/fonts/NotoSansSymbol-Regular.ttf' cmdline='' size=258156 bytes
[37274515278] [[35mTRACE[0m] [kernel] [CPU0]   Module[116]: name='/share/fonts/NotoSansSymbol2-Regular.ttf' cmdline='' size=656852 bytes
[37275273387] [[35mTRACE[0m] [kernel] [CPU0]   Module[117]: name='/share/fonts/NotoSerif-Regular.ttf' cmdline='' size=616196 bytes
[37276292559] [[35mTRACE[0m] [kernel] [CPU0]   Module[118]: name='/share/themes/solarized_warm.toml' cmdline='' size=1832 bytes
[37277571177] [[35mTRACE[0m] [kernel] [CPU0]   Module[119]: name='/share/cursors/future/alias.svg' cmdline='' size=9033 bytes
[37279094787] [[35mTRACE[0m] [kernel] [CPU0]   Module[120]: name='/share/cursors/future/all-scroll.svg' cmdline='' size=5170 bytes
[37280012484] [[35mTRACE[0m] [kernel] [CPU0]   Module[121]: name='/share/cursors/future/bottom_left_corner.svg' cmdline='' size=1441 bytes
[37280964171] [[35mTRACE[0m] [kernel] [CPU0]   Module[122]: name='/share/cursors/future/bottom_right_corner.svg' cmdline='' size=3037 bytes
[37290863742] [[35mTRACE[0m] [kernel] [CPU0]   Module[123]: name='/share/cursors/future/bottom_side.svg' cmdline='' size=5432 bytes
[37301869176] [[35mTRACE[0m] [kernel] [CPU0]   Module[124]: name='/share/cursors/future/cell.svg' cmdline='' size=3707 bytes
[37302603393] [[35mTRACE[0m] [kernel] [CPU0]   Module[125]: name='/share/cursors/future/center_ptr.svg' cmdline='' size=9766 bytes
[37303379355] [[35mTRACE[0m] [kernel] [CPU0]   Module[126]: name='/share/cursors/future/col-resize.svg' cmdline='' size=16463 bytes
[37304100339] [[35mTRACE[0m] [kernel] [CPU0]   Module[127]: name='/share/cursors/future/color-picker.svg' cmdline='' size=6296 bytes
[37304791260] [[35mTRACE[0m] [kernel] [CPU0]   Module[128]: name='/share/cursors/future/context-menu.svg' cmdline='' size=9011 bytes
[37305475416] [[35mTRACE[0m] [kernel] [CPU0]   Module[129]: name='/share/cursors/future/copy.svg' cmdline='' size=3527 bytes
[37306161552] [[35mTRACE[0m] [kernel] [CPU0]   Module[130]: name='/share/cursors/future/crosshair.svg' cmdline='' size=16918 bytes
[37306778322] [[35mTRACE[0m] [kernel] [CPU0]   Module[131]: name='/share/cursors/future/default.svg' cmdline='' size=3079 bytes
[37307373576] [[35mTRACE[0m] [kernel] [CPU0]   Module[132]: name='/share/cursors/future/dnd-move.svg' cmdline='' size=3569 bytes
[37307971569] [[35mTRACE[0m] [kernel] [CPU0]   Module[133]: name='/share/cursors/future/dnd-no-drop.svg' cmdline='' size=4753 bytes
[37308736410] [[35mTRACE[0m] [kernel] [CPU0]   Module[134]: name='/share/cursors/future/down-arrow.svg' cmdline='' size=1820 bytes
[37309403736] [[35mTRACE[0m] [kernel] [CPU0]   Module[135]: name='/share/cursors/future/draft.svg' cmdline='' size=3136 bytes
[37319156490] [[35mTRACE[0m] [kernel] [CPU0]   Module[136]: name='/share/cursors/future/fleur.svg' cmdline='' size=28469 bytes
[37319863713] [[35mTRACE[0m] [kernel] [CPU0]   Module[137]: name='/share/cursors/future/help.svg' cmdline='' size=5873 bytes
[37320486258] [[35mTRACE[0m] [kernel] [CPU0]   Module[138]: name='/share/cursors/future/left-arrow.svg' cmdline='' size=1785 bytes
[37321112928] [[35mTRACE[0m] [kernel] [CPU0]   Module[139]: name='/share/cursors/future/left_side.svg' cmdline='' size=3848 bytes
[37321911825] [[35mTRACE[0m] [kernel] [CPU0]   Module[140]: name='/share/cursors/future/no-drop.svg' cmdline='' size=3861 bytes
[37322613636] [[35mTRACE[0m] [kernel] [CPU0]   Module[141]: name='/share/cursors/future/not-allowed.svg' cmdline='' size=1567 bytes
[37323288519] [[35mTRACE[0m] [kernel] [CPU0]   Module[142]: name='/share/cursors/future/openhand.svg' cmdline='' size=3435 bytes
[37324077912] [[35mTRACE[0m] [kernel] [CPU0]   Module[143]: name='/share/cursors/future/pencil.svg' cmdline='' size=6527 bytes
[37324933041] [[35mTRACE[0m] [kernel] [CPU0]   Module[144]: name='/share/cursors/future/pirate.svg' cmdline='' size=6663 bytes
[37333754007] [[35mTRACE[0m] [kernel] [CPU0]   Module[145]: name='/share/cursors/future/pointer.svg' cmdline='' size=2922 bytes
[37334379324] [[35mTRACE[0m] [kernel] [CPU0]   Module[146]: name='/share/cursors/future/progress-01.svg' cmdline='' size=11030 bytes
[37335010614] [[35mTRACE[0m] [kernel] [CPU0]   Module[147]: name='/share/cursors/future/progress-02.svg' cmdline='' size=12198 bytes
[37335837726] [[35mTRACE[0m] [kernel] [CPU0]   Module[148]: name='/share/cursors/future/progress-03.svg' cmdline='' size=12733 bytes
[37336682361] [[35mTRACE[0m] [kernel] [CPU0]   Module[149]: name='/share/cursors/future/progress-04.svg' cmdline='' size=13777 bytes
[37337409120] [[35mTRACE[0m] [kernel] [CPU0]   Module[150]: name='/share/cursors/future/progress-05.svg' cmdline='' size=13835 bytes
[37338167757] [[35mTRACE[0m] [kernel] [CPU0]   Module[151]: name='/share/cursors/future/progress-06.svg' cmdline='' size=14907 bytes
[37338919266] [[35mTRACE[0m] [kernel] [CPU0]   Module[152]: name='/share/cursors/future/progress-07.svg' cmdline='' size=14805 bytes
[37339627380] [[35mTRACE[0m] [kernel] [CPU0]   Module[153]: name='/share/cursors/future/progress-08.svg' cmdline='' size=15996 bytes
[37340369616] [[35mTRACE[0m] [kernel] [CPU0]   Module[154]: name='/share/cursors/future/progress-09.svg' cmdline='' size=16010 bytes
[37341122511] [[35mTRACE[0m] [kernel] [CPU0]   Module[155]: name='/share/cursors/future/progress-10.svg' cmdline='' size=17080 bytes
[37349544441] [[35mTRACE[0m] [kernel] [CPU0]   Module[156]: name='/share/cursors/future/progress-11.svg' cmdline='' size=17096 bytes
[37355658384] [[35mTRACE[0m] [kernel] [CPU0]   Module[157]: name='/share/cursors/future/progress-12.svg' cmdline='' size=17079 bytes
[37356632742] [[35mTRACE[0m] [kernel] [CPU0]   Module[158]: name='/share/cursors/future/progress-13.svg' cmdline='' size=15900 bytes
[37357347522] [[35mTRACE[0m] [kernel] [CPU0]   Module[159]: name='/share/cursors/future/progress-14.svg' cmdline='' size=16001 bytes
[37358299275] [[35mTRACE[0m] [kernel] [CPU0]   Module[160]: name='/share/cursors/future/progress-15.svg' cmdline='' size=14931 bytes
[37359340755] [[35mTRACE[0m] [kernel] [CPU0]   Module[161]: name='/share/cursors/future/progress-16.svg' cmdline='' size=14873 bytes
[37359951321] [[35mTRACE[0m] [kernel] [CPU0]   Module[162]: name='/share/cursors/future/progress-17.svg' cmdline='' size=13846 bytes
[37360558290] [[35mTRACE[0m] [kernel] [CPU0]   Module[163]: name='/share/cursors/future/progress-18.svg' cmdline='' size=13835 bytes
[37361204694] [[35mTRACE[0m] [kernel] [CPU0]   Module[164]: name='/share/cursors/future/progress-19.svg' cmdline='' size=12645 bytes
[37361788662] [[35mTRACE[0m] [kernel] [CPU0]   Module[165]: name='/share/cursors/future/progress-20.svg' cmdline='' size=12741 bytes
[37362489087] [[35mTRACE[0m] [kernel] [CPU0]   Module[166]: name='/share/cursors/future/progress-21.svg' cmdline='' size=11660 bytes
[37363124205] [[35mTRACE[0m] [kernel] [CPU0]   Module[167]: name='/share/cursors/future/progress-22.svg' cmdline='' size=11612 bytes
[37363712067] [[35mTRACE[0m] [kernel] [CPU0]   Module[168]: name='/share/cursors/future/progress-23.svg' cmdline='' size=11674 bytes
[37364316000] [[35mTRACE[0m] [kernel] [CPU0]   Module[169]: name='/share/cursors/future/progress.svg' cmdline='' size=11642 bytes
[37364902608] [[35mTRACE[0m] [kernel] [CPU0]   Module[170]: name='/share/cursors/future/right-arrow.svg' cmdline='' size=3432 bytes
[37365502416] [[35mTRACE[0m] [kernel] [CPU0]   Module[171]: name='/share/cursors/future/right_ptr.svg' cmdline='' size=5155 bytes
[37366099254] [[35mTRACE[0m] [kernel] [CPU0]   Module[172]: name='/share/cursors/future/right_side.svg' cmdline='' size=6447 bytes
[37366940226] [[35mTRACE[0m] [kernel] [CPU0]   Module[173]: name='/share/cursors/future/row-resize.svg' cmdline='' size=15825 bytes
[37367827992] [[35mTRACE[0m] [kernel] [CPU0]   Module[174]: name='/share/cursors/future/size_bdiag.svg' cmdline='' size=16323 bytes
[37368454596] [[35mTRACE[0m] [kernel] [CPU0]   Module[175]: name='/share/cursors/future/size_fdiag.svg' cmdline='' size=16589 bytes
[37369063347] [[35mTRACE[0m] [kernel] [CPU0]   Module[176]: name='/share/cursors/future/size_hor.svg' cmdline='' size=16255 bytes
[37369634577] [[35mTRACE[0m] [kernel] [CPU0]   Module[177]: name='/share/cursors/future/size_ver.svg' cmdline='' size=15822 bytes
[37370203431] [[35mTRACE[0m] [kernel] [CPU0]   Module[178]: name='/share/cursors/future/text.svg' cmdline='' size=5584 bytes
[37370768226] [[35mTRACE[0m] [kernel] [CPU0]   Module[179]: name='/share/cursors/future/top_left_corner.svg' cmdline='' size=7121 bytes
[37371458157] [[35mTRACE[0m] [kernel] [CPU0]   Module[180]: name='/share/cursors/future/top_right_corner.svg' cmdline='' size=7139 bytes
[37372377471] [[35mTRACE[0m] [kernel] [CPU0]   Module[181]: name='/share/cursors/future/top_side.svg' cmdline='' size=10651 bytes
[37373195805] [[35mTRACE[0m] [kernel] [CPU0]   Module[182]: name='/share/cursors/future/up-arrow.svg' cmdline='' size=7653 bytes
[37373972361] [[35mTRACE[0m] [kernel] [CPU0]   Module[183]: name='/share/cursors/future/vertical-text.svg' cmdline='' size=5621 bytes
[37374618336] [[35mTRACE[0m] [kernel] [CPU0]   Module[184]: name='/share/cursors/future/wait-01.svg' cmdline='' size=15308 bytes
[37375672917] [[35mTRACE[0m] [kernel] [CPU0]   Module[185]: name='/share/cursors/future/wait-02.svg' cmdline='' size=6672 bytes
[37376545635] [[35mTRACE[0m] [kernel] [CPU0]   Module[186]: name='/share/cursors/future/wait-03.svg' cmdline='' size=6686 bytes
[37377238866] [[35mTRACE[0m] [kernel] [CPU0]   Module[187]: name='/share/cursors/future/wait-04.svg' cmdline='' size=7827 bytes
[37377931800] [[35mTRACE[0m] [kernel] [CPU0]   Module[188]: name='/share/cursors/future/wait-05.svg' cmdline='' size=7835 bytes
[37378654731] [[35mTRACE[0m] [kernel] [CPU0]   Module[189]: name='/share/cursors/future/wait-06.svg' cmdline='' size=8976 bytes
[37379498970] [[35mTRACE[0m] [kernel] [CPU0]   Module[190]: name='/share/cursors/future/wait-07.svg' cmdline='' size=8989 bytes
[37380462603] [[35mTRACE[0m] [kernel] [CPU0]   Module[191]: name='/share/cursors/future/wait-08.svg' cmdline='' size=10126 bytes
[37381317369] [[35mTRACE[0m] [kernel] [CPU0]   Module[192]: name='/share/cursors/future/wait-09.svg' cmdline='' size=10140 bytes
[37383124515] [[35mTRACE[0m] [kernel] [CPU0]   Module[193]: name='/share/cursors/future/wait-10.svg' cmdline='' size=11277 bytes
[37383758082] [[35mTRACE[0m] [kernel] [CPU0]   Module[194]: name='/share/cursors/future/wait-11.svg' cmdline='' size=11291 bytes
[37384490913] [[35mTRACE[0m] [kernel] [CPU0]   Module[195]: name='/share/cursors/future/wait-12.svg' cmdline='' size=11277 bytes
[37385374818] [[35mTRACE[0m] [kernel] [CPU0]   Module[196]: name='/share/cursors/future/wait-13.svg' cmdline='' size=10140 bytes
[37386179853] [[35mTRACE[0m] [kernel] [CPU0]   Module[197]: name='/share/cursors/future/wait-14.svg' cmdline='' size=10126 bytes
[37386883479] [[35mTRACE[0m] [kernel] [CPU0]   Module[198]: name='/share/cursors/future/wait-15.svg' cmdline='' size=8991 bytes
[37387637199] [[35mTRACE[0m] [kernel] [CPU0]   Module[199]: name='/share/cursors/future/wait-16.svg' cmdline='' size=8978 bytes
[37388363100] [[35mTRACE[0m] [kernel] [CPU0]   Module[200]: name='/share/cursors/future/wait-17.svg' cmdline='' size=7842 bytes
[37389047520] [[35mTRACE[0m] [kernel] [CPU0]   Module[201]: name='/share/cursors/future/wait-18.svg' cmdline='' size=7829 bytes
[37389752961] [[35mTRACE[0m] [kernel] [CPU0]   Module[202]: name='/share/cursors/future/wait-19.svg' cmdline='' size=6822 bytes
[37390420320] [[35mTRACE[0m] [kernel] [CPU0]   Module[203]: name='/share/cursors/future/wait-20.svg' cmdline='' size=6679 bytes
[37391606604] [[35mTRACE[0m] [kernel] [CPU0]   Module[204]: name='/share/cursors/future/wait-21.svg' cmdline='' size=5542 bytes
[37402085985] [[35mTRACE[0m] [kernel] [CPU0]   Module[205]: name='/share/cursors/future/wait-22.svg' cmdline='' size=5528 bytes
[37402864026] [[35mTRACE[0m] [kernel] [CPU0]   Module[206]: name='/share/cursors/future/wait-23.svg' cmdline='' size=5546 bytes
[37403558049] [[35mTRACE[0m] [kernel] [CPU0]   Module[207]: name='/share/cursors/future/wait.svg' cmdline='' size=5525 bytes
[37404217521] [[35mTRACE[0m] [kernel] [CPU0]   Module[208]: name='/share/cursors/future/wayland-cursor.svg' cmdline='' size=8222 bytes
[37404929628] [[35mTRACE[0m] [kernel] [CPU0]   Module[209]: name='/share/cursors/future/x-cursor.svg' cmdline='' size=6822 bytes
[37405594809] [[35mTRACE[0m] [kernel] [CPU0]   Module[210]: name='/share/cursors/future/zoom-in.svg' cmdline='' size=5441 bytes
[37406248770] [[35mTRACE[0m] [kernel] [CPU0]   Module[211]: name='/share/cursors/future/zoom-out.svg' cmdline='' size=5403 bytes
[37407023808] [[35mTRACE[0m] [kernel] [CPU0]   Module[212]: name='/share/fonts/unifont.hex' cmdline='' size=8355852 bytes
[37407912267] [[35mTRACE[0m] [kernel] [CPU0]   Module[213]: name='/etc/locale.conf' cmdline='' size=85 bytes
[37409131881] [[35mTRACE[0m] [kernel] [CPU0]   Module[214]: name='/etc/profile' cmdline='' size=68 bytes
[37421988054] [[35mTRACE[0m] [kernel] [CPU0]   Module[215]: name='/etc/motd' cmdline='' size=610 bytes
[37422904629] [[35mTRACE[0m] [kernel] [CPU0]   Module[216]: name='/etc/fstab' cmdline='' size=127 bytes
[37423731543] [[35mTRACE[0m] [kernel] [CPU0]   Module[217]: name='/etc/hostname' cmdline='' size=8 bytes
[37424991153] [[32mINFO [0m] [kernel::boot_progress] [CPU0] boot_progress: milestone="Modules Scanned"
[37626997122] [[32mINFO [0m] [kernel::boot_progress] [CPU0] boot_progress: hint="Press F12 for a terminal"
[37628571783] [[34mDEBUG[0m] [kernel] [CPU0] Found init module: /bin/sprout (cmdline: 'init'), loading...
[37630670055] [[34mDEBUG[0m] [kernel::task::loader] [CPU0] LOADER: Loading module '/bin/sprout' (len=90224, base=0x200000)
[37631882343] [[35mTRACE[0m] [kernel::task::loader] [CPU0]   Header: [7f, 45, 4c, 46, 02, 01, 01, 00, 00, 00, 00, 00, 00, 00, 00, 00]
[37648890576] [[34mDEBUG[0m] [kernel::task::loader] [CPU0] LOADER: ELF info: entry=200000, min_vaddr=200000, bias=0, entry_pc=200000
[37650897471] [[35mTRACE[0m] [kernel::task::loader] [CPU0] Segment: vaddr=200000 exec=true
[37660395696] [[35mTRACE[0m] [kernel::task::loader] [CPU0]   COPIED at 0x201420: [0b, 00, 00, 00, be, 01, 00, 00]
[37669715523] [[35mTRACE[0m] [kernel::task::loader] [CPU0] Segment: vaddr=20c000 exec=false
[37673146038] [[35mTRACE[0m] [kernel::task::loader] [CPU0] Segment: vaddr=20f000 exec=false
[37680400131] [[34mDEBUG[0m] [kernel::task::loader] [CPU0] LOADER: TLS block: tp=0x210000 filesz=0 memsz=0 align=1
[37687498200] [[34mDEBUG[0m] [kernel] [CPU0] [kernel:start] scheduler-entry step='load_init_module' elapsed_ticks=57201705 elapsed_us=28600 total_ticks=1199260293 total_us=599630
[37692281748] [[34mDEBUG[0m] [kernel] [CPU0] Warning: Module registry page overflow, truncating list.
[37693084803] [[34mDEBUG[0m] [kernel] [CPU0] [kernel:start] scheduler-entry step='prepare_boot_registry' elapsed_ticks=4121634 elapsed_us=2060 total_ticks=1204887024 total_us=602443
[37694155884] [[34mDEBUG[0m] [kernel] [CPU0] [kernel:start] scheduler-entry step='map_boot_registry' elapsed_ticks=190146 elapsed_us=95 total_ticks=1205974143 total_us=602987
[37695325140] [[34mDEBUG[0m] [kernel] [CPU0] [kernel:start] scheduler-entry step='activate_init_aspace' elapsed_ticks=172029 elapsed_us=86 total_ticks=1207096902 total_us=603548
[37696220562] [[34mDEBUG[0m] [kernel] [CPU0] Spawning sprout with registry at 0x600000...
[37696779879] [[34mDEBUG[0m] [kernel] [CPU0] Spawning init process...
[37698924747] [[34mDEBUG[0m] [bran::arch::x86_64::task] [CPU0] INIT KERNEL CTX: entry=0xffffffff800532f0 kstack_top=0xffffffffb006a7a0 arg=0xffffffffb0020a20
[37718256180] [[34mDEBUG[0m] [kernel::sched] [CPU0] REGISTRY: Applying 1 deferred inserts
[37727680386] [[34mDEBUG[0m] [kernel::sched] [CPU0] REGISTRY: Inserting TID=5
[37730255970] [[34mDEBUG[0m] [kernel::sched] [CPU0] REGISTRY: Inserts applied
[37731200925] [[34mDEBUG[0m] [kernel] [CPU0] [kernel:start] scheduler-entry step='spawn_init_task' elapsed_ticks=34444476 elapsed_us=17222 total_ticks=1242993609 total_us=621496
[37732152084] [[32mINFO [0m] [kernel::boot_progress] [CPU0] boot_progress: milestone="Spawning Sprout"
[37877282817] [[34mDEBUG[0m] [kernel::sched::lifecycle] [CPU0] SCHED: early-boot bringup complete; resuming steady-state SMP scheduling
[37878761580] [[34mDEBUG[0m] [kernel] [CPU0] [kernel:start] scheduler-entry step='end_bringup' elapsed_ticks=2016300 elapsed_us=1008 total_ticks=1390550106 total_us=695275
[37879888068] [[32mINFO [0m] [kernel::boot_progress] [CPU0] boot_progress: milestone="Entering Scheduler"
[38144736003] [[32mINFO [0m] [kernel] [CPU0] [kernel:start] scheduler-entry total elapsed_ticks=1656326430 elapsed_us=828163
[38145580242] [[32mINFO [0m] [kernel] [CPU0] Entering scheduler loop.
[38165215539] [[34mDEBUG[0m] [kernel::sched::spawn] [CPU0] USER_TRAMPOLINE: PC=0x200000 SP=0x800000 ARG0=0x600000
[38166661236] [[34mDEBUG[0m] [bran::arch::x86_64] [CPU0] ENTER_USER: TID=5 entry_pc=200000 user_sp=800000
[38223623592] [[34mDEBUG[0m] [kernel::syscall::handlers::process] [CPU0] sys_auxv_get: tid=5 buf_len=0
[38230349421] [[34mDEBUG[0m] [kernel::syscall::handlers::process] [CPU0] sys_auxv_get: tid=5 buf_len=20
[38242892886] [[32mINFO [0m] [sprout] [CPU0] SPROUT: ENTERING MAIN (arg0=6291456)
[38246260404] [[34mDEBUG[0m] [sprout] [CPU0] [sprout] whoami: cs=0x2b ss=0x23 cpl=3 rsp=0x7fef70 rip=0x2036b5 rflags=0x202
[38251948416] [[32mINFO [0m] [sprout] [CPU0] SPROUT: v0.4.1 [REBUILT] starting (Supervisor Mode)...
[38253804270] [[34mDEBUG[0m] [sprout] [CPU0] SPROUT: About to create Supervisor...
[38255227527] [[34mDEBUG[0m] [sprout] [CPU0] SPROUT: Listing /bin directory...
[38257994775] [[35mTRACE[0m] [kernel::syscall::handlers::vfs] [CPU0] VFS: sys_fs_open path='/bin' tid=5
[38293625832] [[35mTRACE[0m] [kernel::syscall::handlers::vfs] [CPU0] sys_fs_close: fd=3
[38303327832] [[32mINFO [0m] [sprout::supervisor] [CPU0] SPROUT: Initializing Supervisor...
[38307578529] [[34mDEBUG[0m] [sprout::supervisor] [CPU0] SPROUT: Parsed command line: '    '
[38309299050] [[35mTRACE[0m] [kernel::syscall::handlers::vfs] [CPU0] VFS: sys_fs_open path='/dev/cmdline' tid=5
[38319918648] [[35mTRACE[0m] [kernel::vfs::devfs] [CPU0] devfs: cmdline read offset=0 len=1024
[38323444302] [[34mDEBUG[0m] [sprout::supervisor] [CPU0] SPROUT: Parsed command line: 'loglevel=5'
[38325202245] [[35mTRACE[0m] [kernel::syscall::handlers::vfs] [CPU0] sys_fs_close: fd=3
[38397405156] [[34mDEBUG[0m] [sprout] [CPU0] SPROUT: Supervisor created, calling run_forever...
[38400100068] [[32mINFO [0m] [sprout::supervisor] [CPU0] SPROUT: Supervisor session started (FULL PIPELINE MODE)
[38411314062] [[32mINFO [0m] [sprout::supervisor] [CPU0] SPROUT: Launching serial shell...
[38415040026] [[32mINFO [0m] [sprout::pipelines] [CPU0] SPROUT: Setting up serial shell on /dev/console...
[38417539578] [[35mTRACE[0m] [kernel::syscall::handlers::vfs] [CPU0] VFS: sys_fs_open path='/run/sprout/shell' tid=5
[38422282008] [[35mTRACE[0m] [kernel::syscall::handlers::vfs] [CPU0] VFS: sys_fs_open path='/etc/default/shell' tid=5
[38424802020] [[35mTRACE[0m] [kernel::syscall::handlers::vfs] [CPU0] VFS: sys_fs_open path='/bin/sh' tid=5
[38430318234] [[35mTRACE[0m] [kernel::syscall::handlers::vfs] [CPU0] sys_fs_close: fd=3
[38432761257] [[35mTRACE[0m] [kernel::syscall::handlers::vfs] [CPU0] VFS: sys_fs_open path='/dev/console' tid=5
[38437069308] [[35mTRACE[0m] [kernel::syscall::handlers::vfs] [CPU0] VFS: sys_fs_open path='/dev/console' tid=5
[38440512726] [[35mTRACE[0m] [kernel::syscall::handlers::vfs] [CPU0] VFS: sys_fs_open path='/dev/console' tid=5
[38471331063] [[34mDEBUG[0m] [kernel::sched::spawn] [CPU0] SPAWN: page cache miss for '/bin/sh', caching 127864 bytes
[38478505923] [[34mDEBUG[0m] [kernel::task::loader] [CPU0] LOADER: Loading module 'sh' (len=127864, base=0x200000)
[38479265088] [[35mTRACE[0m] [kernel::task::loader] [CPU0]   Header: [7f, 45, 4c, 46, 02, 01, 01, 00, 00, 00, 00, 00, 00, 00, 00, 00]
[38480668281] [[34mDEBUG[0m] [kernel::task::loader] [CPU0] LOADER: ELF info: entry=200000, min_vaddr=200000, bias=0, entry_pc=200000
[38481536049] [[35mTRACE[0m] [kernel::task::loader] [CPU0] Segment: vaddr=200000 exec=true
[38488155981] [[35mTRACE[0m] [kernel::task::loader] [CPU0]   COPIED at 0x201420: [0f, 84, 32, 06, 00, 00, 48, 8b]
[38498685786] [[35mTRACE[0m] [kernel::task::loader] [CPU0] Segment: vaddr=214000 exec=false
[38502050235] [[35mTRACE[0m] [kernel::task::loader] [CPU0] Segment: vaddr=217000 exec=false
[38503835700] [[34mDEBUG[0m] [kernel::task::loader] [CPU0] LOADER: TLS block: tp=0x218000 filesz=0 memsz=0 align=1
[38514308910] [[34mDEBUG[0m] [kernel::sched::spawn] [CPU0] SPAWN_FROM_PATH: Starting Phase 1 for /bin/sh
[38517012567] [[34mDEBUG[0m] [bran::arch::x86_64::task] [CPU0] INIT KERNEL CTX: entry=0xffffffff800532f0 kstack_top=0xffffffffb00a3b40 arg=0xffffffffb0074360
[38520320685] [[34mDEBUG[0m] [kernel::sched::spawn] [CPU0] SPAWN_FROM_PATH: Phase 1 complete, ID=6, applying inserts
[38521232871] [[34mDEBUG[0m] [kernel::sched] [CPU0] REGISTRY: Applying 1 deferred inserts
[38521951281] [[34mDEBUG[0m] [kernel::sched] [CPU0] REGISTRY: Inserting TID=6
[38522610786] [[34mDEBUG[0m] [kernel::sched] [CPU0] REGISTRY: Inserts applied
[38523164790] [[34mDEBUG[0m] [kernel::sched::spawn] [CPU0] SPAWN_FROM_PATH: Inserts applied, entering Phase 2
[38531811318] [[34mDEBUG[0m] [kernel::sched::spawn] [CPU0] SETUP_STDIO: stdin=Fd(3) stdout=Fd(4) stderr=Fd(5)
[38553935376] [[34mDEBUG[0m] [kernel::sched::spawn] [CPU0] SPAWN_FROM_PATH: Phase 2 complete, waking task 6
[38562533625] [[34mDEBUG[0m] [kernel::sched::spawn] [CPU0] SPAWN_FROM_PATH: Task 6 woken, restoring IRQs
[38563361067] [[34mDEBUG[0m] [kernel::sched::spawn] [CPU0] SPAWN_FROM_PATH: Done for /bin/sh
[38565778581] [[34mDEBUG[0m] [kernel::syscall::handlers::process] [CPU0] SYSCALL SPAWN_PROCESS_EX: name='/bin/sh' TID=6 PID=6
[38573028219] [[32mINFO [0m] [sprout::pipelines] [CPU0] SPROUT: Spawned serial shell '/bin/sh' (PID=6)
[38575615683] [[35mTRACE[0m] [kernel::syscall::handlers::vfs] [CPU0] sys_fs_close: fd=3
[38577529122] [[35mTRACE[0m] [kernel::syscall::handlers::vfs] [CPU0] sys_fs_close: fd=4
[38578957692] [[34mDEBUG[0m] [kernel::sched::spawn] [CPU3] USER_TRAMPOLINE: PC=0x200000 SP=0x800000 ARG0=0x0
[38579969307] [[34mDEBUG[0m] [bran::arch::x86_64] [CPU3] ENTER_USER: TID=6 entry_pc=200000 user_sp=800000
[38582222217] [[35mTRACE[0m] [kernel::syscall::handlers::vfs] [CPU0] sys_fs_close: fd=5
[38583646398] [[34mDEBUG[0m] [kernel::syscall::handlers::process] [CPU3] sys_auxv_get: tid=6 buf_len=0
[38585517597] [[34mDEBUG[0m] [kernel::syscall::handlers::process] [CPU3] sys_auxv_get: tid=6 buf_len=100
[38585864130] [[32mINFO [0m] [sprout::supervisor] [CPU0] SPROUT: Serial shell launched; yielding 50ms so the prompt can take the foreground
[38589339624] [[32mINFO [0m] [sh] [CPU3] SH: starting v0.1.0-debug
[38593025130] [[35mTRACE[0m] [kernel::syscall::handlers::vfs] [CPU3] VFS: sys_fs_open path='/run/motd' tid=6
[38600902692] [[35mTRACE[0m] [kernel::syscall::handlers::vfs] [CPU3] VFS: sys_fs_open path='/etc/motd' tid=6
[38602581600] [[34mDEBUG[0m] [kernel] [CPU0] deferred_bootfb_gradient elapsed_ticks=35211
[38606749137] [[35mTRACE[0m] [kernel::syscall::handlers::vfs] [CPU3] sys_fs_close: fd=6
[38614646763] [[35mTRACE[0m] [kernel::vfs::devfs] [CPU3] vfs: /dev/console write by PID=6 len=610
[1;32m
        .-.
       /   \        [1;36mTHING-OS[1;32m
      |     |       [0;36m"People, places, things."[1;32m
       \   /        
        `-'        
       /   \        v0.1  •  
      |     |       2026-04-16
       \   /
        `-'
[0m
[2m--------------------------------------------------------------[0m
[1m sprout has taken root. the system is awake.[0m

  try:
    [36mls /bin[0m       browse available shoots
    [36mps[0m            observe living processes
    [36mcat /version[0m  inspect the genome

[2m--------------------------------------------------------------[0m
[38622255309] [[35mTRACE[0m] [kernel::syscall::handlers::vfs] [CPU3] VFS: sys_fs_open path='/etc/profile' tid=6
[38657643354] [[35mTRACE[0m] [kernel::syscall::handlers::vfs] [CPU3] sys_fs_close: fd=6
[38670122733] [[35mTRACE[0m] [kernel::vfs::devfs] [CPU3] vfs: /dev/console write by PID=6 len=97
[1;95mTHING[0m[1;96m-OS[0m [2;94m[[0m[1;95mBOOT[0m[2;94m][0m [1;93m/[0m [1;96m>[0m [38677301916] [[35mTRACE[0m] [kernel::vfs::devfs] [CPU3] vfs: /dev/console write by PID=6 len=6
[?25h[38679677619] [[35mTRACE[0m] [kernel::vfs::devfs] [CPU3] vfs: /dev/console read by PID=6 len=1
[38759127792] [[32mINFO [0m] [sprout::supervisor] [CPU0] SPROUT: Continuing supervisor startup
[38761114392] [[32mINFO [0m] [sprout::supervisor] [CPU0] SPROUT: Spawning cambium for driver discovery...
[38765784783] [[34mDEBUG[0m] [kernel::task::loader] [CPU0] LOADER: Loading module '/bin/cambium' (len=144760, base=0x200000)
[38766468213] [[35mTRACE[0m] [kernel::task::loader] [CPU0]   Header: [7f, 45, 4c, 46, 02, 01, 01, 00, 00, 00, 00, 00, 00, 00, 00, 00]
[38767587936] [[34mDEBUG[0m] [kernel::task::loader] [CPU0] LOADER: ELF info: entry=200000, min_vaddr=200000, bias=0, entry_pc=200000
[38768216685] [[35mTRACE[0m] [kernel::task::loader] [CPU0] Segment: vaddr=200000 exec=true
[38776209615] [[35mTRACE[0m] [kernel::task::loader] [CPU0]   COPIED at 0x201420: [8d, 3c, f0, 48, 83, c7, 70, 48]
[38790291111] [[35mTRACE[0m] [kernel::task::loader] [CPU0] Segment: vaddr=217000 exec=false
[38792395620] [[35mTRACE[0m] [kernel::task::loader] [CPU0] Segment: vaddr=21a000 exec=false
[38793970149] [[34mDEBUG[0m] [kernel::task::loader] [CPU0] LOADER: TLS block: tp=0x21b000 filesz=0 memsz=0 align=1
[38803989576] [[34mDEBUG[0m] [bran::arch::x86_64::task] [CPU0] INIT KERNEL CTX: entry=0xffffffff800532f0 kstack_top=0xffffffffb00bd580 arg=0xffffffffb00ad360
[38806101543] [[34mDEBUG[0m] [kernel::sched] [CPU0] REGISTRY: Applying 1 deferred inserts
[38806711152] [[34mDEBUG[0m] [kernel::sched] [CPU0] REGISTRY: Inserting TID=7
[38807607564] [[34mDEBUG[0m] [kernel::sched] [CPU0] REGISTRY: Inserts applied
[38820648966] [[34mDEBUG[0m] [kernel::sched::spawn] [CPU0] SCHED: TID 7 → task '/bin/cambium' (pid=7 from boot module)
[38825704500] [[34mDEBUG[0m] [kernel::sched::spawn] [CPU1] USER_TRAMPOLINE: PC=0x200000 SP=0x800000 ARG0=0x0
[38826764295] [[34mDEBUG[0m] [bran::arch::x86_64] [CPU1] ENTER_USER: TID=7 entry_pc=200000 user_sp=800000
[38828339451] [[34mDEBUG[0m] [kernel::syscall::handlers::process] [CPU1] sys_auxv_get: tid=7 buf_len=0
[38829353178] [[34mDEBUG[0m] [sprout::supervisor] [CPU0] SPROUT: Spawned cambium (PID=7)
[38830407561] [[34mDEBUG[0m] [kernel::syscall::handlers::process] [CPU1] sys_auxv_get: tid=7 buf_len=100
[38834033667] [[32mINFO [0m] [sprout::pipelines] [CPU0] SPROUT: Skipping early /hosts mount; mesocarp is disabled in init
[38834136957] [[32mINFO [0m] [cambium] [CPU1] CAMBIUM: main started
[38837404650] [[34mDEBUG[0m] [sprout::supervisor] [CPU0] SPROUT: Deferring netd until /dev/net/virtio0/rx is ready...
[38840150250] [[34mDEBUG[0m] [sprout::supervisor] [CPU0] SPROUT: Waiting for /dev/net/virtio0/rx before spawning netd...
[38842985742] [[32mINFO [0m] [sprout::supervisor] [CPU0] SPROUT: Starting full pipeline (graphics + input)
[38846142852] [[32mINFO [0m] [sprout::supervisor] [CPU0] SPROUT: Entering supervisor service loop (tick=100ms)
[38847938646] [[35mTRACE[0m] [sprout::supervisor] [CPU0] SPROUT: Supervisor tick...
[38849288280] [[35mTRACE[0m] [sprout::supervisor] [CPU0] SPROUT: Loop iteration: spawn_bristle_if_needed
[38862651168] [[32mINFO [0m] [cambium] [CPU1] CAMBIUM: starting device discovery manager (daemon mode)
[38863885929] [[34mDEBUG[0m] [kernel::sched::spawn] [CPU0] SPAWN: page cache miss for '/bin/bristle', caching 68744 bytes
[38864623710] [[35mTRACE[0m] [kernel::syscall::handlers::vfs] [CPU1] VFS: sys_fs_open path='/drivers' tid=7
[38869470189] [[34mDEBUG[0m] [kernel::task::loader] [CPU0] LOADER: Loading module 'bristle' (len=68744, base=0x200000)
[38869856784] [[35mTRACE[0m] [kernel::syscall::handlers::vfs] [CPU1] sys_fs_readdir: fd=3 len=4096
[38870633043] [[35mTRACE[0m] [kernel::task::loader] [CPU0]   Header: [7f, 45, 4c, 46, 02, 01, 01, 00, 00, 00, 00, 00, 00, 00, 00, 00]
[38871759795] [[34mDEBUG[0m] [kernel::task::loader] [CPU0] LOADER: ELF info: entry=200000, min_vaddr=200000, bias=0, entry_pc=200000
[38872115172] [[35mTRACE[0m] [kernel::syscall::handlers::vfs] [CPU1] sys_fs_readdir: natural phase begin offset=0
[38872898856] [[35mTRACE[0m] [kernel::task::loader] [CPU0] Segment: vaddr=200000 exec=true
[38876283336] [[35mTRACE[0m] [kernel::task::loader] [CPU0]   COPIED at 0x201420: [cc, fc, ff, ff, 45, 31, ff, e9]
[38881892049] [[35mTRACE[0m] [kernel::task::loader] [CPU0] Segment: vaddr=209000 exec=false
[38883798195] [[35mTRACE[0m] [kernel::task::loader] [CPU0] Segment: vaddr=20b000 exec=false
[38885514855] [[34mDEBUG[0m] [kernel::task::loader] [CPU0] LOADER: TLS block: tp=0x20c000 filesz=0 memsz=0 align=1
[38891249958] [[34mDEBUG[0m] [kernel::sched::spawn] [CPU0] SPAWN_FROM_PATH: Starting Phase 1 for /bin/bristle
[38892118485] [[34mDEBUG[0m] [bran::arch::x86_64::task] [CPU0] INIT KERNEL CTX: entry=0xffffffff800532f0 kstack_top=0xffffffffb00e8fc0 arg=0xffffffffb00d76e0
[38894133828] [[34mDEBUG[0m] [kernel::sched::spawn] [CPU0] SPAWN_FROM_PATH: Phase 1 complete, ID=8, applying inserts
[38894890551] [[34mDEBUG[0m] [kernel::sched] [CPU0] REGISTRY: Applying 1 deferred inserts
[38895892464] [[34mDEBUG[0m] [kernel::sched] [CPU0] REGISTRY: Inserting TID=8
[38896665027] [[34mDEBUG[0m] [kernel::sched] [CPU0] REGISTRY: Inserts applied
[38898951201] [[34mDEBUG[0m] [kernel::sched::spawn] [CPU0] SPAWN_FROM_PATH: Inserts applied, entering Phase 2
[38903166027] [[34mDEBUG[0m] [kernel::sched::spawn] [CPU0] SETUP_STDIO: stdin=Null stdout=Inherit stderr=Inherit
[38926480362] [[35mTRACE[0m] [kernel::syscall::handlers::vfs] [CPU1] sys_fs_close: fd=3
[38929506099] [[34mDEBUG[0m] [kernel::sched::spawn] [CPU0] SPAWN_FROM_PATH: Phase 2 complete, waking task 8
[38931684264] [[35mTRACE[0m] [kernel::syscall::handlers::vfs] [CPU1] VFS: sys_fs_open path='/drivers/ahci_disk' tid=7
[38932672482] [[34mDEBUG[0m] [kernel::sched::spawn] [CPU0] SPAWN_FROM_PATH: Task 8 woken, restoring IRQs
[38933515500] [[34mDEBUG[0m] [kernel::sched::spawn] [CPU0] SPAWN_FROM_PATH: Done for /bin/bristle
[38934452667] [[34mDEBUG[0m] [kernel::syscall::handlers::process] [CPU0] SYSCALL SPAWN_PROCESS_EX: name='/bin/bristle' TID=8 PID=8
[38935633671] [[34mDEBUG[0m] [kernel::sched::spawn] [CPU2] USER_TRAMPOLINE: PC=0x200000 SP=0x800000 ARG0=0x0
[38936592585] [[34mDEBUG[0m] [bran::arch::x86_64] [CPU2] ENTER_USER: TID=8 entry_pc=200000 user_sp=800000
[38940259776] [[34mDEBUG[0m] [kernel::syscall::handlers::process] [CPU2] sys_auxv_get: tid=8 buf_len=0
[38942124078] [[34mDEBUG[0m] [kernel::syscall::handlers::process] [CPU2] sys_auxv_get: tid=8 buf_len=100
[38957292924] [[32mINFO [0m] [sprout::pipelines] [CPU0] SPROUT: Spawned bristle (PID=8)
[38962091025] [[35mTRACE[0m] [kernel::syscall::handlers::vfs] [CPU2] VFS: sys_fs_open path='/session/active_ui' tid=8
[38965205070] [[35mTRACE[0m] [sprout::supervisor] [CPU0] SPROUT: Loop iteration: spawn_display_if_needed
[38970037359] [[32mINFO [0m] [sprout::supervisor] [CPU0] SPROUT: Starting display pipeline setup
[38973084843] [[32mINFO [0m] [sprout::pipelines] [CPU0] SPROUT: Probing /dev/fb0 for boot framebuffer metadata
[38975940135] [[35mTRACE[0m] [kernel::syscall::handlers::vfs] [CPU0] VFS: sys_fs_open path='/dev/fb0' tid=5
[38977304982] [[34mDEBUG[0m] [kernel::syscall::handlers::vfs] [CPU0] sys_fs_open: path='/dev/fb0' len=8 flags=0x0
[38980561356] [[35mTRACE[0m] [kernel::vfs::devfs] [CPU0] devfs: lookup entry path='fb0' len=3
[38982355236] [[34mDEBUG[0m] [kernel::vfs::devfs] [CPU0] devfs: dynamic registry hit path='fb0'
[38984964678] [[35mTRACE[0m] [kernel::syscall::handlers::vfs] [CPU2] sys_fs_close: fd=3
[38985713283] [[34mDEBUG[0m] [kernel::syscall::handlers::vfs] [CPU0] sys_fs_open: resolved node for /dev/fb0 mode=0o20666 size=32 ino=4
[38986976259] [[34mDEBUG[0m] [kernel::syscall::handlers::vfs] [CPU0] sys_fs_open: process info present for /dev/fb0
[38988213660] [[34mDEBUG[0m] [kernel::syscall::handlers::vfs] [CPU0] sys_fs_open: handle_table.open('/dev/fb0') -> 3
[38990541381] [[35mTRACE[0m] [bristle] [CPU2] bristle: active_ui set to 'bloom'
[38998898367] [[35mTRACE[0m] [kernel::vfs::devfs] [CPU0] FbNode::read: off=0 n=32 buf_len=32 total=32
[38999443197] [[35mTRACE[0m] [kernel::syscall::handlers::vfs] [CPU2] VFS: sys_fs_open path='/run/bristle/pid' tid=8
[39003667560] [[35mTRACE[0m] [kernel::syscall::handlers::vfs] [CPU0] sys_fs_close: fd=3
[39008015376] [[32mINFO [0m] [sprout::pipelines] [CPU0] SPROUT: /dev/fb0 ready width=1920 height=1080 stride=7680 format=2
[39018999987] [[35mTRACE[0m] [kernel::syscall::handlers::vfs] [CPU0] VFS: sys_fs_open path='/drivers/display_virtio_gpu' tid=5
[39025591737] [[35mTRACE[0m] [kernel::syscall::handlers::vfs] [CPU0] sys_fs_close: fd=3
[39029212662] [[32mINFO [0m] [sprout::pipelines] [CPU0] SPROUT: Selected display driver '/drivers/display_virtio_gpu'
[39032782338] [[32mINFO [0m] [sprout::pipelines] [CPU0] SPROUT: Creating display request port
[39040149423] [[34mDEBUG[0m] [kernel::ipc] [CPU0] CREATE_PORT: capacity=4096
[39042887697] [[34mDEBUG[0m] [kernel::ipc] [CPU0] CREATE_PORT: appended id=PortId(0)
[39050188782] [[34mDEBUG[0m] [kernel::ipc::handles] [CPU0] ALLOC_HANDLE: handle=1 port_id=PortId(0) mode=Write
[39052670085] [[34mDEBUG[0m] [kernel::ipc::handles] [CPU0] ALLOC_HANDLE: handle=2 port_id=PortId(0) mode=Read
[39054241017] [[35mTRACE[0m] [kernel::syscall::handlers::vfs] [CPU2] sys_fs_close: fd=3
[39057008232] [[32mINFO [0m] [bristle] [CPU2] bristle: published pid 8 to /run/bristle/pid
[39059995557] [[34mDEBUG[0m] [kernel::ipc] [CPU2] CREATE_PORT: capacity=4096
[39060958068] [[34mDEBUG[0m] [kernel::ipc] [CPU2] CREATE_PORT: appended id=PortId(1)
[39062018028] [[34mDEBUG[0m] [kernel::ipc::handles] [CPU2] ALLOC_HANDLE: handle=1 port_id=PortId(1) mode=Write
[39062832237] [[34mDEBUG[0m] [kernel::ipc::handles] [CPU2] ALLOC_HANDLE: handle=2 port_id=PortId(1) mode=Read
[39065253678] [[34mDEBUG[0m] [kernel::ipc] [CPU2] CREATE_PORT: capacity=4096
[39065939055] [[34mDEBUG[0m] [kernel::ipc] [CPU2] CREATE_PORT: appended id=PortId(2)
[39067409172] [[34mDEBUG[0m] [kernel::ipc::handles] [CPU2] ALLOC_HANDLE: handle=3 port_id=PortId(2) mode=Write
[39068066103] [[34mDEBUG[0m] [kernel::ipc::handles] [CPU2] ALLOC_HANDLE: handle=4 port_id=PortId(2) mode=Read
[39077685075] [[35mTRACE[0m] [kernel::syscall::handlers::vfs] [CPU2] VFS: sys_fs_open path='/run/bristle/kbd_in' tid=8
[39085471788] [[32mINFO [0m] [sprout::pipelines] [CPU0] SPROUT: Creating display response port
[39086574054] [[35mTRACE[0m] [kernel::syscall::handlers::vfs] [CPU2] sys_fs_close: fd=3
[39088820529] [[35mTRACE[0m] [kernel::syscall::handlers::vfs] [CPU2] VFS: sys_fs_open path='/run/bristle/mouse_in' tid=8
[39090134853] [[34mDEBUG[0m] [kernel::ipc] [CPU0] CREATE_PORT: capacity=4096
[39091068720] [[34mDEBUG[0m] [kernel::ipc] [CPU0] CREATE_PORT: appended id=PortId(3)
[39092248503] [[34mDEBUG[0m] [kernel::ipc::handles] [CPU0] ALLOC_HANDLE: handle=3 port_id=PortId(3) mode=Write
[39093225930] [[34mDEBUG[0m] [kernel::ipc::handles] [CPU0] ALLOC_HANDLE: handle=4 port_id=PortId(3) mode=Read
[39094548636] [[35mTRACE[0m] [kernel::syscall::handlers::vfs] [CPU2] sys_fs_close: fd=3
[39096685980] [[32mINFO [0m] [bristle] [CPU2] bristle: published device handles kbd_in=1 mouse_in=3
[39097920840] [[35mTRACE[0m] [kernel::syscall::handlers::vfs] [CPU2] VFS: sys_fs_open path='/proc/self/inbox' tid=8
[39103342410] [[32mINFO [0m] [sprout::pipelines] [CPU0] SPROUT: Creating display bootstrap memfd
[39112791498] [[32mINFO [0m] [sprout::pipelines] [CPU0] SPROUT: Mapping display bootstrap memfd
[39118815780] [[34mDEBUG[0m] [kernel::handle::bridge] [CPU2] BRIDGE: handle=2 -> fd=4 node=0xffffffffb01f9150 port=0xffffffffb00f5430
[39121421526] [[32mINFO [0m] [sprout::pipelines] [CPU0] SPROUT: Launching display driver '/drivers/display_virtio_gpu' (boot_fd=3, bind_id=322371585)
[39122815248] [[34mDEBUG[0m] [kernel::handle::bridge] [CPU2] BRIDGE: handle=4 -> fd=5 node=0xffffffffb01f9210 port=0xffffffffb00f71b0
[39125483166] [[32mINFO [0m] [bristle] [CPU2] bristle: online (kbd_tok=Some(WaitToken(2)), mouse_tok=Some(WaitToken(3)))
[39158634834] [[34mDEBUG[0m] [kernel::sched::spawn] [CPU0] SPAWN: page cache miss for '/drivers/display_virtio_gpu', caching 178536 bytes
[39160756470] [[34mDEBUG[0m] [kernel::task::loader] [CPU0] LOADER: Loading module 'display_virtio_gpu' (len=178536, base=0x200000)
[39161637207] [[35mTRACE[0m] [kernel::task::loader] [CPU0]   Header: [7f, 45, 4c, 46, 02, 01, 01, 03, 00, 00, 00, 00, 00, 00, 00, 00]
[39163295952] [[34mDEBUG[0m] [kernel::task::loader] [CPU0] LOADER: ELF info: entry=200000, min_vaddr=200000, bias=0, entry_pc=200000
[39163987764] [[35mTRACE[0m] [kernel::task::loader] [CPU0] Segment: vaddr=200000 exec=true
[39166476855] [[35mTRACE[0m] [kernel::task::loader] [CPU0]   COPIED at 0x201420: [ff, ff, ff, ff, ff, ff, 3f, 48]
[39189491319] [[35mTRACE[0m] [kernel::task::loader] [CPU0] Segment: vaddr=21c000 exec=false
[39192754854] [[35mTRACE[0m] [kernel::task::loader] [CPU0] Segment: vaddr=221000 exec=false
[39198359277] [[34mDEBUG[0m] [kernel::task::loader] [CPU0] LOADER: TLS block: tp=0x223000 filesz=0 memsz=0 align=1
[39207466023] [[34mDEBUG[0m] [kernel::sched::spawn] [CPU0] SPAWN_FROM_PATH: Starting Phase 1 for /drivers/display_virtio_gpu
[39208922676] [[34mDEBUG[0m] [bran::arch::x86_64::task] [CPU0] INIT KERNEL CTX: entry=0xffffffff800532f0 kstack_top=0xffffffffb02351a0 arg=0xffffffffb0224f80
[39211710582] [[34mDEBUG[0m] [kernel::sched::spawn] [CPU0] SPAWN_FROM_PATH: Phase 1 complete, ID=9, applying inserts
[39212671971] [[34mDEBUG[0m] [kernel::sched] [CPU0] REGISTRY: Applying 1 deferred inserts
[39213540696] [[34mDEBUG[0m] [kernel::sched] [CPU0] REGISTRY: Inserting TID=9
[39214539738] [[34mDEBUG[0m] [kernel::sched] [CPU0] REGISTRY: Inserts applied
[39215339823] [[34mDEBUG[0m] [kernel::sched::spawn] [CPU0] SPAWN_FROM_PATH: Inserts applied, entering Phase 2
[39218740869] [[34mDEBUG[0m] [kernel::sched::spawn] [CPU0] SETUP_STDIO: stdin=Null stdout=Inherit stderr=Inherit
[39225823428] [[34mDEBUG[0m] [kernel::sched::spawn] [CPU0] SPAWN_FROM_PATH: Phase 2 complete, waking task 9
[39228226026] [[34mDEBUG[0m] [kernel::sched::spawn] [CPU0] SPAWN_FROM_PATH: Task 9 woken, restoring IRQs
[39229154745] [[34mDEBUG[0m] [kernel::sched::spawn] [CPU0] SPAWN_FROM_PATH: Done for /drivers/display_virtio_gpu
[39230219886] [[34mDEBUG[0m] [kernel::syscall::handlers::process] [CPU0] SYSCALL SPAWN_PROCESS_EX: name='/drivers/display_virtio_gpu' TID=9 PID=9
[39230349642] [[34mDEBUG[0m] [kernel::sched::spawn] [CPU3] USER_TRAMPOLINE: PC=0x200000 SP=0x800000 ARG0=0x3
[39231614136] [[34mDEBUG[0m] [bran::arch::x86_64] [CPU3] ENTER_USER: TID=9 entry_pc=200000 user_sp=800000
[39235051416] [[34mDEBUG[0m] [kernel::syscall::handlers::process] [CPU3] sys_auxv_get: tid=9 buf_len=0
[39237081477] [[34mDEBUG[0m] [kernel::syscall::handlers::process] [CPU3] sys_auxv_get: tid=9 buf_len=100
[39243294519] [[32mINFO [0m] [display_virtio_gpu] [CPU3] display_virtio_gpu: starting v0.4.1 (boot_arg=3)
[39244623330] [[34mDEBUG[0m] [display_virtio_gpu] [CPU3] display_virtio_gpu: Starting VFS-native VirtIO GPU driver...
[39245629203] [[34mDEBUG[0m] [display_virtio_gpu] [CPU3] display_virtio_gpu: boot_arg=3
[39247063713] [[34mDEBUG[0m] [display_virtio_gpu] [CPU3] display_virtio_gpu: Mapping bootstrap memfd 3 size=4096...
[39249459777] [[34mDEBUG[0m] [display_virtio_gpu] [CPU3] display_virtio_gpu: vm_map success at 0x400000001000
[39250983948] [[34mDEBUG[0m] [display_virtio_gpu] [CPU3] display_virtio_gpu: Recovered handles: req_read=2, resp_write=3, svc=0, id=322371585
[39252338235] [[34mDEBUG[0m] [display_virtio_gpu] [CPU3] display_virtio_gpu: starting (drv_req_r=2, drv_resp_w=3, svc=0, id=322371585)
[39253374072] [[35mTRACE[0m] [display_virtio_gpu] [CPU3] display_virtio_gpu: Scanning /sys/devices for PCI GPU...
[39254211282] [[35mTRACE[0m] [kernel::syscall::handlers::vfs] [CPU3] VFS: sys_fs_open path='/sys/devices' tid=9
[39255781884] [[34mDEBUG[0m] [kernel::vfs::sysfs] [CPU3] sysfs: lookup path='devices'
[39259606221] [[35mTRACE[0m] [kernel::syscall::handlers::vfs] [CPU3] sys_fs_readdir: fd=4 len=4096
[39260833128] [[35mTRACE[0m] [kernel::syscall::handlers::vfs] [CPU3] sys_fs_readdir: natural phase begin offset=0
[39267269778] [[35mTRACE[0m] [kernel::vfs::sysfs] [CPU3] sysfs: readdir found 13 slots
[39276973659] [[35mTRACE[0m] [kernel::vfs::sysfs] [CPU3] sysfs: readdir wrote 191 bytes
[39281161557] [[35mTRACE[0m] [kernel::syscall::handlers::vfs] [CPU3] sys_fs_close: fd=4
[39281110671] [[32mINFO [0m] [sprout::supervisor] [CPU0] SPROUT: Display pipeline initialized (backend=virtio_gpu)
[39284106807] [[35mTRACE[0m] [kernel::syscall::handlers::vfs] [CPU1] sys_fs_close: fd=3
[39286465218] [[35mTRACE[0m] [sprout::supervisor] [CPU0] SPROUT: Loop iteration: spawn_bloom_if_ready
[39289128021] [[34mDEBUG[0m] [sprout::supervisor] [CPU0] SPROUT: Checking if bloom is ready to spawn (/dev/display/card0 mounted=false, service_ready=false)...
[39291934803] [[32mINFO [0m] [cambium::catalog] [CPU1] DEVD CATALOG: registered driver '/drivers/ahci_disk' name='ahci_disk' class=Block kind='dev.storage.Ahci' start='thingos_driver_start_safe'
[39292310805] [[34mDEBUG[0m] [sprout::supervisor] [CPU0] SPROUT: display card not ready for bloom yet
[39294064326] [[35mTRACE[0m] [kernel::syscall::handlers::vfs] [CPU1] VFS: sys_fs_open path='/drivers/ata_disk' tid=7
[39298644759] [[35mTRACE[0m] [sprout::supervisor] [CPU0] SPROUT: Loop iteration: spawn_wayland_hello_if_ready
[39301249185] [[35mTRACE[0m] [sprout::supervisor] [CPU0] SPROUT: Loop iteration: spawn_clock_if_ready
[39303683529] [[35mTRACE[0m] [sprout::supervisor] [CPU0] SPROUT: Loop iteration: tick complete
[39306116883] [[35mTRACE[0m] [kernel::syscall::handlers::vfs] [CPU0] VFS: sys_fs_open path='/proc/self/inbox' tid=5
[39314722194] [[34mDEBUG[0m] [sprout::supervisor] [CPU0] SPROUT: ServiceLoop waiting for next event...
[39318005991] [[35mTRACE[0m] [kernel::syscall::handlers::vfs] [CPU3] VFS: sys_fs_open path='/sys/devices/platform-fb000000/vendor' tid=9
[39320425617] [[34mDEBUG[0m] [kernel::vfs::sysfs] [CPU3] sysfs: lookup path='devices/platform-fb000000/vendor'
[39323504418] [[34mDEBUG[0m] [kernel::vfs::sysfs] [CPU3] sysfs: matched device file 'platform-fb000000/vendor'
[39329624070] [[35mTRACE[0m] [kernel::syscall::handlers::vfs] [CPU3] sys_fs_close: fd=4
[39332877144] [[35mTRACE[0m] [kernel::syscall::handlers::vfs] [CPU3] VFS: sys_fs_open path='/sys/devices/platform-fb000000/device' tid=9
[39335147082] [[34mDEBUG[0m] [kernel::vfs::sysfs] [CPU3] sysfs: lookup path='devices/platform-fb000000/device'
[39336909315] [[34mDEBUG[0m] [kernel::vfs::sysfs] [CPU3] sysfs: matched device file 'platform-fb000000/device'
[39339328545] [[35mTRACE[0m] [kernel::syscall::handlers::vfs] [CPU3] sys_fs_close: fd=4
[39340973397] [[35mTRACE[0m] [kernel::syscall::handlers::vfs] [CPU3] VFS: sys_fs_open path='/sys/devices/platform-fb000000/class' tid=9
[39342608052] [[34mDEBUG[0m] [kernel::vfs::sysfs] [CPU3] sysfs: lookup path='devices/platform-fb000000/class'
[39344368932] [[34mDEBUG[0m] [kernel::vfs::sysfs] [CPU3] sysfs: matched device file 'platform-fb000000/class'
[39347054703] [[35mTRACE[0m] [kernel::syscall::handlers::vfs] [CPU3] sys_fs_close: fd=4
[39348837660] [[35mTRACE[0m] [kernel::syscall::handlers::vfs] [CPU3] VFS: sys_fs_open path='/sys/devices/pci-0000:00:00.0/vendor' tid=9
[39350784891] [[34mDEBUG[0m] [kernel::vfs::sysfs] [CPU3] sysfs: lookup path='devices/pci-0000:00:00.0/vendor'
[39352404894] [[34mDEBUG[0m] [kernel::vfs::sysfs] [CPU3] sysfs: matched device file 'pci-0000:00:00.0/vendor'
[39354957048] [[35mTRACE[0m] [kernel::syscall::handlers::vfs] [CPU3] sys_fs_close: fd=4
[39356399313] [[35mTRACE[0m] [kernel::syscall::handlers::vfs] [CPU3] VFS: sys_fs_open path='/sys/devices/pci-0000:00:00.0/device' tid=9
[39358152108] [[34mDEBUG[0m] [kernel::vfs::sysfs] [CPU3] sysfs: lookup path='devices/pci-0000:00:00.0/device'
[39359938299] [[34mDEBUG[0m] [kernel::vfs::sysfs] [CPU3] sysfs: matched device file 'pci-0000:00:00.0/device'
[39364067886] [[35mTRACE[0m] [kernel::syscall::handlers::vfs] [CPU3] sys_fs_close: fd=4
[39365709966] [[35mTRACE[0m] [kernel::syscall::handlers::vfs] [CPU3] VFS: sys_fs_open path='/sys/devices/pci-0000:00:00.0/class' tid=9
[39367655349] [[34mDEBUG[0m] [kernel::vfs::sysfs] [CPU3] sysfs: lookup path='devices/pci-0000:00:00.0/class'
[39369338976] [[34mDEBUG[0m] [kernel::vfs::sysfs] [CPU3] sysfs: matched device file 'pci-0000:00:00.0/class'
[39372203310] [[35mTRACE[0m] [kernel::syscall::handlers::vfs] [CPU3] sys_fs_close: fd=4
[39374124768] [[35mTRACE[0m] [kernel::syscall::handlers::vfs] [CPU3] VFS: sys_fs_open path='/sys/devices/pci-0000:00:01.0/vendor' tid=9
[39376680222] [[34mDEBUG[0m] [kernel::vfs::sysfs] [CPU3] sysfs: lookup path='devices/pci-0000:00:01.0/vendor'
[39378544821] [[34mDEBUG[0m] [kernel::vfs::sysfs] [CPU3] sysfs: matched device file 'pci-0000:00:01.0/vendor'
[39381257256] [[35mTRACE[0m] [kernel::syscall::handlers::vfs] [CPU3] sys_fs_close: fd=4
[39382853004] [[35mTRACE[0m] [kernel::syscall::handlers::vfs] [CPU3] VFS: sys_fs_open path='/sys/devices/pci-0000:00:01.0/device' tid=9
[39384974607] [[34mDEBUG[0m] [kernel::vfs::sysfs] [CPU3] sysfs: lookup path='devices/pci-0000:00:01.0/device'
[39386889531] [[34mDEBUG[0m] [kernel::vfs::sysfs] [CPU3] sysfs: matched device file 'pci-0000:00:01.0/device'
[39389268204] [[35mTRACE[0m] [kernel::syscall::handlers::vfs] [CPU3] sys_fs_close: fd=4
[39390756966] [[35mTRACE[0m] [kernel::syscall::handlers::vfs] [CPU3] VFS: sys_fs_open path='/sys/devices/pci-0000:00:01.0/class' tid=9
[39392861574] [[34mDEBUG[0m] [kernel::vfs::sysfs] [CPU3] sysfs: lookup path='devices/pci-0000:00:01.0/class'
[39394411650] [[34mDEBUG[0m] [kernel::vfs::sysfs] [CPU3] sysfs: matched device file 'pci-0000:00:01.0/class'
[39397347858] [[35mTRACE[0m] [kernel::syscall::handlers::vfs] [CPU3] sys_fs_close: fd=4
[39399312315] [[35mTRACE[0m] [kernel::syscall::handlers::vfs] [CPU3] VFS: sys_fs_open path='/sys/devices/pci-0000:00:02.0/vendor' tid=9
[39401715573] [[34mDEBUG[0m] [kernel::vfs::sysfs] [CPU3] sysfs: lookup path='devices/pci-0000:00:02.0/vendor'
[39403746162] [[34mDEBUG[0m] [kernel::vfs::sysfs] [CPU3] sysfs: matched device file 'pci-0000:00:02.0/vendor'
[39407032797] [[35mTRACE[0m] [kernel::syscall::handlers::vfs] [CPU3] sys_fs_close: fd=4
[39408824796] [[35mTRACE[0m] [kernel::syscall::handlers::vfs] [CPU3] VFS: sys_fs_open path='/sys/devices/pci-0000:00:02.0/device' tid=9
[39411027942] [[34mDEBUG[0m] [kernel::vfs::sysfs] [CPU3] sysfs: lookup path='devices/pci-0000:00:02.0/device'
[39412905741] [[34mDEBUG[0m] [kernel::vfs::sysfs] [CPU3] sysfs: matched device file 'pci-0000:00:02.0/device'
[39416746644] [[35mTRACE[0m] [kernel::syscall::handlers::vfs] [CPU3] sys_fs_close: fd=4
[39418393509] [[35mTRACE[0m] [kernel::syscall::handlers::vfs] [CPU3] VFS: sys_fs_open path='/sys/devices/pci-0000:00:02.0/class' tid=9
[39420739182] [[34mDEBUG[0m] [kernel::vfs::sysfs] [CPU3] sysfs: lookup path='devices/pci-0000:00:02.0/class'
[39422817951] [[34mDEBUG[0m] [kernel::vfs::sysfs] [CPU3] sysfs: matched device file 'pci-0000:00:02.0/class'
[39428456232] [[35mTRACE[0m] [kernel::syscall::handlers::vfs] [CPU3] sys_fs_close: fd=4
[39435730356] [[34mDEBUG[0m] [kernel::syscall::handlers::device] [CPU3] DEVICE: task 9 claimed device 'pci-0000:00:02.0' (handle 0)
[39437823018] [[35mTRACE[0m] [kernel::syscall::handlers::vfs] [CPU3] VFS: sys_fs_open path='/sys/devices/pci-0000:00:02.0/virtio/common_bar' tid=9
[39440510307] [[34mDEBUG[0m] [kernel::vfs::sysfs] [CPU3] sysfs: lookup path='devices/pci-0000:00:02.0/virtio/common_bar'
[39448328007] [[35mTRACE[0m] [kernel::syscall::handlers::vfs] [CPU3] sys_fs_close: fd=4
[39451102416] [[35mTRACE[0m] [kernel::syscall::handlers::vfs] [CPU3] VFS: sys_fs_open path='/sys/devices/pci-0000:00:02.0/virtio/common_offset' tid=9
[39453655659] [[34mDEBUG[0m] [kernel::vfs::sysfs] [CPU3] sysfs: lookup path='devices/pci-0000:00:02.0/virtio/common_offset'
[39460944534] [[35mTRACE[0m] [kernel::syscall::handlers::vfs] [CPU3] sys_fs_close: fd=4
[39463382145] [[35mTRACE[0m] [kernel::syscall::handlers::vfs] [CPU3] VFS: sys_fs_open path='/sys/devices/pci-0000:00:02.0/virtio/notify_bar' tid=9
[39466037424] [[34mDEBUG[0m] [kernel::vfs::sysfs] [CPU3] sysfs: lookup path='devices/pci-0000:00:02.0/virtio/notify_bar'
[39471666630] [[35mTRACE[0m] [kernel::syscall::handlers::vfs] [CPU3] sys_fs_close: fd=4
[39474264984] [[35mTRACE[0m] [kernel::syscall::handlers::vfs] [CPU3] VFS: sys_fs_open path='/sys/devices/pci-0000:00:02.0/virtio/notify_offset' tid=9
[39476842713] [[34mDEBUG[0m] [kernel::vfs::sysfs] [CPU3] sysfs: lookup path='devices/pci-0000:00:02.0/virtio/notify_offset'
[39479382987] [[35mTRACE[0m] [kernel::syscall::handlers::vfs] [CPU1] sys_fs_close: fd=3
[39482301111] [[32mINFO [0m] [cambium::catalog] [CPU1] DEVD CATALOG: registered driver '/drivers/ata_disk' name='ata_disk' class=Block kind='dev.storage.Ide' start='thingos_driver_start_safe'
[39483262896] [[35mTRACE[0m] [kernel::syscall::handlers::vfs] [CPU3] sys_fs_close: fd=4
[39483440832] [[35mTRACE[0m] [kernel::syscall::handlers::vfs] [CPU1] VFS: sys_fs_open path='/drivers/chime' tid=7
[39484986024] [[35mTRACE[0m] [kernel::syscall::handlers::vfs] [CPU3] VFS: sys_fs_open path='/sys/devices/pci-0000:00:02.0/virtio/notify_multiplier' tid=9
[39487034334] [[34mDEBUG[0m] [kernel::vfs::sysfs] [CPU3] sysfs: lookup path='devices/pci-0000:00:02.0/virtio/notify_multiplier'
[39494581632] [[35mTRACE[0m] [kernel::syscall::handlers::vfs] [CPU3] sys_fs_close: fd=4
[39497303373] [[32mINFO [0m] [virtio_gpu] [CPU3] virtio_gpu: caps from sysfs - common BAR2 off=0x1000, notify BAR2 off=0x3000 mult=4
[39500731743] [[34mDEBUG[0m] [kernel::syscall::handlers::device] [CPU3] DEVICE: mapping BAR2 (phys=0xc000004000, size=0x4000) for task 9
[39505077381] [[34mDEBUG[0m] [kernel::syscall::handlers::device] [CPU3] DEVICE: Mapped BAR2 phys=0xc000004000 size=0x4000 -> virt=0x10000000
[39509763843] [[34mDEBUG[0m] [kernel::syscall::handlers::device] [CPU3] DEVICE: DMA alloc 1 pages phys=0x2330000 -> user_va=0x10004000
[39514048266] [[34mDEBUG[0m] [kernel::syscall::handlers::device] [CPU3] DEVICE: DMA alloc 1 pages phys=0x2331000 -> user_va=0x10005000
[39518899266] [[32mINFO [0m] [virtio_gpu] [CPU3] virtio_gpu: device features=0x30000002 virgl=false
[39526414587] [[34mDEBUG[0m] [kernel::syscall::handlers::device] [CPU3] DEVICE: DMA alloc 4 pages phys=0x2332000 -> user_va=0x10006000
[39534977790] [[34mDEBUG[0m] [kernel::syscall::handlers::device] [CPU3] DEVICE: DMA alloc 4 pages phys=0x2336000 -> user_va=0x1000a000
[39538172157] [[32mINFO [0m] [virtio_gpu] [CPU3] virtio_gpu: cursor queue (queue 1) configured
[39539489088] [[32mINFO [0m] [display_virtio_gpu] [CPU3] display_virtio_gpu: GPU initialized successfully
[39540257460] [[32mINFO [0m] [display_virtio_gpu] [CPU3] display_virtio_gpu: composition paths: gpu_opaque_copy=enabled cpu_alpha_blend=enabled
[39541201194] [[34mDEBUG[0m] [display_virtio_gpu] [CPU3] display_virtio_gpu: Virgl 3D not supported, using 2D only
[39542051835] [[35mTRACE[0m] [kernel::syscall::handlers::vfs] [CPU3] VFS: sys_fs_open path='/sys/firmware/framebuffer' tid=9
[39544298772] [[34mDEBUG[0m] [kernel::vfs::sysfs] [CPU3] sysfs: lookup path='firmware/framebuffer'
[39549782910] [[35mTRACE[0m] [kernel::syscall::handlers::vfs] [CPU3] sys_fs_close: fd=4
[39556505340] [[32mINFO [0m] [display_virtio_gpu] [CPU3] display_virtio_gpu: host scanout 1280x800 enabled=true (bootfb was 1920x1080)
[39559316247] [[34mDEBUG[0m] [display_virtio_gpu] [CPU3] display_virtio_gpu: creating frame pool 1x 1280x800 stride=5120 format=1
[39659358882] [[35mTRACE[0m] [sprout::supervisor] [CPU0] SPROUT: Supervisor tick...
[39663653865] [[35mTRACE[0m] [sprout::supervisor] [CPU0] SPROUT: Loop iteration: spawn_bristle_if_needed
[39666077715] [[35mTRACE[0m] [sprout::supervisor] [CPU0] SPROUT: Loop iteration: spawn_display_if_needed
[39668308251] [[35mTRACE[0m] [sprout::supervisor] [CPU0] SPROUT: Loop iteration: spawn_bloom_if_ready
[39675659496] [[34mDEBUG[0m] [sprout::supervisor] [CPU0] SPROUT: Checking if bloom is ready to spawn (/dev/display/card0 mounted=false, service_ready=false)...
[39685198575] [[34mDEBUG[0m] [sprout::supervisor] [CPU0] SPROUT: display card not ready for bloom yet
[39688060764] [[35mTRACE[0m] [sprout::supervisor] [CPU0] SPROUT: Loop iteration: spawn_wayland_hello_if_ready
[39699621423] [[35mTRACE[0m] [sprout::supervisor] [CPU0] SPROUT: Loop iteration: spawn_clock_if_ready
[39702752760] [[35mTRACE[0m] [sprout::supervisor] [CPU0] SPROUT: Loop iteration: tick complete
[39703394742] [[35mTRACE[0m] [kernel::syscall::handlers::vfs] [CPU1] sys_fs_close: fd=3
[39709497201] [[34mDEBUG[0m] [sprout::supervisor] [CPU0] SPROUT: ServiceLoop waiting for next event...
[39709497201] [[32mINFO [0m] [cambium::catalog] [CPU1] DEVD CATALOG: registered driver '/drivers/chime' name='chime' class=Audio kind='dev.sound.Chime' start='thingos_driver_start_safe'
[39713825910] [[35mTRACE[0m] [kernel::syscall::handlers::vfs] [CPU1] VFS: sys_fs_open path='/drivers/display_bootfb' tid=7
[39851768550] [[34mDEBUG[0m] [kernel::syscall::handlers::memory] [CPU3] sys_vm_map: large backing file mapping offset=0 len=4096000 total_size=4096000
[39917220948] [[34mDEBUG[0m] [display_virtio_gpu] [CPU3] display_virtio_gpu: frame pool ready (1 buffer)
[39924072573] [[34mDEBUG[0m] [kernel::syscall::handlers::device] [CPU3] DEVICE: DMA alloc 16 pages phys=0x2723000 -> user_va=0x1000e000
[39928821735] [[32mINFO [0m] [display_virtio_gpu] [CPU3] display_virtio_gpu: cursor DMA buffer ready (16 pages at phys=0x2723000)
[39933839583] [[34mDEBUG[0m] [kernel::ipc] [CPU3] CREATE_PORT: capacity=65536
[39934709331] [[34mDEBUG[0m] [kernel::ipc] [CPU3] CREATE_PORT: appended id=PortId(4)
[39936114372] [[34mDEBUG[0m] [kernel::ipc::handles] [CPU3] ALLOC_HANDLE: handle=5 port_id=PortId(4) mode=Write
[39936898551] [[34mDEBUG[0m] [kernel::ipc::handles] [CPU3] ALLOC_HANDLE: handle=6 port_id=PortId(4) mode=Read
[39938285640] [[34mDEBUG[0m] [kernel::handle::bridge] [CPU3] BRIDGE: handle=5 -> fd=5 node=0xffffffffb00d8270 port=0xffffffffb01082d0
[39940849707] [[35mTRACE[0m] [kernel::syscall::handlers::vfs] [CPU3] VFS: sys_fs_open path='/proc/5/inbox' tid=9
[39944567982] [[35mTRACE[0m] [kernel::syscall::handlers::vfs] [CPU1] sys_fs_close: fd=3
[39947795943] [[32mINFO [0m] [cambium::catalog] [CPU1] DEVD CATALOG: registered driver '/drivers/display_bootfb' name='display_bootfb' class=Display kind='dev.display.Gpu' start='thingos_driver_start_safe'
[39964083489] [[35mTRACE[0m] [kernel::syscall::handlers::vfs] [CPU1] VFS: sys_fs_open path='/drivers/display_virtio_gpu' tid=7
[39977973255] [[35mTRACE[0m] [kernel::syscall::handlers::socket] [CPU3] SENDMSG: thing=6 data_len=44 caps_len=1 node=Pointer { addr: 0xffffffffb00c6990, metadata: DynMetadata(0xffffffff802c6ed0) }
[39987019743] [[34mDEBUG[0m] [display_virtio_gpu] [CPU3] display_virtio_gpu: Sent MSG_BIND_READY (ID: 322371585)
[39989490816] [[34mDEBUG[0m] [display_virtio_gpu] [CPU3] display_virtio_gpu: Waiting for BIND_ASSIGNED...
[39994815795] [[35mTRACE[0m] [kernel::syscall::handlers::socket] [CPU0] RECVMSG: thing=4 data_len=44 caps_len=1 node=Pointer { addr: 0xffffffffb00f74b0, metadata: DynMetadata(0xffffffff802c6ed0) }
[40009993815] [[34mDEBUG[0m] [sprout::supervisor] [CPU0] SPROUT: BIND_READY from instance_id=0x13370001
[40013179173] [[34mDEBUG[0m] [sprout::supervisor] [CPU0] SPROUT: Registering DISPLAY_CARD at /dev/display/card0 (handle=5)
[40028931261] [[34mDEBUG[0m] [kernel::ipc] [CPU0] CREATE_PORT: capacity=262400
[40030539120] [[34mDEBUG[0m] [kernel::ipc] [CPU0] CREATE_PORT: appended id=PortId(5)
[40033026462] [[34mDEBUG[0m] [kernel::ipc::handles] [CPU0] ALLOC_HANDLE: handle=7 port_id=PortId(5) mode=Write
[40038965340] [[34mDEBUG[0m] [kernel::syscall::handlers::vfs] [CPU0] vfs: mounted userland provider at /dev/display/card0 (flags: 0x0) port=0xffffffffb01082d0
[40047014106] [[32mINFO [0m] [sprout::supervisor] [CPU0] SPROUT: Mounted /dev/display/card0 successfully
[40050189861] [[34mDEBUG[0m] [sprout::supervisor] [CPU0] SPROUT: Handshake complete ��� task 'display' marked ready
[40057479363] [[34mDEBUG[0m] [sprout::supervisor] [CPU0] SPROUT: Sent MSG_BIND_ASSIGNED to display pid 9 (res=Ok(()))
[40059124281] [[32mINFO [0m] [display_virtio_gpu] [CPU3] display_virtio_gpu: Sovereign registration COMPLETE. Assigned: /dev/display/card0
[40060967430] [[35mTRACE[0m] [kernel::syscall::handlers::socket] [CPU3] SENDMSG: thing=6 data_len=44 caps_len=0 node=Pointer { addr: 0xffffffffb00c6990, metadata: DynMetadata(0xffffffff802c6ed0) }
[40062955515] [[34mDEBUG[0m] [display_virtio_gpu] [CPU3] display_virtio_gpu: Sent MSG_SERVICE_READY.
[40064392731] [[34mDEBUG[0m] [kernel::handle::bridge] [CPU3] BRIDGE: handle=2 -> fd=7 node=0xffffffffb00f7430 port=0xffffffffb00f36b0
[40065876246] [[34mDEBUG[0m] [kernel::handle::bridge] [CPU3] BRIDGE: handle=3 -> fd=8 node=0xffffffffb0108730 port=0xffffffffb01f8f30
[40067560830] [[34mDEBUG[0m] [kernel::handle::bridge] [CPU3] BRIDGE: handle=6 -> fd=9 node=0xffffffffb01196b0 port=0xffffffffb01082d0
[40070577822] [[32mINFO [0m] [display_virtio_gpu] [CPU3] display_virtio_gpu: VFS provider loop online
[40076298537] [[34mDEBUG[0m] [sprout::supervisor] [CPU0] SPROUT: ServiceLoop waiting for next event...
[40080736773] [[35mTRACE[0m] [kernel::syscall::handlers::socket] [CPU0] RECVMSG: thing=4 data_len=44 caps_len=0 node=Pointer { addr: 0xffffffffb00f74b0, metadata: DynMetadata(0xffffffff802c6ed0) }
[40085091255] [[34mDEBUG[0m] [sprout::supervisor] [CPU0] SPROUT: SERVICE_READY from instance_id=0x13370001
[40087324002] [[34mDEBUG[0m] [sprout::supervisor] [CPU0] SPROUT: Service 'display' reported ready
[40089144975] [[32mINFO [0m] [sprout::supervisor] [CPU0] SPROUT: Display service is ready at /dev/display/card0
[40091141739] [[34mDEBUG[0m] [sprout::supervisor] [CPU0] SPROUT: ServiceLoop waiting for next event...
[40179428190] [[35mTRACE[0m] [kernel::syscall::handlers::vfs] [CPU1] sys_fs_close: fd=3
[40183418517] [[32mINFO [0m] [cambium::catalog] [CPU1] DEVD CATALOG: registered driver '/drivers/display_virtio_gpu' name='display_virtio_gpu' class=Display kind='dev.display.Gpu' start='thingos_driver_start_safe'
[40185287010] [[35mTRACE[0m] [kernel::syscall::handlers::vfs] [CPU1] VFS: sys_fs_open path='/drivers/hdaudio' tid=7
[40239032823] [[35mTRACE[0m] [kernel::sched] [CPU0] SCHED-DBG: cpus_online=4
[40241535840] [[35mTRACE[0m] [kernel::sched] [CPU0] SCHED-DBG: cpu=0 curr=Some(0) runq=0 runq_avg=1 runq_samples=102 ctxsw=18 idle2busy=0 tick=47 ipi=1 enq=108 deq=107 wake=4 lock_miss=0 lock_pending=0 lock_blocked=0
[40242933126] [[35mTRACE[0m] [kernel::sched] [CPU0] SCHED-DBG: cpu=1 curr=Some(7) runq=0 runq_avg=0 runq_samples=68 ctxsw=1 idle2busy=1 tick=66 ipi=1 enq=5 deq=4 wake=2 lock_miss=0 lock_pending=0 lock_blocked=0
[40246970181] [[35mTRACE[0m] [kernel::sched] [CPU0] SCHED-DBG: cpu=2 curr=Some(3) runq=0 runq_avg=0 runq_samples=106 ctxsw=2 idle2busy=1 tick=88 ipi=1 enq=3 deq=2 wake=2 lock_miss=0 lock_pending=0 lock_blocked=0
[40248389379] [[35mTRACE[0m] [kernel::sched] [CPU0] SCHED-DBG: cpu=3 curr=Some(4) runq=0 runq_avg=0 runq_samples=206 ctxsw=12 idle2busy=6 tick=87 ipi=6 enq=118 deq=117 wake=13 lock_miss=0 lock_pending=0 lock_blocked=0
[40389848301] [[35mTRACE[0m] [kernel::syscall::handlers::vfs] [CPU1] sys_fs_close: fd=3
[40393851168] [[32mINFO [0m] [cambium::catalog] [CPU1] DEVD CATALOG: registered driver '/drivers/hdaudio' name='hdaudio' class=Audio kind='dev.sound.Hda' start='thingos_driver_start_safe'
[40395754245] [[35mTRACE[0m] [kernel::syscall::handlers::vfs] [CPU1] VFS: sys_fs_open path='/drivers/hwrng' tid=7
[40406499474] [[35mTRACE[0m] [sprout::supervisor] [CPU0] SPROUT: Supervisor tick...
[40410032223] [[35mTRACE[0m] [sprout::supervisor] [CPU0] SPROUT: Loop iteration: spawn_bristle_if_needed
[40412957013] [[35mTRACE[0m] [sprout::supervisor] [CPU0] SPROUT: Loop iteration: spawn_display_if_needed
[40419186951] [[35mTRACE[0m] [sprout::supervisor] [CPU0] SPROUT: Loop iteration: spawn_bloom_if_ready
[40425207768] [[34mDEBUG[0m] [sprout::supervisor] [CPU0] SPROUT: Checking if bloom is ready to spawn (/dev/display/card0 mounted=true, service_ready=true)...
[40429838823] [[34mDEBUG[0m] [kernel::task::loader] [CPU0] LOADER: Loading module '/bin/bloom' (len=533960, base=0x200000)
[40430840175] [[35mTRACE[0m] [kernel::task::loader] [CPU0]   Header: [7f, 45, 4c, 46, 02, 01, 01, 00, 00, 00, 00, 00, 00, 00, 00, 00]
[40439206896] [[34mDEBUG[0m] [kernel::task::loader] [CPU0] LOADER: ELF info: entry=200000, min_vaddr=200000, bias=0, entry_pc=200000
[40441259661] [[35mTRACE[0m] [kernel::task::loader] [CPU0] Segment: vaddr=200000 exec=true
[40446254475] [[35mTRACE[0m] [kernel::task::loader] [CPU0]   COPIED at 0x201420: [45, 0f, b7, a7, 80, 0f, 00, 00]
[40535929962] [[35mTRACE[0m] [kernel::task::loader] [CPU0] Segment: vaddr=260000 exec=false
[40544888703] [[35mTRACE[0m] [kernel::task::loader] [CPU0] Segment: vaddr=26a000 exec=false
[40549923282] [[34mDEBUG[0m] [kernel::task::loader] [CPU0] LOADER: TLS block: tp=0x26e000 filesz=0 memsz=0 align=1
[40565523669] [[34mDEBUG[0m] [bran::arch::x86_64::task] [CPU0] INIT KERNEL CTX: entry=0xffffffff800532f0 kstack_top=0xffffffffb0139860 arg=0xffffffffb00ad360
[40568255145] [[34mDEBUG[0m] [kernel::sched] [CPU0] REGISTRY: Applying 1 deferred inserts
[40568876931] [[34mDEBUG[0m] [kernel::sched] [CPU0] REGISTRY: Inserting TID=10
[40569510003] [[34mDEBUG[0m] [kernel::sched] [CPU0] REGISTRY: Inserts applied
[40581694659] [[34mDEBUG[0m] [kernel::sched::spawn] [CPU0] SCHED: TID 10 → task '/bin/bloom' (pid=10 from boot module)
[40589085702] [[32mINFO [0m] [sprout::supervisor] [CPU0] SPROUT: Spawned bloom (PID=10)
[40599896535] [[35mTRACE[0m] [sprout::supervisor] [CPU0] SPROUT: Loop iteration: spawn_wayland_hello_if_ready
[40603173468] [[35mTRACE[0m] [sprout::supervisor] [CPU0] SPROUT: Loop iteration: spawn_clock_if_ready
[40605844455] [[35mTRACE[0m] [sprout::supervisor] [CPU0] SPROUT: Loop iteration: tick complete
[40608103305] [[34mDEBUG[0m] [sprout::supervisor] [CPU0] SPROUT: ServiceLoop waiting for next event...
[40631496939] [[34mDEBUG[0m] [kernel::sched::spawn] [CPU1] USER_TRAMPOLINE: PC=0x200000 SP=0x800000 ARG0=0x0
[40647571998] [[34mDEBUG[0m] [bran::arch::x86_64] [CPU1] ENTER_USER: TID=10 entry_pc=200000 user_sp=800000
[40654760256] [[34mDEBUG[0m] [kernel::syscall::handlers::process] [CPU1] sys_auxv_get: tid=10 buf_len=0
[40657414875] [[34mDEBUG[0m] [kernel::syscall::handlers::process] [CPU1] sys_auxv_get: tid=10 buf_len=100
[40661950263] [[32mINFO [0m] [bloom] [CPU1] bloom: ENTERING MAIN
[40663044543] [[32mINFO [0m] [bloom] [CPU1] bloom: compositor service starting
[40667791626] [[34mDEBUG[0m] [bloom] [CPU1] bloom: connect try 0...
[40668988932] [[35mTRACE[0m] [kernel::syscall::handlers::vfs] [CPU1] VFS: sys_fs_open path='/dev/display/card0' tid=10
[40675814322] [[34mDEBUG[0m] [kernel::vfs::provider] [CPU1] VFS_RPC: request op=Lookup len=4 tid=10
[40695221589] [[35mTRACE[0m] [kernel::syscall::handlers::vfs] [CPU1] sys_fs_close: fd=3
[40703097336] [[32mINFO [0m] [cambium::catalog] [CPU1] DEVD CATALOG: registered driver '/drivers/hwrng' name='hwrng' class=Other kind='dev.rng.HwRng' start='_RNvCs7wlZbVUrQWf_5hwrng20thingos_driver_start'
[40708439079] [[35mTRACE[0m] [kernel::syscall::handlers::vfs] [CPU1] VFS: sys_fs_open path='/drivers/pci_stubd' tid=7
[40717954992] [[35mTRACE[0m] [display_virtio_gpu] [CPU3] display_virtio_gpu: VFS RPC op=Lookup
[40721839191] [[35mTRACE[0m] [display_virtio_gpu] [CPU3] DISP: vfs_lookup path=''
[40724654322] [[35mTRACE[0m] [display_virtio_gpu] [CPU3] display_virtio_gpu: VFS RPC response begin op=Lookup req_id=1
[40731961149] [[35mTRACE[0m] [display_virtio_gpu] [CPU3] display_virtio_gpu: VFS RPC response sent op=Lookup req_id=1
[40935864618] [[35mTRACE[0m] [sprout::supervisor] [CPU0] SPROUT: Supervisor tick...
[40945018521] [[35mTRACE[0m] [sprout::supervisor] [CPU0] SPROUT: Loop iteration: spawn_bristle_if_needed
[40949180976] [[35mTRACE[0m] [sprout::supervisor] [CPU0] SPROUT: Loop iteration: spawn_display_if_needed
[40951754679] [[35mTRACE[0m] [sprout::supervisor] [CPU0] SPROUT: Loop iteration: spawn_bloom_if_ready
[40966217655] [[35mTRACE[0m] [sprout::supervisor] [CPU0] SPROUT: Loop iteration: spawn_wayland_hello_if_ready
[40970611803] [[35mTRACE[0m] [sprout::supervisor] [CPU0] SPROUT: Loop iteration: spawn_clock_if_ready
[40973164023] [[35mTRACE[0m] [sprout::supervisor] [CPU0] SPROUT: Loop iteration: tick complete
[40978901139] [[34mDEBUG[0m] [sprout::supervisor] [CPU0] SPROUT: ServiceLoop waiting for next event...
[41006541675] [[34mDEBUG[0m] [kernel::vfs::provider] [CPU1] VFS_RPC: response op=Lookup id=1 -> OK(8)
[41035383906] [[34mDEBUG[0m] [kernel::vfs::provider] [CPU1] VFS_RPC: request op=DeviceCall len=48 tid=10
[41040590745] [[35mTRACE[0m] [display_virtio_gpu] [CPU3] display_virtio_gpu: VFS RPC op=DeviceCall
[41045515698] [[35mTRACE[0m] [display_virtio_gpu] [CPU3] DISP: DISPLAY_OP_GET_INFO requested
[41054310165] [[35mTRACE[0m] [display_virtio_gpu] [CPU3] DISP: Returning dimensions 1280x800
[41054570139] [[35mTRACE[0m] [kernel::syscall::handlers::vfs] [CPU1] sys_fs_close: fd=3
[41056150608] [[35mTRACE[0m] [display_virtio_gpu] [CPU3] display_virtio_gpu: VFS RPC response begin op=DeviceCall req_id=2
[41057623794] [[32mINFO [0m] [cambium::catalog] [CPU1] DEVD CATALOG: registered driver '/drivers/pci_stubd' name='pci_stubd' class=Other kind='drv.PciStubd' start='thingos_driver_start_safe'
[41058911982] [[35mTRACE[0m] [kernel::syscall::handlers::vfs] [CPU1] VFS: sys_fs_open path='/drivers/ps2_kbd' tid=7
[41060022795] [[35mTRACE[0m] [display_virtio_gpu] [CPU3] display_virtio_gpu: VFS RPC response sent op=DeviceCall req_id=2
[41085331287] [[34mDEBUG[0m] [kernel::vfs::provider] [CPU1] VFS_RPC: response op=DeviceCall id=2 -> OK(48)
[41094611217] [[32mINFO [0m] [bloom] [CPU1] bloom: connected to /dev/display/card0 on try 0
[41302044498] [[35mTRACE[0m] [sprout::supervisor] [CPU0] SPROUT: Supervisor tick...
[41308336971] [[35mTRACE[0m] [sprout::supervisor] [CPU0] SPROUT: Loop iteration: spawn_bristle_if_needed
[41322334020] [[35mTRACE[0m] [sprout::supervisor] [CPU0] SPROUT: Loop iteration: spawn_display_if_needed
[41346618489] [[35mTRACE[0m] [sprout::supervisor] [CPU0] SPROUT: Loop iteration: spawn_bloom_if_ready
[41351143152] [[35mTRACE[0m] [sprout::supervisor] [CPU0] SPROUT: Loop iteration: spawn_wayland_hello_if_ready
[41353960263] [[35mTRACE[0m] [sprout::supervisor] [CPU0] SPROUT: Loop iteration: spawn_clock_if_ready
[41359305504] [[35mTRACE[0m] [kernel::syscall::handlers::vfs] [CPU1] sys_fs_close: fd=3
[41361962532] [[35mTRACE[0m] [sprout::supervisor] [CPU0] SPROUT: Loop iteration: tick complete
[41366745519] [[34mDEBUG[0m] [sprout::supervisor] [CPU0] SPROUT: ServiceLoop waiting for next event...
[41368392351] [[32mINFO [0m] [cambium::catalog] [CPU1] DEVD CATALOG: registered driver '/drivers/ps2_kbd' name='ps2_kbd' class=Input kind='drv.Ps2Keyboard' start='thingos_driver_start_safe'
[41369986152] [[35mTRACE[0m] [kernel::syscall::handlers::vfs] [CPU1] VFS: sys_fs_open path='/drivers/ps2_mouse' tid=7
[41594166801] [[32mINFO [0m] [bloom] [CPU1] bloom: output0 1280x800 @ 60000mHz
[41596015956] [[32mINFO [0m] [bloom] [CPU1] bloom: display driver does not support VBLANK
[41597283816] [[32mINFO [0m] [bloom] [CPU1] bloom: display driver supports linear dmabuf import
[41598643614] [[32mINFO [0m] [bloom] [CPU1] bloom: display driver supports GPU blit (hardware transfer/flush)
[41599763535] [[32mINFO [0m] [bloom] [CPU1] bloom: display driver supports direct scanout (zero-copy path to display)
[41600595069] [[32mINFO [0m] [bloom] [CPU1] bloom: display driver supports partial flush (damage regions)
[41601484980] [[32mINFO [0m] [bloom] [CPU1] bloom: display driver supports resource cache (pre-allocated buffer pool)
[41602885764] [[32mINFO [0m] [bloom] [CPU1] bloom: creating service port...
[41608203450] [[34mDEBUG[0m] [kernel::ipc] [CPU1] CREATE_PORT: capacity=65536
[41609064354] [[34mDEBUG[0m] [kernel::ipc] [CPU1] CREATE_PORT: appended id=PortId(6)
[41610279282] [[34mDEBUG[0m] [kernel::ipc::handles] [CPU1] ALLOC_HANDLE: handle=5 port_id=PortId(6) mode=Write
[41611564368] [[34mDEBUG[0m] [kernel::ipc::handles] [CPU1] ALLOC_HANDLE: handle=6 port_id=PortId(6) mode=Read
[41617076292] [[35mTRACE[0m] [kernel::syscall::handlers::vfs] [CPU1] VFS: sys_fs_open path='/services/bloom' tid=10
[41626586430] [[35mTRACE[0m] [kernel::syscall::handlers::vfs] [CPU1] sys_fs_close: fd=7
[41645484441] [[35mTRACE[0m] [kernel::syscall::handlers::vfs] [CPU1] VFS: sys_fs_open path='/session/wayland/components' tid=10
[41653005570] [[35mTRACE[0m] [kernel::syscall::handlers::vfs] [CPU1] sys_fs_close: fd=7
[41654938479] [[35mTRACE[0m] [kernel::syscall::handlers::vfs] [CPU1] VFS: sys_fs_open path='/session/wayland/status' tid=10
[41660631507] [[35mTRACE[0m] [kernel::syscall::handlers::vfs] [CPU1] sys_fs_close: fd=7
[41663146239] [[35mTRACE[0m] [kernel::syscall::handlers::vfs] [CPU1] VFS: sys_fs_open path='/lib/libpistil.so' tid=10
[41697325626] [[35mTRACE[0m] [sprout::supervisor] [CPU0] SPROUT: Supervisor tick...
[41703568467] [[35mTRACE[0m] [sprout::supervisor] [CPU0] SPROUT: Loop iteration: spawn_bristle_if_needed
[41706445638] [[35mTRACE[0m] [sprout::supervisor] [CPU0] SPROUT: Loop iteration: spawn_display_if_needed
[41708782731] [[35mTRACE[0m] [sprout::supervisor] [CPU0] SPROUT: Loop iteration: spawn_bloom_if_ready
[41718692763] [[35mTRACE[0m] [sprout::supervisor] [CPU0] SPROUT: Loop iteration: spawn_wayland_hello_if_ready
[41723235906] [[35mTRACE[0m] [sprout::supervisor] [CPU0] SPROUT: Loop iteration: spawn_clock_if_ready
[41732140494] [[35mTRACE[0m] [sprout::supervisor] [CPU0] SPROUT: Loop iteration: tick complete
[41735914209] [[34mDEBUG[0m] [sprout::supervisor] [CPU0] SPROUT: ServiceLoop waiting for next event...
[41789043912] [[35mTRACE[0m] [kernel::syscall::handlers::vfs] [CPU1] sys_fs_close: fd=3
[41796730899] [[32mINFO [0m] [cambium::catalog] [CPU1] DEVD CATALOG: registered driver '/drivers/ps2_mouse' name='ps2_mouse' class=Input kind='drv.Ps2Mouse' start='thingos_driver_start_safe'
[41798471583] [[35mTRACE[0m] [kernel::syscall::handlers::vfs] [CPU1] VFS: sys_fs_open path='/drivers/rtc_cmos' tid=7
[42061101918] [[35mTRACE[0m] [sprout::supervisor] [CPU0] SPROUT: Supervisor tick...
[42066985686] [[35mTRACE[0m] [sprout::supervisor] [CPU0] SPROUT: Loop iteration: spawn_bristle_if_needed
[42069524409] [[35mTRACE[0m] [sprout::supervisor] [CPU0] SPROUT: Loop iteration: spawn_display_if_needed
[42071928756] [[35mTRACE[0m] [sprout::supervisor] [CPU0] SPROUT: Loop iteration: spawn_bloom_if_ready
[42074513382] [[35mTRACE[0m] [sprout::supervisor] [CPU0] SPROUT: Loop iteration: spawn_wayland_hello_if_ready
[42081332271] [[35mTRACE[0m] [sprout::supervisor] [CPU0] SPROUT: Loop iteration: spawn_clock_if_ready
[42091771557] [[35mTRACE[0m] [sprout::supervisor] [CPU0] SPROUT: Loop iteration: tick complete
[42096446700] [[34mDEBUG[0m] [sprout::supervisor] [CPU0] SPROUT: ServiceLoop waiting for next event...
[42241433751] [[35mTRACE[0m] [kernel::syscall::handlers::vfs] [CPU1] sys_fs_close: fd=7
[42322605897] [[32mINFO [0m] [bloom::render] [CPU1] bloom: pistil background renderer loaded from /lib/libpistil.so
[42324770829] [[32mINFO [0m] [bloom::render] [CPU1] bloom: pistil font text renderer loaded with default /share/fonts/Inter-Regular.ttf
[42326240121] [[32mINFO [0m] [bloom::render] [CPU1] bloom: pistil symbol renderer loaded with /share/fonts/NotoSansSymbol2-Regular.ttf
[42328372779] [[35mTRACE[0m] [kernel::syscall::handlers::vfs] [CPU1] VFS: sys_fs_open path='/session/desktop/theme' tid=10
[42333429897] [[35mTRACE[0m] [kernel::syscall::handlers::vfs] [CPU1] VFS: sys_fs_open path='/session/desktop/theme' tid=10
[42339774477] [[35mTRACE[0m] [kernel::syscall::handlers::vfs] [CPU1] sys_fs_close: fd=7
[42342677685] [[32mINFO [0m] [bloom] [CPU1] bloom: initial theme configured Facet Frame
[42422886132] [[35mTRACE[0m] [sprout::supervisor] [CPU0] SPROUT: Supervisor tick...
[42426527418] [[35mTRACE[0m] [sprout::supervisor] [CPU0] SPROUT: Loop iteration: spawn_bristle_if_needed
[42428728188] [[35mTRACE[0m] [sprout::supervisor] [CPU0] SPROUT: Loop iteration: spawn_display_if_needed
[42430841904] [[35mTRACE[0m] [sprout::supervisor] [CPU0] SPROUT: Loop iteration: spawn_bloom_if_ready
[42433004856] [[35mTRACE[0m] [sprout::supervisor] [CPU0] SPROUT: Loop iteration: spawn_wayland_hello_if_ready
[42435589119] [[35mTRACE[0m] [sprout::supervisor] [CPU0] SPROUT: Loop iteration: spawn_clock_if_ready
[42438525855] [[35mTRACE[0m] [sprout::supervisor] [CPU0] SPROUT: Loop iteration: tick complete
[42442574625] [[34mDEBUG[0m] [sprout::supervisor] [CPU0] SPROUT: ServiceLoop waiting for next event...
[42591451056] [[35mTRACE[0m] [kernel::syscall::handlers::vfs] [CPU1] sys_fs_close: fd=3
[42595286481] [[32mINFO [0m] [cambium::catalog] [CPU1] DEVD CATALOG: registered driver '/drivers/rtc_cmos' name='rtc_cmos' class=Other kind='dev.rtc.Cmos' start='thingos_driver_start_safe'
[42596902359] [[35mTRACE[0m] [kernel::syscall::handlers::vfs] [CPU1] VFS: sys_fs_open path='/drivers/rtl8168d' tid=7
[42753603618] [[35mTRACE[0m] [sprout::supervisor] [CPU0] SPROUT: Supervisor tick...
[42756008427] [[35mTRACE[0m] [sprout::supervisor] [CPU0] SPROUT: Loop iteration: spawn_bristle_if_needed
[42758162931] [[35mTRACE[0m] [sprout::supervisor] [CPU0] SPROUT: Loop iteration: spawn_display_if_needed
[42760266714] [[35mTRACE[0m] [sprout::supervisor] [CPU0] SPROUT: Loop iteration: spawn_bloom_if_ready
[42762430986] [[35mTRACE[0m] [sprout::supervisor] [CPU0] SPROUT: Loop iteration: spawn_wayland_hello_if_ready
[42766866714] [[34mDEBUG[0m] [kernel::task::loader] [CPU0] LOADER: Loading module '/bin/wayland_hello' (len=86480, base=0x200000)
[42768332277] [[35mTRACE[0m] [kernel::task::loader] [CPU0]   Header: [7f, 45, 4c, 46, 02, 01, 01, 00, 00, 00, 00, 00, 00, 00, 00, 00]
[42770903538] [[34mDEBUG[0m] [kernel::task::loader] [CPU0] LOADER: ELF info: entry=200000, min_vaddr=200000, bias=0, entry_pc=200000
[42771650691] [[35mTRACE[0m] [kernel::task::loader] [CPU0] Segment: vaddr=200000 exec=true
[42777366159] [[35mTRACE[0m] [kernel::task::loader] [CPU0]   COPIED at 0x201420: [48, 83, c4, 58, c3, cc, cc, cc]
[42784060671] [[35mTRACE[0m] [kernel::task::loader] [CPU0] Segment: vaddr=20d000 exec=false
[42785547750] [[35mTRACE[0m] [kernel::task::loader] [CPU0] Segment: vaddr=20f000 exec=false
[42787631337] [[34mDEBUG[0m] [kernel::task::loader] [CPU0] LOADER: TLS block: tp=0x211000 filesz=0 memsz=0 align=1
[42787658331] [[34mDEBUG[0m] [kernel::syscall::handlers::memory] [CPU1] sys_vm_map: large backing file mapping offset=0 len=4096000 total_size=4096000
[42794161113] [[34mDEBUG[0m] [bran::arch::x86_64::task] [CPU0] INIT KERNEL CTX: entry=0xffffffff800532f0 kstack_top=0xffffffffb0159860 arg=0xffffffffb00ad360
[42818629920] [[34mDEBUG[0m] [kernel::sched] [CPU0] REGISTRY: Applying 1 deferred inserts
[42819776703] [[34mDEBUG[0m] [kernel::sched] [CPU0] REGISTRY: Inserting TID=11
[42821516826] [[34mDEBUG[0m] [kernel::sched] [CPU0] REGISTRY: Inserts applied
[42836559480] [[34mDEBUG[0m] [kernel::sched::spawn] [CPU0] SCHED: TID 11 �� task '/bin/wayland_hello' (pid=11 from boot module)
[42841398501] [[34mDEBUG[0m] [kernel::sched::spawn] [CPU2] USER_TRAMPOLINE: PC=0x200000 SP=0x800000 ARG0=0x0
[42842230629] [[34mDEBUG[0m] [bran::arch::x86_64] [CPU2] ENTER_USER: TID=11 entry_pc=200000 user_sp=800000
[42843913134] [[34mDEBUG[0m] [kernel::syscall::handlers::process] [CPU2] sys_auxv_get: tid=11 buf_len=0
[42845322201] [[34mDEBUG[0m] [kernel::syscall::handlers::process] [CPU2] sys_auxv_get: tid=11 buf_len=100
[42854544414] [[35mTRACE[0m] [kernel::syscall::handlers::vfs] [CPU2] sys_fs_close: fd=6
[42855186363] [[32mINFO [0m] [sprout::supervisor] [CPU0] SPROUT: Spawned wayland_hello (PID=11)
[42861095310] [[35mTRACE[0m] [sprout::supervisor] [CPU0] SPROUT: Loop iteration: spawn_clock_if_ready
[42865156983] [[34mDEBUG[0m] [kernel::task::loader] [CPU0] LOADER: Loading module '/bin/clock' (len=83048, base=0x200000)
[42866362605] [[35mTRACE[0m] [kernel::task::loader] [CPU0]   Header: [7f, 45, 4c, 46, 02, 01, 01, 00, 00, 00, 00, 00, 00, 00, 00, 00]
[42869648613] [[34mDEBUG[0m] [kernel::task::loader] [CPU0] LOADER: ELF info: entry=200000, min_vaddr=200000, bias=0, entry_pc=200000
[42870765267] [[35mTRACE[0m] [kernel::task::loader] [CPU0] Segment: vaddr=200000 exec=true
[42879192048] [[35mTRACE[0m] [kernel::task::loader] [CPU0]   COPIED at 0x201420: [48, 83, c4, 58, c3, cc, cc, cc]
[42887154882] [[35mTRACE[0m] [kernel::task::loader] [CPU0] Segment: vaddr=20c000 exec=false
[42888796005] [[35mTRACE[0m] [kernel::task::loader] [CPU0] Segment: vaddr=20e000 exec=false
[42891020040] [[34mDEBUG[0m] [kernel::task::loader] [CPU0] LOADER: TLS block: tp=0x210000 filesz=0 memsz=0 align=1
[42896437848] [[34mDEBUG[0m] [bran::arch::x86_64::task] [CPU0] INIT KERNEL CTX: entry=0xffffffff800532f0 kstack_top=0xffffffffb0171c60 arg=0xffffffffb00ad360
[42897608061] [[34mDEBUG[0m] [kernel::vfs::provider] [CPU1] VFS_RPC: request op=DeviceCall len=88 tid=10
[42898533249] [[34mDEBUG[0m] [kernel::sched] [CPU0] REGISTRY: Applying 1 deferred inserts
[42899436327] [[34mDEBUG[0m] [kernel::sched] [CPU0] REGISTRY: Inserting TID=12
[42900137016] [[34mDEBUG[0m] [kernel::sched] [CPU0] REGISTRY: Inserts applied
[42905146317] [[35mTRACE[0m] [kernel::syscall::handlers::vfs] [CPU1] sys_fs_close: fd=3
[42908864262] [[32mINFO [0m] [cambium::catalog] [CPU1] DEVD CATALOG: registered driver '/drivers/rtl8168d' name='rtl8168d' class=Net kind='dev.net.Nic' start='thingos_driver_start_safe'
[42910148061] [[35mTRACE[0m] [kernel::syscall::handlers::vfs] [CPU1] VFS: sys_fs_open path='/drivers/virtio_netd' tid=7
[42920268204] [[34mDEBUG[0m] [kernel::sched::spawn] [CPU0] SCHED: TID 12 ��� task '/bin/clock' (pid=12 from boot module)
[42924438975] [[34mDEBUG[0m] [kernel::sched::spawn] [CPU3] USER_TRAMPOLINE: PC=0x200000 SP=0x800000 ARG0=0x0
[42924589752] [[32mINFO [0m] [sprout::supervisor] [CPU0] SPROUT: Spawned clock (PID=12)
[42925645356] [[34mDEBUG[0m] [bran::arch::x86_64] [CPU3] ENTER_USER: TID=12 entry_pc=200000 user_sp=800000
[42927823752] [[34mDEBUG[0m] [kernel::syscall::handlers::process] [CPU3] sys_auxv_get: tid=12 buf_len=0
[42929463456] [[34mDEBUG[0m] [kernel::syscall::handlers::process] [CPU3] sys_auxv_get: tid=12 buf_len=100
[42932813319] [[35mTRACE[0m] [sprout::supervisor] [CPU0] SPROUT: Loop iteration: tick complete
[42935292378] [[34mDEBUG[0m] [sprout::supervisor] [CPU0] SPROUT: ServiceLoop waiting for next event...
[42946511586] [[35mTRACE[0m] [display_virtio_gpu] [CPU3] display_virtio_gpu: VFS RPC op=DeviceCall
[42947743311] [[35mTRACE[0m] [display_virtio_gpu] [CPU3] DISP: DISPLAY_OP_IMPORT_BUFFER requested: memfd=10, size=1280x800
[42948926955] [[34mDEBUG[0m] [kernel::syscall::handlers::memory] [CPU3] sys_vm_map: large backing file mapping offset=0 len=4096000 total_size=4096000
[42992667069] [[34mDEBUG[0m] [display_virtio_gpu] [CPU3] DISP: imported buffer as ID=1
[42995166357] [[35mTRACE[0m] [display_virtio_gpu] [CPU3] display_virtio_gpu: VFS RPC response begin op=DeviceCall req_id=3
[42999559911] [[35mTRACE[0m] [display_virtio_gpu] [CPU3] display_virtio_gpu: VFS RPC response sent op=DeviceCall req_id=3
[43018962723] [[32mINFO [0m] [clock] [CPU3] clock: running at low scheduler priority tid=12
[43021502634] [[35mTRACE[0m] [kernel::syscall::handlers::vfs] [CPU3] sys_fs_close: fd=6
[43022573649] [[34mDEBUG[0m] [kernel::vfs::provider] [CPU1] VFS_RPC: response op=DeviceCall id=3 -> OK(12)
[43025577243] [[34mDEBUG[0m] [bloom::display] [CPU1] bloom: imported buffer 1280x800 as ID=1
[43027435209] [[35mTRACE[0m] [kernel::syscall::handlers::vfs] [CPU1] VFS: sys_fs_open path='/session/desktop/wallpaper' tid=10
[43030970763] [[35mTRACE[0m] [kernel::syscall::handlers::vfs] [CPU1] VFS: sys_fs_open path='/session/desktop/wallpaper' tid=10
[43035293565] [[35mTRACE[0m] [kernel::syscall::handlers::vfs] [CPU1] sys_fs_close: fd=8
[43037654682] [[32mINFO [0m] [bloom] [CPU1] bloom: initial wallpaper configured /share/wallpapers/flower.png
[43050262266] [[35mTRACE[0m] [kernel::syscall::handlers::vfs] [CPU1] VFS: sys_fs_open path='/share/cursors/future/default.svg' tid=10
[43064575389] [[35mTRACE[0m] [kernel::syscall::handlers::vfs] [CPU1] sys_fs_close: fd=9
[43077643653] [[35mTRACE[0m] [kernel::syscall::handlers::vfs] [CPU2] sys_fs_close: fd=6
[43192833321] [[35mTRACE[0m] [kernel::syscall::handlers::vfs] [CPU3] sys_fs_close: fd=6
[43200108072] [[34mDEBUG[0m] [kernel::vfs::provider] [CPU1] VFS_RPC: request op=DeviceCall len=88 tid=10
[43222066965] [[35mTRACE[0m] [display_virtio_gpu] [CPU3] display_virtio_gpu: VFS RPC op=DeviceCall
[43223886090] [[35mTRACE[0m] [display_virtio_gpu] [CPU3] DISP: DISPLAY_OP_IMPORT_BUFFER requested: memfd=11, size=48x48
[43226390790] [[34mDEBUG[0m] [display_virtio_gpu] [CPU3] DISP: imported buffer as ID=2
[43229177541] [[35mTRACE[0m] [display_virtio_gpu] [CPU3] display_virtio_gpu: VFS RPC response begin op=DeviceCall req_id=4
[43238198619] [[35mTRACE[0m] [display_virtio_gpu] [CPU3] display_virtio_gpu: VFS RPC response sent op=DeviceCall req_id=4
[43248544350] [[35mTRACE[0m] [kernel::syscall::handlers::vfs] [CPU2] sys_fs_close: fd=6
[43248526596] [[35mTRACE[0m] [sprout::supervisor] [CPU0] SPROUT: Supervisor tick...
[43252269060] [[35mTRACE[0m] [sprout::supervisor] [CPU0] SPROUT: Loop iteration: spawn_bristle_if_needed
[43254337203] [[35mTRACE[0m] [sprout::supervisor] [CPU0] SPROUT: Loop iteration: spawn_display_if_needed
[43256407062] [[35mTRACE[0m] [sprout::supervisor] [CPU0] SPROUT: Loop iteration: spawn_bloom_if_ready
[43258465635] [[35mTRACE[0m] [sprout::supervisor] [CPU0] SPROUT: Loop iteration: spawn_wayland_hello_if_ready
[43261063725] [[35mTRACE[0m] [sprout::supervisor] [CPU0] SPROUT: Loop iteration: spawn_clock_if_ready
[43263465696] [[35mTRACE[0m] [sprout::supervisor] [CPU0] SPROUT: Loop iteration: tick complete
[43265847240] [[34mDEBUG[0m] [sprout::supervisor] [CPU0] SPROUT: ServiceLoop waiting for next event...
[43300001910] [[34mDEBUG[0m] [kernel::vfs::provider] [CPU1] VFS_RPC: response op=DeviceCall id=4 -> OK(12)
[43302837369] [[34mDEBUG[0m] [bloom::display] [CPU1] bloom: imported buffer 48x48 as ID=2
[43304483871] [[32mINFO [0m] [bloom::render] [CPU1] bloom: cursor ready buffer=2 size=48x48 hotspot=11,6
[43309378299] [[34mDEBUG[0m] [kernel::ipc] [CPU1] CREATE_PORT: capacity=65536
[43309973157] [[34mDEBUG[0m] [kernel::ipc] [CPU1] CREATE_PORT: appended id=PortId(7)
[43310881482] [[34mDEBUG[0m] [kernel::ipc::handles] [CPU1] ALLOC_HANDLE: handle=7 port_id=PortId(7) mode=Write
[43311639921] [[34mDEBUG[0m] [kernel::ipc::handles] [CPU1] ALLOC_HANDLE: handle=8 port_id=PortId(7) mode=Read
[43321820058] [[32mINFO [0m] [bloom] [CPU1] bloom: watching wallpaper config /session/desktop/wallpaper
[43325327892] [[32mINFO [0m] [bloom] [CPU1] bloom: watching theme config /session/desktop/theme
[43328015115] [[34mDEBUG[0m] [kernel::handle::bridge] [CPU1] BRIDGE: handle=6 -> fd=11 node=0xffffffffb017aef0 port=0xffffffffb01247d0
[43330613205] [[34mDEBUG[0m] [kernel::handle::bridge] [CPU1] BRIDGE: handle=8 -> fd=12 node=0xffffffffb017c730 port=0xffffffffb017b410
[43333076490] [[35mTRACE[0m] [kernel::syscall::handlers::vfs] [CPU1] VFS: sys_fs_open path='/session/desktop/wallpaper' tid=10
[43336376556] [[35mTRACE[0m] [kernel::syscall::handlers::vfs] [CPU1] sys_fs_close: fd=13
[43338437373] [[35mTRACE[0m] [kernel::syscall::handlers::vfs] [CPU1] VFS: sys_fs_open path='/session/desktop/theme' tid=10
[43341479808] [[35mTRACE[0m] [kernel::syscall::handlers::vfs] [CPU1] sys_fs_close: fd=13
[43346855805] [[34mDEBUG[0m] [kernel::ipc] [CPU1] CREATE_PORT: capacity=65536
[43348158216] [[34mDEBUG[0m] [kernel::ipc] [CPU1] CREATE_PORT: appended id=PortId(8)
[43349413866] [[34mDEBUG[0m] [kernel::ipc::handles] [CPU1] ALLOC_HANDLE: handle=9 port_id=PortId(8) mode=Write
[43350726045] [[34mDEBUG[0m] [kernel::ipc::handles] [CPU1] ALLOC_HANDLE: handle=10 port_id=PortId(8) mode=Read
[43354286613] [[35mTRACE[0m] [kernel::syscall::handlers::vfs] [CPU1] sys_fs_close: fd=3
[43355996046] [[35mTRACE[0m] [kernel::syscall::handlers::vfs] [CPU3] sys_fs_close: fd=6
[43357209126] [[32mINFO [0m] [cambium::catalog] [CPU1] DEVD CATALOG: registered driver '/drivers/virtio_netd' name='virtio_netd' class=Net kind='dev.net.Nic' start='thingos_driver_start_safe'
[43358236119] [[35mTRACE[0m] [kernel::syscall::handlers::vfs] [CPU1] VFS: sys_fs_open path='/drivers/virtio_sound' tid=7
[43414519632] [[35mTRACE[0m] [kernel::syscall::handlers::vfs] [CPU2] sys_fs_close: fd=6
[43521796659] [[35mTRACE[0m] [kernel::syscall::handlers::vfs] [CPU3] sys_fs_close: fd=6
[43533150870] [[35mTRACE[0m] [kernel::syscall::handlers::vfs] [CPU1] sys_fs_close: fd=3
[43536233202] [[32mINFO [0m] [cambium::catalog] [CPU1] DEVD CATALOG: registered driver '/drivers/virtio_sound' name='virtio_sound' class=Audio kind='dev.sound.Virtio' start='thingos_driver_start_safe'
[43537821888] [[35mTRACE[0m] [kernel::syscall::handlers::vfs] [CPU1] VFS: sys_fs_open path='/drivers/xhci' tid=7
[43581228108] [[35mTRACE[0m] [sprout::supervisor] [CPU0] SPROUT: Supervisor tick...
[43581049017] [[35mTRACE[0m] [kernel::syscall::handlers::vfs] [CPU2] sys_fs_close: fd=6
[43584438843] [[35mTRACE[0m] [sprout::supervisor] [CPU0] SPROUT: Loop iteration: spawn_bristle_if_needed
[43586850879] [[35mTRACE[0m] [sprout::supervisor] [CPU0] SPROUT: Loop iteration: spawn_display_if_needed
[43589264136] [[35mTRACE[0m] [sprout::supervisor] [CPU0] SPROUT: Loop iteration: spawn_bloom_if_ready
[43591887669] [[35mTRACE[0m] [sprout::supervisor] [CPU0] SPROUT: Loop iteration: spawn_wayland_hello_if_ready
[43594406889] [[35mTRACE[0m] [sprout::supervisor] [CPU0] SPROUT: Loop iteration: spawn_clock_if_ready
[43596610959] [[35mTRACE[0m] [sprout::supervisor] [CPU0] SPROUT: Loop iteration: tick complete
[43598804238] [[34mDEBUG[0m] [sprout::supervisor] [CPU0] SPROUT: ServiceLoop waiting for next event...
[43687623606] [[35mTRACE[0m] [kernel::syscall::handlers::vfs] [CPU3] sys_fs_close: fd=6
[43731951813] [[34mDEBUG[0m] [kernel::ipc] [CPU1] CREATE_PORT: capacity=65536
[43732887495] [[34mDEBUG[0m] [kernel::ipc] [CPU1] CREATE_PORT: appended id=PortId(9)
[43734169941] [[34mDEBUG[0m] [kernel::ipc::handles] [CPU1] ALLOC_HANDLE: handle=11 port_id=PortId(9) mode=Write
[43735098792] [[34mDEBUG[0m] [kernel::ipc::handles] [CPU1] ALLOC_HANDLE: handle=12 port_id=PortId(9) mode=Read
[43736231286] [[34mDEBUG[0m] [kernel::handle::bridge] [CPU1] BRIDGE: handle=10 -> fd=13 node=0xffffffffb0129810 port=0xffffffffb017d3f0
[43737106281] [[34mDEBUG[0m] [kernel::handle::bridge] [CPU1] BRIDGE: handle=12 -> fd=14 node=0xffffffffb017e6b0 port=0xffffffffb017e4b0
[43745463399] [[35mTRACE[0m] [kernel::syscall::handlers::vfs] [CPU2] sys_fs_close: fd=6
[43757980134] [[34mDEBUG[0m] [kernel::sched::spawn] [CPU1] SCHED: Task 13 (user thread) assigned to CPU 1
[43762828494] [[34mDEBUG[0m] [kernel::sched] [CPU1] REGISTRY: Applying 1 deferred inserts
[43763478330] [[34mDEBUG[0m] [kernel::sched] [CPU1] REGISTRY: Inserting TID=13
[43764005901] [[34mDEBUG[0m] [kernel::sched] [CPU1] REGISTRY: Inserts applied
[43766292570] [[32mINFO [0m] [bloom] [CPU1] bloom: Wayland server thread spawned
[43768095624] [[32mINFO [0m] [bloom::loop_types] [CPU1] bloom: service loop started
[43768898745] [[32mINFO [0m] [bloom::loop_types] [CPU1] bloom: output0 1280x800 @ 60000mHz ready
[43778252001] [[34mDEBUG[0m] [kernel::vfs::provider] [CPU1] VFS_RPC: request op=DeviceCall len=200 tid=10
[43786279185] [[35mTRACE[0m] [display_virtio_gpu] [CPU3] display_virtio_gpu: VFS RPC op=DeviceCall
[43788806193] [[32mINFO [0m] [bloom::wayland] [CPU1] wayland-server: starting
[43789281591] [[35mTRACE[0m] [display_virtio_gpu] [CPU3] DISP: DISPLAY_OP_COMMIT requested: planes=2
[43790045541] [[35mTRACE[0m] [kernel::syscall::handlers::vfs] [CPU1] VFS: sys_fs_open path='/proc/self/inbox' tid=13
[43805124759] [[32mINFO [0m] [bloom::wayland] [CPU1] wayland-server: listening on /run/wayland-0
[43806608670] [[32mINFO [0m] [bloom::wayland] [CPU1] wayland-server: advertising globals wl_compositor wl_shm xdg_wm_base wl_seat wl_output wl_subcompositor wl_data_device_manager zwp_linux_dmabuf_v1
[43815558897] [[35mTRACE[0m] [kernel::syscall::handlers::vfs] [CPU1] sys_fs_close: fd=3
[43818029772] [[32mINFO [0m] [cambium::catalog] [CPU1] DEVD CATALOG: registered driver '/drivers/xhci' name='xhci' class=Block kind='dev.usb.Xhci' start='thingos_driver_start_safe'
[43819633440] [[32mINFO [0m] [cambium::catalog] [CPU1] DEVD CATALOG: 15 driver(s) found
[43820346504] [[35mTRACE[0m] [kernel::syscall::handlers::vfs] [CPU1] VFS: sys_fs_open path='/sys/device_snapshot' tid=7
[43821577899] [[34mDEBUG[0m] [kernel::vfs::sysfs] [CPU1] sysfs: lookup path='device_snapshot'
[43827283929] [[35mTRACE[0m] [kernel::syscall::handlers::vfs] [CPU1] sys_fs_close: fd=3
[43835545182] [[34mDEBUG[0m] [cambium] [CPU1] CAMBIUM: discovered device slot=pci-0000:00:00.0 kind=pci_device vendor=0x8086 device=0x29c0 class=0x060000 present=true
[43839228213] [[34mDEBUG[0m] [cambium] [CPU1] CAMBIUM: discovered device slot=pci-0000:00:01.0 kind=pci_device vendor=0x1af4 device=0x1041 class=0x020000 present=true
[43844601735] [[34mDEBUG[0m] [cambium] [CPU1] CAMBIUM: isolation mode skipping driver '/drivers/virtio_netd' class=Net for pci-0000:00:01.0
[43846213059] [[34mDEBUG[0m] [cambium] [CPU1] CAMBIUM: discovered device slot=pci-0000:00:02.0 kind=pci_device vendor=0x1af4 device=0x1050 class=0x030000 present=true
[43847328789] [[34mDEBUG[0m] [cambium] [CPU1] CAMBIUM: discovered device slot=pci-0000:00:03.0 kind=pci_device vendor=0x1af4 device=0x1059 class=0x040100 present=true
[43849138245] [[34mDEBUG[0m] [cambium] [CPU1] CAMBIUM: isolation mode skipping driver '/drivers/virtio_sound' class=Audio for pci-0000:00:03.0
[43850493324] [[34mDEBUG[0m] [cambium] [CPU1] CAMBIUM: discovered device slot=pci-0000:00:1f.0 kind=pci_device vendor=0x8086 device=0x2918 class=0x060100 present=true
[43851680367] [[34mDEBUG[0m] [cambium] [CPU1] CAMBIUM: discovered device slot=pci-0000:00:1f.2 kind=pci_device vendor=0x8086 device=0x2922 class=0x010601 present=true
[43853744253] [[35mTRACE[0m] [kernel::syscall::handlers::vfs] [CPU1] VFS: sys_fs_open path='/sys/devices/pci-0000:00:1f.2/status' tid=7
[43855008120] [[34mDEBUG[0m] [kernel::vfs::sysfs] [CPU1] sysfs: lookup path='devices/pci-0000:00:1f.2/status'
[43856307099] [[34mDEBUG[0m] [kernel::vfs::sysfs] [CPU1] sysfs: matched device file 'pci-0000:00:1f.2/status'
[43859967327] [[35mTRACE[0m] [kernel::syscall::handlers::vfs] [CPU1] sys_fs_close: fd=3
[43879774917] [[34mDEBUG[0m] [kernel::sched::spawn] [CPU1] SPAWN: page cache miss for '/drivers/ahci_disk', caching 53784 bytes
[43881825702] [[34mDEBUG[0m] [kernel::task::loader] [CPU1] LOADER: Loading module 'ahci_disk' (len=53784, base=0x200000)
[43882696473] [[35mTRACE[0m] [kernel::task::loader] [CPU1]   Header: [7f, 45, 4c, 46, 02, 01, 01, 03, 00, 00, 00, 00, 00, 00, 00, 00]
[43886225460] [[34mDEBUG[0m] [kernel::task::loader] [CPU1] LOADER: ELF info: entry=200000, min_vaddr=200000, bias=0, entry_pc=200000
[43887364323] [[35mTRACE[0m] [kernel::task::loader] [CPU1] Segment: vaddr=200000 exec=true
[43890778206] [[35mTRACE[0m] [kernel::task::loader] [CPU1]   COPIED at 0x201420: [24, 0c, e8, 59, 0e, 00, 00, bf]
[43895307159] [[35mTRACE[0m] [kernel::task::loader] [CPU1] Segment: vaddr=207000 exec=false
[43896916173] [[35mTRACE[0m] [kernel::task::loader] [CPU1] Segment: vaddr=208000 exec=false
[43898978211] [[34mDEBUG[0m] [kernel::task::loader] [CPU1] LOADER: TLS block: tp=0x209000 filesz=0 memsz=0 align=1
[43909573686] [[34mDEBUG[0m] [kernel::sched::spawn] [CPU1] SPAWN: driver entrypoint override 'thingos_driver_start_safe' => VA 0x201000 + bias 0x0 = PC 0x201000
[43910626485] [[34mDEBUG[0m] [kernel::sched::spawn] [CPU1] SPAWN_FROM_PATH: Starting Phase 1 for /drivers/ahci_disk
[43911405087] [[34mDEBUG[0m] [bran::arch::x86_64::task] [CPU1] INIT KERNEL CTX: entry=0xffffffff800532f0 kstack_top=0xffffffffb01e8280 arg=0xffffffffb0108860
[43913858967] [[34mDEBUG[0m] [kernel::sched::spawn] [CPU1] SPAWN_FROM_PATH: Phase 1 complete, ID=14, applying inserts
[43914873288] [[34mDEBUG[0m] [kernel::sched] [CPU1] REGISTRY: Applying 1 deferred inserts
[43915866258] [[34mDEBUG[0m] [kernel::sched] [CPU1] REGISTRY: Inserting TID=14
[43917176094] [[34mDEBUG[0m] [kernel::sched] [CPU1] REGISTRY: Inserts applied
[43917984297] [[34mDEBUG[0m] [kernel::sched::spawn] [CPU1] SPAWN_FROM_PATH: Inserts applied, entering Phase 2
[43921593771] [[34mDEBUG[0m] [kernel::sched::spawn] [CPU1] SETUP_STDIO: stdin=Inherit stdout=Inherit stderr=Inherit
[43922469558] [[35mTRACE[0m] [sprout::supervisor] [CPU0] SPROUT: Supervisor tick...
[43924798401] [[32mINFO [0m] [wayland_hello] [CPU2] wayland_hello: connected to /run/wayland-0
[43926267132] [[35mTRACE[0m] [kernel::syscall::handlers::vfs] [CPU2] VFS: sys_fs_open path='/lib/libpistil.so' tid=11
[43928463810] [[35mTRACE[0m] [sprout::supervisor] [CPU0] SPROUT: Loop iteration: spawn_bristle_if_needed
[43932391338] [[34mDEBUG[0m] [kernel::sched::spawn] [CPU1] SPAWN_FROM_PATH: Phase 2 complete, waking task 14
[43933308804] [[35mTRACE[0m] [sprout::supervisor] [CPU0] SPROUT: Loop iteration: spawn_display_if_needed
[43934988009] [[34mDEBUG[0m] [kernel::sched::spawn] [CPU1] SPAWN_FROM_PATH: Task 14 woken, restoring IRQs
[43935911646] [[35mTRACE[0m] [sprout::supervisor] [CPU0] SPROUT: Loop iteration: spawn_bloom_if_ready
[43936706847] [[34mDEBUG[0m] [kernel::sched::spawn] [CPU1] SPAWN_FROM_PATH: Done for /drivers/ahci_disk
[43938519009] [[34mDEBUG[0m] [kernel::syscall::handlers::process] [CPU1] SYSCALL SPAWN_PROCESS_EX: name='/drivers/ahci_disk' TID=14 PID=14
[43943330343] [[35mTRACE[0m] [sprout::supervisor] [CPU0] SPROUT: Loop iteration: spawn_wayland_hello_if_ready
[43946682549] [[35mTRACE[0m] [sprout::supervisor] [CPU0] SPROUT: Loop iteration: spawn_clock_if_ready
[43949261565] [[35mTRACE[0m] [sprout::supervisor] [CPU0] SPROUT: Loop iteration: tick complete
[43954461936] [[34mDEBUG[0m] [sprout::supervisor] [CPU0] SPROUT: ServiceLoop waiting for next event...
[43964640390] [[34mDEBUG[0m] [bloom::wayland] [CPU1] wayland-server: new client fd=17
[43964847003] [[32mINFO [0m] [clock] [CPU3] clock: connected to /run/wayland-0
[43968009195] [[35mTRACE[0m] [kernel::syscall::handlers::vfs] [CPU3] VFS: sys_fs_open path='/lib/libpistil.so' tid=12
[43970544024] [[34mDEBUG[0m] [cambium::spawn] [CPU1] CAMBIUM: launched driver /drivers/ahci_disk for pci-0000:00:1f.2 (entry='thingos_driver_start_safe', pid=14)
[43976387400] [[34mDEBUG[0m] [cambium::spawn] [CPU1] CAMBIUM: sent DRIVER_READY to Sprout (pid=5) for driver pid=14
[43977943449] [[34mDEBUG[0m] [cambium] [CPU1] CAMBIUM: discovered device slot=pci-0000:00:1f.3 kind=pci_device vendor=0x8086 device=0x2930 class=0x0c0500 present=true
[43979794155] [[34mDEBUG[0m] [cambium] [CPU1] CAMBIUM: discovered device slot=isa-0070 kind=dev.rtc.Cmos vendor=0x0000 device=0x0000 class=0x000000 present=true
[43983030135] [[35mTRACE[0m] [kernel::syscall::handlers::vfs] [CPU1] VFS: sys_fs_open path='/sys/devices/isa-0070/status' tid=7
[43985435703] [[34mDEBUG[0m] [kernel::vfs::sysfs] [CPU1] sysfs: lookup path='devices/isa-0070/status'
[43987216614] [[34mDEBUG[0m] [kernel::vfs::sysfs] [CPU1] sysfs: matched device file 'isa-0070/status'
[43990136685] [[35mTRACE[0m] [kernel::syscall::handlers::vfs] [CPU1] sys_fs_close: fd=4
[43989903903] [[35mTRACE[0m] [kernel::syscall::handlers::socket] [CPU0] RECVMSG: thing=4 data_len=40 caps_len=0 node=Pointer { addr: 0xffffffffb00f74b0, metadata: DynMetadata(0xffffffff802c6ed0) }
[43997251122] [[34mDEBUG[0m] [sprout::supervisor] [CPU0] SPROUT: DRIVER_READY from PID 14 ��� no matching ManagedTask (already exited?)
[44000504592] [[34mDEBUG[0m] [sprout::supervisor] [CPU0] SPROUT: ServiceLoop waiting for next event...
[44001932139] [[34mDEBUG[0m] [kernel::sched::spawn] [CPU1] SPAWN: page cache miss for '/drivers/rtc_cmos', caching 45904 bytes
[44003252403] [[34mDEBUG[0m] [kernel::task::loader] [CPU1] LOADER: Loading module 'rtc_cmos' (len=45904, base=0x200000)
[44003818155] [[35mTRACE[0m] [kernel::task::loader] [CPU1]   Header: [7f, 45, 4c, 46, 02, 01, 01, 03, 00, 00, 00, 00, 00, 00, 00, 00]
[44005123833] [[34mDEBUG[0m] [kernel::task::loader] [CPU1] LOADER: ELF info: entry=200000, min_vaddr=200000, bias=0, entry_pc=200000
[44005814226] [[35mTRACE[0m] [kernel::task::loader] [CPU1] Segment: vaddr=200000 exec=true
[44008431885] [[35mTRACE[0m] [kernel::task::loader] [CPU1]   COPIED at 0x201420: [0f, 84, ea, 03, 00, 00, b8, 00]
[44011511412] [[35mTRACE[0m] [kernel::task::loader] [CPU1] Segment: vaddr=206000 exec=false
[44012637570] [[35mTRACE[0m] [kernel::task::loader] [CPU1] Segment: vaddr=207000 exec=false
[44014161048] [[34mDEBUG[0m] [kernel::task::loader] [CPU1] LOADER: TLS block: tp=0x208000 filesz=0 memsz=0 align=1
[44022064614] [[34mDEBUG[0m] [kernel::sched::spawn] [CPU1] SPAWN: driver entrypoint override 'thingos_driver_start_safe' => VA 0x201000 + bias 0x0 = PC 0x201000
[44027280330] [[34mDEBUG[0m] [kernel::sched::spawn] [CPU1] SPAWN_FROM_PATH: Starting Phase 1 for /drivers/rtc_cmos
[44029215186] [[34mDEBUG[0m] [bran::arch::x86_64::task] [CPU1] INIT KERNEL CTX: entry=0xffffffff800532f0 kstack_top=0xffffffffb024e6a0 arg=0xffffffffb018ac60
[44032048467] [[34mDEBUG[0m] [kernel::sched::spawn] [CPU1] SPAWN_FROM_PATH: Phase 1 complete, ID=15, applying inserts
[44033032626] [[34mDEBUG[0m] [kernel::sched] [CPU1] REGISTRY: Applying 1 deferred inserts
[44034273921] [[34mDEBUG[0m] [kernel::sched] [CPU1] REGISTRY: Inserting TID=15
[44035628802] [[34mDEBUG[0m] [kernel::sched] [CPU1] REGISTRY: Inserts applied
[44036206038] [[34mDEBUG[0m] [kernel::sched::spawn] [CPU1] SPAWN_FROM_PATH: Inserts applied, entering Phase 2
[44039888244] [[34mDEBUG[0m] [kernel::sched::spawn] [CPU1] SETUP_STDIO: stdin=Inherit stdout=Inherit stderr=Inherit
[44046246948] [[34mDEBUG[0m] [kernel::sched::spawn] [CPU2] USER_TRAMPOLINE: PC=0x201000 SP=0x800000 ARG0=0x3
[44047159200] [[34mDEBUG[0m] [bran::arch::x86_64] [CPU2] ENTER_USER: TID=14 entry_pc=201000 user_sp=800000
[44048387064] [[34mDEBUG[0m] [kernel::syscall::handlers::process] [CPU2] sys_auxv_get: tid=14 buf_len=0
[44048443593] [[34mDEBUG[0m] [kernel::sched::spawn] [CPU1] SPAWN_FROM_PATH: Phase 2 complete, waking task 15
[44049764913] [[34mDEBUG[0m] [kernel::syscall::handlers::process] [CPU2] sys_auxv_get: tid=14 buf_len=100
[44051237340] [[34mDEBUG[0m] [kernel::sched::spawn] [CPU1] SPAWN_FROM_PATH: Task 15 woken, restoring IRQs
[44051970369] [[34mDEBUG[0m] [kernel::sched::spawn] [CPU1] SPAWN_FROM_PATH: Done for /drivers/rtc_cmos
[44053642875] [[32mINFO [0m] [ahci_disk] [CPU2] AHCI: Starting AHCI VFS driver
[44053565094] [[34mDEBUG[0m] [kernel::syscall::handlers::process] [CPU1] SYSCALL SPAWN_PROCESS_EX: name='/drivers/rtc_cmos' TID=15 PID=15
[44069316621] [[34mDEBUG[0m] [kernel::sched::spawn] [CPU3] USER_TRAMPOLINE: PC=0x201000 SP=0x800000 ARG0=0x4
[44070514356] [[34mDEBUG[0m] [bran::arch::x86_64] [CPU3] ENTER_USER: TID=15 entry_pc=201000 user_sp=800000
[44073478647] [[34mDEBUG[0m] [kernel::syscall::handlers::process] [CPU3] sys_auxv_get: tid=15 buf_len=0
[44073403275] [[34mDEBUG[0m] [cambium::spawn] [CPU1] CAMBIUM: launched driver /drivers/rtc_cmos for isa-0070 (entry='thingos_driver_start_safe', pid=15)
[44075369712] [[34mDEBUG[0m] [kernel::syscall::handlers::process] [CPU3] sys_auxv_get: tid=15 buf_len=100
[44081132106] [[34mDEBUG[0m] [cambium::spawn] [CPU1] CAMBIUM: sent DRIVER_READY to Sprout (pid=5) for driver pid=15
[44081591928] [[34mDEBUG[0m] [rtc_cmos] [CPU3] whoami: cs=0x2b ss=0x23 cpl=3 rsp=0x7ffef0 rip=0x201c27 rflags=0x206
[44082784119] [[34mDEBUG[0m] [cambium] [CPU1] CAMBIUM: discovered device slot=isa-0060 kind=drv.Ps2Keyboard vendor=0x0000 device=0x0000 class=0x000000 present=true
[44083258362] [[34mDEBUG[0m] [rtc_cmos] [CPU3] Starting... arg=4
[44084408247] [[35mTRACE[0m] [kernel::syscall::handlers::vfs] [CPU1] VFS: sys_fs_open path='/sys/devices/isa-0060/status' tid=7
[44087114247] [[34mDEBUG[0m] [kernel::vfs::sysfs] [CPU1] sysfs: lookup path='devices/isa-0060/status'
[44089912581] [[34mDEBUG[0m] [kernel::vfs::sysfs] [CPU1] sysfs: matched device file 'isa-0060/status'
[44093712432] [[35mTRACE[0m] [kernel::syscall::handlers::vfs] [CPU1] sys_fs_close: fd=5
[44099172117] [[35mTRACE[0m] [kernel::syscall::handlers::socket] [CPU0] RECVMSG: thing=4 data_len=40 caps_len=0 node=Pointer { addr: 0xffffffffb00f74b0, metadata: DynMetadata(0xffffffff802c6ed0) }
[44105506566] [[34mDEBUG[0m] [sprout::supervisor] [CPU0] SPROUT: DRIVER_READY from PID 15 — no matching ManagedTask (already exited?)
[44108628597] [[34mDEBUG[0m] [sprout::supervisor] [CPU0] SPROUT: ServiceLoop waiting for next event...
[44109518871] [[34mDEBUG[0m] [kernel::syscall::handlers::device] [CPU2] DEVICE: task 14 claimed device 'pci-0000:00:1f.2' (handle 1)
[44110094589] [[34mDEBUG[0m] [kernel::sched::spawn] [CPU1] SPAWN: page cache miss for '/drivers/ps2_kbd', caching 72264 bytes
[44112225399] [[32mINFO [0m] [ahci_disk] [CPU2] AHCI: Claimed device /sys/devices/pci-0000:00:1f.2
[44112820323] [[34mDEBUG[0m] [kernel::task::loader] [CPU1] LOADER: Loading module 'ps2_kbd' (len=72264, base=0x200000)
[44113227675] [[34mDEBUG[0m] [kernel::syscall::handlers::device] [CPU2] DEVICE: mapping BAR5 (phys=0x80880000, size=0x1000) for task 14
[44114488110] [[34mDEBUG[0m] [kernel::syscall::handlers::device] [CPU2] DEVICE: Mapped BAR5 phys=0x80880000 size=0x1000 -> virt=0x1001e000
[44113642881] [[35mTRACE[0m] [kernel::task::loader] [CPU1]   Header: [7f, 45, 4c, 46, 02, 01, 01, 03, 00, 00, 00, 00, 00, 00, 00, 00]
[44116801080] [[34mDEBUG[0m] [kernel::task::loader] [CPU1] LOADER: ELF info: entry=200000, min_vaddr=200000, bias=0, entry_pc=200000
[44117894601] [[35mTRACE[0m] [kernel::task::loader] [CPU1] Segment: vaddr=200000 exec=true
[44118439431] [[34mDEBUG[0m] [kernel::syscall::handlers::device] [CPU2] DEVICE: DMA alloc 1 pages phys=0x3036000 -> user_va=0x1001f000
[44120500149] [[35mTRACE[0m] [kernel::task::loader] [CPU1]   COPIED at 0x201420: [83, ff, 06, 77, 46, 48, 8d, 15]
[44120677425] [[34mDEBUG[0m] [kernel::syscall::handlers::device] [CPU3] DEVICE: task 15 claimed device 'isa-0070' (handle 2)
[44122878426] [[32mINFO [0m] [rtc_cmos] [CPU3] RTC: claimed /sys/devices/isa-0070 (handle=2)
[44125986729] [[34mDEBUG[0m] [kernel::ipc] [CPU2] CREATE_PORT: capacity=65536
[44126462259] [[34mDEBUG[0m] [kernel::ipc] [CPU2] CREATE_PORT: appended id=PortId(10)
[44126395236] [[35mTRACE[0m] [kernel::task::loader] [CPU1] Segment: vaddr=209000 exec=false
[44127274290] [[34mDEBUG[0m] [kernel::ipc::handles] [CPU2] ALLOC_HANDLE: handle=1 port_id=PortId(10) mode=Write
[44128110906] [[34mDEBUG[0m] [kernel::ipc::handles] [CPU2] ALLOC_HANDLE: handle=2 port_id=PortId(10) mode=Read
[44129295342] [[35mTRACE[0m] [kernel::task::loader] [CPU1] Segment: vaddr=20c000 exec=false
[44131808688] [[34mDEBUG[0m] [kernel::task::loader] [CPU1] LOADER: TLS block: tp=0x20d000 filesz=0 memsz=0 align=1
[44139330048] [[34mDEBUG[0m] [kernel::ipc] [CPU2] CREATE_PORT: capacity=262400
[44140357668] [[34mDEBUG[0m] [kernel::ipc] [CPU2] CREATE_PORT: appended id=PortId(11)
[44141513559] [[34mDEBUG[0m] [kernel::ipc::handles] [CPU2] ALLOC_HANDLE: handle=3 port_id=PortId(11) mode=Write
[44146090527] [[34mDEBUG[0m] [kernel::sched::spawn] [CPU1] SPAWN: driver entrypoint override 'thingos_driver_start_safe' => VA 0x201000 + bias 0x0 = PC 0x201000
[44147359641] [[34mDEBUG[0m] [kernel::sched::spawn] [CPU1] SPAWN_FROM_PATH: Starting Phase 1 for /drivers/ps2_kbd
[44147523156] [[34mDEBUG[0m] [kernel::syscall::handlers::vfs] [CPU2] vfs: mounted userland provider at /dev/storage/atapi2 (flags: 0x0) port=0xffffffffb0279110
[44149562061] [[32mINFO [0m] [ahci_disk] [CPU2] AHCI: Mounted atapi2 at /dev/storage/atapi2
[44150721219] [[32mINFO [0m] [ahci_disk] [CPU2] AHCI: Provider loop online at /dev/storage/atapi2
[44150690628] [[34mDEBUG[0m] [bran::arch::x86_64::task] [CPU1] INIT KERNEL CTX: entry=0xffffffff800532f0 kstack_top=0xffffffffb029a220 arg=0xffffffffb023db40
[44153978154] [[34mDEBUG[0m] [kernel::sched::spawn] [CPU1] SPAWN_FROM_PATH: Phase 1 complete, ID=16, applying inserts
[44154951357] [[34mDEBUG[0m] [kernel::sched] [CPU1] REGISTRY: Applying 1 deferred inserts
[44155760583] [[34mDEBUG[0m] [kernel::sched] [CPU1] REGISTRY: Inserting TID=16
[44156777148] [[34mDEBUG[0m] [kernel::sched] [CPU1] REGISTRY: Inserts applied
[44157558951] [[34mDEBUG[0m] [kernel::sched::spawn] [CPU1] SPAWN_FROM_PATH: Inserts applied, entering Phase 2
[44161153344] [[34mDEBUG[0m] [kernel::sched::spawn] [CPU1] SETUP_STDIO: stdin=Inherit stdout=Inherit stderr=Inherit
[44167369422] [[32mINFO [0m] [rtc_cmos] [CPU3] RTC: 2026-05-01 18:49:40 = 1777661380 unix_secs
[44168981505] [[32mINFO [0m] [kernel::time] [CPU3] System clock anchored: unix_secs=1777661380, mono_ns=22084325587, offset=1777661357915674413ns
[44168956986] [[34mDEBUG[0m] [kernel::sched::spawn] [CPU1] SPAWN_FROM_PATH: Phase 2 complete, waking task 16
[44170371861] [[32mINFO [0m] [rtc_cmos] [CPU3] RTC: System clock anchored to 1777661380 unix_secs
[44171561181] [[34mDEBUG[0m] [rtc_cmos] [CPU3] RTC: Entering maintenance loop.
[44172571872] [[34mDEBUG[0m] [kernel::sched::spawn] [CPU1] SPAWN_FROM_PATH: Task 16 woken, restoring IRQs
[44173881114] [[34mDEBUG[0m] [kernel::sched::spawn] [CPU1] SPAWN_FROM_PATH: Done for /drivers/ps2_kbd
[44174620710] [[34mDEBUG[0m] [kernel::syscall::handlers::process] [CPU1] SYSCALL SPAWN_PROCESS_EX: name='/drivers/ps2_kbd' TID=16 PID=16
[44178291663] [[34mDEBUG[0m] [kernel::sched::spawn] [CPU1] USER_TRAMPOLINE: PC=0x201000 SP=0x800000 ARG0=0x5
[44179167054] [[34mDEBUG[0m] [bran::arch::x86_64] [CPU1] ENTER_USER: TID=16 entry_pc=201000 user_sp=800000
[44180396766] [[34mDEBUG[0m] [kernel::syscall::handlers::process] [CPU1] sys_auxv_get: tid=16 buf_len=0
[44181745542] [[34mDEBUG[0m] [kernel::syscall::handlers::process] [CPU1] sys_auxv_get: tid=16 buf_len=100
[44180914767] [[32mINFO [0m] [kernel::time] [CPU0] System clock tick: utc=2026-05-01 18:49:40.005123943 unix_secs=1777661380.005123943
[44184857178] [[34mDEBUG[0m] [ps2_kbd] [CPU1] ps2_kbd: online �� waiting for bristle pid
[44185758738] [[35mTRACE[0m] [kernel::syscall::handlers::vfs] [CPU1] VFS: sys_fs_open path='/run/bristle/pid' tid=16
[44188601952] [[35mTRACE[0m] [kernel::syscall::handlers::vfs] [CPU1] VFS: sys_fs_open path='/run/bristle/pid' tid=16
[44193659136] [[35mTRACE[0m] [kernel::syscall::handlers::vfs] [CPU1] sys_fs_close: fd=7
[44198066913] [[32mINFO [0m] [ps2_kbd] [CPU1] ps2_kbd: bristle pid=8
[44201396943] [[34mDEBUG[0m] [kernel::syscall::handlers::device] [CPU1] DEVICE: task subscribed to vector 0x21
[44202775254] [[34mDEBUG[0m] [ps2_kbd] [CPU1] ps2_kbd: subscribed to IRQ1 (vector 0x21)
[44204083572] [[34mDEBUG[0m] [ps2_kbd] [CPU1] ps2_kbd: using interrupt-driven loop (IRQ vector 0x21)
[44210699973] [[34mDEBUG[0m] [cambium::spawn] [CPU1] CAMBIUM: launched driver /drivers/ps2_kbd for isa-0060 (entry='thingos_driver_start_safe', pid=16)
[44213395809] [[34mDEBUG[0m] [cambium::spawn] [CPU1] CAMBIUM: sent DRIVER_READY to Sprout (pid=5) for driver pid=16


[!!!] KILLED DUE TO SILENCE AT 2026-05-01T11:49:57.133861
