    Finished `dev` profile [unoptimized + debuginfo] target(s) in 0.26s
     Running `target/debug/xtask run --env x86_64 --profile dev --loglevel 5 -i --qemu-flags '-m 2G -smp 4 -display none -qmp unix:/tmp/freeze-hunter-0003-z2qakmzi/qmp.sock,server=on,wait=off'`
==> Fetching Limine...
    Limine repo already exists, skipping clone.
    Limine artifacts and tool already present, skipping build.
    Limine ready.
==> Fetching OVMF...
    OVMF artifacts already present, skipping.
==> Fetching Fonts...
==> Fetching Icons...
    -> Tango
    Tango icon set already exists.
    -> Chicago95
       Chicago95 icon set already exists.
==> Fetching Cursors...
    Plain Cursors already exist.
==> Fetching Unifont...
    unifont.hex already exists.
==> Fetching Lucide Icons...
    Generated boot_progress_icons.rs
==> Fetching pci.ids...
    pci.ids already exists.
Limine already present, skipping clone.
Building bran kernel for x86_64 (dev profile)...
$ cargo build --target x86_64-unknown-none --profile dev -p bran
   Compiling kernel v0.1.0 (/home/dancxjo/src/thingos/thingos/kernel)
   Compiling bran v0.1.0 (/home/dancxjo/src/thingos/thingos/bran)
    Finished `dev` profile [unoptimized + debuginfo] target(s) in 1.35s
Kernel built: thingos/bran/bin-x86_64/kernel
rustc-thingos: cache hit, reusing target/rustc-thingos/rustc
Building ISO thing-os-x86_64-1777672967-410643079.iso...
$ cp -r assets iso_root_410643079/share
ISO: Using kernel from thingos/bran/bin-x86_64/kernel
$ file thingos/bran/bin-x86_64/kernel
thingos/bran/bin-x86_64/kernel: ELF 64-bit LSB executable, x86-64, version 1 (SYSV), statically linked, with debug_info, not stripped
Building 103 userspace programs (8 build vines)...
Building sprout ...
Building bristle ...
$ cargoBuilding rtc_cmos ...
 -Z build-std=core,alloc,std,panic_abort -Z build-std-features=compiler-builtins-mem -Z json-target-spec build --target /home/dancxjo/src/thingos/targets/x86_64-unknown-thingos.json --profile release -p sprout --features diagnostic-apps
$ cargo -Z build-std=core,alloc,std,panic_abort -ZBuilding hwrng ...
 build-std-features=compiler-builtins-mem -Z json-target-spec build --target /home/dancxjo/src/thingos/targets/x86_64-unknown-thingos.jsonBuilding ps2_kbd ...
 --profile release -p bristle
$ cargo -Z build-std=core,alloc,std,panic_abort -Z build-std-features=compiler-builtins-mem -Z json-target-spec build --target /home/dancxjo/src/thingos/targets/x86_64-unknown-thingos.json --profile release -p ps2_kbd
$ cargo -Z build-std=core,alloc,std,panic_abort Building sh ...
-Z build-std-features=compiler-builtins-mem -Z json-target-spec build --target /home/dancxjo/src/thingos/targets/x86_64-unknown-thingos.json --profile release -p hwrng
$ cargo -Z build-std=core,alloc,std,panic_abort -ZBuilding ls ...
 build-std-features=compiler-builtins-mem -Z json-target-spec build --target /home/dancxjo/src/thingos/targets/x86_64-unknown-thingos.json --profile release -p sh
$ cargo -Z Building lsusb ...
build-std=core,alloc,std,panic_abort -Z build-std-features=compiler-builtins-mem -Z json-target-spec build --target /home/dancxjo/src/thingos/targets/x86_64-unknown-thingos.json --profile release -p ls
$ cargo -Z build-std=core,alloc,std,panic_abort -Z build-std-features=compiler-builtins-mem -Z json-target-spec build --target /home/dancxjo/src/thingos/targets/x86_64-unknown-thingos.json --profile release -p lsusb
$ cargo -Z build-std=core,alloc,std,panic_abort -Z build-std-features=compiler-builtins-mem -Z json-target-spec build --target /home/dancxjo/src/thingos/targets/x86_64-unknown-thingos.json --profile release -p rtc_cmos
    Blocking waiting for file lock on package cache
    Blocking waiting for file lock on package cache
    Blocking waiting for file lock on package cache
    Blocking waiting for file lock on package cache
    Blocking waiting for file lock on package cache
    Blocking waiting for file lock on package cache
    Blocking waiting for file lock on package cache
    Blocking waiting for file lock on package cache
    Blocking waiting for file lock on package cache
    Blocking waiting for file lock on package cache
    Blocking waiting for file lock on package cache
    Blocking waiting for file lock on package cache
    Blocking waiting for file lock on package cache
    Blocking waiting for file lock on package cache
    Blocking waiting for file lock on package cache
    Blocking waiting for file lock on package cache
    Blocking waiting for file lock on package cache
    Blocking waiting for file lock on package cache
    Blocking waiting for file lock on package cache
    Blocking waiting for file lock on package cache
    Blocking waiting for file lock on package cache
    Blocking waiting for file lock on package cache
    Blocking waiting for file lock on package cache
    Blocking waiting for file lock on package cache
    Blocking waiting for file lock on package cache
    Blocking waiting for file lock on package cache
    Blocking waiting for file lock on package cache
    Blocking waiting for file lock on package cache
    Blocking waiting for file lock on package cache
    Blocking waiting for file lock on package cache
    Blocking waiting for file lock on package cache
    Blocking waiting for file lock on package cache
    Blocking waiting for file lock on package cache
    Blocking waiting for file lock on package cache
    Blocking waiting for file lock on package cache
    Blocking waiting for file lock on package cache
    Blocking waiting for file lock on package cache
    Blocking waiting for file lock on package cache
    Blocking waiting for file lock on package cache
    Blocking waiting for file lock on package cache
    Blocking waiting for file lock on package cache
    Blocking waiting for file lock on package cache
    Blocking waiting for file lock on package cache
    Blocking waiting for file lock on package cache
    Blocking waiting for file lock on package cache
    Blocking waiting for file lock on package cache
    Blocking waiting for file lock on package cache
    Blocking waiting for file lock on shared package cache
    Blocking waiting for file lock on shared package cache
    Blocking waiting for file lock on artifact directory
    Blocking waiting for file lock on artifact directory
    Blocking waiting for file lock on artifact directory
    Blocking waiting for file lock on artifact directory
    Blocking waiting for file lock on artifact directory
    Blocking waiting for file lock on artifact directory
    Blocking waiting for file lock on artifact directory
    Finished `release` profile [optimized] target(s) in 1.31s
    Finished `release` profile [optimized] target(s) in 1.34s
    Finished `release` profile [optimized] target(s) in 1.35s
    Finished `release` profile [optimized] target(s) in 1.37s
    Finished `release` profile [optimized] target(s) in 1.37s
    Finished `release` profile [optimized] target(s) in 1.38s
    Finished `release` profile [optimized] target(s) in 1.38s
    Finished `release` profile [optimized] target(s) in 1.41s
Building lspci ...
Building ln ...
$ cargo -Z build-std=core,alloc,std,panic_abort -Z build-std-features=compiler-builtins-mem -ZBuilding kill ...
 json-target-spec build --target /home/dancxjo/src/thingos/targets/x86_64-unknown-thingos.json Building killall ...
--profile release -p lspci
$ cargo -Z build-std=core,alloc,std,panic_abort -ZBuilding cat ...
 Building ps ...
build-std-features=compiler-builtins-mem -Z json-target-specBuilding head ...
 buildBuilding tail ...
 --target /home/dancxjo/src/thingos/targets/x86_64-unknown-thingos.json --profile release -p ln
$ cargo -Z build-std=core,alloc,std,panic_abort -Z build-std-features=compiler-builtins-mem -Z json-target-spec build --target /home/dancxjo/src/thingos/targets/x86_64-unknown-thingos.json --profile release -p tail
$ cargo -Z build-std=core,alloc,std,panic_abort -Z build-std-features=compiler-builtins-mem -Z json-target-spec build --target /home/dancxjo/src/thingos/targets/x86_64-unknown-thingos.json --profile release -p kill
$ cargo -Z build-std=core,alloc,std,panic_abort -Z build-std-features=compiler-builtins-mem -Z json-target-spec build --target /home/dancxjo/src/thingos/targets/x86_64-unknown-thingos.json --profile release -p cat
$ cargo -Z build-std=core,alloc,std,panic_abort -Z build-std-features=compiler-builtins-mem -Z json-target-spec build --target /home/dancxjo/src/thingos/targets/x86_64-unknown-thingos.json --profile release -p head
$ cargo -Z build-std=core,alloc,std,panic_abort -Z build-std-features=compiler-builtins-mem -Z json-target-spec build --target /home/dancxjo/src/thingos/targets/x86_64-unknown-thingos.json --profile release -p killall
$ cargo -Z build-std=core,alloc,std,panic_abort -Z build-std-features=compiler-builtins-mem -Z json-target-spec build --target /home/dancxjo/src/thingos/targets/x86_64-unknown-thingos.json --profile release -p ps
    Blocking waiting for file lock on package cache
    Blocking waiting for file lock on package cache
    Blocking waiting for file lock on package cache
    Blocking waiting for file lock on package cache
    Blocking waiting for file lock on package cache
    Blocking waiting for file lock on package cache
    Blocking waiting for file lock on package cache
    Blocking waiting for file lock on package cache
    Blocking waiting for file lock on package cache
    Blocking waiting for file lock on package cache
    Blocking waiting for file lock on package cache
    Blocking waiting for file lock on package cache
    Blocking waiting for file lock on package cache
    Blocking waiting for file lock on package cache
    Blocking waiting for file lock on package cache
    Blocking waiting for file lock on package cache
    Blocking waiting for file lock on package cache
    Blocking waiting for file lock on package cache
    Blocking waiting for file lock on package cache
    Blocking waiting for file lock on package cache
    Blocking waiting for file lock on package cache
    Blocking waiting for file lock on package cache
    Blocking waiting for file lock on package cache
    Blocking waiting for file lock on package cache
    Blocking waiting for file lock on package cache
    Blocking waiting for file lock on package cache
    Blocking waiting for file lock on package cache
    Blocking waiting for file lock on package cache
    Blocking waiting for file lock on package cache
    Blocking waiting for file lock on package cache
    Blocking waiting for file lock on package cache
    Blocking waiting for file lock on package cache
    Blocking waiting for file lock on package cache
    Blocking waiting for file lock on package cache
    Blocking waiting for file lock on package cache
    Blocking waiting for file lock on package cache
    Blocking waiting for file lock on package cache
    Blocking waiting for file lock on package cache
    Blocking waiting for file lock on package cache
    Blocking waiting for file lock on package cache
    Blocking waiting for file lock on package cache
    Blocking waiting for file lock on package cache
    Blocking waiting for file lock on package cache
    Blocking waiting for file lock on package cache
    Blocking waiting for file lock on package cache
    Blocking    Blocking waiting for file lock on package cache
 waiting for file lock on package cache
    Blocking waiting for file lock on package cache
    Blocking waiting for file lock on artifact directory
    Blocking waiting for file lock on artifact directory
    Blocking waiting for file lock on artifact directory
    Blocking waiting for file lock on artifact directory
    Blocking waiting for file lock on artifact directory
    Blocking waiting for file lock on artifact directory
    Blocking waiting for file lock on artifact directory
    Finished `release` profile [optimized] target(s) in 1.19s
    Finished `release` profile [optimized] target(s) in 1.22s
    Finished `release` profile [optimized] target(s) in 1.21s
    Finished `release` profile [optimized] target(s) in 1.24s
    Finished `release` profile [optimized] target(s) in 1.24s
    Finished `release` profile [optimized] target(s) in 1.26s
    Finished `release` profile [optimized] target(s) in 1.27s
    Finished `release` profile [optimized] target(s) in 1.28s
Building wc ...
Building top ...
Building yes ...
$ cargo -Z build-std=core,alloc,std,panic_abort -Z build-std-features=compiler-builtins-mem -Z json-target-spec buildBuilding which ...
 --target /home/dancxjo/src/thingos/targets/x86_64-unknown-thingos.json --profile release -p wc
Building cp ...
$ cargo -Z build-std=core,alloc,std,panic_abort -Z build-std-features=compiler-builtins-mem -Z json-target-spec build --target Building mv ...
/home/dancxjo/src/thingos/targets/x86_64-unknown-thingos.json Building rm ...
--profile release -p yes
$ cargo -Z build-std=core,alloc,std,panic_abort -Z build-std-features=compiler-builtins-mem -Z json-target-spec build --target /home/dancxjo/src/thingos/targets/x86_64-unknown-thingos.json --profile release -p rm
Building rmdir ...
$ cargo -Z build-std=core,alloc,std,panic_abort -Z build-std-features=compiler-builtins-mem -Z json-target-spec build --target /home/dancxjo/src/thingos/targets/x86_64-unknown-thingos.json --profile release -p cp
$ cargo -Z build-std=core,alloc,std,panic_abort -Z build-std-features=compiler-builtins-mem -Z json-target-spec build --target /home/dancxjo/src/thingos/targets/x86_64-unknown-thingos.json --profile release -p which
$ cargo -Z build-std=core,alloc,std,panic_abort -Z build-std-features=compiler-builtins-mem -Z json-target-spec build --target /home/dancxjo/src/thingos/targets/x86_64-unknown-thingos.json --profile release -p mv
$ cargo -Z build-std=core,alloc,std,panic_abort -Z build-std-features=compiler-builtins-mem -Z json-target-spec build --target /home/dancxjo/src/thingos/targets/x86_64-unknown-thingos.json --profile release -p top
$ cargo -Z build-std=core,alloc,std,panic_abort -Z build-std-features=compiler-builtins-mem -Z json-target-spec build --target /home/dancxjo/src/thingos/targets/x86_64-unknown-thingos.json --profile release -p rmdir
    Blocking waiting for file lock on package cache
    Blocking waiting for file lock on package cache
    Blocking waiting for file lock on package cache
    Blocking waiting for file lock on package cache
    Blocking waiting for file lock on package cache
    Blocking waiting for file lock on package cache
    Blocking waiting for file lock on package cache
    Blocking waiting for file lock on package cache
    Blocking waiting for file lock on package cache
    Blocking waiting for file lock on package cache
    Blocking waiting for file lock on package cache
    Blocking waiting for file lock on package cache
    Blocking waiting for file lock on package cache
    Blocking waiting for file lock on package cache
    Blocking waiting for file lock on package cache
    Blocking waiting for file lock on package cache
    Blocking waiting for file lock on package cache
    Blocking waiting for file lock on package cache
    Blocking waiting for file lock on package cache
    Blocking waiting for file lock on package cache
    Blocking waiting for file lock on package cache
    Blocking waiting for file lock on package cache
    Blocking waiting for file lock on package cache
    Blocking waiting for file lock on package cache
    Blocking waiting for file lock on package cache
    Blocking waiting for file lock on package cache
    Blocking waiting for file lock on package cache
    Blocking waiting for file lock on package cache
    Blocking waiting for file lock on package cache
    Blocking waiting for file lock on package cache
    Blocking waiting for file lock on package cache
    Blocking waiting for file lock on package cache
    Blocking waiting for file lock on package cache
    Blocking waiting for file lock on package cache
    Blocking waiting for file lock on package cache
    Blocking waiting for file lock on package cache
    Blocking waiting for file lock on package cache
    Blocking waiting for file lock on package cache
    Blocking waiting for file lock on package cache
    Blocking waiting for file lock on package cache
    Blocking waiting for file lock on package cache
    Blocking waiting for file lock on package cache
    Blocking waiting for file lock on package cache
    Blocking waiting for file lock on package cache
    Blocking waiting for file lock on package cache
    Blocking waiting for file lock on package cache
    Blocking waiting for file lock on package cache
    Blocking waiting for file lock on package cache
    Blocking waiting for file lock on shared package cache
    Blocking waiting for file lock on shared package cache
    Blocking waiting for file lock on artifact directory
    Blocking waiting for file lock on artifact directory
    Blocking waiting for file lock on artifact directory
    Blocking waiting for file lock on artifact directory
    Blocking waiting for file lock on artifact directory
    Blocking waiting for file lock on artifact directory
    Blocking waiting for file lock on artifact directory
    Finished `release` profile [optimized] target(s) in 1.23s
    Finished `release` profile [optimized] target(s) in 1.24s
    Finished `release` profile [optimized] target(s) in 1.24s
    Finished `release` profile [optimized] target(s) in 1.25s
    Finished `release` profile [optimized] target(s) in 1.27s
    Finished `release` profile [optimized] target(s) in 1.26s
    Finished `release` profile [optimized] target(s) in 1.29s
    Finished `release` profile [optimized] target(s) in 1.30s
Building mount ...
Building echo ...
Building mkdir ...
Building printf ...
$ cargo -Z build-std=core,alloc,std,panic_abort -Z build-std-features=compiler-builtins-mem -Z json-target-spec build --target /home/dancxjo/src/thingos/targets/x86_64-unknown-thingos.json --profile release -p echo
Building grep ...
Building setshell ...
Building pwd ...
$ cargo -Z build-std=core,alloc,std,panic_abort -Z build-std-features=compiler-builtins-mem -Z json-target-spec build --target /home/dancxjo/src/thingos/targets/x86_64-unknown-thingos.json --profile release -p grep
Building touch ...
$ cargo -Z build-std=core,alloc,std,panic_abort -Z build-std-features=compiler-builtins-mem -Z json-target-spec build --target /home/dancxjo/src/thingos/targets/x86_64-unknown-thingos.json --profile release -p mkdir
$ cargo -Z build-std=core,alloc,std,panic_abort -Z build-std-features=compiler-builtins-mem -Z json-target-spec build --target /home/dancxjo/src/thingos/targets/x86_64-unknown-thingos.json --profile release -p printf
$ cargo -Z build-std=core,alloc,std,panic_abort -Z build-std-features=compiler-builtins-mem -Z json-target-spec build --target /home/dancxjo/src/thingos/targets/x86_64-unknown-thingos.json --profile release -p setshell
$ cargo -Z build-std=core,alloc,std,panic_abort -Z build-std-features=compiler-builtins-mem -Z json-target-spec build --target /home/dancxjo/src/thingos/targets/x86_64-unknown-thingos.json --profile release -p pwd
$ cargo -Z build-std=core,alloc,std,panic_abort -Z build-std-features=compiler-builtins-mem -Z json-target-spec build --target /home/dancxjo/src/thingos/targets/x86_64-unknown-thingos.json --profile release -p mount
$ cargo -Z build-std=core,alloc,std,panic_abort -Z build-std-features=compiler-builtins-mem -Z json-target-spec build --target /home/dancxjo/src/thingos/targets/x86_64-unknown-thingos.json --profile release -p touch
    Blocking waiting for file lock on package cache
    Blocking waiting for file lock on package cache
    Blocking waiting for file lock on package cache
    Blocking waiting for file lock on package cache
    Blocking waiting for file lock on package cache
    Blocking waiting for file lock on package cache
    Blocking waiting for file lock on package cache
    Blocking waiting for file lock on package cache
    Blocking waiting for file lock on package cache
    Blocking waiting for file lock on package cache
    Blocking waiting for file lock on package cache
    Blocking waiting for file lock on package cache
    Blocking waiting for file lock on package cache
    Blocking waiting for file lock on package cache
    Blocking waiting for file lock on package cache
    Blocking waiting for file lock on package cache
    Blocking waiting for file lock on package cache
    Blocking waiting for file lock on package cache
    Blocking waiting for file lock on package cache
    Blocking waiting for file lock on package cache
    Blocking waiting for file lock on package cache
    Blocking waiting for file lock on package cache
    Blocking waiting for file lock on package cache
    Blocking waiting for file lock on package cache
    Blocking waiting for file lock on package cache
    Blocking waiting for file lock on package cache
    Blocking waiting for file lock on package cache
    Blocking waiting for file lock on package cache
    Blocking waiting for file lock on package cache
    Blocking    Blocking waiting for file lock on package cache
 waiting for file lock on package cache
    Blocking waiting for file lock on package cache
    Blocking waiting for file lock on package cache
    Blocking waiting for file lock on package cache
    Blocking waiting for file lock on package cache
    Blocking waiting for file lock on package cache
    Blocking waiting for file lock on package cache
    Blocking waiting for file lock on package cache
    Blocking waiting for file lock on package cache
    Blocking waiting for file lock on package cache
    Blocking waiting for file lock on package cache
    Blocking waiting for file lock on package cache
    Blocking waiting for file lock on package cache
    Blocking waiting for file lock on package cache
    Blocking waiting for file lock on package cache
    Blocking waiting for file lock on package cache
    Blocking waiting for file lock on package cache
    Blocking waiting for file lock on package cache
    Blocking waiting for file lock on package cache
    Blocking waiting for file lock on shared package cache
    Blocking waiting for file lock on shared package cache
    Blocking waiting for file lock on shared package cache
    Blocking waiting for file lock on shared package cache
    Blocking waiting for file lock on shared package cache
    Blocking waiting for file lock on artifact directory
    Blocking waiting for file lock on artifact directory
    Blocking waiting for file lock on artifact directory
    Blocking waiting for file lock on artifact directory
    Blocking waiting for file lock on artifact directory
    Blocking waiting for file lock on artifact directory
    Blocking waiting for file lock on artifact directory
    Finished `release` profile [optimized] target(s) in 1.17s
    Finished `release` profile [optimized] target(s) in 1.18s
    Finished `release` profile [optimized] target(s) in 1.19s
    Finished `release` profile [optimized] target(s) in 1.20s
    Finished `release` profile [optimized] target(s) in 1.21s
    Finished `release` profile [optimized] target(s) in 1.22s
    Finished `release` profile [optimized] target(s) in 1.23s
    Finished `release` profile [optimized] target(s) in 1.24s
Building stat ...
Building dmesg ...
Building file ...
Building dirname ...
$ cargo -Z build-std=core,alloc,std,panic_abort -Z build-std-features=compiler-builtins-mem -Z json-target-spec build --target /home/dancxjo/src/thingos/targets/x86_64-unknown-thingos.json --profile release -p stat
$ cargo -Z build-std=core,alloc,std,panic_abort -Z build-std-features=compiler-builtins-mem -Z json-target-spec Building basename ...
build --target /home/dancxjo/src/thingos/targets/x86_64-unknown-thingos.json --profile release -p dmesg
Building sleep ...
Building sort ...
$ cargo -Z build-std=core,alloc,std,panic_abort -Z build-std-features=compiler-builtins-mem Building env ...
-Z json-target-spec build --target /home/dancxjo/src/thingos/targets/x86_64-unknown-thingos.json --profile release -p basename
$ cargo -Z build-std=core,alloc,std,panic_abort -Z build-std-features=compiler-builtins-mem -Z json-target-spec build --target /home/dancxjo/src/thingos/targets/x86_64-unknown-thingos.json --profile release -p file
$ cargo -Z build-std=core,alloc,std,panic_abort -Z build-std-features=compiler-builtins-mem -Z json-target-spec build --target /home/dancxjo/src/thingos/targets/x86_64-unknown-thingos.json --profile release -p sleep
$ cargo -Z build-std=core,alloc,std,panic_abort -Z build-std-features=compiler-builtins-mem -Z json-target-spec build --target /home/dancxjo/src/thingos/targets/x86_64-unknown-thingos.json --profile release -p sort
$ cargo -Z build-std=core,alloc,std,panic_abort -Z build-std-features=compiler-builtins-mem -Z json-target-spec build --target /home/dancxjo/src/thingos/targets/x86_64-unknown-thingos.json --profile release -p env
$ cargo -Z build-std=core,alloc,std,panic_abort -Z build-std-features=compiler-builtins-mem -Z json-target-spec build --target /home/dancxjo/src/thingos/targets/x86_64-unknown-thingos.json --profile release -p dirname
    Blocking waiting for file lock on package cache
    Blocking waiting for file lock on package cache
    Blocking waiting for file lock on package cache
    Blocking waiting for file lock on package cache
    Blocking waiting for file lock on package cache
    Blocking waiting for file lock on package cache
    Blocking waiting for file lock on package cache
    Blocking waiting for file lock on package cache
    Blocking waiting for file lock on package cache
    Blocking waiting for file lock on package cache
    Blocking waiting for file lock on package cache
    Blocking waiting for file lock on package cache
    Blocking waiting for file lock on package cache
    Blocking waiting for file lock on package cache
    Blocking waiting for file lock on package cache
    Blocking waiting for file lock on package cache
    Blocking waiting for file lock on package cache
    Blocking waiting for file lock on package cache
    Blocking waiting for file lock on package cache
    Blocking waiting for file lock on package cache
    Blocking waiting for file lock on package cache
    Blocking waiting for file lock on package cache
    Blocking waiting for file lock on package cache
    Blocking waiting for file lock on package cache
    Blocking waiting for file lock on package cache
    Blocking waiting for file lock on package cache
    Blocking waiting for file lock on package cache
    Blocking waiting for file lock on package cache
    Blocking waiting for file lock on package cache
    Blocking waiting for file lock on package cache
    Blocking waiting for file lock on package cache
    Blocking waiting for file lock on package cache
    Blocking waiting for file lock on package cache
    Blocking waiting for file lock on package cache
    Blocking waiting for file lock on package cache
    Blocking waiting for file lock on package cache
    Blocking waiting for file lock on package cache
    Blocking waiting for file lock on package cache
    Blocking waiting for file lock on package cache
    Blocking waiting for file lock on package cache
    Blocking waiting for file lock on package cache
    Blocking waiting for file lock on package cache
    Blocking waiting for file lock on package cache
    Blocking waiting for file lock on package cache
    Blocking waiting for file lock on package cache
    Blocking waiting for file lock on package cache
    Blocking waiting for file lock on package cache
    Blocking waiting for file lock on package cache
    Blocking waiting for file lock on shared package cache
    Blocking waiting for file lock on shared package cache
    Blocking waiting for file lock on shared package cache
    Blocking waiting for file lock on shared package cache
    Blocking waiting for file lock on shared package cache
    Blocking waiting for file lock on shared package cache
    Blocking waiting for file lock on artifact directory
    Blocking waiting for file lock on artifact directory
    Blocking    Blocking waiting for file lock on artifact directory
 waiting for file lock on artifact directory
    Blocking waiting for file lock on artifact directory
    Blocking waiting for file lock on artifact directory
    Blocking waiting for file lock on artifact directory
    Finished `release` profile [optimized] target(s) in 1.19s
    Finished `release` profile [optimized] target(s) in 1.20s
    Finished `release` profile [optimized] target(s) in 1.21s
    Finished `release` profile [optimized] target(s) in 1.22s
    Finished `release` profile [optimized] target(s) in 1.23s
    Finished `release` profile [optimized] target(s) in 1.24s
    Finished `release` profile [optimized] target(s) in 1.25s
    Finished `release` profile [optimized] target(s) in 1.26s
Building uname ...
Building true ...
$ cargoBuilding false ...
 -Z build-std=core,alloc,std,panic_abort -Z build-std-features=compiler-builtins-mem -Z json-target-spec build --target /home/dancxjo/src/thingos/targets/x86_64-unknown-thingos.json --profile release -p unameBuilding input_echo ...

$ cargo -Z build-std=core,alloc,std,panic_abortBuilding ps2_mouse ...
 -Z build-std-features=compiler-builtins-mem -Z json-target-spec build --target /home/dancxjo/src/thingos/targets/x86_64-unknown-thingos.json --profile release -p input_echo
Building display_bootfb ...
$ Building display_virtio_gpu ...
cargo -Z build-std=core,alloc,std,panic_abort -Z build-std-features=compiler-builtins-mem -Z json-target-spec build --target /home/dancxjo/src/thingos/targets/x86_64-unknown-thingos.json --profile release -p display_bootfb
$ cargo -Z build-std=core,alloc,std,panic_abort -Z Building cambium ...
build-std-features=compiler-builtins-mem -Z json-target-spec build --target /home/dancxjo/src/thingos/targets/x86_64-unknown-thingos.json --profile release -p ps2_mouse
$ cargo -Z build-std=core,alloc,std,panic_abort -Z build-std-features=compiler-builtins-mem -Z json-target-spec build --target /home/dancxjo/src/thingos/targets/x86_64-unknown-thingos.json --profile release -p cambium
$ cargo -Z build-std=core,alloc,std,panic_abort -Z build-std-features=compiler-builtins-mem -Z json-target-spec build --target /home/dancxjo/src/thingos/targets/x86_64-unknown-thingos.json --profile release -p display_virtio_gpu
$ cargo -Z build-std=core,alloc,std,panic_abort -Z build-std-features=compiler-builtins-mem -Z json-target-spec build --target /home/dancxjo/src/thingos/targets/x86_64-unknown-thingos.json --profile release -p false
$ cargo -Z build-std=core,alloc,std,panic_abort -Z build-std-features=compiler-builtins-mem -Z json-target-spec build --target /home/dancxjo/src/thingos/targets/x86_64-unknown-thingos.json --profile release -p true
    Blocking waiting for file lock on package cache
    Blocking waiting for file lock on package cache
    Blocking waiting for file lock on package cache
    Blocking waiting for file lock on package cache
    Blocking waiting for file lock on package cache
    Blocking waiting for file lock on package cache
    Blocking waiting for file lock on package cache
    Blocking waiting for file lock on package cache
    Blocking waiting for file lock on package cache
    Blocking waiting for file lock on package cache
    Blocking waiting for file lock on package cache
    Blocking waiting for file lock on package cache
    Blocking waiting for file lock on package cache
    Blocking waiting for file lock on package cache
    Blocking waiting for file lock on package cache
    Blocking waiting for file lock on package cache
    Blocking waiting for file lock on package cache
    Blocking waiting for file lock on package cache
    Blocking waiting for file lock on package cache
    Blocking waiting for file lock on package cache
    Blocking waiting for file lock on package cache
    Blocking waiting for file lock on package cache
    Blocking waiting for file lock on package cache
    Blocking waiting for file lock on package cache
    Blocking waiting for file lock on package cache
    Blocking waiting for file lock on package cache
    Blocking waiting for file lock on package cache
    Blocking waiting for file lock on package cache
    Blocking waiting for file lock on package cache
    Blocking waiting for file lock on package cache
    Blocking waiting for file lock on package cache
    Blocking waiting for file lock on package cache
    Blocking waiting for file lock on package cache
    Blocking waiting for file lock on package cache
    Blocking waiting for file lock on package cache
    Blocking waiting for file lock on package cache
    Blocking waiting for file lock on package cache
    Blocking waiting for file lock on package cache
    Blocking waiting for file lock on package cache
    Blocking waiting for file lock on package cache
    Blocking waiting for file lock on package cache
    Blocking waiting for file lock on package cache
    Blocking waiting for file lock on package cache
    Blocking waiting for file lock on package cache
    Blocking waiting for file lock on package cache
    Blocking waiting for file lock on package cache
    Blocking waiting for file lock on package cache
    Blocking waiting for file lock on package cache
    Blocking waiting for file lock on package cache
    Blocking waiting for file lock on package cache
    Blocking waiting for file lock on shared package cache
    Blocking waiting for file lock on shared package cache
    Blocking waiting for file lock on shared package cache
    Blocking waiting for file lock on shared package cache
    Blocking waiting for file lock on artifact directory
    Blocking waiting for file lock on artifact directory
    Blocking waiting for file lock on artifact directory
    Blocking waiting for file lock on artifact directory
    Blocking waiting for file lock on artifact directory
    Blocking waiting for file lock on artifact directory
    Blocking waiting for file lock on artifact directory
    Finished `release` profile [optimized] target(s) in 1.22s
    Finished `release` profile [optimized] target(s) in 1.22s
    Finished `release` profile [optimized] target(s) in 1.23s
    Finished `release` profile [optimized] target(s) in 1.24s
    Finished `release` profile [optimized] target(s) in 1.26s
    Finished `release` profile [optimized] target(s) in 1.27s
    Finished `release` profile [optimized] target(s) in 1.28s
    Finished `release` profile [optimized] target(s) in 1.29s
Building virtio_netd ...
Building rtl8168d ...
$ cargo -Z build-std=core,alloc,std,panic_abort -Z build-std-features=compiler-builtins-mem -Z json-target-spec build --targetBuilding mesocarp ...
 /home/dancxjo/src/thingos/targets/x86_64-unknown-thingos.json --profile release Building netd ...
-p virtio_netdBuilding fetchd ...

$ cargo -Z build-std=core,alloc,std,panic_abort -Z build-std-features=compiler-builtins-mem -Z json-target-spec build --target /home/dancxjo/src/thingos/targets/x86_64-unknown-thingos.json --profile release -p mesocarp
Building httpsd ...
$ cargo -Z build-std=core,alloc,std,panic_abort -ZBuilding find ...
 build-std-features=compiler-builtins-mem -ZBuilding ip ...
 json-target-spec build --target /home/dancxjo/src/thingos/targets/x86_64-unknown-thingos.json --profile release -p netd
$ cargo -Z build-std=core,alloc,std,panic_abort -Z build-std-features=compiler-builtins-mem -Z json-target-spec build --target /home/dancxjo/src/thingos/targets/x86_64-unknown-thingos.json --profile release -p httpsd
$ cargo -Z build-std=core,alloc,std,panic_abort -Z build-std-features=compiler-builtins-mem -Z json-target-spec build --target /home/dancxjo/src/thingos/targets/x86_64-unknown-thingos.json --profile release -p find
$ cargo -Z build-std=core,alloc,std,panic_abort -Z build-std-features=compiler-builtins-mem -Z json-target-spec build --target /home/dancxjo/src/thingos/targets/x86_64-unknown-thingos.json --profile release -p fetchd
$ cargo -Z build-std=core,alloc,std,panic_abort -Z build-std-features=compiler-builtins-mem -Z json-target-spec build --target /home/dancxjo/src/thingos/targets/x86_64-unknown-thingos.json --profile release -p ip
$ cargo -Z build-std=core,alloc,std,panic_abort -Z build-std-features=compiler-builtins-mem -Z json-target-spec build --target /home/dancxjo/src/thingos/targets/x86_64-unknown-thingos.json --profile release -p rtl8168d
    Blocking waiting for file lock on package cache
    Blocking waiting for file lock on package cache
    Blocking waiting for file lock on package cache
    Blocking waiting for file lock on package cache
    Blocking waiting for file lock on package cache
    Blocking waiting for file lock on package cache
    Blocking waiting for file lock on package cache
    Blocking waiting for file lock on package cache
    Blocking waiting for file lock on package cache
    Blocking waiting for file lock on package cache
    Blocking waiting for file lock on package cache
    Blocking waiting for file lock on package cache
    Blocking waiting for file lock on package cache
    Blocking waiting for file lock on package cache
    Blocking waiting for file lock on package cache
    Blocking waiting for file lock on package cache
    Blocking waiting for file lock on package cache
    Blocking waiting for file lock on package cache
    Blocking waiting for file lock on package cache
    Blocking waiting for file lock on package cache
    Blocking waiting for file lock on package cache
    Blocking waiting for file lock on package cache
    Blocking waiting for file lock on package cache
    Blocking waiting for file lock on package cache
    Blocking waiting for file lock on package cache
    Blocking waiting for file lock on package cache
    Blocking waiting for file lock on package cache
    Blocking waiting for file lock on package cache
    Blocking waiting for file lock on package cache
    Blocking waiting for file lock on package cache
    Blocking waiting for file lock on package cache
    Blocking waiting for file lock on package cache
    Blocking waiting for file lock on package cache
    Blocking waiting for file lock on package cache
    Blocking waiting for file lock on package cache
    Blocking waiting for file lock on package cache
    Blocking waiting for file lock on package cache
    Blocking waiting for file lock on package cache
    Blocking waiting for file lock on package cache
    Blocking waiting for file lock on package cache
    Blocking waiting for file lock on package cache
    Blocking waiting for file lock on package cache
    Blocking waiting for file lock on package cache
    Blocking waiting for file lock on package cache
    Blocking waiting for file lock on package cache
    Blocking waiting for file lock on package cache
    Blocking waiting for file lock on package cache
    Blocking waiting for file lock on artifact directory
    Blocking waiting for file lock on artifact directory
    Blocking    Blocking waiting for file lock on artifact directory
 waiting for file lock on artifact directory
    Blocking waiting for file lock on artifact directory
    Blocking waiting for file lock on artifact directory
    Blocking waiting for file lock on artifact directory
    Finished `release` profile [optimized] target(s) in 1.22s
    Finished `release` profile [optimized] target(s) in 1.22s
    Finished `release` profile [optimized] target(s) in 1.24s
    Finished `release` profile [optimized] target(s) in 1.25s
    Finished `release` profile [optimized] target(s) in 1.26s
    Finished `release` profile [optimized] target(s) in 1.29s
    Finished `release` profile [optimized] target(s) in 1.30s
    Finished `release` profile [optimized] target(s) in 1.30s
Building ping ...
Building iso_reader ...
$ cargoBuilding nslookup ...
 -Z build-std=core,alloc,std,panic_abort Building ahci_disk ...
-Z build-std-features=compiler-builtins-mem -Z json-target-spec Building ata_disk ...
build --targetBuilding iso9660d ...
 /home/dancxjo/src/thingos/targets/x86_64-unknown-thingos.json --profile release -p ping
$ cargo -Z build-std=core,alloc,std,panic_abort -ZBuilding fatd ...
 build-std-features=compiler-builtins-mem -Z json-target-spec build --target /home/dancxjo/src/thingos/targets/x86_64-unknown-thingos.json --profile release -p ahci_disk
$ cargo -ZBuilding virtio_sound ...
 build-std=core,alloc,std,panic_abort -Z build-std-features=compiler-builtins-mem -Z json-target-spec build --target /home/dancxjo/src/thingos/targets/x86_64-unknown-thingos.json --profile release -p ata_disk
$ cargo -Z build-std=core,alloc,std,panic_abort -Z build-std-features=compiler-builtins-mem -Z json-target-spec build --target /home/dancxjo/src/thingos/targets/x86_64-unknown-thingos.json --profile release -p iso9660d
$ cargo -Z build-std=core,alloc,std,panic_abort -Z build-std-features=compiler-builtins-mem -Z json-target-spec build --target /home/dancxjo/src/thingos/targets/x86_64-unknown-thingos.json --profile release -p nslookup
$ cargo -Z build-std=core,alloc,std,panic_abort -Z build-std-features=compiler-builtins-mem -Z json-target-spec build --target /home/dancxjo/src/thingos/targets/x86_64-unknown-thingos.json --profile release -p iso_reader
$ cargo -Z build-std=core,alloc,std,panic_abort -Z build-std-features=compiler-builtins-mem -Z json-target-spec build --target /home/dancxjo/src/thingos/targets/x86_64-unknown-thingos.json --profile release -p fatd
$ cargo -Z build-std=core,alloc,std,panic_abort -Z build-std-features=compiler-builtins-mem -Z json-target-spec build --target /home/dancxjo/src/thingos/targets/x86_64-unknown-thingos.json --profile release -p virtio_sound
    Blocking waiting for file lock on package cache
    Blocking    Blocking waiting for file lock on package cache
 waiting for file lock on package cache
    Blocking waiting for file lock on package cache
    Blocking waiting for file lock on package cache
    Blocking waiting for file lock on package cache
    Blocking waiting for file lock on package cache
    Blocking waiting for file lock on package cache
    Blocking waiting for file lock on package cache
    Blocking waiting for file lock on package cache
    Blocking waiting for file lock on package cache
    Blocking waiting for file lock on package cache
    Blocking waiting for file lock on package cache
    Blocking waiting for file lock on package cache
    Blocking waiting for file lock on package cache
    Blocking waiting for file lock on package cache
    Blocking waiting for file lock on package cache
    Blocking waiting for file lock on package cache
    Blocking waiting for file lock on package cache
    Blocking waiting for file lock on package cache
    Blocking waiting for file lock on package cache
    Blocking waiting for file lock on package cache
    Blocking waiting for file lock on package cache
    Blocking waiting for file lock on package cache
    Blocking waiting for file lock on package cache
    Blocking waiting for file lock on package cache
    Blocking waiting for file lock on package cache
    Blocking waiting for file lock on package cache
    Blocking waiting for file lock on package cache
    Blocking waiting for file lock on package cache
    Blocking waiting for file lock on package cache
    Blocking waiting for file lock on package cache
    Blocking waiting for file lock on package cache
    Blocking waiting for file lock on package cache
    Blocking waiting for file lock on package cache
    Blocking waiting for file lock on package cache
    Blocking waiting for file lock on package cache
    Blocking waiting for file lock on package cache
    Blocking waiting for file lock on package cache
    Blocking waiting for file lock on package cache
    Blocking waiting for file lock on package cache
    Blocking waiting for file lock on package cache
    Blocking waiting for file lock on package cache
    Blocking waiting for file lock on package cache
    Blocking waiting for file lock on package cache
    Blocking waiting for file lock on package cache
    Blocking waiting for file lock on package cache
    Blocking waiting for file lock on package cache
    Blocking waiting for file lock on package cache
    Blocking waiting for file lock on shared package cache
    Blocking waiting for file lock on shared package cache
    Blocking waiting for file lock on shared package cache
    Blocking waiting for file lock on artifact directory
    Blocking waiting for file lock on artifact directory
    Blocking waiting for file lock on artifact directory
    Blocking waiting for file lock on artifact directory
    Blocking waiting for file lock on artifact directory
    Blocking waiting for file lock on artifact directory
    Blocking waiting for file lock on artifact directory
    Finished `release` profile [optimized] target(s) in 1.26s
    Finished `release` profile [optimized] target(s) in 1.27s
    Finished `release` profile [optimized] target(s) in 1.28s
    Finished `release` profile [optimized] target(s) in 1.29s
    Finished `release` profile [optimized] target(s) in 1.30s
    Finished `release` profile [optimized] target(s) in 1.32s
    Finished `release` profile [optimized] target(s) in 1.33s
    Finished `release` profile [optimized] target(s) in 1.34s
Building hdaudio ...
Building pci_stubd ...
Building chime ...
$ cargo -Z build-std=core,alloc,std,panic_abort -Z build-std-features=compiler-builtins-mem -Z json-target-spec build --target /home/dancxjo/src/thingos/targets/x86_64-unknown-thingos.json --profile release -p hdaudio
Building xhci ...
$ cargo -Z build-std=core,alloc,std,panic_abort -Z build-std-features=compiler-builtins-mem -ZBuilding vfs_hello ...
 json-target-spec build --target /home/dancxjo/src/thingos/targets/x86_64-unknown-thingos.json --profile release -p xhci
Building clock ...
Building show_args ...
$ cargo -Z build-std=core,alloc,std,panic_abort -Z build-std-features=compiler-builtins-mem -Z json-target-spec build --target /home/dancxjo/src/thingos/targets/x86_64-unknown-thingos.json --profile release -p clock
Building leaf ...
$ cargo -Z build-std=core,alloc,std,panic_abort -Z build-std-features=compiler-builtins-mem -Z json-target-spec build --target /home/dancxjo/src/thingos/targets/x86_64-unknown-thingos.json --profile release -p leaf
$ cargo -Z build-std=core,alloc,std,panic_abort -Z build-std-features=compiler-builtins-mem -Z json-target-spec build --target /home/dancxjo/src/thingos/targets/x86_64-unknown-thingos.json --profile release -p pci_stubd
$ cargo -Z build-std=core,alloc,std,panic_abort -Z build-std-features=compiler-builtins-mem -Z json-target-spec build --target /home/dancxjo/src/thingos/targets/x86_64-unknown-thingos.json --profile release -p vfs_hello
$ cargo -Z build-std=core,alloc,std,panic_abort -Z build-std-features=compiler-builtins-mem -Z json-target-spec build --target /home/dancxjo/src/thingos/targets/x86_64-unknown-thingos.json --profile release -p chime
$ cargo -Z build-std=core,alloc,std,panic_abort -Z build-std-features=compiler-builtins-mem -Z json-target-spec build --target /home/dancxjo/src/thingos/targets/x86_64-unknown-thingos.json --profile release -p show_args
    Blocking waiting for file lock on package cache
    Blocking waiting for file lock on package cache
    Blocking waiting for file lock on package cache
    Blocking waiting for file lock on package cache
    Blocking waiting for file lock on package cache
    Blocking waiting for file lock on package cache
    Blocking waiting for file lock on package cache
    Blocking waiting for file lock on package cache
    Blocking waiting for file lock on package cache
    Blocking waiting for file lock on package cache
    Blocking waiting for file lock on package cache
    Blocking waiting for file lock on package cache
    Blocking waiting for file lock on package cache
    Blocking waiting for file lock on package cache
    Blocking waiting for file lock on package cache
    Blocking waiting for file lock on package cache
    Blocking waiting for file lock on package cache
    Blocking waiting for file lock on package cache
    Blocking waiting for file lock on package cache
    Blocking waiting for file lock on package cache
    Blocking waiting for file lock on package cache
    Blocking waiting for file lock on package cache
    Blocking waiting for file lock on package cache
    Blocking waiting for file lock on package cache
    Blocking waiting for file lock on package cache
    Blocking waiting for file lock on package cache
    Blocking waiting for file lock on package cache
    Blocking waiting for file lock on package cache
    Blocking waiting for file lock on package cache
    Blocking waiting for file lock on package cache
    Blocking waiting for file lock on package cache
    Blocking waiting for file lock on package cache
    Blocking waiting for file lock on package cache
    Blocking waiting for file lock on package cache
    Blocking waiting for file lock on package cache
    Blocking waiting for file lock on package cache
    Blocking waiting for file lock on package cache
    Blocking waiting for file lock on package cache
    Blocking waiting for file lock on package cache
    Blocking waiting for file lock on package cache
    Blocking waiting for file lock on package cache
    Blocking waiting for file lock on package cache
    Blocking waiting for file lock on package cache
    Blocking waiting for file lock on package cache
    Blocking waiting for file lock on package cache
    Blocking waiting for file lock on package cache
    Blocking waiting for file lock on package cache
    Blocking waiting for file lock on package cache
    Blocking waiting for file lock on shared package cache
    Blocking waiting for file lock on artifact directory
    Blocking waiting for file lock on artifact directory
    Blocking waiting for file lock on artifact directory
    Blocking waiting for file lock on artifact directory
    Blocking waiting for file lock on artifact directory
    Blocking waiting for file lock on artifact directory
    Blocking waiting for file lock on artifact directory
    Finished `release` profile [optimized] target(s) in 1.16s
    Finished `release` profile [optimized] target(s) in 1.16s
    Finished `release` profile [optimized] target(s) in 1.17s
    Finished `release` profile [optimized] target(s) in 1.19s
    Finished `release` profile [optimized] target(s) in 1.20s
    Finished `release` profile [optimized] target(s) in 1.21s
    Finished `release` profile [optimized] target(s) in 1.22s
    Finished `release` profile [optimized] target(s) in 1.24s
Building cwd_test ...
Building env_roundtrip ...
$ cargo -Z build-std=core,alloc,std,panic_abort -Z build-std-features=compiler-builtins-mem -Z json-target-spec Building date ...
build --target /home/dancxjo/src/thingos/targets/x86_64-unknown-thingos.json --profile release -p cwd_test
$ cargo -Z build-std=core,alloc,std,panic_abort -Z build-std-features=compiler-builtins-mem -Z json-target-spec buildBuilding wayland_hello ...
 --target /home/dancxjo/src/thingos/targets/x86_64-unknown-thingos.json --profile release -p env_roundtrip
Building tee ...
Building terminal ...
$ cargo -Z build-std=core,alloc,std,panic_abort -Z build-std-features=compiler-builtins-memBuilding xargs ...
 -Z json-target-spec build --target /home/dancxjo/src/thingos/targets/x86_64-unknown-thingos.jsonBuilding placed ...
 --profile release -p wayland_hello
$ cargo -Z build-std=core,alloc,std,panic_abort -Z build-std-features=compiler-builtins-mem -Z json-target-spec build --target /home/dancxjo/src/thingos/targets/x86_64-unknown-thingos.json --profile release -p date
$ cargo -Z build-std=core,alloc,std,panic_abort -Z build-std-features=compiler-builtins-mem -Z json-target-spec build --target /home/dancxjo/src/thingos/targets/x86_64-unknown-thingos.json --profile release -p tee
$ cargo -Z build-std=core,alloc,std,panic_abort -Z build-std-features=compiler-builtins-mem -Z json-target-spec build --target /home/dancxjo/src/thingos/targets/x86_64-unknown-thingos.json --profile release -p terminal
$ cargo -Z build-std=core,alloc,std,panic_abort -Z build-std-features=compiler-builtins-mem -Z json-target-spec build --target /home/dancxjo/src/thingos/targets/x86_64-unknown-thingos.json --profile release -p xargs
$ cargo -Z build-std=core,alloc,std,panic_abort -Z build-std-features=compiler-builtins-mem -Z json-target-spec build --target /home/dancxjo/src/thingos/targets/x86_64-unknown-thingos.json --profile release -p placed
    Blocking waiting for file lock on package cache
    Blocking waiting for file lock on package cache
    Blocking waiting for file lock on package cache
    Blocking waiting for file lock on package cache
    Blocking waiting for file lock on package cache
    Blocking waiting for file lock on package cache
    Blocking waiting for file lock on package cache
    Blocking waiting for file lock on package cache
    Blocking waiting for file lock on package cache
    Blocking waiting for file lock on package cache
    Blocking waiting for file lock on package cache
    Blocking waiting for file lock on package cache
    Blocking waiting for file lock on package cache
    Blocking waiting for file lock on package cache
    Blocking waiting for file lock on package cache
    Blocking waiting for file lock on package cache
    Blocking waiting for file lock on package cache
    Blocking waiting for file lock on package cache
    Blocking waiting for file lock on package cache
    Blocking waiting for file lock on package cache
    Blocking waiting for file lock on package cache
    Blocking waiting for file lock on package cache
    Blocking waiting for file lock on package cache
    Blocking waiting for file lock on package cache
    Blocking waiting for file lock on package cache
    Blocking waiting for file lock on package cache
    Blocking waiting for file lock on package cache
    Blocking waiting for file lock on package cache
    Blocking waiting for file lock on package cache
    Blocking waiting for file lock on package cache
    Blocking waiting for file lock on package cache
    Blocking waiting for file lock on package cache
    Blocking waiting for file lock on package cache
    Blocking waiting for file lock on package cache
    Blocking waiting for file lock on package cache
    Blocking waiting for file lock on package cache
    Blocking waiting for file lock on package cache
    Blocking waiting for file lock on package cache
    Blocking waiting for file lock on package cache
    Blocking waiting for file lock on package cache
    Blocking waiting for file lock on package cache
    Blocking waiting for file lock on package cache
    Blocking waiting for file lock on package cache
    Blocking waiting for file lock on package cache
    Blocking waiting for file lock on package cache
    Blocking waiting for file lock on package cache
    Blocking waiting for file lock on package cache
    Blocking waiting for file lock on package cache
    Blocking waiting for file lock on package cache
    Blocking waiting for file lock on package cache
    Blocking waiting for file lock on shared package cache
    Blocking waiting for file lock on artifact directory
    Blocking waiting for file lock on artifact directory
    Blocking waiting for file lock on artifact directory
    Blocking waiting for file lock on artifact directory
    Blocking waiting for file lock on artifact directory
    Blocking waiting for file lock on artifact directory
    Blocking waiting for file lock on artifact directory
    Finished `release` profile [optimized] target(s) in 1.09s
    Finished `release` profile [optimized] target(s) in 1.10s
    Finished `release` profile [optimized] target(s) in 1.10s
    Finished `release` profile [optimized] target(s) in 1.11s
    Finished `release` profile [optimized] target(s) in 1.12s
    Finished `release` profile [optimized] target(s) in 1.13s
    Finished `release` profile [optimized] target(s) in 1.14s
    Finished `release` profile [optimized] target(s) in 1.16s
Building bloom ...
Building clear ...
$ cargo -Z build-std=core,alloc,std,panic_abort -Z build-std-features=compiler-builtins-memBuilding poll_mux ...
 -Z json-target-specBuilding ipc_service_demo ...
 build --target /home/dancxjo/src/thingos/targets/x86_64-unknown-thingos.json --profile release -p bloomBuilding ipc_pipe_demo ...

Building ipc_provider_demo ...
$ cargo -Z build-std=core,alloc,std,panic_abort -Z build-std-features=compiler-builtins-mem -Z json-target-spec build --target /home/dancxjo/src/thingos/targets/x86_64-unknown-thingos.json --profileBuilding vfs_test_provider ...
 release -p poll_mux
$ cargo -Z build-std=core,alloc,std,panic_abort -Z build-std-features=compiler-builtins-mem -Z json-target-spec build --target /home/dancxjo/src/thingos/targets/x86_64-unknown-thingos.json --profile release -p clear
Building loglevel ...
$ cargo -Z build-std=core,alloc,std,panic_abort -Z build-std-features=compiler-builtins-mem -Z json-target-spec build --target /home/dancxjo/src/thingos/targets/x86_64-unknown-thingos.json --profile release -p ipc_service_demo
$ cargo -Z build-std=core,alloc,std,panic_abort -Z build-std-features=compiler-builtins-mem -Z json-target-spec build --target /home/dancxjo/src/thingos/targets/x86_64-unknown-thingos.json --profile release -p ipc_provider_demo
$ cargo -Z build-std=core,alloc,std,panic_abort -Z build-std-features=compiler-builtins-mem -Z json-target-spec build --target /home/dancxjo/src/thingos/targets/x86_64-unknown-thingos.json --profile release -p ipc_pipe_demo
$ cargo -Z build-std=core,alloc,std,panic_abort -Z build-std-features=compiler-builtins-mem -Z json-target-spec build --target /home/dancxjo/src/thingos/targets/x86_64-unknown-thingos.json --profile release -p vfs_test_provider
$ cargo -Z build-std=core,alloc,std,panic_abort -Z build-std-features=compiler-builtins-mem -Z json-target-spec build --target /home/dancxjo/src/thingos/targets/x86_64-unknown-thingos.json --profile release -p loglevel
    Blocking waiting for file lock on package cache
    Blocking waiting for file lock on package cache
    Blocking waiting for file lock on package cache
    Blocking waiting for file lock on package cache
    Blocking waiting for file lock on package cache
    Blocking waiting for file lock on package cache
    Blocking waiting for file lock on package cache
    Blocking waiting for file lock on package cache
    Blocking waiting for file lock on package cache
    Blocking waiting for file lock on package cache
    Blocking waiting for file lock on package cache
    Blocking waiting for file lock on package cache
    Blocking waiting for file lock on package cache
    Blocking waiting for file lock on package cache
    Blocking waiting for file lock on package cache
    Blocking waiting for file lock on package cache
    Blocking waiting for file lock on package cache
    Blocking waiting for file lock on package cache
    Blocking waiting for file lock on package cache
    Blocking waiting for file lock on package cache
    Blocking waiting for file lock on package cache
    Blocking waiting for file lock on package cache
    Blocking waiting for file lock on package cache
    Blocking waiting for file lock on package cache
    Blocking waiting for file lock on package cache
    Blocking waiting for file lock on package cache
    Blocking waiting for file lock on package cache
    Blocking waiting for file lock on package cache
    Blocking waiting for file lock on package cache
    Blocking waiting for file lock on package cache
    Blocking waiting for file lock on package cache
    Blocking waiting for file lock on package cache
    Blocking waiting for file lock on package cache
    Blocking waiting for file lock on package cache
    Blocking waiting for file lock on package cache
    Blocking waiting for file lock on package cache
    Blocking waiting for file lock on package cache
    Blocking waiting for file lock on package cache
    Blocking waiting for file lock on package cache
    Blocking waiting for file lock on package cache
    Blocking waiting for file lock on package cache
    Blocking waiting for file lock on package cache
    Blocking waiting for file lock on package cache
    Blocking waiting for file lock on package cache
    Blocking waiting for file lock on package cache
    Blocking waiting for file lock on package cache
    Blocking waiting for file lock on package cache
    Blocking waiting for file lock on package cache
    Blocking waiting for file lock on package cache
    Blocking waiting for file lock on package cache
    Blocking waiting for file lock on package cache
    Blocking waiting for file lock on shared package cache
    Blocking waiting for file lock on shared package cache
    Blocking waiting for file lock on shared package cache
    Blocking waiting for file lock on artifact directory
    Blocking waiting for file lock on artifact directory
    Blocking waiting for file lock on artifact directory
    Blocking waiting for file lock on artifact directory
    Blocking waiting for file lock on artifact directory
    Blocking waiting for file lock on artifact directory
    Blocking waiting for file lock on artifact directory
    Finished `release` profile [optimized] target(s) in 1.31s
    Finished `release` profile [optimized] target(s) in 1.31s
    Finished `release` profile [optimized] target(s) in 1.32s
    Finished `release` profile [optimized] target(s) in 1.33s
    Finished `release` profile [optimized] target(s) in 1.35s
    Finished `release` profile [optimized] target(s) in 1.35s
    Finished `release` profile [optimized] target(s) in 1.35s
    Finished `release` profile [optimized] target(s) in 1.37s
Building test_exec ...
Building test_vm_protect ...
Building ipc_memfd_demo ...
$ cargo -Z build-std=core,alloc,std,panic_abort -Z build-std-features=compiler-builtins-mem -Z json-target-spec build --targetBuilding test_threads ...
 /home/dancxjo/src/thingos/targets/x86_64-unknown-thingos.json --profile Building test_exec_env ...
release -p test_exec
Building test_futex ...
$ cargo -Z build-std=core,alloc,std,panic_abort -Z build-std-features=compiler-builtins-mem -Z json-target-spec build --target /home/dancxjo/src/thingos/targets/x86_64-unknown-thingos.json --profile release -p Building ld_so ...
test_vm_protect
$ Building test_dyn_loader ...
cargo -Z build-std=core,alloc,std,panic_abort -Z build-std-features=compiler-builtins-mem -Z json-target-spec build --target /home/dancxjo/src/thingos/targets/x86_64-unknown-thingos.json --profile release -p test_exec_env
$ cargo -Z build-std=core,alloc,std,panic_abort -Z build-std-features=compiler-builtins-mem -Z json-target-spec build --target /home/dancxjo/src/thingos/targets/x86_64-unknown-thingos.json --profile release -p test_threads
$ cargo -Z build-std=core,alloc,std,panic_abort -Z build-std-features=compiler-builtins-mem -Z json-target-spec build --target /home/dancxjo/src/thingos/targets/x86_64-unknown-thingos.json --profile release -p test_futex
$ cargo -Z build-std=core,alloc,std,panic_abort -Z build-std-features=compiler-builtins-mem -Z json-target-spec build --target /home/dancxjo/src/thingos/targets/x86_64-unknown-thingos.json --profile release -p ipc_memfd_demo
$ cargo -Z build-std=core,alloc,std,panic_abort -Z build-std-features=compiler-builtins-mem -Z json-target-spec build --target /home/dancxjo/src/thingos/targets/x86_64-unknown-thingos.json --profile release -p test_dyn_loader
$ cargo -Z build-std=core,alloc,std,panic_abort -Z build-std-features=compiler-builtins-mem -Z json-target-spec build --target /home/dancxjo/src/thingos/targets/x86_64-unknown-thingos.json --profile release -p ld_so
    Blocking waiting for file lock on package cache
    Blocking waiting for file lock on package cache
    Blocking waiting for file lock on package cache
    Blocking waiting for file lock on package cache
    Blocking waiting for file lock on package cache
    Blocking waiting for file lock on package cache
    Blocking waiting for file lock on package cache
    Blocking waiting for file lock on package cache
    Blocking waiting for file lock on package cache
    Blocking waiting for file lock on package cache
    Blocking waiting for file lock on package cache
    Blocking waiting for file lock on package cache
    Blocking waiting for file lock on package cache
    Blocking waiting for file lock on package cache
    Blocking waiting for file lock on package cache
    Blocking waiting for file lock on package cache
    Blocking waiting for file lock on package cache
    Blocking waiting for file lock on package cache
    Blocking waiting for file lock on package cache
    Blocking waiting for file lock on package cache
    Blocking waiting for file lock on package cache
    Blocking waiting for file lock on package cache
    Blocking waiting for file lock on package cache
    Blocking waiting for file lock on package cache
    Blocking waiting for file lock on package cache
    Blocking waiting for file lock on package cache
    Blocking waiting for file lock on package cache
    Blocking waiting for file lock on package cache
    Blocking waiting for file lock on package cache
    Blocking waiting for file lock on package cache
    Blocking waiting for file lock on package cache
    Blocking waiting for file lock on package cache
    Blocking waiting for file lock on package cache
    Blocking waiting for file lock on package cache
    Blocking waiting for file lock on package cache
    Blocking waiting for file lock on package cache
    Blocking waiting for file lock on package cache
    Blocking waiting for file lock on package cache
    Blocking waiting for file lock on package cache
    Blocking waiting for file lock on package cache
    Blocking waiting for file lock on package cache
    Blocking waiting for file lock on package cache
    Blocking waiting for file lock on package cache
    Blocking waiting for file lock on package cache
    Blocking waiting for file lock on artifact directory
    Blocking waiting for file lock on artifact directory
    Blocking waiting for file lock on artifact directory
    Blocking waiting for file lock on artifact directory
    Blocking waiting for file lock on artifact directory
    Blocking waiting for file lock on artifact directory
    Blocking waiting for file lock on artifact directory
    Finished `release` profile [optimized] target(s) in 1.13s
    Finished `release` profile [optimized] target(s) in 1.15s
    Finished `release` profile [optimized] target(s) in 1.17s
    Finished `release` profile [optimized] target(s) in 1.18s
    Finished `release` profile [optimized] target(s) in 1.20s
    Finished `release` profile [optimized] target(s) in 1.20s
    Finished `release` profile [optimized] target(s) in 1.23s
    Finished `release` profile [optimized] target(s) in 1.22s
Building reboot ...
Building test_dlopen ...
$ Building attr_list ...
cargo -Z build-std=core,alloc,std,panic_abort -ZBuilding attr_get ...
 build-std-features=compiler-builtins-mem -ZBuilding attr_set ...
 json-target-spec build --target /home/dancxjo/src/thingos/targets/x86_64-unknown-thingos.json --profile release -p rebootBuilding shutdown ...

$ cargo Building attr_rm ...
-Z build-std=core,alloc,std,panic_abort -Z build-std-features=compiler-builtins-mem -Z json-target-spec build --target /home/dancxjo/src/thingos/targets/x86_64-unknown-thingos.json --profile release -p attr_set
$ cargo -Z build-std=core,alloc,std,panic_abort -Z build-std-features=compiler-builtins-mem -Z json-target-spec build --target /home/dancxjo/src/thingos/targets/x86_64-unknown-thingos.json --profile release -p attr_list
$ cargo -Z build-std=core,alloc,std,panic_abort -Z build-std-features=compiler-builtins-mem -Z json-target-spec build --target /home/dancxjo/src/thingos/targets/x86_64-unknown-thingos.json --profile release -p test_dlopen
$ cargo -Z build-std=core,alloc,std,panic_abort -Z build-std-features=compiler-builtins-mem -Z json-target-spec build --target /home/dancxjo/src/thingos/targets/x86_64-unknown-thingos.json --profile release -p attr_get
$ cargo -Z build-std=core,alloc,std,panic_abort -Z build-std-features=compiler-builtins-mem -Z json-target-spec build --target /home/dancxjo/src/thingos/targets/x86_64-unknown-thingos.json --profile release -p shutdown
$ cargo -Z build-std=core,alloc,std,panic_abort -Z build-std-features=compiler-builtins-mem -Z json-target-spec build --target /home/dancxjo/src/thingos/targets/x86_64-unknown-thingos.json --profile release -p attr_rm
    Blocking waiting for file lock on package cache
    Blocking waiting for file lock on package cache
    Blocking waiting for file lock on package cache
    Blocking waiting for file lock on package cache
    Blocking waiting for file lock on package cache
    Blocking waiting for file lock on package cache
    Blocking waiting for file lock on package cache
    Blocking waiting for file lock on package cache
    Blocking waiting for file lock on package cache
    Blocking waiting for file lock on package cache
    Blocking waiting for file lock on package cache
    Blocking waiting for file lock on package cache
    Blocking waiting for file lock on package cache
    Blocking waiting for file lock on package cache
    Blocking waiting for file lock on package cache
    Blocking waiting for file lock on package cache
    Blocking waiting for file lock on package cache
    Blocking waiting for file lock on package cache
    Blocking waiting for file lock on package cache
    Blocking waiting for file lock on package cache
    Blocking waiting for file lock on package cache
    Blocking waiting for file lock on package cache
    Blocking waiting for file lock on package cache
    Blocking waiting for file lock on package cache
    Blocking waiting for file lock on package cache
    Blocking waiting for file lock on package cache
    Blocking waiting for file lock on package cache
    Blocking waiting for file lock on package cache
    Blocking waiting for file lock on package cache
    Blocking waiting for file lock on package cache
    Blocking waiting for file lock on package cache
    Blocking waiting for file lock on package cache
    Blocking waiting for file lock on package cache
    Blocking waiting for file lock on package cache
    Blocking waiting for file lock on package cache
    Blocking waiting for file lock on package cache
    Blocking waiting for file lock on package cache
    Blocking waiting for file lock on package cache
    Blocking waiting for file lock on package cache
    Blocking waiting for file lock on package cache
    Blocking waiting for file lock on package cache
    Blocking waiting for file lock on package cache
    Blocking waiting for file lock on shared package cache
    Blocking waiting for file lock on shared package cache
    Blocking waiting for file lock on shared package cache
    Blocking waiting for file lock on artifact directory
    Blocking waiting for file lock on artifact directory
    Blocking waiting for file lock on artifact directory
    Blocking waiting for file lock on artifact directory
    Blocking waiting for file lock on artifact directory
    Blocking waiting for file lock on artifact directory
    Finished `release` profile [optimized] target(s) in 1.03s
    Finished `release` profile [optimized] target(s) in 1.05s
    Finished `release` profile [optimized] target(s) in 1.06s
    Finished `release` profile [optimized] target(s) in 1.07s
    Finished `release` profile [optimized] target(s) in 1.07s
    Finished `release` profile [optimized] target(s) in 1.09s
    Finished `release` profile [optimized] target(s) in 1.09s
Staging userspace programs...
$ cp target/x86_64-unknown-thingos/release/sprout iso_root_410643079/bin/sprout
$ cp target/x86_64-unknown-thingos/release/bristle iso_root_410643079/bin/bristle
$ cp target/x86_64-unknown-thingos/release/rtc_cmos iso_root_410643079/drivers/rtc_cmos
$ cp target/x86_64-unknown-thingos/release/hwrng iso_root_410643079/drivers/hwrng
$ cp target/x86_64-unknown-thingos/release/ps2_kbd iso_root_410643079/drivers/ps2_kbd
$ cp target/x86_64-unknown-thingos/release/sh iso_root_410643079/bin/sh
$ cp target/x86_64-unknown-thingos/release/ls iso_root_410643079/bin/ls
$ cp target/x86_64-unknown-thingos/release/lsusb iso_root_410643079/bin/lsusb
$ cp target/x86_64-unknown-thingos/release/lspci iso_root_410643079/bin/lspci
$ cp target/x86_64-unknown-thingos/release/ln iso_root_410643079/bin/ln
$ cp target/x86_64-unknown-thingos/release/ps iso_root_410643079/bin/ps
$ cp target/x86_64-unknown-thingos/release/kill iso_root_410643079/bin/kill
$ cp target/x86_64-unknown-thingos/release/killall iso_root_410643079/bin/killall
$ cp target/x86_64-unknown-thingos/release/cat iso_root_410643079/bin/cat
$ cp target/x86_64-unknown-thingos/release/head iso_root_410643079/bin/head
$ cp target/x86_64-unknown-thingos/release/tail iso_root_410643079/bin/tail
$ cp target/x86_64-unknown-thingos/release/top iso_root_410643079/bin/top
$ cp target/x86_64-unknown-thingos/release/wc iso_root_410643079/bin/wc
$ cp target/x86_64-unknown-thingos/release/yes iso_root_410643079/bin/yes
$ cp target/x86_64-unknown-thingos/release/which iso_root_410643079/bin/which
$ cp target/x86_64-unknown-thingos/release/cp iso_root_410643079/bin/cp
$ cp target/x86_64-unknown-thingos/release/mv iso_root_410643079/bin/mv
$ cp target/x86_64-unknown-thingos/release/rm iso_root_410643079/bin/rm
$ cp target/x86_64-unknown-thingos/release/rmdir iso_root_410643079/bin/rmdir
$ cp target/x86_64-unknown-thingos/release/mkdir iso_root_410643079/bin/mkdir
$ cp target/x86_64-unknown-thingos/release/mount iso_root_410643079/bin/mount
$ cp target/x86_64-unknown-thingos/release/echo iso_root_410643079/bin/echo
$ cp target/x86_64-unknown-thingos/release/printf iso_root_410643079/bin/printf
$ cp target/x86_64-unknown-thingos/release/grep iso_root_410643079/bin/grep
$ cp target/x86_64-unknown-thingos/release/pwd iso_root_410643079/bin/pwd
$ cp target/x86_64-unknown-thingos/release/touch iso_root_410643079/bin/touch
$ cp target/x86_64-unknown-thingos/release/setshell iso_root_410643079/bin/setshell
$ cp target/x86_64-unknown-thingos/release/dmesg iso_root_410643079/bin/dmesg
$ cp target/x86_64-unknown-thingos/release/stat iso_root_410643079/bin/stat
$ cp target/x86_64-unknown-thingos/release/file iso_root_410643079/bin/file
$ cp target/x86_64-unknown-thingos/release/dirname iso_root_410643079/bin/dirname
$ cp target/x86_64-unknown-thingos/release/basename iso_root_410643079/bin/basename
$ cp target/x86_64-unknown-thingos/release/sleep iso_root_410643079/bin/sleep
$ cp target/x86_64-unknown-thingos/release/sort iso_root_410643079/bin/sort
$ cp target/x86_64-unknown-thingos/release/env iso_root_410643079/bin/env
$ cp target/x86_64-unknown-thingos/release/uname iso_root_410643079/bin/uname
$ cp target/x86_64-unknown-thingos/release/true iso_root_410643079/bin/true
$ cp target/x86_64-unknown-thingos/release/false iso_root_410643079/bin/false
$ cp target/x86_64-unknown-thingos/release/input_echo iso_root_410643079/bin/input_echo
$ cp target/x86_64-unknown-thingos/release/ps2_mouse iso_root_410643079/drivers/ps2_mouse
$ cp target/x86_64-unknown-thingos/release/display_bootfb iso_root_410643079/drivers/display_bootfb
$ cp target/x86_64-unknown-thingos/release/display_virtio_gpu iso_root_410643079/drivers/display_virtio_gpu
$ cp target/x86_64-unknown-thingos/release/cambium iso_root_410643079/bin/cambium
$ cp target/x86_64-unknown-thingos/release/virtio_netd iso_root_410643079/drivers/virtio_netd
$ cp target/x86_64-unknown-thingos/release/rtl8168d iso_root_410643079/drivers/rtl8168d
$ cp target/x86_64-unknown-thingos/release/netd iso_root_410643079/bin/netd
$ cp target/x86_64-unknown-thingos/release/mesocarp iso_root_410643079/bin/mesocarp
$ cp target/x86_64-unknown-thingos/release/fetchd iso_root_410643079/bin/fetchd
$ cp target/x86_64-unknown-thingos/release/httpsd iso_root_410643079/bin/httpsd
$ cp target/x86_64-unknown-thingos/release/find iso_root_410643079/bin/find
$ cp target/x86_64-unknown-thingos/release/ip iso_root_410643079/bin/ip
$ cp target/x86_64-unknown-thingos/release/iso_reader iso_root_410643079/bin/iso_reader
$ cp target/x86_64-unknown-thingos/release/ping iso_root_410643079/bin/ping
$ cp target/x86_64-unknown-thingos/release/nslookup iso_root_410643079/bin/nslookup
$ cp target/x86_64-unknown-thingos/release/ahci_disk iso_root_410643079/drivers/ahci_disk
$ cp target/x86_64-unknown-thingos/release/ata_disk iso_root_410643079/drivers/ata_disk
$ cp target/x86_64-unknown-thingos/release/iso9660d iso_root_410643079/bin/iso9660d
$ cp target/x86_64-unknown-thingos/release/fatd iso_root_410643079/bin/fatd
$ cp target/x86_64-unknown-thingos/release/virtio_sound iso_root_410643079/drivers/virtio_sound
$ cp target/x86_64-unknown-thingos/release/hdaudio iso_root_410643079/drivers/hdaudio
$ cp target/x86_64-unknown-thingos/release/pci_stubd iso_root_410643079/drivers/pci_stubd
$ cp target/x86_64-unknown-thingos/release/xhci iso_root_410643079/drivers/xhci
$ cp target/x86_64-unknown-thingos/release/chime iso_root_410643079/drivers/chime
$ cp target/x86_64-unknown-thingos/release/vfs_hello iso_root_410643079/bin/vfs_hello
$ cp target/x86_64-unknown-thingos/release/show_args iso_root_410643079/bin/show_args
$ cp target/x86_64-unknown-thingos/release/clock iso_root_410643079/bin/clock
$ cp target/x86_64-unknown-thingos/release/leaf iso_root_410643079/bin/leaf
$ cp target/x86_64-unknown-thingos/release/env_roundtrip iso_root_410643079/bin/env_roundtrip
$ cp target/x86_64-unknown-thingos/release/cwd_test iso_root_410643079/bin/cwd_test
$ cp target/x86_64-unknown-thingos/release/date iso_root_410643079/bin/date
$ cp target/x86_64-unknown-thingos/release/wayland_hello iso_root_410643079/bin/wayland_hello
$ cp target/x86_64-unknown-thingos/release/terminal iso_root_410643079/bin/terminal
$ cp target/x86_64-unknown-thingos/release/tee iso_root_410643079/bin/tee
$ cp target/x86_64-unknown-thingos/release/xargs iso_root_410643079/bin/xargs
$ cp target/x86_64-unknown-thingos/release/placed iso_root_410643079/bin/placed
$ cp target/x86_64-unknown-thingos/release/bloom iso_root_410643079/bin/bloom
$ cp target/x86_64-unknown-thingos/release/clear iso_root_410643079/bin/clear
$ cp target/x86_64-unknown-thingos/release/loglevel iso_root_410643079/bin/loglevel
$ cp target/x86_64-unknown-thingos/release/poll_mux iso_root_410643079/bin/poll_mux
$ cp target/x86_64-unknown-thingos/release/ipc_service_demo iso_root_410643079/bin/ipc_service_demo
$ cp target/x86_64-unknown-thingos/release/ipc_pipe_demo iso_root_410643079/bin/ipc_pipe_demo
$ cp target/x86_64-unknown-thingos/release/ipc_provider_demo iso_root_410643079/bin/ipc_provider_demo
$ cp target/x86_64-unknown-thingos/release/vfs_test_provider iso_root_410643079/bin/vfs_test_provider
$ cp target/x86_64-unknown-thingos/release/ipc_memfd_demo iso_root_410643079/bin/ipc_memfd_demo
$ cp target/x86_64-unknown-thingos/release/test_exec iso_root_410643079/bin/test_exec
$ cp target/x86_64-unknown-thingos/release/test_vm_protect iso_root_410643079/bin/test_vm_protect
$ cp target/x86_64-unknown-thingos/release/test_exec_env iso_root_410643079/bin/test_exec_env
$ cp target/x86_64-unknown-thingos/release/test_threads iso_root_410643079/bin/test_threads
$ cp target/x86_64-unknown-thingos/release/test_futex iso_root_410643079/bin/test_futex
$ cp target/x86_64-unknown-thingos/release/ld_so iso_root_410643079/bin/ld_so
$ cp target/x86_64-unknown-thingos/release/test_dyn_loader iso_root_410643079/bin/test_dyn_loader
$ cp target/x86_64-unknown-thingos/release/test_dlopen iso_root_410643079/bin/test_dlopen
$ cp target/x86_64-unknown-thingos/release/reboot iso_root_410643079/bin/reboot
$ cp target/x86_64-unknown-thingos/release/shutdown iso_root_410643079/bin/shutdown
$ cp target/x86_64-unknown-thingos/release/attr_list iso_root_410643079/bin/attr_list
$ cp target/x86_64-unknown-thingos/release/attr_get iso_root_410643079/bin/attr_get
$ cp target/x86_64-unknown-thingos/release/attr_set iso_root_410643079/bin/attr_set
$ cp target/x86_64-unknown-thingos/release/attr_rm iso_root_410643079/bin/attr_rm
Building pistil ...
$ cargo -Z build-std=core,alloc,std,panic_abort -Z build-std-features=compiler-builtins-mem -Z json-target-spec build --target /home/dancxjo/src/thingos/targets/x86_64-unknown-thingos.json --profile release -p pistil
    Finished `release` profile [optimized] target(s) in 0.25s
$ cp target/x86_64-unknown-thingos/release/deps/libpistil.so iso_root_410643079/lib/libpistil.so
--- DEBUG: Generated limine.conf ---
timeout: 3
quiet: yes
verbose: no
serial: yes
interface_branding: yes
interface_help: no
interface_background: 121212
interface_foreground: cccccc
interface_active_background: 333333
interface_active_foreground: ffffff
menu_hidden: yes

/ThingOS
    protocol: limine
    resolution: 1920x1080
    kernel_path: boot():/boot/kernel
    kernel_cmdline: loglevel=5
    module_path: boot():/bin/sprout
    module_cmdline: init
    module_path: boot():/bin/bristle
    module_path: boot():/drivers/rtc_cmos
    module_cmdline: init
    module_path: boot():/drivers/hwrng
    module_cmdline: init
    module_path: boot():/drivers/ps2_kbd
    module_path: boot():/bin/sh
    module_cmdline: init
    module_path: boot():/bin/ls
    module_cmdline: init
    module_path: boot():/bin/lsusb
    module_cmdline: init
    module_path: boot():/bin/lspci
    module_cmdline: init
    module_path: boot():/bin/ln
    module_cmdline: init
    module_path: boot():/bin/ps
    module_cmdline: init
    module_path: boot():/bin/kill
    module_cmdline: init
    module_path: boot():/bin/killall
    module_cmdline: init
    module_path: boot():/bin/cat
    module_cmdline: init
    module_path: boot():/bin/head
    module_cmdline: init
    module_path: boot():/bin/tail
    module_cmdline: init
    module_path: boot():/bin/top
    module_cmdline: init
    module_path: boot():/bin/wc
    module_cmdline: init
    module_path: boot():/bin/yes
    module_cmdline: init
    module_path: boot():/bin/which
    module_cmdline: init
    module_path: boot():/bin/cp
    module_cmdline: init
    module_path: boot():/bin/mv
    module_cmdline: init
    module_path: boot():/bin/rm
    module_cmdline: init
    module_path: boot():/bin/rmdir
    module_cmdline: init
    module_path: boot():/bin/mkdir
    module_cmdline: init
    module_path: boot():/bin/mount
    module_cmdline: init
    module_path: boot():/bin/echo
    module_cmdline: init
    module_path: boot():/bin/printf
    module_cmdline: init
    module_path: boot():/bin/grep
    module_cmdline: init
    module_path: boot():/bin/pwd
    module_cmdline: init
    module_path: boot():/bin/touch
    module_cmdline: init
    module_path: boot():/bin/setshell
    module_cmdline: init
    module_path: boot():/bin/dmesg
    module_cmdline: init
    module_path: boot():/bin/stat
    module_cmdline: init
    module_path: boot():/bin/file
    module_cmdline: init
    module_path: boot():/bin/dirname
    module_cmdline: init
    module_path: boot():/bin/basename
    module_cmdline: init
    module_path: boot():/bin/sleep
    module_cmdline: init
    module_path: boot():/bin/sort
    module_cmdline: init
    module_path: boot():/bin/env
    module_cmdline: init
    module_path: boot():/bin/uname
    module_path: boot():/bin/true
    module_path: boot():/bin/false
    module_path: boot():/bin/input_echo
    module_path: boot():/drivers/ps2_mouse
    module_path: boot():/drivers/display_bootfb
    module_path: boot():/drivers/display_virtio_gpu
    module_path: boot():/bin/cambium
    module_path: boot():/drivers/virtio_netd
    module_path: boot():/drivers/rtl8168d
    module_path: boot():/bin/netd
    module_path: boot():/bin/mesocarp
    module_path: boot():/bin/mdns
    module_path: boot():/bin/mdnsd
    module_path: boot():/bin/fetchd
    module_path: boot():/bin/httpsd
    module_path: boot():/bin/find
    module_path: boot():/bin/ip
    module_path: boot():/bin/iso_reader
    module_path: boot():/bin/ping
    module_path: boot():/bin/nslookup
    module_path: boot():/drivers/ahci_disk
    module_path: boot():/drivers/ata_disk
    module_path: boot():/bin/iso9660d
    module_path: boot():/bin/fatd
    module_path: boot():/drivers/virtio_sound
    module_path: boot():/drivers/hdaudio
    module_path: boot():/drivers/pci_stubd
    module_path: boot():/drivers/xhci
    module_path: boot():/drivers/chime
    module_path: boot():/bin/vfs_hello
    module_path: boot():/bin/show_args
    module_path: boot():/bin/clock
    module_path: boot():/bin/leaf
    module_path: boot():/bin/env_roundtrip
    module_path: boot():/bin/cwd_test
    module_path: boot():/bin/date
    module_path: boot():/bin/wayland_hello
    module_path: boot():/bin/terminal
    module_path: boot():/bin/tee
    module_path: boot():/bin/xargs
    module_path: boot():/bin/placed
    module_path: boot():/bin/bloom
    module_path: boot():/bin/clear
    module_path: boot():/bin/loglevel
    module_path: boot():/bin/poll_mux
    module_path: boot():/bin/ipc_service_demo
    module_path: boot():/bin/ipc_pipe_demo
    module_path: boot():/bin/ipc_provider_demo
    module_path: boot():/bin/vfs_test_provider
    module_path: boot():/bin/ipc_memfd_demo
    module_path: boot():/bin/test_exec
    module_path: boot():/bin/test_vm_protect
    module_path: boot():/bin/test_exec_env
    module_path: boot():/bin/test_threads
    module_path: boot():/bin/test_futex
    module_path: boot():/bin/ld_so
    module_path: boot():/bin/test_dyn_loader
    module_path: boot():/bin/test_dlopen
    module_path: boot():/bin/reboot
    module_path: boot():/bin/shutdown
    module_path: boot():/bin/attr_list
    module_path: boot():/bin/attr_get
    module_path: boot():/bin/attr_set
    module_path: boot():/bin/attr_rm
    module_path: boot():/lib/libpistil.so
    module_path: boot():/share/wallpapers/clouds.bmp
    module_path: boot():/share/wallpapers/flower.bmp
    module_path: boot():/share/wallpapers/flower.png
    module_path: boot():/share/wallpapers/leather.bmp
    module_path: boot():/share/wallpapers/linen.bmp
    module_path: boot():/share/fonts/DSEG7Classic-Regular.ttf
    module_path: boot():/share/fonts/Hack-Regular.ttf
    module_path: boot():/share/fonts/Inter-Regular.ttf
    module_path: boot():/share/fonts/Iosevka-Regular.ttf
    module_path: boot():/share/fonts/JetBrainsMono-Regular.ttf
    module_path: boot():/share/fonts/NotoSans-Regular.ttf
    module_path: boot():/share/fonts/NotoSansSymbol-Regular.ttf
    module_path: boot():/share/fonts/NotoSansSymbol2-Regular.ttf
    module_path: boot():/share/fonts/NotoSerif-Regular.ttf
    module_path: boot():/share/themes/solarized_warm.toml
    module_path: boot():/share/cursors/future/alias.svg
    module_path: boot():/share/cursors/future/all-scroll.svg
    module_path: boot():/share/cursors/future/bottom_left_corner.svg
    module_path: boot():/share/cursors/future/bottom_right_corner.svg
    module_path: boot():/share/cursors/future/bottom_side.svg
    module_path: boot():/share/cursors/future/cell.svg
    module_path: boot():/share/cursors/future/center_ptr.svg
    module_path: boot():/share/cursors/future/col-resize.svg
    module_path: boot():/share/cursors/future/color-picker.svg
    module_path: boot():/share/cursors/future/context-menu.svg
    module_path: boot():/share/cursors/future/copy.svg
    module_path: boot():/share/cursors/future/crosshair.svg
    module_path: boot():/share/cursors/future/default.svg
    module_path: boot():/share/cursors/future/dnd-move.svg
    module_path: boot():/share/cursors/future/dnd-no-drop.svg
    module_path: boot():/share/cursors/future/down-arrow.svg
    module_path: boot():/share/cursors/future/draft.svg
    module_path: boot():/share/cursors/future/fleur.svg
    module_path: boot():/share/cursors/future/help.svg
    module_path: boot():/share/cursors/future/left-arrow.svg
    module_path: boot():/share/cursors/future/left_side.svg
    module_path: boot():/share/cursors/future/no-drop.svg
    module_path: boot():/share/cursors/future/not-allowed.svg
    module_path: boot():/share/cursors/future/openhand.svg
    module_path: boot():/share/cursors/future/pencil.svg
    module_path: boot():/share/cursors/future/pirate.svg
    module_path: boot():/share/cursors/future/pointer.svg
    module_path: boot():/share/cursors/future/progress-01.svg
    module_path: boot():/share/cursors/future/progress-02.svg
    module_path: boot():/share/cursors/future/progress-03.svg
    module_path: boot():/share/cursors/future/progress-04.svg
    module_path: boot():/share/cursors/future/progress-05.svg
    module_path: boot():/share/cursors/future/progress-06.svg
    module_path: boot():/share/cursors/future/progress-07.svg
    module_path: boot():/share/cursors/future/progress-08.svg
    module_path: boot():/share/cursors/future/progress-09.svg
    module_path: boot():/share/cursors/future/progress-10.svg
    module_path: boot():/share/cursors/future/progress-11.svg
    module_path: boot():/share/cursors/future/progress-12.svg
    module_path: boot():/share/cursors/future/progress-13.svg
    module_path: boot():/share/cursors/future/progress-14.svg
    module_path: boot():/share/cursors/future/progress-15.svg
    module_path: boot():/share/cursors/future/progress-16.svg
    module_path: boot():/share/cursors/future/progress-17.svg
    module_path: boot():/share/cursors/future/progress-18.svg
    module_path: boot():/share/cursors/future/progress-19.svg
    module_path: boot():/share/cursors/future/progress-20.svg
    module_path: boot():/share/cursors/future/progress-21.svg
    module_path: boot():/share/cursors/future/progress-22.svg
    module_path: boot():/share/cursors/future/progress-23.svg
    module_path: boot():/share/cursors/future/progress.svg
    module_path: boot():/share/cursors/future/right-arrow.svg
    module_path: boot():/share/cursors/future/right_ptr.svg
    module_path: boot():/share/cursors/future/right_side.svg
    module_path: boot():/share/cursors/future/row-resize.svg
    module_path: boot():/share/cursors/future/size_bdiag.svg
    module_path: boot():/share/cursors/future/size_fdiag.svg
    module_path: boot():/share/cursors/future/size_hor.svg
    module_path: boot():/share/cursors/future/size_ver.svg
    module_path: boot():/share/cursors/future/text.svg
    module_path: boot():/share/cursors/future/top_left_corner.svg
    module_path: boot():/share/cursors/future/top_right_corner.svg
    module_path: boot():/share/cursors/future/top_side.svg
    module_path: boot():/share/cursors/future/up-arrow.svg
    module_path: boot():/share/cursors/future/vertical-text.svg
    module_path: boot():/share/cursors/future/wait-01.svg
    module_path: boot():/share/cursors/future/wait-02.svg
    module_path: boot():/share/cursors/future/wait-03.svg
    module_path: boot():/share/cursors/future/wait-04.svg
    module_path: boot():/share/cursors/future/wait-05.svg
    module_path: boot():/share/cursors/future/wait-06.svg
    module_path: boot():/share/cursors/future/wait-07.svg
    module_path: boot():/share/cursors/future/wait-08.svg
    module_path: boot():/share/cursors/future/wait-09.svg
    module_path: boot():/share/cursors/future/wait-10.svg
    module_path: boot():/share/cursors/future/wait-11.svg
    module_path: boot():/share/cursors/future/wait-12.svg
    module_path: boot():/share/cursors/future/wait-13.svg
    module_path: boot():/share/cursors/future/wait-14.svg
    module_path: boot():/share/cursors/future/wait-15.svg
    module_path: boot():/share/cursors/future/wait-16.svg
    module_path: boot():/share/cursors/future/wait-17.svg
    module_path: boot():/share/cursors/future/wait-18.svg
    module_path: boot():/share/cursors/future/wait-19.svg
    module_path: boot():/share/cursors/future/wait-20.svg
    module_path: boot():/share/cursors/future/wait-21.svg
    module_path: boot():/share/cursors/future/wait-22.svg
    module_path: boot():/share/cursors/future/wait-23.svg
    module_path: boot():/share/cursors/future/wait.svg
    module_path: boot():/share/cursors/future/wayland-cursor.svg
    module_path: boot():/share/cursors/future/x-cursor.svg
    module_path: boot():/share/cursors/future/zoom-in.svg
    module_path: boot():/share/cursors/future/zoom-out.svg
    module_path: boot():/share/fonts/unifont.hex
    module_path: boot():/etc/locale.conf
    module_path: boot():/etc/profile
    module_path: boot():/etc/motd
    module_path: boot():/etc/fstab
    module_path: boot():/etc/hostname

/ThingOS (BootFB Fallback)
    protocol: limine
    resolution: 1920x1080
    kernel_path: boot():/boot/kernel
    kernel_cmdline: loglevel=5 display=bootfb
    module_path: boot():/bin/sprout
    module_cmdline: init
    module_path: boot():/bin/bristle
    module_path: boot():/drivers/rtc_cmos
    module_cmdline: init
    module_path: boot():/drivers/hwrng
    module_cmdline: init
    module_path: boot():/drivers/ps2_kbd
    module_path: boot():/bin/sh
    module_cmdline: init
    module_path: boot():/bin/ls
    module_cmdline: init
    module_path: boot():/bin/lsusb
    module_cmdline: init
    module_path: boot():/bin/lspci
    module_cmdline: init
    module_path: boot():/bin/ln
    module_cmdline: init
    module_path: boot():/bin/ps
    module_cmdline: init
    module_path: boot():/bin/kill
    module_cmdline: init
    module_path: boot():/bin/killall
    module_cmdline: init
    module_path: boot():/bin/cat
    module_cmdline: init
    module_path: boot():/bin/head
    module_cmdline: init
    module_path: boot():/bin/tail
    module_cmdline: init
    module_path: boot():/bin/top
    module_cmdline: init
    module_path: boot():/bin/wc
    module_cmdline: init
    module_path: boot():/bin/yes
    module_cmdline: init
    module_path: boot():/bin/which
    module_cmdline: init
    module_path: boot():/bin/cp
    module_cmdline: init
    module_path: boot():/bin/mv
    module_cmdline: init
    module_path: boot():/bin/rm
    module_cmdline: init
    module_path: boot():/bin/rmdir
    module_cmdline: init
    module_path: boot():/bin/mkdir
    module_cmdline: init
    module_path: boot():/bin/mount
    module_cmdline: init
    module_path: boot():/bin/echo
    module_cmdline: init
    module_path: boot():/bin/printf
    module_cmdline: init
    module_path: boot():/bin/grep
    module_cmdline: init
    module_path: boot():/bin/pwd
    module_cmdline: init
    module_path: boot():/bin/touch
    module_cmdline: init
    module_path: boot():/bin/setshell
    module_cmdline: init
    module_path: boot():/bin/dmesg
    module_cmdline: init
    module_path: boot():/bin/stat
    module_cmdline: init
    module_path: boot():/bin/file
    module_cmdline: init
    module_path: boot():/bin/dirname
    module_cmdline: init
    module_path: boot():/bin/basename
    module_cmdline: init
    module_path: boot():/bin/sleep
    module_cmdline: init
    module_path: boot():/bin/sort
    module_cmdline: init
    module_path: boot():/bin/env
    module_cmdline: init
    module_path: boot():/bin/uname
    module_path: boot():/bin/true
    module_path: boot():/bin/false
    module_path: boot():/bin/input_echo
    module_path: boot():/drivers/ps2_mouse
    module_path: boot():/drivers/display_bootfb
    module_path: boot():/bin/cambium
    module_path: boot():/drivers/virtio_netd
    module_path: boot():/drivers/rtl8168d
    module_path: boot():/bin/netd
    module_path: boot():/bin/mesocarp
    module_path: boot():/bin/mdns
    module_path: boot():/bin/mdnsd
    module_path: boot():/bin/fetchd
    module_path: boot():/bin/httpsd
    module_path: boot():/bin/find
    module_path: boot():/bin/ip
    module_path: boot():/bin/iso_reader
    module_path: boot():/bin/ping
    module_path: boot():/bin/nslookup
    module_path: boot():/drivers/ahci_disk
    module_path: boot():/drivers/ata_disk
    module_path: boot():/bin/iso9660d
    module_path: boot():/bin/fatd
    module_path: boot():/drivers/virtio_sound
    module_path: boot():/drivers/hdaudio
    module_path: boot():/drivers/pci_stubd
    module_path: boot():/drivers/xhci
    module_path: boot():/drivers/chime
    module_path: boot():/bin/vfs_hello
    module_path: boot():/bin/show_args
    module_path: boot():/bin/clock
    module_path: boot():/bin/leaf
    module_path: boot():/bin/env_roundtrip
    module_path: boot():/bin/cwd_test
    module_path: boot():/bin/date
    module_path: boot():/bin/wayland_hello
    module_path: boot():/bin/terminal
    module_path: boot():/bin/tee
    module_path: boot():/bin/xargs
    module_path: boot():/bin/placed
    module_path: boot():/bin/bloom
    module_path: boot():/bin/clear
    module_path: boot():/bin/loglevel
    module_path: boot():/bin/poll_mux
    module_path: boot():/bin/ipc_service_demo
    module_path: boot():/bin/ipc_pipe_demo
    module_path: boot():/bin/ipc_provider_demo
    module_path: boot():/bin/vfs_test_provider
    module_path: boot():/bin/ipc_memfd_demo
    module_path: boot():/bin/test_exec
    module_path: boot():/bin/test_vm_protect
    module_path: boot():/bin/test_exec_env
    module_path: boot():/bin/test_threads
    module_path: boot():/bin/test_futex
    module_path: boot():/bin/ld_so
    module_path: boot():/bin/test_dyn_loader
    module_path: boot():/bin/test_dlopen
    module_path: boot():/bin/reboot
    module_path: boot():/bin/shutdown
    module_path: boot():/bin/attr_list
    module_path: boot():/bin/attr_get
    module_path: boot():/bin/attr_set
    module_path: boot():/bin/attr_rm
    module_path: boot():/lib/libpistil.so
    module_path: boot():/share/wallpapers/clouds.bmp
    module_path: boot():/share/wallpapers/flower.bmp
    module_path: boot():/share/wallpapers/flower.png
    module_path: boot():/share/wallpapers/leather.bmp
    module_path: boot():/share/wallpapers/linen.bmp
    module_path: boot():/share/fonts/DSEG7Classic-Regular.ttf
    module_path: boot():/share/fonts/Hack-Regular.ttf
    module_path: boot():/share/fonts/Inter-Regular.ttf
    module_path: boot():/share/fonts/Iosevka-Regular.ttf
    module_path: boot():/share/fonts/JetBrainsMono-Regular.ttf
    module_path: boot():/share/fonts/NotoSans-Regular.ttf
    module_path: boot():/share/fonts/NotoSansSymbol-Regular.ttf
    module_path: boot():/share/fonts/NotoSansSymbol2-Regular.ttf
    module_path: boot():/share/fonts/NotoSerif-Regular.ttf
    module_path: boot():/share/themes/solarized_warm.toml
    module_path: boot():/share/cursors/future/alias.svg
    module_path: boot():/share/cursors/future/all-scroll.svg
    module_path: boot():/share/cursors/future/bottom_left_corner.svg
    module_path: boot():/share/cursors/future/bottom_right_corner.svg
    module_path: boot():/share/cursors/future/bottom_side.svg
    module_path: boot():/share/cursors/future/cell.svg
    module_path: boot():/share/cursors/future/center_ptr.svg
    module_path: boot():/share/cursors/future/col-resize.svg
    module_path: boot():/share/cursors/future/color-picker.svg
    module_path: boot():/share/cursors/future/context-menu.svg
    module_path: boot():/share/cursors/future/copy.svg
    module_path: boot():/share/cursors/future/crosshair.svg
    module_path: boot():/share/cursors/future/default.svg
    module_path: boot():/share/cursors/future/dnd-move.svg
    module_path: boot():/share/cursors/future/dnd-no-drop.svg
    module_path: boot():/share/cursors/future/down-arrow.svg
    module_path: boot():/share/cursors/future/draft.svg
    module_path: boot():/share/cursors/future/fleur.svg
    module_path: boot():/share/cursors/future/help.svg
    module_path: boot():/share/cursors/future/left-arrow.svg
    module_path: boot():/share/cursors/future/left_side.svg
    module_path: boot():/share/cursors/future/no-drop.svg
    module_path: boot():/share/cursors/future/not-allowed.svg
    module_path: boot():/share/cursors/future/openhand.svg
    module_path: boot():/share/cursors/future/pencil.svg
    module_path: boot():/share/cursors/future/pirate.svg
    module_path: boot():/share/cursors/future/pointer.svg
    module_path: boot():/share/cursors/future/progress-01.svg
    module_path: boot():/share/cursors/future/progress-02.svg
    module_path: boot():/share/cursors/future/progress-03.svg
    module_path: boot():/share/cursors/future/progress-04.svg
    module_path: boot():/share/cursors/future/progress-05.svg
    module_path: boot():/share/cursors/future/progress-06.svg
    module_path: boot():/share/cursors/future/progress-07.svg
    module_path: boot():/share/cursors/future/progress-08.svg
    module_path: boot():/share/cursors/future/progress-09.svg
    module_path: boot():/share/cursors/future/progress-10.svg
    module_path: boot():/share/cursors/future/progress-11.svg
    module_path: boot():/share/cursors/future/progress-12.svg
    module_path: boot():/share/cursors/future/progress-13.svg
    module_path: boot():/share/cursors/future/progress-14.svg
    module_path: boot():/share/cursors/future/progress-15.svg
    module_path: boot():/share/cursors/future/progress-16.svg
    module_path: boot():/share/cursors/future/progress-17.svg
    module_path: boot():/share/cursors/future/progress-18.svg
    module_path: boot():/share/cursors/future/progress-19.svg
    module_path: boot():/share/cursors/future/progress-20.svg
    module_path: boot():/share/cursors/future/progress-21.svg
    module_path: boot():/share/cursors/future/progress-22.svg
    module_path: boot():/share/cursors/future/progress-23.svg
    module_path: boot():/share/cursors/future/progress.svg
    module_path: boot():/share/cursors/future/right-arrow.svg
    module_path: boot():/share/cursors/future/right_ptr.svg
    module_path: boot():/share/cursors/future/right_side.svg
    module_path: boot():/share/cursors/future/row-resize.svg
    module_path: boot():/share/cursors/future/size_bdiag.svg
    module_path: boot():/share/cursors/future/size_fdiag.svg
    module_path: boot():/share/cursors/future/size_hor.svg
    module_path: boot():/share/cursors/future/size_ver.svg
    module_path: boot():/share/cursors/future/text.svg
    module_path: boot():/share/cursors/future/top_left_corner.svg
    module_path: boot():/share/cursors/future/top_right_corner.svg
    module_path: boot():/share/cursors/future/top_side.svg
    module_path: boot():/share/cursors/future/up-arrow.svg
    module_path: boot():/share/cursors/future/vertical-text.svg
    module_path: boot():/share/cursors/future/wait-01.svg
    module_path: boot():/share/cursors/future/wait-02.svg
    module_path: boot():/share/cursors/future/wait-03.svg
    module_path: boot():/share/cursors/future/wait-04.svg
    module_path: boot():/share/cursors/future/wait-05.svg
    module_path: boot():/share/cursors/future/wait-06.svg
    module_path: boot():/share/cursors/future/wait-07.svg
    module_path: boot():/share/cursors/future/wait-08.svg
    module_path: boot():/share/cursors/future/wait-09.svg
    module_path: boot():/share/cursors/future/wait-10.svg
    module_path: boot():/share/cursors/future/wait-11.svg
    module_path: boot():/share/cursors/future/wait-12.svg
    module_path: boot():/share/cursors/future/wait-13.svg
    module_path: boot():/share/cursors/future/wait-14.svg
    module_path: boot():/share/cursors/future/wait-15.svg
    module_path: boot():/share/cursors/future/wait-16.svg
    module_path: boot():/share/cursors/future/wait-17.svg
    module_path: boot():/share/cursors/future/wait-18.svg
    module_path: boot():/share/cursors/future/wait-19.svg
    module_path: boot():/share/cursors/future/wait-20.svg
    module_path: boot():/share/cursors/future/wait-21.svg
    module_path: boot():/share/cursors/future/wait-22.svg
    module_path: boot():/share/cursors/future/wait-23.svg
    module_path: boot():/share/cursors/future/wait.svg
    module_path: boot():/share/cursors/future/wayland-cursor.svg
    module_path: boot():/share/cursors/future/x-cursor.svg
    module_path: boot():/share/cursors/future/zoom-in.svg
    module_path: boot():/share/cursors/future/zoom-out.svg
    module_path: boot():/share/fonts/unifont.hex
    module_path: boot():/etc/locale.conf
    module_path: boot():/etc/profile
    module_path: boot():/etc/motd
    module_path: boot():/etc/fstab
    module_path: boot():/etc/hostname

/ThingOS (Safe Shell)
    protocol: limine
    resolution: 1920x1080
    kernel_path: boot():/boot/kernel
    kernel_cmdline: loglevel=5 display=bootfb sprout.safe=sh sprout.active_ui=terminal
    module_path: boot():/bin/sprout
    module_cmdline: init
    module_path: boot():/bin/sh
    module_path: boot():/bin/terminal
    module_path: boot():/share/fonts/unifont.hex
    module_path: boot():/etc/locale.conf
    module_path: boot():/etc/profile
    module_path: boot():/etc/motd
    module_path: boot():/etc/fstab
    module_path: boot():/etc/hostname

/ThingOS (Debug)
    protocol: limine
    resolution: 1920x1080
    kernel_path: boot():/boot/kernel
    kernel_cmdline: loglevel=4
    module_path: boot():/bin/sprout
    module_cmdline: init
    module_path: boot():/bin/bristle
    module_path: boot():/drivers/rtc_cmos
    module_cmdline: init
    module_path: boot():/drivers/hwrng
    module_cmdline: init
    module_path: boot():/drivers/ps2_kbd
    module_path: boot():/bin/sh
    module_cmdline: init
    module_path: boot():/bin/ls
    module_cmdline: init
    module_path: boot():/bin/lsusb
    module_cmdline: init
    module_path: boot():/bin/lspci
    module_cmdline: init
    module_path: boot():/bin/ln
    module_cmdline: init
    module_path: boot():/bin/ps
    module_cmdline: init
    module_path: boot():/bin/kill
    module_cmdline: init
    module_path: boot():/bin/killall
    module_cmdline: init
    module_path: boot():/bin/cat
    module_cmdline: init
    module_path: boot():/bin/head
    module_cmdline: init
    module_path: boot():/bin/tail
    module_cmdline: init
    module_path: boot():/bin/top
    module_cmdline: init
    module_path: boot():/bin/wc
    module_cmdline: init
    module_path: boot():/bin/yes
    module_cmdline: init
    module_path: boot():/bin/which
    module_cmdline: init
    module_path: boot():/bin/cp
    module_cmdline: init
    module_path: boot():/bin/mv
    module_cmdline: init
    module_path: boot():/bin/rm
    module_cmdline: init
    module_path: boot():/bin/rmdir
    module_cmdline: init
    module_path: boot():/bin/mkdir
    module_cmdline: init
    module_path: boot():/bin/mount
    module_cmdline: init
    module_path: boot():/bin/echo
    module_cmdline: init
    module_path: boot():/bin/printf
    module_cmdline: init
    module_path: boot():/bin/grep
    module_cmdline: init
    module_path: boot():/bin/pwd
    module_cmdline: init
    module_path: boot():/bin/touch
    module_cmdline: init
    module_path: boot():/bin/setshell
    module_cmdline: init
    module_path: boot():/bin/dmesg
    module_cmdline: init
    module_path: boot():/bin/stat
    module_cmdline: init
    module_path: boot():/bin/file
    module_cmdline: init
    module_path: boot():/bin/dirname
    module_cmdline: init
    module_path: boot():/bin/basename
    module_cmdline: init
    module_path: boot():/bin/sleep
    module_cmdline: init
    module_path: boot():/bin/sort
    module_cmdline: init
    module_path: boot():/bin/env
    module_cmdline: init
    module_path: boot():/bin/uname
    module_path: boot():/bin/true
    module_path: boot():/bin/false
    module_path: boot():/bin/input_echo
    module_path: boot():/drivers/ps2_mouse
    module_path: boot():/drivers/display_bootfb
    module_path: boot():/drivers/display_virtio_gpu
    module_path: boot():/bin/cambium
    module_path: boot():/drivers/virtio_netd
    module_path: boot():/drivers/rtl8168d
    module_path: boot():/bin/netd
    module_path: boot():/bin/mesocarp
    module_path: boot():/bin/mdns
    module_path: boot():/bin/mdnsd
    module_path: boot():/bin/fetchd
    module_path: boot():/bin/httpsd
    module_path: boot():/bin/find
    module_path: boot():/bin/ip
    module_path: boot():/bin/iso_reader
    module_path: boot():/bin/ping
    module_path: boot():/bin/nslookup
    module_path: boot():/drivers/ahci_disk
    module_path: boot():/drivers/ata_disk
    module_path: boot():/bin/iso9660d
    module_path: boot():/bin/fatd
    module_path: boot():/drivers/virtio_sound
    module_path: boot():/drivers/hdaudio
    module_path: boot():/drivers/pci_stubd
    module_path: boot():/drivers/xhci
    module_path: boot():/drivers/chime
    module_path: boot():/bin/vfs_hello
    module_path: boot():/bin/show_args
    module_path: boot():/bin/clock
    module_path: boot():/bin/leaf
    module_path: boot():/bin/env_roundtrip
    module_path: boot():/bin/cwd_test
    module_path: boot():/bin/date
    module_path: boot():/bin/wayland_hello
    module_path: boot():/bin/terminal
    module_path: boot():/bin/tee
    module_path: boot():/bin/xargs
    module_path: boot():/bin/placed
    module_path: boot():/bin/bloom
    module_path: boot():/bin/clear
    module_path: boot():/bin/loglevel
    module_path: boot():/bin/poll_mux
    module_path: boot():/bin/ipc_service_demo
    module_path: boot():/bin/ipc_pipe_demo
    module_path: boot():/bin/ipc_provider_demo
    module_path: boot():/bin/vfs_test_provider
    module_path: boot():/bin/ipc_memfd_demo
    module_path: boot():/bin/test_exec
    module_path: boot():/bin/test_vm_protect
    module_path: boot():/bin/test_exec_env
    module_path: boot():/bin/test_threads
    module_path: boot():/bin/test_futex
    module_path: boot():/bin/ld_so
    module_path: boot():/bin/test_dyn_loader
    module_path: boot():/bin/test_dlopen
    module_path: boot():/bin/reboot
    module_path: boot():/bin/shutdown
    module_path: boot():/bin/attr_list
    module_path: boot():/bin/attr_get
    module_path: boot():/bin/attr_set
    module_path: boot():/bin/attr_rm
    module_path: boot():/lib/libpistil.so
    module_path: boot():/share/wallpapers/clouds.bmp
    module_path: boot():/share/wallpapers/flower.bmp
    module_path: boot():/share/wallpapers/flower.png
    module_path: boot():/share/wallpapers/leather.bmp
    module_path: boot():/share/wallpapers/linen.bmp
    module_path: boot():/share/fonts/DSEG7Classic-Regular.ttf
    module_path: boot():/share/fonts/Hack-Regular.ttf
    module_path: boot():/share/fonts/Inter-Regular.ttf
    module_path: boot():/share/fonts/Iosevka-Regular.ttf
    module_path: boot():/share/fonts/JetBrainsMono-Regular.ttf
    module_path: boot():/share/fonts/NotoSans-Regular.ttf
    module_path: boot():/share/fonts/NotoSansSymbol-Regular.ttf
    module_path: boot():/share/fonts/NotoSansSymbol2-Regular.ttf
    module_path: boot():/share/fonts/NotoSerif-Regular.ttf
    module_path: boot():/share/themes/solarized_warm.toml
    module_path: boot():/share/cursors/future/alias.svg
    module_path: boot():/share/cursors/future/all-scroll.svg
    module_path: boot():/share/cursors/future/bottom_left_corner.svg
    module_path: boot():/share/cursors/future/bottom_right_corner.svg
    module_path: boot():/share/cursors/future/bottom_side.svg
    module_path: boot():/share/cursors/future/cell.svg
    module_path: boot():/share/cursors/future/center_ptr.svg
    module_path: boot():/share/cursors/future/col-resize.svg
    module_path: boot():/share/cursors/future/color-picker.svg
    module_path: boot():/share/cursors/future/context-menu.svg
    module_path: boot():/share/cursors/future/copy.svg
    module_path: boot():/share/cursors/future/crosshair.svg
    module_path: boot():/share/cursors/future/default.svg
    module_path: boot():/share/cursors/future/dnd-move.svg
    module_path: boot():/share/cursors/future/dnd-no-drop.svg
    module_path: boot():/share/cursors/future/down-arrow.svg
    module_path: boot():/share/cursors/future/draft.svg
    module_path: boot():/share/cursors/future/fleur.svg
    module_path: boot():/share/cursors/future/help.svg
    module_path: boot():/share/cursors/future/left-arrow.svg
    module_path: boot():/share/cursors/future/left_side.svg
    module_path: boot():/share/cursors/future/no-drop.svg
    module_path: boot():/share/cursors/future/not-allowed.svg
    module_path: boot():/share/cursors/future/openhand.svg
    module_path: boot():/share/cursors/future/pencil.svg
    module_path: boot():/share/cursors/future/pirate.svg
    module_path: boot():/share/cursors/future/pointer.svg
    module_path: boot():/share/cursors/future/progress-01.svg
    module_path: boot():/share/cursors/future/progress-02.svg
    module_path: boot():/share/cursors/future/progress-03.svg
    module_path: boot():/share/cursors/future/progress-04.svg
    module_path: boot():/share/cursors/future/progress-05.svg
    module_path: boot():/share/cursors/future/progress-06.svg
    module_path: boot():/share/cursors/future/progress-07.svg
    module_path: boot():/share/cursors/future/progress-08.svg
    module_path: boot():/share/cursors/future/progress-09.svg
    module_path: boot():/share/cursors/future/progress-10.svg
    module_path: boot():/share/cursors/future/progress-11.svg
    module_path: boot():/share/cursors/future/progress-12.svg
    module_path: boot():/share/cursors/future/progress-13.svg
    module_path: boot():/share/cursors/future/progress-14.svg
    module_path: boot():/share/cursors/future/progress-15.svg
    module_path: boot():/share/cursors/future/progress-16.svg
    module_path: boot():/share/cursors/future/progress-17.svg
    module_path: boot():/share/cursors/future/progress-18.svg
    module_path: boot():/share/cursors/future/progress-19.svg
    module_path: boot():/share/cursors/future/progress-20.svg
    module_path: boot():/share/cursors/future/progress-21.svg
    module_path: boot():/share/cursors/future/progress-22.svg
    module_path: boot():/share/cursors/future/progress-23.svg
    module_path: boot():/share/cursors/future/progress.svg
    module_path: boot():/share/cursors/future/right-arrow.svg
    module_path: boot():/share/cursors/future/right_ptr.svg
    module_path: boot():/share/cursors/future/right_side.svg
    module_path: boot():/share/cursors/future/row-resize.svg
    module_path: boot():/share/cursors/future/size_bdiag.svg
    module_path: boot():/share/cursors/future/size_fdiag.svg
    module_path: boot():/share/cursors/future/size_hor.svg
    module_path: boot():/share/cursors/future/size_ver.svg
    module_path: boot():/share/cursors/future/text.svg
    module_path: boot():/share/cursors/future/top_left_corner.svg
    module_path: boot():/share/cursors/future/top_right_corner.svg
    module_path: boot():/share/cursors/future/top_side.svg
    module_path: boot():/share/cursors/future/up-arrow.svg
    module_path: boot():/share/cursors/future/vertical-text.svg
    module_path: boot():/share/cursors/future/wait-01.svg
    module_path: boot():/share/cursors/future/wait-02.svg
    module_path: boot():/share/cursors/future/wait-03.svg
    module_path: boot():/share/cursors/future/wait-04.svg
    module_path: boot():/share/cursors/future/wait-05.svg
    module_path: boot():/share/cursors/future/wait-06.svg
    module_path: boot():/share/cursors/future/wait-07.svg
    module_path: boot():/share/cursors/future/wait-08.svg
    module_path: boot():/share/cursors/future/wait-09.svg
    module_path: boot():/share/cursors/future/wait-10.svg
    module_path: boot():/share/cursors/future/wait-11.svg
    module_path: boot():/share/cursors/future/wait-12.svg
    module_path: boot():/share/cursors/future/wait-13.svg
    module_path: boot():/share/cursors/future/wait-14.svg
    module_path: boot():/share/cursors/future/wait-15.svg
    module_path: boot():/share/cursors/future/wait-16.svg
    module_path: boot():/share/cursors/future/wait-17.svg
    module_path: boot():/share/cursors/future/wait-18.svg
    module_path: boot():/share/cursors/future/wait-19.svg
    module_path: boot():/share/cursors/future/wait-20.svg
    module_path: boot():/share/cursors/future/wait-21.svg
    module_path: boot():/share/cursors/future/wait-22.svg
    module_path: boot():/share/cursors/future/wait-23.svg
    module_path: boot():/share/cursors/future/wait.svg
    module_path: boot():/share/cursors/future/wayland-cursor.svg
    module_path: boot():/share/cursors/future/x-cursor.svg
    module_path: boot():/share/cursors/future/zoom-in.svg
    module_path: boot():/share/cursors/future/zoom-out.svg
    module_path: boot():/share/fonts/unifont.hex
    module_path: boot():/etc/locale.conf
    module_path: boot():/etc/profile
    module_path: boot():/etc/motd
    module_path: boot():/etc/fstab
    module_path: boot():/etc/hostname

/ThingOS (Trace)
    protocol: limine
    resolution: 1920x1080
    kernel_path: boot():/boot/kernel
    kernel_cmdline: loglevel=5
    module_path: boot():/bin/sprout
    module_cmdline: init
    module_path: boot():/bin/bristle
    module_path: boot():/drivers/rtc_cmos
    module_cmdline: init
    module_path: boot():/drivers/hwrng
    module_cmdline: init
    module_path: boot():/drivers/ps2_kbd
    module_path: boot():/bin/sh
    module_cmdline: init
    module_path: boot():/bin/ls
    module_cmdline: init
    module_path: boot():/bin/lsusb
    module_cmdline: init
    module_path: boot():/bin/lspci
    module_cmdline: init
    module_path: boot():/bin/ln
    module_cmdline: init
    module_path: boot():/bin/ps
    module_cmdline: init
    module_path: boot():/bin/kill
    module_cmdline: init
    module_path: boot():/bin/killall
    module_cmdline: init
    module_path: boot():/bin/cat
    module_cmdline: init
    module_path: boot():/bin/head
    module_cmdline: init
    module_path: boot():/bin/tail
    module_cmdline: init
    module_path: boot():/bin/top
    module_cmdline: init
    module_path: boot():/bin/wc
    module_cmdline: init
    module_path: boot():/bin/yes
    module_cmdline: init
    module_path: boot():/bin/which
    module_cmdline: init
    module_path: boot():/bin/cp
    module_cmdline: init
    module_path: boot():/bin/mv
    module_cmdline: init
    module_path: boot():/bin/rm
    module_cmdline: init
    module_path: boot():/bin/rmdir
    module_cmdline: init
    module_path: boot():/bin/mkdir
    module_cmdline: init
    module_path: boot():/bin/mount
    module_cmdline: init
    module_path: boot():/bin/echo
    module_cmdline: init
    module_path: boot():/bin/printf
    module_cmdline: init
    module_path: boot():/bin/grep
    module_cmdline: init
    module_path: boot():/bin/pwd
    module_cmdline: init
    module_path: boot():/bin/touch
    module_cmdline: init
    module_path: boot():/bin/setshell
    module_cmdline: init
    module_path: boot():/bin/dmesg
    module_cmdline: init
    module_path: boot():/bin/stat
    module_cmdline: init
    module_path: boot():/bin/file
    module_cmdline: init
    module_path: boot():/bin/dirname
    module_cmdline: init
    module_path: boot():/bin/basename
    module_cmdline: init
    module_path: boot():/bin/sleep
    module_cmdline: init
    module_path: boot():/bin/sort
    module_cmdline: init
    module_path: boot():/bin/env
    module_cmdline: init
    module_path: boot():/bin/uname
    module_path: boot():/bin/true
    module_path: boot():/bin/false
    module_path: boot():/bin/input_echo
    module_path: boot():/drivers/ps2_mouse
    module_path: boot():/drivers/display_bootfb
    module_path: boot():/drivers/display_virtio_gpu
    module_path: boot():/bin/cambium
    module_path: boot():/drivers/virtio_netd
    module_path: boot():/drivers/rtl8168d
    module_path: boot():/bin/netd
    module_path: boot():/bin/mesocarp
    module_path: boot():/bin/mdns
    module_path: boot():/bin/mdnsd
    module_path: boot():/bin/fetchd
    module_path: boot():/bin/httpsd
    module_path: boot():/bin/find
    module_path: boot():/bin/ip
    module_path: boot():/bin/iso_reader
    module_path: boot():/bin/ping
    module_path: boot():/bin/nslookup
    module_path: boot():/drivers/ahci_disk
    module_path: boot():/drivers/ata_disk
    module_path: boot():/bin/iso9660d
    module_path: boot():/bin/fatd
    module_path: boot():/drivers/virtio_sound
    module_path: boot():/drivers/hdaudio
    module_path: boot():/drivers/pci_stubd
    module_path: boot():/drivers/xhci
    module_path: boot():/drivers/chime
    module_path: boot():/bin/vfs_hello
    module_path: boot():/bin/show_args
    module_path: boot():/bin/clock
    module_path: boot():/bin/leaf
    module_path: boot():/bin/env_roundtrip
    module_path: boot():/bin/cwd_test
    module_path: boot():/bin/date
    module_path: boot():/bin/wayland_hello
    module_path: boot():/bin/terminal
    module_path: boot():/bin/tee
    module_path: boot():/bin/xargs
    module_path: boot():/bin/placed
    module_path: boot():/bin/bloom
    module_path: boot():/bin/clear
    module_path: boot():/bin/loglevel
    module_path: boot():/bin/poll_mux
    module_path: boot():/bin/ipc_service_demo
    module_path: boot():/bin/ipc_pipe_demo
    module_path: boot():/bin/ipc_provider_demo
    module_path: boot():/bin/vfs_test_provider
    module_path: boot():/bin/ipc_memfd_demo
    module_path: boot():/bin/test_exec
    module_path: boot():/bin/test_vm_protect
    module_path: boot():/bin/test_exec_env
    module_path: boot():/bin/test_threads
    module_path: boot():/bin/test_futex
    module_path: boot():/bin/ld_so
    module_path: boot():/bin/test_dyn_loader
    module_path: boot():/bin/test_dlopen
    module_path: boot():/bin/reboot
    module_path: boot():/bin/shutdown
    module_path: boot():/bin/attr_list
    module_path: boot():/bin/attr_get
    module_path: boot():/bin/attr_set
    module_path: boot():/bin/attr_rm
    module_path: boot():/lib/libpistil.so
    module_path: boot():/share/wallpapers/clouds.bmp
    module_path: boot():/share/wallpapers/flower.bmp
    module_path: boot():/share/wallpapers/flower.png
    module_path: boot():/share/wallpapers/leather.bmp
    module_path: boot():/share/wallpapers/linen.bmp
    module_path: boot():/share/fonts/DSEG7Classic-Regular.ttf
    module_path: boot():/share/fonts/Hack-Regular.ttf
    module_path: boot():/share/fonts/Inter-Regular.ttf
    module_path: boot():/share/fonts/Iosevka-Regular.ttf
    module_path: boot():/share/fonts/JetBrainsMono-Regular.ttf
    module_path: boot():/share/fonts/NotoSans-Regular.ttf
    module_path: boot():/share/fonts/NotoSansSymbol-Regular.ttf
    module_path: boot():/share/fonts/NotoSansSymbol2-Regular.ttf
    module_path: boot():/share/fonts/NotoSerif-Regular.ttf
    module_path: boot():/share/themes/solarized_warm.toml
    module_path: boot():/share/cursors/future/alias.svg
    module_path: boot():/share/cursors/future/all-scroll.svg
    module_path: boot():/share/cursors/future/bottom_left_corner.svg
    module_path: boot():/share/cursors/future/bottom_right_corner.svg
    module_path: boot():/share/cursors/future/bottom_side.svg
    module_path: boot():/share/cursors/future/cell.svg
    module_path: boot():/share/cursors/future/center_ptr.svg
    module_path: boot():/share/cursors/future/col-resize.svg
    module_path: boot():/share/cursors/future/color-picker.svg
    module_path: boot():/share/cursors/future/context-menu.svg
    module_path: boot():/share/cursors/future/copy.svg
    module_path: boot():/share/cursors/future/crosshair.svg
    module_path: boot():/share/cursors/future/default.svg
    module_path: boot():/share/cursors/future/dnd-move.svg
    module_path: boot():/share/cursors/future/dnd-no-drop.svg
    module_path: boot():/share/cursors/future/down-arrow.svg
    module_path: boot():/share/cursors/future/draft.svg
    module_path: boot():/share/cursors/future/fleur.svg
    module_path: boot():/share/cursors/future/help.svg
    module_path: boot():/share/cursors/future/left-arrow.svg
    module_path: boot():/share/cursors/future/left_side.svg
    module_path: boot():/share/cursors/future/no-drop.svg
    module_path: boot():/share/cursors/future/not-allowed.svg
    module_path: boot():/share/cursors/future/openhand.svg
    module_path: boot():/share/cursors/future/pencil.svg
    module_path: boot():/share/cursors/future/pirate.svg
    module_path: boot():/share/cursors/future/pointer.svg
    module_path: boot():/share/cursors/future/progress-01.svg
    module_path: boot():/share/cursors/future/progress-02.svg
    module_path: boot():/share/cursors/future/progress-03.svg
    module_path: boot():/share/cursors/future/progress-04.svg
    module_path: boot():/share/cursors/future/progress-05.svg
    module_path: boot():/share/cursors/future/progress-06.svg
    module_path: boot():/share/cursors/future/progress-07.svg
    module_path: boot():/share/cursors/future/progress-08.svg
    module_path: boot():/share/cursors/future/progress-09.svg
    module_path: boot():/share/cursors/future/progress-10.svg
    module_path: boot():/share/cursors/future/progress-11.svg
    module_path: boot():/share/cursors/future/progress-12.svg
    module_path: boot():/share/cursors/future/progress-13.svg
    module_path: boot():/share/cursors/future/progress-14.svg
    module_path: boot():/share/cursors/future/progress-15.svg
    module_path: boot():/share/cursors/future/progress-16.svg
    module_path: boot():/share/cursors/future/progress-17.svg
    module_path: boot():/share/cursors/future/progress-18.svg
    module_path: boot():/share/cursors/future/progress-19.svg
    module_path: boot():/share/cursors/future/progress-20.svg
    module_path: boot():/share/cursors/future/progress-21.svg
    module_path: boot():/share/cursors/future/progress-22.svg
    module_path: boot():/share/cursors/future/progress-23.svg
    module_path: boot():/share/cursors/future/progress.svg
    module_path: boot():/share/cursors/future/right-arrow.svg
    module_path: boot():/share/cursors/future/right_ptr.svg
    module_path: boot():/share/cursors/future/right_side.svg
    module_path: boot():/share/cursors/future/row-resize.svg
    module_path: boot():/share/cursors/future/size_bdiag.svg
    module_path: boot():/share/cursors/future/size_fdiag.svg
    module_path: boot():/share/cursors/future/size_hor.svg
    module_path: boot():/share/cursors/future/size_ver.svg
    module_path: boot():/share/cursors/future/text.svg
    module_path: boot():/share/cursors/future/top_left_corner.svg
    module_path: boot():/share/cursors/future/top_right_corner.svg
    module_path: boot():/share/cursors/future/top_side.svg
    module_path: boot():/share/cursors/future/up-arrow.svg
    module_path: boot():/share/cursors/future/vertical-text.svg
    module_path: boot():/share/cursors/future/wait-01.svg
    module_path: boot():/share/cursors/future/wait-02.svg
    module_path: boot():/share/cursors/future/wait-03.svg
    module_path: boot():/share/cursors/future/wait-04.svg
    module_path: boot():/share/cursors/future/wait-05.svg
    module_path: boot():/share/cursors/future/wait-06.svg
    module_path: boot():/share/cursors/future/wait-07.svg
    module_path: boot():/share/cursors/future/wait-08.svg
    module_path: boot():/share/cursors/future/wait-09.svg
    module_path: boot():/share/cursors/future/wait-10.svg
    module_path: boot():/share/cursors/future/wait-11.svg
    module_path: boot():/share/cursors/future/wait-12.svg
    module_path: boot():/share/cursors/future/wait-13.svg
    module_path: boot():/share/cursors/future/wait-14.svg
    module_path: boot():/share/cursors/future/wait-15.svg
    module_path: boot():/share/cursors/future/wait-16.svg
    module_path: boot():/share/cursors/future/wait-17.svg
    module_path: boot():/share/cursors/future/wait-18.svg
    module_path: boot():/share/cursors/future/wait-19.svg
    module_path: boot():/share/cursors/future/wait-20.svg
    module_path: boot():/share/cursors/future/wait-21.svg
    module_path: boot():/share/cursors/future/wait-22.svg
    module_path: boot():/share/cursors/future/wait-23.svg
    module_path: boot():/share/cursors/future/wait.svg
    module_path: boot():/share/cursors/future/wayland-cursor.svg
    module_path: boot():/share/cursors/future/x-cursor.svg
    module_path: boot():/share/cursors/future/zoom-in.svg
    module_path: boot():/share/cursors/future/zoom-out.svg
    module_path: boot():/share/fonts/unifont.hex
    module_path: boot():/etc/locale.conf
    module_path: boot():/etc/profile
    module_path: boot():/etc/motd
    module_path: boot():/etc/fstab
    module_path: boot():/etc/hostname

--- END DEBUG ---
$ xorriso -as mkisofs -R -J -b boot/limine/limine-bios-cd.bin -no-emul-boot -boot-load-size 4 -boot-info-table --efi-boot boot/limine/limine-uefi-cd.bin -efi-boot-part --efi-boot-image --protective-msdos-label iso_root_410643079 -o thing-os-x86_64-1777672967-410643079.iso
xorriso 1.5.6 : RockRidge filesystem manipulator, libburnia project.

Drive current: -outdev 'stdio:thing-os-x86_64-1777672967-410643079.iso'
Media current: stdio file, overwriteable
Media status : is blank
Media summary: 0 sessions, 0 data blocks, 0 data,  651g free
Added to ISO image: directory '/'='/home/dancxjo/src/thingos/iso_root_410643079'
xorriso : UPDATE :   16465 files added in 1 seconds
xorriso : UPDATE :   16465 files added in 1 seconds
libisofs: WARNING : Cannot add /share/icons/chicago95/actions/16/action-unavailable-symbolic.png to Joliet tree. Symlinks can only be added to a Rock Ridge tree.
libisofs: WARNING : More symbolic links were omitted from Joliet tree.
libisofs: WARNING : Number of symbolic links omitted from Joliet tree: 11035
xorriso : UPDATE :  62.75% done
ISO image produced: 66059 sectors
Written to medium : 66059 sectors at LBA 0
Writing to 'stdio:thing-os-x86_64-1777672967-410643079.iso' completed successfully.

$ ./vendor/limine/limine bios-install thing-os-x86_64-1777672967-410643079.iso
Physical block size of 512 bytes.
Installing to GPT. Logical block size of 512 bytes.
Secondary header at LBA 0x4082b.
Secondary header valid.
Detected ISOHYBRID with a GUID partition table (GPT).
Converting to MBR for improved compatibility...
Conversion successful.
No active partition found, some systems may not boot.
Setting partition 1 as active to work around the issue...
Installing to MBR.
Stage 2 to be located at byte offset 0x200.
Reminder: Remember to copy the limine-bios.sys file in either
          the root, /boot, /limine, or /boot/limine directories of
          one of the partitions on the device, or boot will fail!
Limine BIOS stages installed successfully.
ISO created: thing-os-x86_64-1777672967-410643079.iso
Running thing-os-x86_64 in QEMU...
$ qemu-system-x86_64 -M q35 -drive if=pflash,unit=0,format=raw,file=vendor/ovmf/ovmf-code-x86_64.fd,readonly=on -drive if=pflash,unit=1,format=raw,file=vendor/ovmf/ovmf-vars-x86_64.fd -cdrom thing-os-x86_64-1777672967-410643079.iso -no-reboot -device virtio-net-pci,netdev=n0,mac=52:54:00:12:34:56,disable-legacy=on -netdev user,id=n0,hostfwd=tcp::8888-:80,hostfwd=tcp::2323-:2323 -device virtio-vga -M q35,usb=off,vmport=off,i8042=on -audiodev pipewire,id=audio0 -device virtio-sound-pci,audiodev=audio0 -chardev stdio,id=char0,signal=off -serial chardev:char0 -m 2G -smp 4 -display none -qmp unix:/tmp/freeze-hunter-0003-z2qakmzi/qmp.sock,server=on,wait=off
[2J[01;01H[=3h[2J[01;01H[2J[01;01H[8;056;240t0[2J[01;01H[2J[01;01H[=3h[2J[01;01H[2J[01;01H[8;042;160t0[2J[01;01HBdsDxe: loading Boot0002 "UEFI QEMU DVD-ROM QM00005 " from PciRoot(0x0)/Pci(0x1F,0x2)/Sata(0x2,0xFFFF,0x0)
BdsDxe: starting Boot0002 "UEFI QEMU DVD-ROM QM00005 " from PciRoot(0x0)/Pci(0x1F,0x2)/Sata(0x2,0xFFFF,0x0)
[2J[01;01H[01;01H[2J[01;01H[01;01H[35150600199] [[32mINFO [0m] [kernel::boot_progress] [CPU0] boot_progress: milestone="Framebuffer Initialized"
[35184115857] [[35mTRACE[0m] [kernel::memory] [CPU0] [kernel:mem:init] enter
[35187286662] [[35mTRACE[0m] [kernel::memory] [CPU0] [kernel:mem:init] phys_memory_map ok
[35188178619] [[35mTRACE[0m] [kernel::memory] [CPU0] [kernel:mem:init] modules ok
[35188972863] [[35mTRACE[0m] [kernel::memory] [CPU0] [kernel:mem:init] phys_to_virt_offset ok
[35189503668] [[35mTRACE[0m] [kernel::memory] [CPU0] [kernel:mem:init] memory map logging done
[35213106786] [[35mTRACE[0m] [kernel::memory] [CPU0] [kernel:mem:init] boot_frame_alloc init ok
[35424952431] [[35mTRACE[0m] [kernel::memory] [CPU0] [kernel:mem:init] frame allocator build ok
[35425785912] [[35mTRACE[0m] [kernel::memory] [CPU0] [kernel:mem:init] frame allocator log ok
[35426846103] [[35mTRACE[0m] [kernel::memory] [CPU0] [kernel:mem:init] FRAME_ALLOCATOR init ok
[35427631833] [[35mTRACE[0m] [kernel::memory] [CPU0] [kernel:mem:init] tasking init ok
[35428186563] [[32mINFO [0m] [kernel::boot_progress] [CPU0] boot_progress: milestone="Memory Map OK"
[35449309071] [[32mINFO [0m] [kernel] [CPU0] Initializing global allocator...
[35450507301] [[34mDEBUG[0m] [kernel::memory::global_alloc] [CPU0] [kernel:global_alloc] enter
[35451188190] [[34mDEBUG[0m] [kernel::memory::global_alloc] [CPU0] [kernel:global_alloc] set expand hook
[35451817434] [[34mDEBUG[0m] [kernel::memory::global_alloc] [CPU0] [kernel:global_alloc] expand hook ok
[35452365564] [[34mDEBUG[0m] [kernel::memory::global_alloc] [CPU0] [kernel:global_alloc] kernel_heap lock begin
[35453308110] [[34mDEBUG[0m] [kernel::memory::global_alloc] [CPU0] [kernel:global_alloc] kernel_heap lock ok
[35453829312] [[35mTRACE[0m] [kernel::memory::global_alloc] [CPU0] [kernel:global_alloc] reserve_region begin
[35487516570] [[35mTRACE[0m] [kernel::memory::global_alloc] [CPU0] [kernel:global_alloc] reserve_region ok
[35488398957] [[35mTRACE[0m] [kernel::memory::global_alloc] [CPU0] [kernel:global_alloc] inner allocator init begin
[35491609329] [[35mTRACE[0m] [kernel::memory::global_alloc] [CPU0] [kernel:global_alloc] inner allocator init ok
[35492610087] [[35mTRACE[0m] [kernel::memory::global_alloc] [CPU0] [kernel:global_alloc] heap top store ok
[35493300678] [[35mTRACE[0m] [kernel::memory::global_alloc] [CPU0] [kernel:global_alloc] init done
[35493950811] [[32mINFO [0m] [kernel::boot_progress] [CPU0] boot_progress: milestone="Global Allocator"
[35517550662] [[34mDEBUG[0m] [kernel::vfs::devfs] [CPU0] devfs: set_boot_fb width=1920 height=1080 pitch=7680 resource_id=0xfb000000 phys=0x80000000
[35520197691] [[34mDEBUG[0m] [kernel] [CPU0] [kernel:start] framebuffer/devfs set_boot_fb elapsed_ticks=2703426 elapsed_us=1351
[35526358890] [[34mDEBUG[0m] [kernel] [CPU0] [kernel:start] framebuffer/devfs FbNode::new elapsed_ticks=5296764 elapsed_us=2648
[35527179006] [[35mTRACE[0m] [kernel::vfs::devfs] [CPU0] [kernel:devfs] register begin
[35533412871] [[35mTRACE[0m] [kernel::vfs::devfs] [CPU0] [kernel:devfs] register ok
[35534244867] [[34mDEBUG[0m] [kernel] [CPU0] [kernel:start] framebuffer/devfs register fb0 elapsed_ticks=7008342 elapsed_us=3504
[35535189162] [[32mINFO [0m] [kernel::boot_progress] [CPU0] boot_progress: milestone="Display Registry"
[35556402354] [[32mINFO [0m] [kernel] [CPU0] Initializing SIMD...
[35558494059] [[32mINFO [0m] [kernel::boot_progress] [CPU0] boot_progress: milestone="SIMD Ready"
[35597711985] [[34mDEBUG[0m] [kernel] [CPU0] Seeding entropy pool...
[35599202463] [[35mTRACE[0m] [kernel::entropy] [CPU0] [kernel:entropy] seed begin
[35600521374] [[35mTRACE[0m] [kernel::entropy] [CPU0] [kernel:entropy] fill_entropy done
[35603425275] [[35mTRACE[0m] [kernel::entropy] [CPU0] [kernel:entropy] add_sample(timer) ok
[35604274167] [[35mTRACE[0m] [kernel::entropy] [CPU0] [kernel:entropy] mark_seeded(timer) ok
[35604893808] [[33mWARN [0m] [kernel::entropy] [CPU0] ENTROPY: no hardware RNG available, using timer fallback (weak entropy)
[35605631490] [[34mDEBUG[0m] [kernel::entropy] [CPU0] ENTROPY: marked seeded with weak entropy (timer-only fallback)
[35606246709] [[35mTRACE[0m] [kernel::entropy] [CPU0] [kernel:entropy] seed done
[35607637725] [[34mDEBUG[0m] [kernel] [CPU0] [kernel:start] entropy::seed_from_hardware elapsed_ticks=8003292 elapsed_us=4001
[35608286373] [[32mINFO [0m] [kernel::boot_progress] [CPU0] boot_progress: milestone="SIMD Ready"
[35630177517] [[32mINFO [0m] [kernel] [CPU0] Initializing tasking...
[35641257762] [[35mTRACE[0m] [kernel::sched] [CPU0]   Acquiring scheduler lock...
[35642586738] [[35mTRACE[0m] [kernel::sched] [CPU0]   Lock acquired, checking if initialized...
[35643305148] [[35mTRACE[0m] [kernel::sched] [CPU0]   Allocating scheduler...
[35647834035] [[35mTRACE[0m] [kernel::sched] [CPU0]   Leaking scheduler...
[35648492847] [[35mTRACE[0m] [kernel::sched] [CPU0]   Initializing boot task...
[35651064702] [[34mDEBUG[0m] [kernel::sched] [CPU0] SCHED: allocating CpuScheduler for cpu0 (total=1)
[35652130437] [[32mINFO [0m] [kernel::sched] [CPU0] SCHED: 1 per-CPU scheduler(s) allocated
[35652747306] [[32mINFO [0m] [kernel::sched] [CPU0] SCHED: per-CPU preemption initialized (1 independent preemption domains, no global preemption lock)
[35654120931] [[35mTRACE[0m] [kernel::sched] [CPU0]   Creating boot task...
[35669736795] [[35mTRACE[0m] [kernel::sched] [CPU0]   Creating idle tasks...
[35671358151] [[34mDEBUG[0m] [bran::arch::x86_64::task] [CPU0] INIT KERNEL CTX: entry=0xffffffff8008b400 kstack_top=0xffffffffb0020660 arg=0x0
[35673746295] [[34mDEBUG[0m] [kernel::sched::spawn] [CPU0] SCHED: Task 1 assigned to CPU 0
[35703651456] [[35mTRACE[0m] [kernel::sched] [CPU0]   Boot task initialized
[35707478631] [[34mDEBUG[0m] [kernel::sched::state] [CPU0] SCHED[cpu0]: current=Some(0) idle=Some(1) runnable=0 need_resched=true
[35710668312] [[35mTRACE[0m] [kernel::sched] [CPU0]   Storing scheduler pointer...
[35712549906] [[32mINFO [0m] [kernel::sched] [CPU0] Scheduler initialized
[35713937985] [[32mINFO [0m] [kernel::boot_progress] [CPU0] boot_progress: milestone="Tasking Initialized"
[35743522353] [[34mDEBUG[0m] [kernel] [CPU0] Initializing VFS...
[35750885313] [[34mDEBUG[0m] [kernel] [CPU0] [kernel:start] scheduler-entry step='set_cmdline' elapsed_ticks=5639964 elapsed_us=2819 total_ticks=7074639 total_us=3537
[35785610652] [[34mDEBUG[0m] [kernel::vfs] [CPU0] VFS: Created /dev/display directory
[35787400209] [[34mDEBUG[0m] [kernel::vfs] [CPU0] VFS: Created /dev/storage directory
[35860817058] [[34mDEBUG[0m] [kernel::vfs] [CPU0] vfs: mounted union filesystem at / (root)
[35864702115] [[34mDEBUG[0m] [kernel::vfs] [CPU0] vfs: mounted devfs at /dev
[35866391946] [[34mDEBUG[0m] [kernel::vfs] [CPU0] vfs: mounted procfs at /proc
[35867660961] [[34mDEBUG[0m] [kernel::vfs] [CPU0] vfs: mounted sysfs at /sys
[35872969869] [[34mDEBUG[0m] [kernel::vfs] [CPU0] vfs: mounted tmpfs at /tmp
[35874029136] [[34mDEBUG[0m] [kernel::vfs] [CPU0] vfs: mounted tmpfs at /run
[35874943071] [[34mDEBUG[0m] [kernel::vfs] [CPU0] vfs: mounted tmpfs at /services
[35875715337] [[34mDEBUG[0m] [kernel::vfs] [CPU0] vfs: mounted tmpfs at /session
[35876890269] [[34mDEBUG[0m] [kernel::vfs] [CPU0] vfs: mounted tmpfs at /data
[35877465030] [[34mDEBUG[0m] [kernel] [CPU0] [kernel:start] scheduler-entry step='vfs_init' elapsed_ticks=124861473 elapsed_us=62430 total_ticks=134166978 total_us=67083
[35878135986] [[32mINFO [0m] [kernel::boot_progress] [CPU0] boot_progress: milestone="VFS Root Ready"
[35899544571] [[34mDEBUG[0m] [kernel] [CPU0] Scanning PCI bus...
[35903980431] [[34mDEBUG[0m] [kernel] [CPU0] PCI: Discovered 0x8086:0x29c0 at 00:00.0 class=060000 id=1
[35909465493] [[35mTRACE[0m] [kernel] [CPU0]   BAR1 (MEM32): 0x80883000 (size 0x1000)
[35923625166] [[35mTRACE[0m] [kernel] [CPU0]   BAR4 (MEM64): 0xc000000000 (size 0x4000)
[35924586357] [[34mDEBUG[0m] [kernel] [CPU0] PCI: Discovered 0x1af4:0x1041 at 00:01.0 class=020000 id=2
[35928236058] [[35mTRACE[0m] [kernel] [CPU0]   BAR0 (MEM32): 0x80000000 (size 0x800000)
[35939628054] [[35mTRACE[0m] [kernel] [CPU0]   BAR2 (MEM64): 0xc000004000 (size 0x4000)
[35948698170] [[35mTRACE[0m] [kernel] [CPU0]   BAR4 (MEM32): 0x80882000 (size 0x1000)
[35949535050] [[34mDEBUG[0m] [kernel] [CPU0] PCI: Discovered 0x1af4:0x1050 at 00:02.0 class=030000 id=3
[35951753442] [[35mTRACE[0m] [kernel] [CPU0]   BAR1 (MEM32): 0x80881000 (size 0x1000)
[35959234014] [[35mTRACE[0m] [kernel] [CPU0]   BAR4 (MEM64): 0xc000008000 (size 0x4000)
[35960040897] [[34mDEBUG[0m] [kernel] [CPU0] PCI: Discovered 0x1af4:0x1059 at 00:03.0 class=040100 id=4
[35960930577] [[34mDEBUG[0m] [kernel] [CPU0] PCI: Discovered 0x8086:0x2918 at 00:1f.0 class=060100 id=5
[35964256152] [[35mTRACE[0m] [kernel] [CPU0]   BAR4 (I/O):  0x6040 (size 0x20)
[35966808207] [[35mTRACE[0m] [kernel] [CPU0]   BAR5 (MEM32): 0x80880000 (size 0x1000)
[35967501834] [[34mDEBUG[0m] [kernel] [CPU0] PCI: Discovered 0x8086:0x2922 at 00:1f.2 class=010601 id=6
[35970314259] [[35mTRACE[0m] [kernel] [CPU0]   BAR4 (I/O):  0x6000 (size 0x40)
[35970970002] [[34mDEBUG[0m] [kernel] [CPU0] PCI: Discovered 0x8086:0x2930 at 00:1f.3 class=0c0500 id=7
[35973167769] [[34mDEBUG[0m] [kernel] [CPU0] [kernel:start] scheduler-entry step='scan_pci' elapsed_ticks=72927888 elapsed_us=36463 total_ticks=229863711 total_us=114931
[35973833742] [[32mINFO [0m] [kernel::boot_progress] [CPU0] boot_progress: milestone="PCI Bus Scanned"
[35997854970] [[34mDEBUG[0m] [kernel] [CPU0] [kernel:start] scheduler-entry step='register_legacy_devices' elapsed_ticks=1317228 elapsed_us=658 total_ticks=254503755 total_us=127251
[35999687361] [[32mINFO [0m] [kernel::boot_progress] [CPU0] boot_progress: milestone="Legacy Devices"
[36030794085] [[34mDEBUG[0m] [kernel] [CPU0] System initialized. Setting up preemption timer (100Hz)...
[36042978774] [[34mDEBUG[0m] [bran::arch] [CPU0] IOAPIC: hhdm=0xffff800000000000
[36044217726] [[34mDEBUG[0m] [bran::arch] [CPU0] IOAPIC: Disabling legacy PIC...
[36046076517] [[34mDEBUG[0m] [bran::arch] [CPU0] IOAPIC: PIC disabled OK
[36047306460] [[34mDEBUG[0m] [bran::arch] [CPU0] IOAPIC: RSDP virt=0x7f77e014
[36053076609] [[34mDEBUG[0m] [bran::arch::x86_64::acpi] [CPU0] MADT: total length 144
[36056436537] [[35mTRACE[0m] [bran::arch::x86_64::acpi] [CPU0] MADT: Entry type 0, len 8 at 0xffff80007f77802c
[36057756735] [[35mTRACE[0m] [bran::arch::x86_64::acpi] [CPU0] MADT: Entry type 0, len 8 at 0xffff80007f778034
[36058548735] [[35mTRACE[0m] [bran::arch::x86_64::acpi] [CPU0] MADT: Entry type 0, len 8 at 0xffff80007f77803c
[36059310210] [[35mTRACE[0m] [bran::arch::x86_64::acpi] [CPU0] MADT: Entry type 0, len 8 at 0xffff80007f778044
[36060068616] [[35mTRACE[0m] [bran::arch::x86_64::acpi] [CPU0] MADT: Entry type 1, len 12 at 0xffff80007f77804c
[36066037392] [[35mTRACE[0m] [bran::arch::x86_64::acpi] [CPU0] MADT: Entry type 2, len 10 at 0xffff80007f778058
[36066949545] [[35mTRACE[0m] [bran::arch::x86_64::acpi] [CPU0] MADT: Entry type 2, len 10 at 0xffff80007f778062
[36067535856] [[35mTRACE[0m] [bran::arch::x86_64::acpi] [CPU0] MADT: Entry type 2, len 10 at 0xffff80007f77806c
[36068099364] [[35mTRACE[0m] [bran::arch::x86_64::acpi] [CPU0] MADT: Entry type 2, len 10 at 0xffff80007f778076
[36068676006] [[35mTRACE[0m] [bran::arch::x86_64::acpi] [CPU0] MADT: Entry type 2, len 10 at 0xffff80007f778080
[36069389466] [[35mTRACE[0m] [bran::arch::x86_64::acpi] [CPU0] MADT: Entry type 4, len 6 at 0xffff80007f77808a
[36070411146] [[34mDEBUG[0m] [bran::arch] [CPU0] IOAPIC: MADT parsed OK
[36071444640] [[34mDEBUG[0m] [bran::arch] [CPU0] SMP: Found 4 CPUs (CPU_COUNT now = 4)
[36072161565] [[34mDEBUG[0m] [bran::arch] [CPU0] IOAPIC: Found at phys 0xfec00000, GSI base 0
[36073642902] [[34mDEBUG[0m] [bran::arch] [CPU0] IOAPIC: Registers initialized
[36074625840] [[34mDEBUG[0m] [bran::arch] [CPU0] IOAPIC: Local APIC enabled (SVR=0x1FF, TPR=0)
[36075709527] [[34mDEBUG[0m] [bran::arch] [CPU0] IOAPIC: version 0x20, 24 redir entries
[36076997088] [[34mDEBUG[0m] [bran::arch] [CPU0] IOAPIC: All pins masked
[36080354112] [[35mTRACE[0m] [bran::arch] [CPU0] IOAPIC: IRQ1 -> GSI 1 -> NMI
[36081461823] [[35mTRACE[0m] [bran::arch] [CPU0] IOAPIC: IRQ12 -> GSI 12 -> 0x2C
[36082591677] [[35mTRACE[0m] [bran::arch] [CPU0] IOAPIC: IRQ4 -> GSI 4 -> 0x24
[36083268144] [[34mDEBUG[0m] [bran::arch] [CPU0] IOAPIC: Init complete
[36118262466] [[34mDEBUG[0m] [bran::arch::x86_64::ioapic] [CPU0] LAPIC: calibrated 62697500 ticks/sec (delta=626975, ok=true) -> init_cnt=626975
[36120637278] [[34mDEBUG[0m] [bran::arch::x86_64] [CPU0] LAPIC: calibrated timer (62697500 ticks/sec), init_cnt=626975 for 100Hz
[36121518972] [[34mDEBUG[0m] [kernel] [CPU0] [kernel:start] scheduler-entry step='setup_preemption_timer' elapsed_ticks=88586322 elapsed_us=44293 total_ticks=378211911 total_us=189105
[36122488908] [[32mINFO [0m] [kernel::boot_progress] [CPU0] boot_progress: milestone="BSP Timer OK"
[36153079413] [[34mDEBUG[0m] [kernel] [CPU0] Kernel: Detected 4 CPUs. Starting 3 secondaries...
[36154456107] [[34mDEBUG[0m] [bran::arch::x86_64] [CPU0] SMP: Starting 3 secondary CPUs...
[36156383076] [[34mDEBUG[0m] [bran::arch::x86_64] [CPU0] SMP: Initializing trampoline at 0x8000
[36158912460] [[34mDEBUG[0m] [bran::arch::x86_64] [CPU0] SMP: Starting CPU 1 (APIC 1)
[36188478480] [[34mDEBUG[0m] [bran::arch::x86_64] [CPU0] SMP: CPU 1 (APIC 1) is online
[36189905763] [[34mDEBUG[0m] [bran::arch::x86_64] [CPU0] SMP: Starting CPU 2 (APIC 2)
[36191824317] [[34mDEBUG[0m] [bran::arch::x86_64] [CPU1] SMP: CPU 1 initializing preemption timer (vec=32 init_cnt=626975)
[36199286112] [[34mDEBUG[0m] [kernel] [CPU1] SMP: kernel_secondary_entry arg_cpu=1 runtime_cpu=1
[36200118471] [[34mDEBUG[0m] [kernel] [CPU1] SMP: Entering kernel_secondary_entry for CPU 1
[36202215060] [[34mDEBUG[0m] [kernel::sched] [CPU1] SMP: CPU 1 online (triggered by scheduler spawn)
[36205663032] [[34mDEBUG[0m] [bran::arch::x86_64::task] [CPU1] INIT KERNEL CTX: entry=0xffffffff8008b400 kstack_top=0xffffffffb00373c0 arg=0x1
[36206390649] [[34mDEBUG[0m] [kernel::sched::spawn] [CPU1] SCHED: Task 2 assigned to CPU 1
[36210549738] [[34mDEBUG[0m] [kernel::sched] [CPU1] REGISTRY: Applying 2 deferred inserts
[36211623459] [[34mDEBUG[0m] [kernel::sched] [CPU1] REGISTRY: Inserting TID=1
[36212237028] [[34mDEBUG[0m] [kernel::sched] [CPU1] REGISTRY: Inserting TID=2
[36213940092] [[34mDEBUG[0m] [kernel::sched] [CPU1] REGISTRY: Inserts applied
[36214510893] [[34mDEBUG[0m] [bran::arch::x86_64] [CPU0] SMP: CPU 2 (APIC 2) is online
[36214419912] [[34mDEBUG[0m] [bran::arch::x86_64] [CPU2] SMP: CPU 2 initializing preemption timer (vec=32 init_cnt=626975)
[36215183169] [[34mDEBUG[0m] [bran::arch::x86_64] [CPU0] SMP: Starting CPU 3 (APIC 3)
[36215035890] [[34mDEBUG[0m] [kernel::sched::lifecycle] [CPU1] SMP: Secondary CPU 1 online!
[36216126342] [[34mDEBUG[0m] [kernel] [CPU2] SMP: kernel_secondary_entry arg_cpu=2 runtime_cpu=2
[36217140069] [[34mDEBUG[0m] [kernel::task] [CPU1] SMP: run_scheduler entry on CPU 1
[36217142115] [[34mDEBUG[0m] [kernel] [CPU2] SMP: Entering kernel_secondary_entry for CPU 2
[36218229069] [[34mDEBUG[0m] [kernel::task] [CPU1] SMP: bootstrap_cpu start on CPU 1
[36218368362] [[34mDEBUG[0m] [kernel::sched] [CPU2] SMP: CPU 2 online (triggered by scheduler spawn)
[36220327869] [[34mDEBUG[0m] [bran::arch::x86_64::task] [CPU2] INIT KERNEL CTX: entry=0xffffffff8008b400 kstack_top=0xffffffffb0048b40 arg=0x2
[36221309091] [[34mDEBUG[0m] [kernel::sched::spawn] [CPU2] SCHED: Task 3 assigned to CPU 2
[36222884280] [[34mDEBUG[0m] [kernel::sched] [CPU2] REGISTRY: Applying 1 deferred inserts
[36223556127] [[34mDEBUG[0m] [kernel::sched] [CPU2] REGISTRY: Inserting TID=3
[36224311167] [[34mDEBUG[0m] [kernel::sched] [CPU2] REGISTRY: Inserts applied
[36224302026] [[34mDEBUG[0m] [kernel::task] [CPU1] SMP: CPU 1 bootstrapped with idle thread 2 and is now schedulable
[36224931798] [[34mDEBUG[0m] [kernel::sched::lifecycle] [CPU2] SMP: Secondary CPU 2 online!
[36225580974] [[34mDEBUG[0m] [kernel::task] [CPU2] SMP: run_scheduler entry on CPU 2
[36226161411] [[34mDEBUG[0m] [kernel::task] [CPU2] SMP: bootstrap_cpu start on CPU 2
[36226805142] [[34mDEBUG[0m] [kernel::task] [CPU2] SMP: CPU 2 bootstrapped with idle thread 3 and is now schedulable
[36245394735] [[34mDEBUG[0m] [bran::arch::x86_64] [CPU3] SMP: CPU 3 initializing preemption timer (vec=32 init_cnt=626975)
[36246074172] [[34mDEBUG[0m] [bran::arch::x86_64] [CPU0] SMP: CPU 3 (APIC 3) is online
[36246939927] [[34mDEBUG[0m] [kernel] [CPU3] SMP: kernel_secondary_entry arg_cpu=3 runtime_cpu=3
[36247396251] [[34mDEBUG[0m] [bran::arch::x86_64] [CPU0] SMP: Secondary CPU startup complete
[36247867293] [[34mDEBUG[0m] [kernel] [CPU3] SMP: Entering kernel_secondary_entry for CPU 3
[36248787234] [[34mDEBUG[0m] [kernel] [CPU0] Kernel: Secondary CPU bring-up complete.
[36249822312] [[34mDEBUG[0m] [kernel] [CPU0] [kernel:start] scheduler-entry step='start_secondary_cpus' elapsed_ticks=97008384 elapsed_us=48504 total_ticks=506512149 total_us=253256
[36250918077] [[32mINFO [0m] [kernel::boot_progress] [CPU0] boot_progress: milestone="SMP Bring-up"
[36253074132] [[34mDEBUG[0m] [kernel::sched] [CPU3] SMP: CPU 3 online (triggered by scheduler spawn)
[36256456896] [[34mDEBUG[0m] [bran::arch::x86_64::task] [CPU3] INIT KERNEL CTX: entry=0xffffffff8008b400 kstack_top=0xffffffffb005a2c0 arg=0x3
[36257142834] [[34mDEBUG[0m] [kernel::sched::spawn] [CPU3] SCHED: Task 4 assigned to CPU 3
[36258830157] [[34mDEBUG[0m] [kernel::sched] [CPU3] REGISTRY: Applying 1 deferred inserts
[36259355715] [[34mDEBUG[0m] [kernel::sched] [CPU3] REGISTRY: Inserting TID=4
[36260091780] [[34mDEBUG[0m] [kernel::sched] [CPU3] REGISTRY: Inserts applied
[36261112668] [[34mDEBUG[0m] [kernel::sched::lifecycle] [CPU3] SMP: Secondary CPU 3 online!
[36261518238] [[34mDEBUG[0m] [kernel::task] [CPU3] SMP: run_scheduler entry on CPU 3
[36262113492] [[34mDEBUG[0m] [kernel::task] [CPU3] SMP: bootstrap_cpu start on CPU 3
[36262818867] [[34mDEBUG[0m] [kernel::task] [CPU3] SMP: CPU 3 bootstrapped with idle thread 4 and is now schedulable
[36328441545] [[32mINFO [0m] [kernel::boot_progress] [CPU0] boot_progress: milestone="Boot Info OK"
[36395106726] [[34mDEBUG[0m] [kernel] [CPU0] Kernel: Enumerating 220 boot modules...
[36396186816] [[35mTRACE[0m] [kernel] [CPU0]   Module[0]: name='/bin/sprout' cmdline='init' size=90224 bytes
[36396757947] [[35mTRACE[0m] [kernel] [CPU0]   Module[1]: name='/bin/bristle' cmdline='' size=68744 bytes
[36397416330] [[35mTRACE[0m] [kernel] [CPU0]   Module[2]: name='/drivers/rtc_cmos' cmdline='init' size=45904 bytes
[36398172525] [[35mTRACE[0m] [kernel] [CPU0]   Module[3]: name='/drivers/hwrng' cmdline='init' size=40016 bytes
[36398914002] [[35mTRACE[0m] [kernel] [CPU0]   Module[4]: name='/drivers/ps2_kbd' cmdline='' size=72264 bytes
[36408436845] [[35mTRACE[0m] [kernel] [CPU0]   Module[5]: name='/bin/sh' cmdline='init' size=127864 bytes
[36414849702] [[35mTRACE[0m] [kernel] [CPU0]   Module[6]: name='/bin/ls' cmdline='init' size=62136 bytes
[36415406148] [[35mTRACE[0m] [kernel] [CPU0]   Module[7]: name='/bin/lsusb' cmdline='init' size=1066664 bytes
[36416099412] [[35mTRACE[0m] [kernel] [CPU0]   Module[8]: name='/bin/lspci' cmdline='init' size=1052328 bytes
[36419031264] [[35mTRACE[0m] [kernel] [CPU0]   Module[9]: name='/bin/ln' cmdline='init' size=47568 bytes
[36424252524] [[35mTRACE[0m] [kernel] [CPU0]   Module[10]: name='/bin/ps' cmdline='init' size=50544 bytes
[36424890546] [[35mTRACE[0m] [kernel] [CPU0]   Module[11]: name='/bin/kill' cmdline='init' size=55584 bytes
[36425471313] [[35mTRACE[0m] [kernel] [CPU0]   Module[12]: name='/bin/killall' cmdline='init' size=67656 bytes
[36425991954] [[35mTRACE[0m] [kernel] [CPU0]   Module[13]: name='/bin/cat' cmdline='init' size=50832 bytes
[36426500814] [[35mTRACE[0m] [kernel] [CPU0]   Module[14]: name='/bin/head' cmdline='init' size=56112 bytes
[36427007958] [[35mTRACE[0m] [kernel] [CPU0]   Module[15]: name='/bin/tail' cmdline='init' size=56088 bytes
[36427533318] [[35mTRACE[0m] [kernel] [CPU0]   Module[16]: name='/bin/top' cmdline='init' size=65488 bytes
[36428038086] [[35mTRACE[0m] [kernel] [CPU0]   Module[17]: name='/bin/wc' cmdline='init' size=56248 bytes
[36428559981] [[35mTRACE[0m] [kernel] [CPU0]   Module[18]: name='/bin/yes' cmdline='init' size=44520 bytes
[36429072537] [[35mTRACE[0m] [kernel] [CPU0]   Module[19]: name='/bin/which' cmdline='init' size=50448 bytes
[36429684819] [[35mTRACE[0m] [kernel] [CPU0]   Module[20]: name='/bin/cp' cmdline='init' size=46312 bytes
[36430206681] [[35mTRACE[0m] [kernel] [CPU0]   Module[21]: name='/bin/mv' cmdline='init' size=47048 bytes
[36431008548] [[35mTRACE[0m] [kernel] [CPU0]   Module[22]: name='/bin/rm' cmdline='init' size=47128 bytes
[36431796192] [[35mTRACE[0m] [kernel] [CPU0]   Module[23]: name='/bin/rmdir' cmdline='init' size=47144 bytes
[36432814473] [[35mTRACE[0m] [kernel] [CPU0]   Module[24]: name='/bin/mkdir' cmdline='init' size=47144 bytes
[36433793187] [[35mTRACE[0m] [kernel] [CPU0]   Module[25]: name='/bin/mount' cmdline='init' size=57688 bytes
[36438305145] [[35mTRACE[0m] [kernel] [CPU0]   Module[26]: name='/bin/echo' cmdline='init' size=44616 bytes
[36439058502] [[35mTRACE[0m] [kernel] [CPU0]   Module[27]: name='/bin/printf' cmdline='init' size=93928 bytes
[36439801002] [[35mTRACE[0m] [kernel] [CPU0]   Module[28]: name='/bin/grep' cmdline='init' size=85240 bytes
[36440533503] [[35mTRACE[0m] [kernel] [CPU0]   Module[29]: name='/bin/pwd' cmdline='init' size=39184 bytes
[36441298278] [[35mTRACE[0m] [kernel] [CPU0]   Module[30]: name='/bin/touch' cmdline='init' size=46160 bytes
[36442034970] [[35mTRACE[0m] [kernel] [CPU0]   Module[31]: name='/bin/setshell' cmdline='init' size=47048 bytes
[36442834362] [[35mTRACE[0m] [kernel] [CPU0]   Module[32]: name='/bin/dmesg' cmdline='init' size=39328 bytes
[36443581647] [[35mTRACE[0m] [kernel] [CPU0]   Module[33]: name='/bin/stat' cmdline='init' size=46200 bytes
[36444346158] [[35mTRACE[0m] [kernel] [CPU0]   Module[34]: name='/bin/file' cmdline='init' size=51104 bytes
[36445077009] [[35mTRACE[0m] [kernel] [CPU0]   Module[35]: name='/bin/dirname' cmdline='init' size=50096 bytes
[36445816143] [[35mTRACE[0m] [kernel] [CPU0]   Module[36]: name='/bin/basename' cmdline='init' size=50104 bytes
[36446573856] [[35mTRACE[0m] [kernel] [CPU0]   Module[37]: name='/bin/sleep' cmdline='init' size=56824 bytes
[36447423441] [[35mTRACE[0m] [kernel] [CPU0]   Module[38]: name='/bin/sort' cmdline='init' size=66336 bytes
[36448180956] [[35mTRACE[0m] [kernel] [CPU0]   Module[39]: name='/bin/env' cmdline='init' size=45832 bytes
[36449105484] [[35mTRACE[0m] [kernel] [CPU0]   Module[40]: name='/bin/uname' cmdline='' size=44632 bytes
[36450417234] [[35mTRACE[0m] [kernel] [CPU0]   Module[41]: name='/bin/true' cmdline='' size=20744 bytes
[36451681497] [[35mTRACE[0m] [kernel] [CPU0]   Module[42]: name='/bin/false' cmdline='' size=20744 bytes
[36452423799] [[35mTRACE[0m] [kernel] [CPU0]   Module[43]: name='/bin/input_echo' cmdline='' size=43016 bytes
[36453158610] [[35mTRACE[0m] [kernel] [CPU0]   Module[44]: name='/drivers/ps2_mouse' cmdline='' size=71096 bytes
[36453933747] [[35mTRACE[0m] [kernel] [CPU0]   Module[45]: name='/drivers/display_bootfb' cmdline='' size=100448 bytes
[36454747197] [[35mTRACE[0m] [kernel] [CPU0]   Module[46]: name='/drivers/display_virtio_gpu' cmdline='' size=183440 bytes
[36455509200] [[35mTRACE[0m] [kernel] [CPU0]   Module[47]: name='/bin/cambium' cmdline='' size=144760 bytes
[36456245496] [[35mTRACE[0m] [kernel] [CPU0]   Module[48]: name='/drivers/virtio_netd' cmdline='' size=123920 bytes
[36456987600] [[35mTRACE[0m] [kernel] [CPU0]   Module[49]: name='/drivers/rtl8168d' cmdline='' size=61392 bytes
[36457832169] [[35mTRACE[0m] [kernel] [CPU0]   Module[50]: name='/bin/netd' cmdline='' size=10819752 bytes
[36458564934] [[35mTRACE[0m] [kernel] [CPU0]   Module[51]: name='/bin/mesocarp' cmdline='' size=123496 bytes
[36459303474] [[35mTRACE[0m] [kernel] [CPU0]   Module[52]: name='/bin/mdns' cmdline='' size=123496 bytes
[36460029804] [[35mTRACE[0m] [kernel] [CPU0]   Module[53]: name='/bin/mdnsd' cmdline='' size=123496 bytes
[36460790949] [[35mTRACE[0m] [kernel] [CPU0]   Module[54]: name='/bin/fetchd' cmdline='' size=76752 bytes
[36461520183] [[35mTRACE[0m] [kernel] [CPU0]   Module[55]: name='/bin/httpsd' cmdline='' size=536128 bytes
[36462289743] [[35mTRACE[0m] [kernel] [CPU0]   Module[56]: name='/bin/find' cmdline='' size=57896 bytes
[36463021221] [[35mTRACE[0m] [kernel] [CPU0]   Module[57]: name='/bin/ip' cmdline='' size=55472 bytes
[36466139688] [[35mTRACE[0m] [kernel] [CPU0]   Module[58]: name='/bin/iso_reader' cmdline='' size=37424 bytes
[36467472426] [[35mTRACE[0m] [kernel] [CPU0]   Module[59]: name='/bin/ping' cmdline='' size=65184 bytes
[36478646886] [[35mTRACE[0m] [kernel] [CPU0]   Module[60]: name='/bin/nslookup' cmdline='' size=56424 bytes
[36479324937] [[35mTRACE[0m] [kernel] [CPU0]   Module[61]: name='/drivers/ahci_disk' cmdline='' size=53784 bytes
[36479930520] [[35mTRACE[0m] [kernel] [CPU0]   Module[62]: name='/drivers/ata_disk' cmdline='' size=64448 bytes
[36480841518] [[35mTRACE[0m] [kernel] [CPU0]   Module[63]: name='/bin/iso9660d' cmdline='' size=78544 bytes
[36481474161] [[35mTRACE[0m] [kernel] [CPU0]   Module[64]: name='/bin/fatd' cmdline='' size=64096 bytes
[36482086212] [[35mTRACE[0m] [kernel] [CPU0]   Module[65]: name='/drivers/virtio_sound' cmdline='' size=99296 bytes
[36482812905] [[35mTRACE[0m] [kernel] [CPU0]   Module[66]: name='/drivers/hdaudio' cmdline='' size=67696 bytes
[36490429470] [[35mTRACE[0m] [kernel] [CPU0]   Module[67]: name='/drivers/pci_stubd' cmdline='' size=57928 bytes
[36491191737] [[35mTRACE[0m] [kernel] [CPU0]   Module[68]: name='/drivers/xhci' cmdline='' size=94056 bytes
[36491943411] [[35mTRACE[0m] [kernel] [CPU0]   Module[69]: name='/drivers/chime' cmdline='' size=59536 bytes
[36492711156] [[35mTRACE[0m] [kernel] [CPU0]   Module[70]: name='/bin/vfs_hello' cmdline='' size=39560 bytes
[36493479396] [[35mTRACE[0m] [kernel] [CPU0]   Module[71]: name='/bin/show_args' cmdline='' size=42488 bytes
[36494219058] [[35mTRACE[0m] [kernel] [CPU0]   Module[72]: name='/bin/clock' cmdline='' size=83048 bytes
[36494950206] [[35mTRACE[0m] [kernel] [CPU0]   Module[73]: name='/bin/leaf' cmdline='' size=97432 bytes
[36495681288] [[35mTRACE[0m] [kernel] [CPU0]   Module[74]: name='/bin/env_roundtrip' cmdline='' size=48232 bytes
[36496419762] [[35mTRACE[0m] [kernel] [CPU0]   Module[75]: name='/bin/cwd_test' cmdline='' size=43696 bytes
[36499903539] [[35mTRACE[0m] [kernel] [CPU0]   Module[76]: name='/bin/date' cmdline='' size=67032 bytes
[36506067279] [[35mTRACE[0m] [kernel] [CPU0]   Module[77]: name='/bin/wayland_hello' cmdline='' size=86696 bytes
[36512202408] [[35mTRACE[0m] [kernel] [CPU0]   Module[78]: name='/bin/terminal' cmdline='' size=91056 bytes
[36513105585] [[35mTRACE[0m] [kernel] [CPU0]   Module[79]: name='/bin/tee' cmdline='' size=44968 bytes
[36514118388] [[35mTRACE[0m] [kernel] [CPU0]   Module[80]: name='/bin/xargs' cmdline='' size=55016 bytes
[36515253258] [[35mTRACE[0m] [kernel] [CPU0]   Module[81]: name='/bin/placed' cmdline='' size=38048 bytes
[36516214152] [[35mTRACE[0m] [kernel] [CPU0]   Module[82]: name='/bin/bloom' cmdline='' size=577328 bytes
[36517238472] [[35mTRACE[0m] [kernel] [CPU0]   Module[83]: name='/bin/clear' cmdline='' size=20872 bytes
[36518110629] [[35mTRACE[0m] [kernel] [CPU0]   Module[84]: name='/bin/loglevel' cmdline='' size=41536 bytes
[36519010869] [[35mTRACE[0m] [kernel] [CPU0]   Module[85]: name='/bin/poll_mux' cmdline='' size=39056 bytes
[36520132473] [[35mTRACE[0m] [kernel] [CPU0]   Module[86]: name='/bin/ipc_service_demo' cmdline='' size=47592 bytes
[36521027235] [[35mTRACE[0m] [kernel] [CPU0]   Module[87]: name='/bin/ipc_pipe_demo' cmdline='' size=43936 bytes
[36521909457] [[35mTRACE[0m] [kernel] [CPU0]   Module[88]: name='/bin/ipc_provider_demo' cmdline='' size=84440 bytes
[36522877083] [[35mTRACE[0m] [kernel] [CPU0]   Module[89]: name='/bin/vfs_test_provider' cmdline='' size=70648 bytes
[36523789962] [[35mTRACE[0m] [kernel] [CPU0]   Module[90]: name='/bin/ipc_memfd_demo' cmdline='' size=38232 bytes
[36524660040] [[35mTRACE[0m] [kernel] [CPU0]   Module[91]: name='/bin/test_exec' cmdline='' size=62592 bytes
[36525544704] [[35mTRACE[0m] [kernel] [CPU0]   Module[92]: name='/bin/test_vm_protect' cmdline='' size=38224 bytes
[36526595523] [[35mTRACE[0m] [kernel] [CPU0]   Module[93]: name='/bin/test_exec_env' cmdline='' size=58904 bytes
[36528074319] [[35mTRACE[0m] [kernel] [CPU0]   Module[94]: name='/bin/test_threads' cmdline='' size=82376 bytes
[36547299261] [[35mTRACE[0m] [kernel] [CPU0]   Module[95]: name='/bin/test_futex' cmdline='' size=52992 bytes
[36548244711] [[35mTRACE[0m] [kernel] [CPU0]   Module[96]: name='/bin/ld_so' cmdline='' size=378600 bytes
[36549119343] [[35mTRACE[0m] [kernel] [CPU0]   Module[97]: name='/bin/test_dyn_loader' cmdline='' size=57760 bytes
[36552406077] [[35mTRACE[0m] [kernel] [CPU0]   Module[98]: name='/bin/test_dlopen' cmdline='' size=64688 bytes
[36559521966] [[35mTRACE[0m] [kernel] [CPU0]   Module[99]: name='/bin/reboot' cmdline='' size=32048 bytes
[36560879025] [[35mTRACE[0m] [kernel] [CPU0]   Module[100]: name='/bin/shutdown' cmdline='' size=32048 bytes
[36561757452] [[35mTRACE[0m] [kernel] [CPU0]   Module[101]: name='/bin/attr_list' cmdline='' size=47400 bytes
[36563253177] [[35mTRACE[0m] [kernel] [CPU0]   Module[102]: name='/bin/attr_get' cmdline='' size=47488 bytes
[36564125037] [[35mTRACE[0m] [kernel] [CPU0]   Module[103]: name='/bin/attr_set' cmdline='' size=69600 bytes
[36565382766] [[35mTRACE[0m] [kernel] [CPU0]   Module[104]: name='/bin/attr_rm' cmdline='' size=47008 bytes
[36566238390] [[35mTRACE[0m] [kernel] [CPU0]   Module[105]: name='/lib/libpistil.so' cmdline='' size=822496 bytes
[36567052170] [[35mTRACE[0m] [kernel] [CPU0]   Module[106]: name='/share/wallpapers/clouds.bmp' cmdline='' size=786486 bytes
[36567907794] [[35mTRACE[0m] [kernel] [CPU0]   Module[107]: name='/share/wallpapers/flower.bmp' cmdline='' size=8386614 bytes
[36568766289] [[35mTRACE[0m] [kernel] [CPU0]   Module[108]: name='/share/wallpapers/flower.png' cmdline='' size=1730504 bytes
[36569638050] [[35mTRACE[0m] [kernel] [CPU0]   Module[109]: name='/share/wallpapers/leather.bmp' cmdline='' size=1179702 bytes
[36570506544] [[35mTRACE[0m] [kernel] [CPU0]   Module[110]: name='/share/wallpapers/linen.bmp' cmdline='' size=4718646 bytes
[36571351509] [[35mTRACE[0m] [kernel] [CPU0]   Module[111]: name='/share/fonts/DSEG7Classic-Regular.ttf' cmdline='' size=23272 bytes
[36572189181] [[35mTRACE[0m] [kernel] [CPU0]   Module[112]: name='/share/fonts/Hack-Regular.ttf' cmdline='' size=309408 bytes
[36573017811] [[35mTRACE[0m] [kernel] [CPU0]   Module[113]: name='/share/fonts/Inter-Regular.ttf' cmdline='' size=876576 bytes
[36573817137] [[35mTRACE[0m] [kernel] [CPU0]   Module[114]: name='/share/fonts/Iosevka-Regular.ttf' cmdline='' size=10457376 bytes
[36574625736] [[35mTRACE[0m] [kernel] [CPU0]   Module[115]: name='/share/fonts/JetBrainsMono-Regular.ttf' cmdline='' size=270224 bytes
[36575447139] [[35mTRACE[0m] [kernel] [CPU0]   Module[116]: name='/share/fonts/NotoSans-Regular.ttf' cmdline='' size=569208 bytes
[36576282138] [[35mTRACE[0m] [kernel] [CPU0]   Module[117]: name='/share/fonts/NotoSansSymbol-Regular.ttf' cmdline='' size=258156 bytes
[36577138092] [[35mTRACE[0m] [kernel] [CPU0]   Module[118]: name='/share/fonts/NotoSansSymbol2-Regular.ttf' cmdline='' size=656852 bytes
[36583783500] [[35mTRACE[0m] [kernel] [CPU0]   Module[119]: name='/share/fonts/NotoSerif-Regular.ttf' cmdline='' size=616196 bytes
[36584477391] [[35mTRACE[0m] [kernel] [CPU0]   Module[120]: name='/share/themes/solarized_warm.toml' cmdline='' size=1832 bytes
[36585138843] [[35mTRACE[0m] [kernel] [CPU0]   Module[121]: name='/share/cursors/future/alias.svg' cmdline='' size=9033 bytes
[36585912957] [[35mTRACE[0m] [kernel] [CPU0]   Module[122]: name='/share/cursors/future/all-scroll.svg' cmdline='' size=5170 bytes
[36586563486] [[35mTRACE[0m] [kernel] [CPU0]   Module[123]: name='/share/cursors/future/bottom_left_corner.svg' cmdline='' size=1441 bytes
[36587208636] [[35mTRACE[0m] [kernel] [CPU0]   Module[124]: name='/share/cursors/future/bottom_right_corner.svg' cmdline='' size=3037 bytes
[36596657229] [[35mTRACE[0m] [kernel] [CPU0]   Module[125]: name='/share/cursors/future/bottom_side.svg' cmdline='' size=5432 bytes
[36598136256] [[35mTRACE[0m] [kernel] [CPU0]   Module[126]: name='/share/cursors/future/cell.svg' cmdline='' size=3707 bytes
[36598945119] [[35mTRACE[0m] [kernel] [CPU0]   Module[127]: name='/share/cursors/future/center_ptr.svg' cmdline='' size=9766 bytes
[36599679798] [[35mTRACE[0m] [kernel] [CPU0]   Module[128]: name='/share/cursors/future/col-resize.svg' cmdline='' size=16463 bytes
[36600381675] [[35mTRACE[0m] [kernel] [CPU0]   Module[129]: name='/share/cursors/future/color-picker.svg' cmdline='' size=6296 bytes
[36601088634] [[35mTRACE[0m] [kernel] [CPU0]   Module[130]: name='/share/cursors/future/context-menu.svg' cmdline='' size=9011 bytes
[36601804239] [[35mTRACE[0m] [kernel] [CPU0]   Module[131]: name='/share/cursors/future/copy.svg' cmdline='' size=3527 bytes
[36602521362] [[35mTRACE[0m] [kernel] [CPU0]   Module[132]: name='/share/cursors/future/crosshair.svg' cmdline='' size=16918 bytes
[36603223305] [[35mTRACE[0m] [kernel] [CPU0]   Module[133]: name='/share/cursors/future/default.svg' cmdline='' size=3079 bytes
[36613420668] [[35mTRACE[0m] [kernel] [CPU0]   Module[134]: name='/share/cursors/future/dnd-move.svg' cmdline='' size=3569 bytes
[36614235570] [[35mTRACE[0m] [kernel] [CPU0]   Module[135]: name='/share/cursors/future/dnd-no-drop.svg' cmdline='' size=4753 bytes
[36614902533] [[35mTRACE[0m] [kernel] [CPU0]   Module[136]: name='/share/cursors/future/down-arrow.svg' cmdline='' size=1820 bytes
[36615605037] [[35mTRACE[0m] [kernel] [CPU0]   Module[137]: name='/share/cursors/future/draft.svg' cmdline='' size=3136 bytes
[36616243422] [[35mTRACE[0m] [kernel] [CPU0]   Module[138]: name='/share/cursors/future/fleur.svg' cmdline='' size=28469 bytes
[36616883886] [[35mTRACE[0m] [kernel] [CPU0]   Module[139]: name='/share/cursors/future/help.svg' cmdline='' size=5873 bytes
[36617517321] [[35mTRACE[0m] [kernel] [CPU0]   Module[140]: name='/share/cursors/future/left-arrow.svg' cmdline='' size=1785 bytes
[36618163494] [[35mTRACE[0m] [kernel] [CPU0]   Module[141]: name='/share/cursors/future/left_side.svg' cmdline='' size=3848 bytes
[36618836364] [[35mTRACE[0m] [kernel] [CPU0]   Module[142]: name='/share/cursors/future/no-drop.svg' cmdline='' size=3861 bytes
[36619479864] [[35mTRACE[0m] [kernel] [CPU0]   Module[143]: name='/share/cursors/future/not-allowed.svg' cmdline='' size=1567 bytes
[36620127060] [[35mTRACE[0m] [kernel] [CPU0]   Module[144]: name='/share/cursors/future/openhand.svg' cmdline='' size=3435 bytes
[36620765808] [[35mTRACE[0m] [kernel] [CPU0]   Module[145]: name='/share/cursors/future/pencil.svg' cmdline='' size=6527 bytes
[36621402081] [[35mTRACE[0m] [kernel] [CPU0]   Module[146]: name='/share/cursors/future/pirate.svg' cmdline='' size=6663 bytes
[36622067427] [[35mTRACE[0m] [kernel] [CPU0]   Module[147]: name='/share/cursors/future/pointer.svg' cmdline='' size=2922 bytes
[36622710498] [[35mTRACE[0m] [kernel] [CPU0]   Module[148]: name='/share/cursors/future/progress-01.svg' cmdline='' size=11030 bytes
[36623365449] [[35mTRACE[0m] [kernel] [CPU0]   Module[149]: name='/share/cursors/future/progress-02.svg' cmdline='' size=12198 bytes
[36624011391] [[35mTRACE[0m] [kernel] [CPU0]   Module[150]: name='/share/cursors/future/progress-03.svg' cmdline='' size=12733 bytes
[36624657069] [[35mTRACE[0m] [kernel] [CPU0]   Module[151]: name='/share/cursors/future/progress-04.svg' cmdline='' size=13777 bytes
[36645172509] [[35mTRACE[0m] [kernel] [CPU0]   Module[152]: name='/share/cursors/future/progress-05.svg' cmdline='' size=13835 bytes
[36646349388] [[35mTRACE[0m] [kernel] [CPU0]   Module[153]: name='/share/cursors/future/progress-06.svg' cmdline='' size=14907 bytes
[36647063178] [[35mTRACE[0m] [kernel] [CPU0]   Module[154]: name='/share/cursors/future/progress-07.svg' cmdline='' size=14805 bytes
[36651525966] [[35mTRACE[0m] [kernel] [CPU0]   Module[155]: name='/share/cursors/future/progress-08.svg' cmdline='' size=15996 bytes
[36652407561] [[35mTRACE[0m] [kernel] [CPU0]   Module[156]: name='/share/cursors/future/progress-09.svg' cmdline='' size=16010 bytes
[36653217381] [[35mTRACE[0m] [kernel] [CPU0]   Module[157]: name='/share/cursors/future/progress-10.svg' cmdline='' size=17080 bytes
[36654029412] [[35mTRACE[0m] [kernel] [CPU0]   Module[158]: name='/share/cursors/future/progress-11.svg' cmdline='' size=17096 bytes
[36654861804] [[35mTRACE[0m] [kernel] [CPU0]   Module[159]: name='/share/cursors/future/progress-12.svg' cmdline='' size=17079 bytes
[36655708023] [[35mTRACE[0m] [kernel] [CPU0]   Module[160]: name='/share/cursors/future/progress-13.svg' cmdline='' size=15900 bytes
[36656500353] [[35mTRACE[0m] [kernel] [CPU0]   Module[161]: name='/share/cursors/future/progress-14.svg' cmdline='' size=16001 bytes
[36657296676] [[35mTRACE[0m] [kernel] [CPU0]   Module[162]: name='/share/cursors/future/progress-15.svg' cmdline='' size=14931 bytes
[36658109796] [[35mTRACE[0m] [kernel] [CPU0]   Module[163]: name='/share/cursors/future/progress-16.svg' cmdline='' size=14873 bytes
[36658902159] [[35mTRACE[0m] [kernel] [CPU0]   Module[164]: name='/share/cursors/future/progress-17.svg' cmdline='' size=13846 bytes
[36659699901] [[35mTRACE[0m] [kernel] [CPU0]   Module[165]: name='/share/cursors/future/progress-18.svg' cmdline='' size=13835 bytes
[36660497412] [[35mTRACE[0m] [kernel] [CPU0]   Module[166]: name='/share/cursors/future/progress-19.svg' cmdline='' size=12645 bytes
[36661306539] [[35mTRACE[0m] [kernel] [CPU0]   Module[167]: name='/share/cursors/future/progress-20.svg' cmdline='' size=12741 bytes
[36666272445] [[35mTRACE[0m] [kernel] [CPU0]   Module[168]: name='/share/cursors/future/progress-21.svg' cmdline='' size=11660 bytes
[36667086192] [[35mTRACE[0m] [kernel] [CPU0]   Module[169]: name='/share/cursors/future/progress-22.svg' cmdline='' size=11612 bytes
[36667905483] [[35mTRACE[0m] [kernel] [CPU0]   Module[170]: name='/share/cursors/future/progress-23.svg' cmdline='' size=11674 bytes
[36669084738] [[35mTRACE[0m] [kernel] [CPU0]   Module[171]: name='/share/cursors/future/progress.svg' cmdline='' size=11642 bytes
[36670133049] [[35mTRACE[0m] [kernel] [CPU0]   Module[172]: name='/share/cursors/future/right-arrow.svg' cmdline='' size=3432 bytes
[36671145753] [[35mTRACE[0m] [kernel] [CPU0]   Module[173]: name='/share/cursors/future/right_ptr.svg' cmdline='' size=5155 bytes
[36672194427] [[35mTRACE[0m] [kernel] [CPU0]   Module[174]: name='/share/cursors/future/right_side.svg' cmdline='' size=6447 bytes
[36673336260] [[35mTRACE[0m] [kernel] [CPU0]   Module[175]: name='/share/cursors/future/row-resize.svg' cmdline='' size=15825 bytes
[36674365101] [[35mTRACE[0m] [kernel] [CPU0]   Module[176]: name='/share/cursors/future/size_bdiag.svg' cmdline='' size=16323 bytes
[36675459249] [[35mTRACE[0m] [kernel] [CPU0]   Module[177]: name='/share/cursors/future/size_fdiag.svg' cmdline='' size=16589 bytes
[36676636887] [[35mTRACE[0m] [kernel] [CPU0]   Module[178]: name='/share/cursors/future/size_hor.svg' cmdline='' size=16255 bytes
[36677722587] [[35mTRACE[0m] [kernel] [CPU0]   Module[179]: name='/share/cursors/future/size_ver.svg' cmdline='' size=15822 bytes
[36679014174] [[35mTRACE[0m] [kernel] [CPU0]   Module[180]: name='/share/cursors/future/text.svg' cmdline='' size=5584 bytes
[36680153532] [[35mTRACE[0m] [kernel] [CPU0]   Module[181]: name='/share/cursors/future/top_left_corner.svg' cmdline='' size=7121 bytes
[36681432414] [[35mTRACE[0m] [kernel] [CPU0]   Module[182]: name='/share/cursors/future/top_right_corner.svg' cmdline='' size=7139 bytes
[36683969058] [[35mTRACE[0m] [kernel] [CPU0]   Module[183]: name='/share/cursors/future/top_side.svg' cmdline='' size=10651 bytes
[36685323873] [[35mTRACE[0m] [kernel] [CPU0]   Module[184]: name='/share/cursors/future/up-arrow.svg' cmdline='' size=7653 bytes
[36695124609] [[35mTRACE[0m] [kernel] [CPU0]   Module[185]: name='/share/cursors/future/vertical-text.svg' cmdline='' size=5621 bytes
[36695806389] [[35mTRACE[0m] [kernel] [CPU0]   Module[186]: name='/share/cursors/future/wait-01.svg' cmdline='' size=15308 bytes
[36696461406] [[35mTRACE[0m] [kernel] [CPU0]   Module[187]: name='/share/cursors/future/wait-02.svg' cmdline='' size=6672 bytes
[36697108371] [[35mTRACE[0m] [kernel] [CPU0]   Module[188]: name='/share/cursors/future/wait-03.svg' cmdline='' size=6686 bytes
[36697785069] [[35mTRACE[0m] [kernel] [CPU0]   Module[189]: name='/share/cursors/future/wait-04.svg' cmdline='' size=7827 bytes
[36698430351] [[35mTRACE[0m] [kernel] [CPU0]   Module[190]: name='/share/cursors/future/wait-05.svg' cmdline='' size=7835 bytes
[36699077217] [[35mTRACE[0m] [kernel] [CPU0]   Module[191]: name='/share/cursors/future/wait-06.svg' cmdline='' size=8976 bytes
[36699719595] [[35mTRACE[0m] [kernel] [CPU0]   Module[192]: name='/share/cursors/future/wait-07.svg' cmdline='' size=8989 bytes
[36700366692] [[35mTRACE[0m] [kernel] [CPU0]   Module[193]: name='/share/cursors/future/wait-08.svg' cmdline='' size=10126 bytes
[36705815124] [[35mTRACE[0m] [kernel] [CPU0]   Module[194]: name='/share/cursors/future/wait-09.svg' cmdline='' size=10140 bytes
[36710793702] [[35mTRACE[0m] [kernel] [CPU0]   Module[195]: name='/share/cursors/future/wait-10.svg' cmdline='' size=11277 bytes
[36711547884] [[35mTRACE[0m] [kernel] [CPU0]   Module[196]: name='/share/cursors/future/wait-11.svg' cmdline='' size=11291 bytes
[36712328994] [[35mTRACE[0m] [kernel] [CPU0]   Module[197]: name='/share/cursors/future/wait-12.svg' cmdline='' size=11277 bytes
[36721703535] [[35mTRACE[0m] [kernel] [CPU0]   Module[198]: name='/share/cursors/future/wait-13.svg' cmdline='' size=10140 bytes
[36722699112] [[35mTRACE[0m] [kernel] [CPU0]   Module[199]: name='/share/cursors/future/wait-14.svg' cmdline='' size=10126 bytes
[36723606909] [[35mTRACE[0m] [kernel] [CPU0]   Module[200]: name='/share/cursors/future/wait-15.svg' cmdline='' size=8991 bytes
[36724561698] [[35mTRACE[0m] [kernel] [CPU0]   Module[201]: name='/share/cursors/future/wait-16.svg' cmdline='' size=8978 bytes
[36725534406] [[35mTRACE[0m] [kernel] [CPU0]   Module[202]: name='/share/cursors/future/wait-17.svg' cmdline='' size=7842 bytes
[36726456063] [[35mTRACE[0m] [kernel] [CPU0]   Module[203]: name='/share/cursors/future/wait-18.svg' cmdline='' size=7829 bytes
[36727393626] [[35mTRACE[0m] [kernel] [CPU0]   Module[204]: name='/share/cursors/future/wait-19.svg' cmdline='' size=6822 bytes
[36728279445] [[35mTRACE[0m] [kernel] [CPU0]   Module[205]: name='/share/cursors/future/wait-20.svg' cmdline='' size=6679 bytes
[36729363957] [[35mTRACE[0m] [kernel] [CPU0]   Module[206]: name='/share/cursors/future/wait-21.svg' cmdline='' size=5542 bytes
[36730301883] [[35mTRACE[0m] [kernel] [CPU0]   Module[207]: name='/share/cursors/future/wait-22.svg' cmdline='' size=5528 bytes
[36731288286] [[35mTRACE[0m] [kernel] [CPU0]   Module[208]: name='/share/cursors/future/wait-23.svg' cmdline='' size=5546 bytes
[36732412794] [[35mTRACE[0m] [kernel] [CPU0]   Module[209]: name='/share/cursors/future/wait.svg' cmdline='' size=5525 bytes
[36733388505] [[35mTRACE[0m] [kernel] [CPU0]   Module[210]: name='/share/cursors/future/wayland-cursor.svg' cmdline='' size=8222 bytes
[36734633265] [[35mTRACE[0m] [kernel] [CPU0]   Module[211]: name='/share/cursors/future/x-cursor.svg' cmdline='' size=6822 bytes
[36739184526] [[35mTRACE[0m] [kernel] [CPU0]   Module[212]: name='/share/cursors/future/zoom-in.svg' cmdline='' size=5441 bytes
[36740102685] [[35mTRACE[0m] [kernel] [CPU0]   Module[213]: name='/share/cursors/future/zoom-out.svg' cmdline='' size=5403 bytes
[36741042492] [[35mTRACE[0m] [kernel] [CPU0]   Module[214]: name='/share/fonts/unifont.hex' cmdline='' size=8355852 bytes
[36741946461] [[35mTRACE[0m] [kernel] [CPU0]   Module[215]: name='/etc/locale.conf' cmdline='' size=85 bytes
[36744537819] [[35mTRACE[0m] [kernel] [CPU0]   Module[216]: name='/etc/profile' cmdline='' size=68 bytes
[36750894576] [[35mTRACE[0m] [kernel] [CPU0]   Module[217]: name='/etc/motd' cmdline='' size=610 bytes
[36751555302] [[35mTRACE[0m] [kernel] [CPU0]   Module[218]: name='/etc/fstab' cmdline='' size=127 bytes
[36763952214] [[35mTRACE[0m] [kernel] [CPU0]   Module[219]: name='/etc/hostname' cmdline='' size=8 bytes
[36764891130] [[32mINFO [0m] [kernel::boot_progress] [CPU0] boot_progress: milestone="Modules Scanned"
[37101674181] [[32mINFO [0m] [kernel::boot_progress] [CPU0] boot_progress: hint="Press F12 for a terminal"
[37103865150] [[34mDEBUG[0m] [kernel] [CPU0] Found init module: /bin/sprout (cmdline: 'init'), loading...
[37108720077] [[34mDEBUG[0m] [kernel::task::loader] [CPU0] LOADER: Loading module '/bin/sprout' (len=90224, base=0x200000)
[37110462444] [[35mTRACE[0m] [kernel::task::loader] [CPU0]   Header: [7f, 45, 4c, 46, 02, 01, 01, 00, 00, 00, 00, 00, 00, 00, 00, 00]
[37128681975] [[34mDEBUG[0m] [kernel::task::loader] [CPU0] LOADER: ELF info: entry=200000, min_vaddr=200000, bias=0, entry_pc=200000
[37130706690] [[35mTRACE[0m] [kernel::task::loader] [CPU0] Segment: vaddr=200000 exec=true
[37136169906] [[35mTRACE[0m] [kernel::task::loader] [CPU0]   COPIED at 0x201420: [0b, 00, 00, 00, be, 01, 00, 00]
[37146304833] [[35mTRACE[0m] [kernel::task::loader] [CPU0] Segment: vaddr=20c000 exec=false
[37148922624] [[35mTRACE[0m] [kernel::task::loader] [CPU0] Segment: vaddr=20f000 exec=false
[37154752008] [[34mDEBUG[0m] [kernel::task::loader] [CPU0] LOADER: TLS block: tp=0x210000 filesz=0 memsz=0 align=1
[37166990487] [[34mDEBUG[0m] [kernel] [CPU0] [kernel:start] scheduler-entry step='load_init_module' elapsed_ticks=61005483 elapsed_us=30502 total_ticks=1423624257 total_us=711812
[37169485353] [[34mDEBUG[0m] [kernel] [CPU0] Warning: Module registry page overflow, truncating list.
[37170243759] [[34mDEBUG[0m] [kernel] [CPU0] [kernel:start] scheduler-entry step='prepare_boot_registry' elapsed_ticks=1900140 elapsed_us=950 total_ticks=1426945047 total_us=713472
[37171244979] [[34mDEBUG[0m] [kernel] [CPU0] [kernel:start] scheduler-entry step='map_boot_registry' elapsed_ticks=189948 elapsed_us=94 total_ticks=1427953989 total_us=713976
[37172539470] [[34mDEBUG[0m] [kernel] [CPU0] [kernel:start] scheduler-entry step='activate_init_aspace' elapsed_ticks=306306 elapsed_us=153 total_ticks=1429190994 total_us=714595
[37173748920] [[34mDEBUG[0m] [kernel] [CPU0] Spawning sprout with registry at 0x600000...
[37174774164] [[34mDEBUG[0m] [kernel] [CPU0] Spawning init process...
[37185145668] [[34mDEBUG[0m] [bran::arch::x86_64::task] [CPU0] INIT KERNEL CTX: entry=0xffffffff800532f0 kstack_top=0xffffffffb006a7c0 arg=0xffffffffb0020a20
[37201973193] [[34mDEBUG[0m] [kernel::sched] [CPU0] REGISTRY: Applying 1 deferred inserts
[37202919501] [[34mDEBUG[0m] [kernel::sched] [CPU0] REGISTRY: Inserting TID=5
[37203780933] [[34mDEBUG[0m] [kernel::sched] [CPU0] REGISTRY: Inserts applied
[37204635138] [[34mDEBUG[0m] [kernel] [CPU0] [kernel:start] scheduler-entry step='spawn_init_task' elapsed_ticks=29916777 elapsed_us=14958 total_ticks=1461315306 total_us=730657
[37205756181] [[32mINFO [0m] [kernel::boot_progress] [CPU0] boot_progress: milestone="Spawning Sprout"
[37354845726] [[34mDEBUG[0m] [kernel::sched::lifecycle] [CPU0] SCHED: early-boot bringup complete; resuming steady-state SMP scheduling
[37356025608] [[34mDEBUG[0m] [kernel] [CPU0] [kernel:start] scheduler-entry step='end_bringup' elapsed_ticks=1748208 elapsed_us=874 total_ticks=1612723332 total_us=806361
[37357222518] [[32mINFO [0m] [kernel::boot_progress] [CPU0] boot_progress: milestone="Entering Scheduler"
[37629650091] [[32mINFO [0m] [kernel] [CPU0] [kernel:start] scheduler-entry total elapsed_ticks=1886112162 elapsed_us=943056
[37630529079] [[32mINFO [0m] [kernel] [CPU0] Entering scheduler loop.
[37650416430] [[34mDEBUG[0m] [kernel::sched::spawn] [CPU0] USER_TRAMPOLINE: PC=0x200000 SP=0x800000 ARG0=0x600000
[37651493583] [[34mDEBUG[0m] [bran::arch::x86_64] [CPU0] ENTER_USER: TID=5 entry_pc=200000 user_sp=800000
[37702797165] [[35mTRACE[0m] [kernel::sched] [CPU0] SCHED-DBG: cpus_online=4
[37713900015] [[35mTRACE[0m] [kernel::sched] [CPU0] SCHED-DBG: cpu=0 curr=Some(5) runq=1 runq_avg=2 runq_samples=1 ctxsw=1 idle2busy=0 tick=1 ipi=0 enq=3 deq=1 wake=0 lock_miss=0 lock_pending=0 lock_blocked=0
[37715680893] [[35mTRACE[0m] [kernel::sched] [CPU0] SCHED-DBG: cpu=1 curr=Some(2) runq=0 runq_avg=0 runq_samples=47 ctxsw=0 idle2busy=0 tick=41 ipi=0 enq=1 deq=0 wake=0 lock_miss=0 lock_pending=0 lock_blocked=0
[37716623604] [[35mTRACE[0m] [kernel::sched] [CPU0] SCHED-DBG: cpu=2 curr=Some(3) runq=0 runq_avg=0 runq_samples=48 ctxsw=0 idle2busy=0 tick=34 ipi=0 enq=1 deq=0 wake=0 lock_miss=0 lock_pending=0 lock_blocked=0
[37717680792] [[35mTRACE[0m] [kernel::sched] [CPU0] SCHED-DBG: cpu=3 curr=Some(4) runq=0 runq_avg=0 runq_samples=44 ctxsw=0 idle2busy=0 tick=42 ipi=0 enq=1 deq=0 wake=0 lock_miss=0 lock_pending=0 lock_blocked=0
[37731456939] [[34mDEBUG[0m] [kernel::syscall::handlers::process] [CPU0] sys_auxv_get: tid=5 buf_len=0
[37737771654] [[34mDEBUG[0m] [kernel::syscall::handlers::process] [CPU0] sys_auxv_get: tid=5 buf_len=20
[37749471606] [[32mINFO [0m] [sprout] [CPU0] SPROUT: ENTERING MAIN (arg0=6291456)
[37752266013] [[34mDEBUG[0m] [sprout] [CPU0] [sprout] whoami: cs=0x2b ss=0x23 cpl=3 rsp=0x7fef70 rip=0x2038e5 rflags=0x202
[37754456487] [[32mINFO [0m] [sprout] [CPU0] SPROUT: v0.4.1 [REBUILT] starting (Supervisor Mode)...
[37756457112] [[34mDEBUG[0m] [sprout] [CPU0] SPROUT: About to create Supervisor...
[37758398073] [[34mDEBUG[0m] [sprout] [CPU0] SPROUT: Listing /bin directory...
[37761321609] [[35mTRACE[0m] [kernel::syscall::handlers::vfs] [CPU0] VFS: sys_fs_open path='/bin' tid=5
[37847734419] [[35mTRACE[0m] [kernel::syscall::handlers::vfs] [CPU0] sys_fs_close: fd=3
[37858807866] [[32mINFO [0m] [sprout::supervisor] [CPU0] SPROUT: Initializing Supervisor...
[37864831719] [[34mDEBUG[0m] [sprout::supervisor] [CPU0] SPROUT: Parsed command line: '    '
[37873480854] [[35mTRACE[0m] [kernel::syscall::handlers::vfs] [CPU0] VFS: sys_fs_open path='/dev/cmdline' tid=5
[37891001214] [[35mTRACE[0m] [kernel::vfs::devfs] [CPU0] devfs: cmdline read offset=0 len=1024
[37894242078] [[34mDEBUG[0m] [sprout::supervisor] [CPU0] SPROUT: Parsed command line: 'loglevel=5'
[37895793870] [[35mTRACE[0m] [kernel::syscall::handlers::vfs] [CPU0] sys_fs_close: fd=3
[37936540290] [[34mDEBUG[0m] [sprout] [CPU0] SPROUT: Supervisor created, calling run_forever...
[37940034429] [[32mINFO [0m] [sprout::supervisor] [CPU0] SPROUT: Supervisor session started (FULL PIPELINE MODE)
[37951634457] [[32mINFO [0m] [sprout::supervisor] [CPU0] SPROUT: Launching serial shell...
[37953943170] [[32mINFO [0m] [sprout::pipelines] [CPU0] SPROUT: Setting up serial shell on /dev/console...
[37956136152] [[35mTRACE[0m] [kernel::syscall::handlers::vfs] [CPU0] VFS: sys_fs_open path='/run/sprout/shell' tid=5
[37961432718] [[35mTRACE[0m] [kernel::syscall::handlers::vfs] [CPU0] VFS: sys_fs_open path='/etc/default/shell' tid=5
[37964690379] [[35mTRACE[0m] [kernel::syscall::handlers::vfs] [CPU0] VFS: sys_fs_open path='/bin/sh' tid=5
[37970223192] [[35mTRACE[0m] [kernel::syscall::handlers::vfs] [CPU0] sys_fs_close: fd=3
[37973884245] [[35mTRACE[0m] [kernel::syscall::handlers::vfs] [CPU0] VFS: sys_fs_open path='/dev/console' tid=5
[37978152300] [[35mTRACE[0m] [kernel::syscall::handlers::vfs] [CPU0] VFS: sys_fs_open path='/dev/console' tid=5
[37981800219] [[35mTRACE[0m] [kernel::syscall::handlers::vfs] [CPU0] VFS: sys_fs_open path='/dev/console' tid=5
[38014306902] [[34mDEBUG[0m] [kernel::sched::spawn] [CPU0] SPAWN: page cache miss for '/bin/sh', caching 127864 bytes
[38022211821] [[34mDEBUG[0m] [kernel::task::loader] [CPU0] LOADER: Loading module 'sh' (len=127864, base=0x200000)
[38023334118] [[35mTRACE[0m] [kernel::task::loader] [CPU0]   Header: [7f, 45, 4c, 46, 02, 01, 01, 00, 00, 00, 00, 00, 00, 00, 00, 00]
[38025384408] [[34mDEBUG[0m] [kernel::task::loader] [CPU0] LOADER: ELF info: entry=200000, min_vaddr=200000, bias=0, entry_pc=200000
[38026345137] [[35mTRACE[0m] [kernel::task::loader] [CPU0] Segment: vaddr=200000 exec=true
[38029759152] [[35mTRACE[0m] [kernel::task::loader] [CPU0]   COPIED at 0x201420: [0f, 84, 32, 06, 00, 00, 48, 8b]
[38044259616] [[35mTRACE[0m] [kernel::task::loader] [CPU0] Segment: vaddr=214000 exec=false
[38046177477] [[35mTRACE[0m] [kernel::task::loader] [CPU0] Segment: vaddr=217000 exec=false
[38047496091] [[34mDEBUG[0m] [kernel::task::loader] [CPU0] LOADER: TLS block: tp=0x218000 filesz=0 memsz=0 align=1
[38054851494] [[34mDEBUG[0m] [kernel::sched::spawn] [CPU0] SPAWN_FROM_PATH: Starting Phase 1 for /bin/sh
[38056222545] [[34mDEBUG[0m] [bran::arch::x86_64::task] [CPU0] INIT KERNEL CTX: entry=0xffffffff800532f0 kstack_top=0xffffffffb00a3b60 arg=0xffffffffb0074380
[38060519772] [[34mDEBUG[0m] [kernel::sched::spawn] [CPU0] SPAWN_FROM_PATH: Phase 1 complete, ID=6, applying inserts
[38061141459] [[34mDEBUG[0m] [kernel::sched] [CPU0] REGISTRY: Applying 1 deferred inserts
[38061633918] [[34mDEBUG[0m] [kernel::sched] [CPU0] REGISTRY: Inserting TID=6
[38062201452] [[34mDEBUG[0m] [kernel::sched] [CPU0] REGISTRY: Inserts applied
[38062713711] [[34mDEBUG[0m] [kernel::sched::spawn] [CPU0] SPAWN_FROM_PATH: Inserts applied, entering Phase 2
[38076108345] [[34mDEBUG[0m] [kernel::sched::spawn] [CPU0] SETUP_STDIO: stdin=Fd(3) stdout=Fd(4) stderr=Fd(5)
[38090215251] [[34mDEBUG[0m] [kernel::sched::spawn] [CPU0] SPAWN_FROM_PATH: Phase 2 complete, waking task 6
[38097847392] [[34mDEBUG[0m] [kernel::sched::spawn] [CPU0] SPAWN_FROM_PATH: Task 6 woken, restoring IRQs
[38098568244] [[34mDEBUG[0m] [kernel::sched::spawn] [CPU0] SPAWN_FROM_PATH: Done for /bin/sh
[38100823893] [[34mDEBUG[0m] [kernel::syscall::handlers::process] [CPU0] SYSCALL SPAWN_PROCESS_EX: name='/bin/sh' TID=6 PID=6
[38109245592] [[32mINFO [0m] [sprout::pipelines] [CPU0] SPROUT: Spawned serial shell '/bin/sh' (PID=6)
[38110837974] [[34mDEBUG[0m] [kernel::sched::spawn] [CPU3] USER_TRAMPOLINE: PC=0x200000 SP=0x800000 ARG0=0x0
[38111729502] [[34mDEBUG[0m] [bran::arch::x86_64] [CPU3] ENTER_USER: TID=6 entry_pc=200000 user_sp=800000
[38113269513] [[35mTRACE[0m] [kernel::syscall::handlers::vfs] [CPU0] sys_fs_close: fd=3
[38114104512] [[34mDEBUG[0m] [kernel::syscall::handlers::process] [CPU3] sys_auxv_get: tid=6 buf_len=0
[38115486519] [[34mDEBUG[0m] [kernel::syscall::handlers::process] [CPU3] sys_auxv_get: tid=6 buf_len=100
[38118063687] [[35mTRACE[0m] [kernel::syscall::handlers::vfs] [CPU0] sys_fs_close: fd=4
[38119050222] [[32mINFO [0m] [sh] [CPU3] SH: starting v0.1.0-debug
[38119439259] [[35mTRACE[0m] [kernel::syscall::handlers::vfs] [CPU0] sys_fs_close: fd=5
[38122320687] [[35mTRACE[0m] [kernel::syscall::handlers::vfs] [CPU3] VFS: sys_fs_open path='/run/motd' tid=6
[38124961842] [[35mTRACE[0m] [kernel::syscall::handlers::vfs] [CPU3] VFS: sys_fs_open path='/etc/motd' tid=6
[38124984942] [[32mINFO [0m] [sprout::supervisor] [CPU0] SPROUT: Serial shell launched; yielding 50ms so the prompt can take the foreground
[38128934250] [[35mTRACE[0m] [kernel::syscall::handlers::vfs] [CPU3] sys_fs_close: fd=6
[38137593615] [[34mDEBUG[0m] [kernel] [CPU0] deferred_bootfb_gradient elapsed_ticks=20460
[38138154747] [[35mTRACE[0m] [kernel::vfs::devfs] [CPU3] vfs: /dev/console write by PID=6 len=610
[1;32m
        .-.
       /   \        [1;36mTHING-OS[1;32m
      |     |       [0;36m"People, places, things."[1;32m
       \   /        
        `-'        
       /   \        v0.1  •  
      |     |       2026-04-16
       \   /
        `-'
[0m
[2m--------------------------------------------------------------[0m
[1m sprout has taken root. the system is awake.[0m

  try:
    [36mls /bin[0m       browse available shoots
    [36mps[0m            observe living processes
    [36mcat /version[0m  inspect the genome

[2m--------------------------------------------------------------[0m
[38147089761] [[35mTRACE[0m] [kernel::syscall::handlers::vfs] [CPU3] VFS: sys_fs_open path='/etc/profile' tid=6
[38184669402] [[35mTRACE[0m] [kernel::syscall::handlers::vfs] [CPU3] sys_fs_close: fd=6
[38196868215] [[35mTRACE[0m] [kernel::vfs::devfs] [CPU3] vfs: /dev/console write by PID=6 len=97
[1;95mTHING[0m[1;96m-OS[0m [2;94m[[0m[1;95mBOOT[0m[2;94m][0m [1;93m/[0m [1;96m>[0m [38207055051] [[35mTRACE[0m] [kernel::vfs::devfs] [CPU3] vfs: /dev/console write by PID=6 len=6
[?25h[38209599483] [[35mTRACE[0m] [kernel::vfs::devfs] [CPU3] vfs: /dev/console read by PID=6 len=1
[38281730949] [[32mINFO [0m] [sprout::supervisor] [CPU0] SPROUT: Continuing supervisor startup
[38283948714] [[32mINFO [0m] [sprout::supervisor] [CPU0] SPROUT: Spawning cambium for driver discovery...
[38289683487] [[34mDEBUG[0m] [kernel::task::loader] [CPU0] LOADER: Loading module '/bin/cambium' (len=144760, base=0x200000)
[38290574553] [[35mTRACE[0m] [kernel::task::loader] [CPU0]   Header: [7f, 45, 4c, 46, 02, 01, 01, 00, 00, 00, 00, 00, 00, 00, 00, 00]
[38291843007] [[34mDEBUG[0m] [kernel::task::loader] [CPU0] LOADER: ELF info: entry=200000, min_vaddr=200000, bias=0, entry_pc=200000
[38292626064] [[35mTRACE[0m] [kernel::task::loader] [CPU0] Segment: vaddr=200000 exec=true
[38295054204] [[35mTRACE[0m] [kernel::task::loader] [CPU0]   COPIED at 0x201420: [8d, 3c, f0, 48, 83, c7, 70, 48]
[38311231497] [[35mTRACE[0m] [kernel::task::loader] [CPU0] Segment: vaddr=217000 exec=false
[38313419562] [[35mTRACE[0m] [kernel::task::loader] [CPU0] Segment: vaddr=21a000 exec=false
[38315239446] [[34mDEBUG[0m] [kernel::task::loader] [CPU0] LOADER: TLS block: tp=0x21b000 filesz=0 memsz=0 align=1
[38326311210] [[34mDEBUG[0m] [bran::arch::x86_64::task] [CPU0] INIT KERNEL CTX: entry=0xffffffff800532f0 kstack_top=0xffffffffb00bd5e0 arg=0xffffffffb00ad260
[38330100501] [[34mDEBUG[0m] [kernel::sched] [CPU0] REGISTRY: Applying 1 deferred inserts
[38331125349] [[34mDEBUG[0m] [kernel::sched] [CPU0] REGISTRY: Inserting TID=7
[38334424821] [[34mDEBUG[0m] [kernel::sched] [CPU0] REGISTRY: Inserts applied
[38344009011] [[34mDEBUG[0m] [kernel::sched::spawn] [CPU0] SCHED: TID 7 ��� task '/bin/cambium' (pid=7 from boot module)
[38350430481] [[34mDEBUG[0m] [sprout::supervisor] [CPU0] SPROUT: Spawned cambium (PID=7)
[38351155095] [[34mDEBUG[0m] [kernel::sched::spawn] [CPU1] USER_TRAMPOLINE: PC=0x200000 SP=0x800000 ARG0=0x0
[38352480243] [[34mDEBUG[0m] [bran::arch::x86_64] [CPU1] ENTER_USER: TID=7 entry_pc=200000 user_sp=800000
[38356747869] [[32mINFO [0m] [sprout::pipelines] [CPU0] SPROUT: Skipping early /hosts mount; mesocarp is disabled in init
[38356986294] [[34mDEBUG[0m] [kernel::syscall::handlers::process] [CPU1] sys_auxv_get: tid=7 buf_len=0
[38359360710] [[34mDEBUG[0m] [kernel::syscall::handlers::process] [CPU1] sys_auxv_get: tid=7 buf_len=100
[38361238410] [[34mDEBUG[0m] [sprout::supervisor] [CPU0] SPROUT: Deferring netd until /dev/net/virtio0/rx is ready...
[38363528841] [[32mINFO [0m] [cambium] [CPU1] CAMBIUM: main started
[38363872272] [[34mDEBUG[0m] [sprout::supervisor] [CPU0] SPROUT: Waiting for /dev/net/virtio0/rx before spawning netd...
[38377567305] [[32mINFO [0m] [sprout::supervisor] [CPU0] SPROUT: Starting full pipeline (graphics + input)
[38381105169] [[32mINFO [0m] [sprout::supervisor] [CPU0] SPROUT: Entering supervisor service loop (tick=100ms)
[38384158758] [[35mTRACE[0m] [sprout::supervisor] [CPU0] SPROUT: Supervisor tick...
[38386434471] [[35mTRACE[0m] [sprout::supervisor] [CPU0] SPROUT: Loop iteration: spawn_bristle_if_needed
[38401923846] [[32mINFO [0m] [cambium] [CPU1] CAMBIUM: starting device discovery manager (daemon mode)
[38404247871] [[35mTRACE[0m] [kernel::syscall::handlers::vfs] [CPU1] VFS: sys_fs_open path='/drivers' tid=7
[38406154083] [[34mDEBUG[0m] [kernel::sched::spawn] [CPU0] SPAWN: page cache miss for '/bin/bristle', caching 68744 bytes
[38410384188] [[35mTRACE[0m] [kernel::syscall::handlers::vfs] [CPU1] sys_fs_readdir: fd=3 len=4096
[38411838366] [[34mDEBUG[0m] [kernel::task::loader] [CPU0] LOADER: Loading module 'bristle' (len=68744, base=0x200000)
[38412676566] [[35mTRACE[0m] [kernel::task::loader] [CPU0]   Header: [7f, 45, 4c, 46, 02, 01, 01, 00, 00, 00, 00, 00, 00, 00, 00, 00]
[38413435170] [[35mTRACE[0m] [kernel::syscall::handlers::vfs] [CPU1] sys_fs_readdir: natural phase begin offset=0
[38414450877] [[34mDEBUG[0m] [kernel::task::loader] [CPU0] LOADER: ELF info: entry=200000, min_vaddr=200000, bias=0, entry_pc=200000
[38415464571] [[35mTRACE[0m] [kernel::task::loader] [CPU0] Segment: vaddr=200000 exec=true
[38418873999] [[35mTRACE[0m] [kernel::task::loader] [CPU0]   COPIED at 0x201420: [cc, fc, ff, ff, 45, 31, ff, e9]
[38425498419] [[35mTRACE[0m] [kernel::task::loader] [CPU0] Segment: vaddr=209000 exec=false
[38427656949] [[35mTRACE[0m] [kernel::task::loader] [CPU0] Segment: vaddr=20b000 exec=false
[38429142378] [[34mDEBUG[0m] [kernel::task::loader] [CPU0] LOADER: TLS block: tp=0x20c000 filesz=0 memsz=0 align=1
[38445593934] [[34mDEBUG[0m] [kernel::sched::spawn] [CPU0] SPAWN_FROM_PATH: Starting Phase 1 for /bin/bristle
[38446428240] [[34mDEBUG[0m] [bran::arch::x86_64::task] [CPU0] INIT KERNEL CTX: entry=0xffffffff800532f0 kstack_top=0xffffffffb00e91e0 arg=0xffffffffb00d7700
[38448010524] [[34mDEBUG[0m] [kernel::sched::spawn] [CPU0] SPAWN_FROM_PATH: Phase 1 complete, ID=8, applying inserts
[38448588519] [[34mDEBUG[0m] [kernel::sched] [CPU0] REGISTRY: Applying 1 deferred inserts
[38449071012] [[34mDEBUG[0m] [kernel::sched] [CPU0] REGISTRY: Inserting TID=8
[38449638678] [[34mDEBUG[0m] [kernel::sched] [CPU0] REGISTRY: Inserts applied
[38450168295] [[34mDEBUG[0m] [kernel::sched::spawn] [CPU0] SPAWN_FROM_PATH: Inserts applied, entering Phase 2
[38452050252] [[34mDEBUG[0m] [kernel::sched::spawn] [CPU0] SETUP_STDIO: stdin=Null stdout=Inherit stderr=Inherit
[38456945835] [[34mDEBUG[0m] [kernel::sched::spawn] [CPU0] SPAWN_FROM_PATH: Phase 2 complete, waking task 8
[38458256463] [[35mTRACE[0m] [kernel::syscall::handlers::vfs] [CPU1] sys_fs_close: fd=3
[38458554057] [[34mDEBUG[0m] [kernel::sched::spawn] [CPU0] SPAWN_FROM_PATH: Task 8 woken, restoring IRQs
[38459256957] [[34mDEBUG[0m] [kernel::sched::spawn] [CPU0] SPAWN_FROM_PATH: Done for /bin/bristle
[38459979624] [[34mDEBUG[0m] [kernel::syscall::handlers::process] [CPU0] SYSCALL SPAWN_PROCESS_EX: name='/bin/bristle' TID=8 PID=8
[38461404762] [[34mDEBUG[0m] [kernel::sched::spawn] [CPU2] USER_TRAMPOLINE: PC=0x200000 SP=0x800000 ARG0=0x0
[38461741263] [[35mTRACE[0m] [kernel::syscall::handlers::vfs] [CPU1] VFS: sys_fs_open path='/drivers/ahci_disk' tid=7
[38462653812] [[34mDEBUG[0m] [bran::arch::x86_64] [CPU2] ENTER_USER: TID=8 entry_pc=200000 user_sp=800000
[38464899297] [[34mDEBUG[0m] [kernel::syscall::handlers::process] [CPU2] sys_auxv_get: tid=8 buf_len=0
[38467000011] [[34mDEBUG[0m] [kernel::syscall::handlers::process] [CPU2] sys_auxv_get: tid=8 buf_len=100
[38485586469] [[32mINFO [0m] [sprout::pipelines] [CPU0] SPROUT: Spawned bristle (PID=8)
[38486079984] [[35mTRACE[0m] [kernel::syscall::handlers::vfs] [CPU2] VFS: sys_fs_open path='/session/active_ui' tid=8
[38490986589] [[35mTRACE[0m] [sprout::supervisor] [CPU0] SPROUT: Loop iteration: spawn_display_if_needed
[38493278769] [[32mINFO [0m] [sprout::supervisor] [CPU0] SPROUT: Starting display pipeline setup
[38495572698] [[32mINFO [0m] [sprout::pipelines] [CPU0] SPROUT: Probing /dev/fb0 for boot framebuffer metadata
[38495991534] [[35mTRACE[0m] [kernel::syscall::handlers::vfs] [CPU2] sys_fs_close: fd=3
[38499139569] [[35mTRACE[0m] [kernel::syscall::handlers::vfs] [CPU0] VFS: sys_fs_open path='/dev/fb0' tid=5
[38500137687] [[34mDEBUG[0m] [kernel::syscall::handlers::vfs] [CPU0] sys_fs_open: path='/dev/fb0' len=8 flags=0x0
[38501841213] [[35mTRACE[0m] [kernel::vfs::devfs] [CPU0] devfs: lookup entry path='fb0' len=3
[38502958593] [[34mDEBUG[0m] [kernel::vfs::devfs] [CPU0] devfs: dynamic registry hit path='fb0'
[38503563945] [[35mTRACE[0m] [bristle] [CPU2] bristle: active_ui set to 'bloom'
[38505162960] [[34mDEBUG[0m] [kernel::syscall::handlers::vfs] [CPU0] sys_fs_open: resolved node for /dev/fb0 mode=0o20666 size=32 ino=4
[38506098213] [[34mDEBUG[0m] [kernel::syscall::handlers::vfs] [CPU0] sys_fs_open: process info present for /dev/fb0
[38506919253] [[34mDEBUG[0m] [kernel::syscall::handlers::vfs] [CPU0] sys_fs_open: handle_table.open('/dev/fb0') -> 3
[38507925522] [[35mTRACE[0m] [kernel::syscall::handlers::vfs] [CPU2] VFS: sys_fs_open path='/run/bristle/pid' tid=8
[38519357547] [[35mTRACE[0m] [kernel::vfs::devfs] [CPU0] FbNode::read: off=0 n=32 buf_len=32 total=32
[38521753743] [[35mTRACE[0m] [kernel::syscall::handlers::vfs] [CPU0] sys_fs_close: fd=3
[38524675860] [[32mINFO [0m] [sprout::pipelines] [CPU0] SPROUT: /dev/fb0 ready width=1920 height=1080 stride=7680 format=2
[38526652164] [[35mTRACE[0m] [kernel::syscall::handlers::vfs] [CPU0] VFS: sys_fs_open path='/drivers/display_virtio_gpu' tid=5
[38530229133] [[35mTRACE[0m] [kernel::syscall::handlers::vfs] [CPU0] sys_fs_close: fd=3
[38532007305] [[32mINFO [0m] [sprout::pipelines] [CPU0] SPROUT: Selected display driver '/drivers/display_virtio_gpu'
[38535276516] [[32mINFO [0m] [sprout::pipelines] [CPU0] SPROUT: Creating display request port
[38538086334] [[35mTRACE[0m] [kernel::syscall::handlers::vfs] [CPU2] sys_fs_close: fd=3
[38539782930] [[32mINFO [0m] [bristle] [CPU2] bristle: published pid 8 to /run/bristle/pid
[38540474775] [[34mDEBUG[0m] [kernel::ipc] [CPU0] CREATE_PORT: capacity=4096
[38542099101] [[34mDEBUG[0m] [kernel::ipc] [CPU0] CREATE_PORT: appended id=PortId(0)
[38543103027] [[34mDEBUG[0m] [kernel::ipc] [CPU2] CREATE_PORT: capacity=4096
[38543976207] [[34mDEBUG[0m] [kernel::ipc] [CPU2] CREATE_PORT: appended id=PortId(1)
[38550717876] [[34mDEBUG[0m] [kernel::ipc::handles] [CPU0] ALLOC_HANDLE: handle=1 port_id=PortId(0) mode=Write
[38550713817] [[34mDEBUG[0m] [kernel::ipc::handles] [CPU2] ALLOC_HANDLE: handle=1 port_id=PortId(1) mode=Write
[38553627420] [[34mDEBUG[0m] [kernel::ipc::handles] [CPU0] ALLOC_HANDLE: handle=2 port_id=PortId(0) mode=Read
[38553651774] [[34mDEBUG[0m] [kernel::ipc::handles] [CPU2] ALLOC_HANDLE: handle=2 port_id=PortId(1) mode=Read
[38556004806] [[34mDEBUG[0m] [kernel::ipc] [CPU2] CREATE_PORT: capacity=4096
[38556920721] [[34mDEBUG[0m] [kernel::ipc] [CPU2] CREATE_PORT: appended id=PortId(2)
[38557791690] [[34mDEBUG[0m] [kernel::ipc::handles] [CPU2] ALLOC_HANDLE: handle=3 port_id=PortId(2) mode=Write
[38558657478] [[34mDEBUG[0m] [kernel::ipc::handles] [CPU2] ALLOC_HANDLE: handle=4 port_id=PortId(2) mode=Read
[38569556256] [[35mTRACE[0m] [kernel::syscall::handlers::vfs] [CPU2] VFS: sys_fs_open path='/run/bristle/kbd_in' tid=8
[38569749801] [[32mINFO [0m] [sprout::pipelines] [CPU0] SPROUT: Creating display response port
[38573299842] [[34mDEBUG[0m] [kernel::ipc] [CPU0] CREATE_PORT: capacity=4096
[38574034158] [[34mDEBUG[0m] [kernel::ipc] [CPU0] CREATE_PORT: appended id=PortId(3)
[38575204635] [[34mDEBUG[0m] [kernel::ipc::handles] [CPU0] ALLOC_HANDLE: handle=3 port_id=PortId(3) mode=Write
[38576012805] [[35mTRACE[0m] [kernel::syscall::handlers::vfs] [CPU2] sys_fs_close: fd=3
[38576111409] [[34mDEBUG[0m] [kernel::ipc::handles] [CPU0] ALLOC_HANDLE: handle=4 port_id=PortId(3) mode=Read
[38577588918] [[35mTRACE[0m] [kernel::syscall::handlers::vfs] [CPU2] VFS: sys_fs_open path='/run/bristle/mouse_in' tid=8
[38581740879] [[32mINFO [0m] [sprout::pipelines] [CPU0] SPROUT: Creating display bootstrap memfd
[38583134799] [[35mTRACE[0m] [kernel::syscall::handlers::vfs] [CPU2] sys_fs_close: fd=3
[38584743087] [[32mINFO [0m] [bristle] [CPU2] bristle: published device handles kbd_in=1 mouse_in=3
[38585789451] [[35mTRACE[0m] [kernel::syscall::handlers::vfs] [CPU2] VFS: sys_fs_open path='/proc/self/inbox' tid=8
[38590521156] [[32mINFO [0m] [sprout::pipelines] [CPU0] SPROUT: Mapping display bootstrap memfd
[38595417300] [[34mDEBUG[0m] [kernel::handle::bridge] [CPU2] BRIDGE: handle=2 -> fd=4 node=0xffffffffb00d76f0 port=0xffffffffb00f5470
[38597981862] [[32mINFO [0m] [sprout::pipelines] [CPU0] SPROUT: Launching display driver '/drivers/display_virtio_gpu' (boot_fd=3, bind_id=322371585)
[38601793923] [[34mDEBUG[0m] [kernel::handle::bridge] [CPU2] BRIDGE: handle=4 -> fd=5 node=0xffffffffb01f9390 port=0xffffffffb00f71f0
[38603750427] [[32mINFO [0m] [bristle] [CPU2] bristle: online (kbd_tok=Some(WaitToken(2)), mouse_tok=Some(WaitToken(3)))
[38627625696] [[34mDEBUG[0m] [kernel::sched::spawn] [CPU0] SPAWN: page cache miss for '/drivers/display_virtio_gpu', caching 183440 bytes
[38631187782] [[34mDEBUG[0m] [kernel::task::loader] [CPU0] LOADER: Loading module 'display_virtio_gpu' (len=183440, base=0x200000)
[38631873885] [[35mTRACE[0m] [kernel::task::loader] [CPU0]   Header: [7f, 45, 4c, 46, 02, 01, 01, 03, 00, 00, 00, 00, 00, 00, 00, 00]
[38632954536] [[34mDEBUG[0m] [kernel::task::loader] [CPU0] LOADER: ELF info: entry=200000, min_vaddr=200000, bias=0, entry_pc=200000
[38633554113] [[35mTRACE[0m] [kernel::task::loader] [CPU0] Segment: vaddr=200000 exec=true
[38635746270] [[35mTRACE[0m] [kernel::task::loader] [CPU0]   COPIED at 0x201420: [48, b9, ff, ff, ff, ff, ff, ff]
[38650412757] [[35mTRACE[0m] [kernel::task::loader] [CPU0] Segment: vaddr=21d000 exec=false
[38653664016] [[35mTRACE[0m] [kernel::task::loader] [CPU0] Segment: vaddr=222000 exec=false
[38655638340] [[34mDEBUG[0m] [kernel::task::loader] [CPU0] LOADER: TLS block: tp=0x224000 filesz=0 memsz=0 align=1
[38668306908] [[34mDEBUG[0m] [kernel::sched::spawn] [CPU0] SPAWN_FROM_PATH: Starting Phase 1 for /drivers/display_virtio_gpu
[38669101746] [[34mDEBUG[0m] [bran::arch::x86_64::task] [CPU0] INIT KERNEL CTX: entry=0xffffffff800532f0 kstack_top=0xffffffffb02364e0 arg=0xffffffffb02262c0
[38670618756] [[34mDEBUG[0m] [kernel::sched::spawn] [CPU0] SPAWN_FROM_PATH: Phase 1 complete, ID=9, applying inserts
[38671170219] [[34mDEBUG[0m] [kernel::sched] [CPU0] REGISTRY: Applying 1 deferred inserts
[38671637169] [[34mDEBUG[0m] [kernel::sched] [CPU0] REGISTRY: Inserting TID=9
[38672170812] [[34mDEBUG[0m] [kernel::sched] [CPU0] REGISTRY: Inserts applied
[38672678484] [[34mDEBUG[0m] [kernel::sched::spawn] [CPU0] SPAWN_FROM_PATH: Inserts applied, entering Phase 2
[38674816917] [[34mDEBUG[0m] [kernel::sched::spawn] [CPU0] SETUP_STDIO: stdin=Null stdout=Inherit stderr=Inherit
[38678876544] [[34mDEBUG[0m] [kernel::sched::spawn] [CPU0] SPAWN_FROM_PATH: Phase 2 complete, waking task 9
[38680227300] [[34mDEBUG[0m] [kernel::sched::spawn] [CPU0] SPAWN_FROM_PATH: Task 9 woken, restoring IRQs
[38680824270] [[34mDEBUG[0m] [kernel::sched::spawn] [CPU0] SPAWN_FROM_PATH: Done for /drivers/display_virtio_gpu
[38681403255] [[34mDEBUG[0m] [kernel::syscall::handlers::process] [CPU0] SYSCALL SPAWN_PROCESS_EX: name='/drivers/display_virtio_gpu' TID=9 PID=9
[38682572742] [[34mDEBUG[0m] [kernel::sched::spawn] [CPU3] USER_TRAMPOLINE: PC=0x200000 SP=0x800000 ARG0=0x3
[38683450245] [[34mDEBUG[0m] [bran::arch::x86_64] [CPU3] ENTER_USER: TID=9 entry_pc=200000 user_sp=800000
[38684621250] [[34mDEBUG[0m] [kernel::syscall::handlers::process] [CPU3] sys_auxv_get: tid=9 buf_len=0
[38685855747] [[34mDEBUG[0m] [kernel::syscall::handlers::process] [CPU3] sys_auxv_get: tid=9 buf_len=100
[38690617845] [[32mINFO [0m] [display_virtio_gpu] [CPU3] display_virtio_gpu: starting v0.4.1 (boot_arg=3)
[38691948372] [[34mDEBUG[0m] [display_virtio_gpu] [CPU3] display_virtio_gpu: Starting VFS-native VirtIO GPU driver...
[38696800692] [[34mDEBUG[0m] [display_virtio_gpu] [CPU3] display_virtio_gpu: boot_arg=3
[38699263119] [[34mDEBUG[0m] [display_virtio_gpu] [CPU3] display_virtio_gpu: Mapping bootstrap memfd 3 size=4096...
[38702709408] [[34mDEBUG[0m] [display_virtio_gpu] [CPU3] display_virtio_gpu: vm_map success at 0x400000001000
[38704331028] [[34mDEBUG[0m] [display_virtio_gpu] [CPU3] display_virtio_gpu: Recovered handles: req_read=2, resp_write=3, svc=0, id=322371585
[38705466756] [[34mDEBUG[0m] [display_virtio_gpu] [CPU3] display_virtio_gpu: starting (drv_req_r=2, drv_resp_w=3, svc=0, id=322371585)
[38706627036] [[35mTRACE[0m] [display_virtio_gpu] [CPU3] display_virtio_gpu: Scanning /sys/devices for PCI GPU...
[38707744185] [[35mTRACE[0m] [kernel::syscall::handlers::vfs] [CPU3] VFS: sys_fs_open path='/sys/devices' tid=9
[38710287627] [[34mDEBUG[0m] [kernel::vfs::sysfs] [CPU3] sysfs: lookup path='devices'
[38712544332] [[32mINFO [0m] [sprout::supervisor] [CPU0] SPROUT: Display pipeline initialized (backend=virtio_gpu)
[38714599902] [[35mTRACE[0m] [kernel::syscall::handlers::vfs] [CPU3] sys_fs_readdir: fd=4 len=4096
[38716158558] [[35mTRACE[0m] [kernel::syscall::handlers::vfs] [CPU3] sys_fs_readdir: natural phase begin offset=0
[38716323492] [[35mTRACE[0m] [sprout::supervisor] [CPU0] SPROUT: Loop iteration: spawn_bloom_if_ready
[38719550067] [[34mDEBUG[0m] [sprout::supervisor] [CPU0] SPROUT: Checking if bloom is ready to spawn (/dev/display/card0 mounted=false, service_ready=false)...
[38720814363] [[35mTRACE[0m] [kernel::vfs::sysfs] [CPU3] sysfs: readdir found 13 slots
[38723667609] [[34mDEBUG[0m] [sprout::supervisor] [CPU0] SPROUT: display card not ready for bloom yet
[38725046085] [[35mTRACE[0m] [kernel::vfs::sysfs] [CPU3] sysfs: readdir wrote 191 bytes
[38727536760] [[35mTRACE[0m] [sprout::supervisor] [CPU0] SPROUT: Loop iteration: spawn_wayland_hello_if_ready
[38729790792] [[35mTRACE[0m] [kernel::syscall::handlers::vfs] [CPU3] sys_fs_close: fd=4
[38730163659] [[35mTRACE[0m] [sprout::supervisor] [CPU0] SPROUT: Loop iteration: spawn_clock_if_ready
[38734169991] [[35mTRACE[0m] [sprout::supervisor] [CPU0] SPROUT: Loop iteration: spawn_leaf_if_ready
[38735802633] [[35mTRACE[0m] [sprout::supervisor] [CPU0] SPROUT: Loop iteration: tick complete
[38737951560] [[35mTRACE[0m] [kernel::syscall::handlers::vfs] [CPU0] VFS: sys_fs_open path='/proc/self/inbox' tid=5
[38744128797] [[34mDEBUG[0m] [sprout::supervisor] [CPU0] SPROUT: ServiceLoop waiting for next event...
[38756770734] [[35mTRACE[0m] [kernel::syscall::handlers::vfs] [CPU1] sys_fs_close: fd=3
[38764785543] [[32mINFO [0m] [cambium::catalog] [CPU1] DEVD CATALOG: registered driver '/drivers/ahci_disk' name='ahci_disk' class=Block kind='dev.storage.Ahci' start='thingos_driver_start_safe'
[38765915958] [[35mTRACE[0m] [kernel::syscall::handlers::vfs] [CPU3] VFS: sys_fs_open path='/sys/devices/platform-fb000000/vendor' tid=9
[38767063665] [[35mTRACE[0m] [kernel::syscall::handlers::vfs] [CPU1] VFS: sys_fs_open path='/drivers/ata_disk' tid=7
[38768615589] [[34mDEBUG[0m] [kernel::vfs::sysfs] [CPU3] sysfs: lookup path='devices/platform-fb000000/vendor'
[38773207704] [[34mDEBUG[0m] [kernel::vfs::sysfs] [CPU3] sysfs: matched device file 'platform-fb000000/vendor'
[38777786916] [[35mTRACE[0m] [kernel::syscall::handlers::vfs] [CPU3] sys_fs_close: fd=4
[38781659829] [[35mTRACE[0m] [kernel::syscall::handlers::vfs] [CPU3] VFS: sys_fs_open path='/sys/devices/platform-fb000000/device' tid=9
[38784226470] [[34mDEBUG[0m] [kernel::vfs::sysfs] [CPU3] sysfs: lookup path='devices/platform-fb000000/device'
[38786130570] [[34mDEBUG[0m] [kernel::vfs::sysfs] [CPU3] sysfs: matched device file 'platform-fb000000/device'
[38789425389] [[35mTRACE[0m] [kernel::syscall::handlers::vfs] [CPU3] sys_fs_close: fd=4
[38791619691] [[35mTRACE[0m] [kernel::syscall::handlers::vfs] [CPU3] VFS: sys_fs_open path='/sys/devices/platform-fb000000/class' tid=9
[38794849533] [[34mDEBUG[0m] [kernel::vfs::sysfs] [CPU3] sysfs: lookup path='devices/platform-fb000000/class'
[38800109700] [[34mDEBUG[0m] [kernel::vfs::sysfs] [CPU3] sysfs: matched device file 'platform-fb000000/class'
[38806608357] [[35mTRACE[0m] [kernel::syscall::handlers::vfs] [CPU3] sys_fs_close: fd=4
[38809012044] [[35mTRACE[0m] [kernel::syscall::handlers::vfs] [CPU3] VFS: sys_fs_open path='/sys/devices/pci-0000:00:00.0/vendor' tid=9
[38813808462] [[34mDEBUG[0m] [kernel::vfs::sysfs] [CPU3] sysfs: lookup path='devices/pci-0000:00:00.0/vendor'
[38815717347] [[34mDEBUG[0m] [kernel::vfs::sysfs] [CPU3] sysfs: matched device file 'pci-0000:00:00.0/vendor'
[38817722394] [[35mTRACE[0m] [kernel::syscall::handlers::vfs] [CPU3] sys_fs_close: fd=4
[38818836309] [[35mTRACE[0m] [kernel::syscall::handlers::vfs] [CPU3] VFS: sys_fs_open path='/sys/devices/pci-0000:00:00.0/device' tid=9
[38821602270] [[34mDEBUG[0m] [kernel::vfs::sysfs] [CPU3] sysfs: lookup path='devices/pci-0000:00:00.0/device'
[38822870625] [[34mDEBUG[0m] [kernel::vfs::sysfs] [CPU3] sysfs: matched device file 'pci-0000:00:00.0/device'
[38827139307] [[35mTRACE[0m] [kernel::syscall::handlers::vfs] [CPU3] sys_fs_close: fd=4
[38829022452] [[35mTRACE[0m] [kernel::syscall::handlers::vfs] [CPU3] VFS: sys_fs_open path='/sys/devices/pci-0000:00:00.0/class' tid=9
[38831453397] [[34mDEBUG[0m] [kernel::vfs::sysfs] [CPU3] sysfs: lookup path='devices/pci-0000:00:00.0/class'
[38833199889] [[34mDEBUG[0m] [kernel::vfs::sysfs] [CPU3] sysfs: matched device file 'pci-0000:00:00.0/class'
[38836212987] [[35mTRACE[0m] [kernel::syscall::handlers::vfs] [CPU3] sys_fs_close: fd=4
[38837871798] [[35mTRACE[0m] [kernel::syscall::handlers::vfs] [CPU3] VFS: sys_fs_open path='/sys/devices/pci-0000:00:01.0/vendor' tid=9
[38841899811] [[34mDEBUG[0m] [kernel::vfs::sysfs] [CPU3] sysfs: lookup path='devices/pci-0000:00:01.0/vendor'
[38843789094] [[34mDEBUG[0m] [kernel::vfs::sysfs] [CPU3] sysfs: matched device file 'pci-0000:00:01.0/vendor'
[38846745366] [[35mTRACE[0m] [kernel::syscall::handlers::vfs] [CPU3] sys_fs_close: fd=4
[38848124040] [[35mTRACE[0m] [kernel::syscall::handlers::vfs] [CPU3] VFS: sys_fs_open path='/sys/devices/pci-0000:00:01.0/device' tid=9
[38849817765] [[34mDEBUG[0m] [kernel::vfs::sysfs] [CPU3] sysfs: lookup path='devices/pci-0000:00:01.0/device'
[38851107240] [[34mDEBUG[0m] [kernel::vfs::sysfs] [CPU3] sysfs: matched device file 'pci-0000:00:01.0/device'
[38853428889] [[35mTRACE[0m] [kernel::syscall::handlers::vfs] [CPU3] sys_fs_close: fd=4
[38854778556] [[35mTRACE[0m] [kernel::syscall::handlers::vfs] [CPU3] VFS: sys_fs_open path='/sys/devices/pci-0000:00:01.0/class' tid=9
[38856329919] [[34mDEBUG[0m] [kernel::vfs::sysfs] [CPU3] sysfs: lookup path='devices/pci-0000:00:01.0/class'
[38858361762] [[34mDEBUG[0m] [kernel::vfs::sysfs] [CPU3] sysfs: matched device file 'pci-0000:00:01.0/class'
[38863163328] [[35mTRACE[0m] [kernel::syscall::handlers::vfs] [CPU3] sys_fs_close: fd=4
[38864410761] [[35mTRACE[0m] [kernel::syscall::handlers::vfs] [CPU3] VFS: sys_fs_open path='/sys/devices/pci-0000:00:02.0/vendor' tid=9
[38866423167] [[34mDEBUG[0m] [kernel::vfs::sysfs] [CPU3] sysfs: lookup path='devices/pci-0000:00:02.0/vendor'
[38868205200] [[34mDEBUG[0m] [kernel::vfs::sysfs] [CPU3] sysfs: matched device file 'pci-0000:00:02.0/vendor'
[38870400558] [[35mTRACE[0m] [kernel::syscall::handlers::vfs] [CPU3] sys_fs_close: fd=4
[38871762039] [[35mTRACE[0m] [kernel::syscall::handlers::vfs] [CPU3] VFS: sys_fs_open path='/sys/devices/pci-0000:00:02.0/device' tid=9
[38873400258] [[34mDEBUG[0m] [kernel::vfs::sysfs] [CPU3] sysfs: lookup path='devices/pci-0000:00:02.0/device'
[38875346499] [[34mDEBUG[0m] [kernel::vfs::sysfs] [CPU3] sysfs: matched device file 'pci-0000:00:02.0/device'
[38877734709] [[35mTRACE[0m] [kernel::syscall::handlers::vfs] [CPU3] sys_fs_close: fd=4
[38878797243] [[35mTRACE[0m] [kernel::syscall::handlers::vfs] [CPU3] VFS: sys_fs_open path='/sys/devices/pci-0000:00:02.0/class' tid=9
[38880479253] [[34mDEBUG[0m] [kernel::vfs::sysfs] [CPU3] sysfs: lookup path='devices/pci-0000:00:02.0/class'
[38882101203] [[34mDEBUG[0m] [kernel::vfs::sysfs] [CPU3] sysfs: matched device file 'pci-0000:00:02.0/class'
[38884731831] [[35mTRACE[0m] [kernel::syscall::handlers::vfs] [CPU3] sys_fs_close: fd=4
[38891958732] [[34mDEBUG[0m] [kernel::syscall::handlers::device] [CPU3] DEVICE: task 9 claimed device 'pci-0000:00:02.0' (handle 0)
[38895091389] [[35mTRACE[0m] [kernel::syscall::handlers::vfs] [CPU3] VFS: sys_fs_open path='/sys/devices/pci-0000:00:02.0/virtio/common_bar' tid=9
[38897136564] [[34mDEBUG[0m] [kernel::vfs::sysfs] [CPU3] sysfs: lookup path='devices/pci-0000:00:02.0/virtio/common_bar'
[38907433092] [[35mTRACE[0m] [kernel::syscall::handlers::vfs] [CPU3] sys_fs_close: fd=4
[38910121239] [[35mTRACE[0m] [kernel::syscall::handlers::vfs] [CPU3] VFS: sys_fs_open path='/sys/devices/pci-0000:00:02.0/virtio/common_offset' tid=9
[38912141598] [[34mDEBUG[0m] [kernel::vfs::sysfs] [CPU3] sysfs: lookup path='devices/pci-0000:00:02.0/virtio/common_offset'
[38915729721] [[35mTRACE[0m] [kernel::syscall::handlers::vfs] [CPU3] sys_fs_close: fd=4
[38917434963] [[35mTRACE[0m] [kernel::syscall::handlers::vfs] [CPU3] VFS: sys_fs_open path='/sys/devices/pci-0000:00:02.0/virtio/notify_bar' tid=9
[38919143967] [[34mDEBUG[0m] [kernel::vfs::sysfs] [CPU3] sysfs: lookup path='devices/pci-0000:00:02.0/virtio/notify_bar'
[38927032551] [[35mTRACE[0m] [kernel::syscall::handlers::vfs] [CPU3] sys_fs_close: fd=4
[38928938994] [[35mTRACE[0m] [kernel::syscall::handlers::vfs] [CPU3] VFS: sys_fs_open path='/sys/devices/pci-0000:00:02.0/virtio/notify_offset' tid=9
[38930829069] [[34mDEBUG[0m] [kernel::vfs::sysfs] [CPU3] sysfs: lookup path='devices/pci-0000:00:02.0/virtio/notify_offset'
[38934303507] [[35mTRACE[0m] [kernel::syscall::handlers::vfs] [CPU3] sys_fs_close: fd=4
[38935856817] [[35mTRACE[0m] [kernel::syscall::handlers::vfs] [CPU3] VFS: sys_fs_open path='/sys/devices/pci-0000:00:02.0/virtio/notify_multiplier' tid=9
[38937714816] [[34mDEBUG[0m] [kernel::vfs::sysfs] [CPU3] sysfs: lookup path='devices/pci-0000:00:02.0/virtio/notify_multiplier'
[38940851433] [[35mTRACE[0m] [kernel::syscall::handlers::vfs] [CPU3] sys_fs_close: fd=4
[38942549118] [[32mINFO [0m] [virtio_gpu] [CPU3] virtio_gpu: caps from sysfs - common BAR2 off=0x1000, notify BAR2 off=0x3000 mult=4
[38945934159] [[34mDEBUG[0m] [kernel::syscall::handlers::device] [CPU3] DEVICE: mapping BAR2 (phys=0xc000004000, size=0x4000) for task 9
[38949265377] [[34mDEBUG[0m] [kernel::syscall::handlers::device] [CPU3] DEVICE: Mapped BAR2 phys=0xc000004000 size=0x4000 -> virt=0x10000000
[38952856668] [[34mDEBUG[0m] [kernel::syscall::handlers::device] [CPU3] DEVICE: DMA alloc 1 pages phys=0x2331000 -> user_va=0x10004000
[38956280616] [[34mDEBUG[0m] [kernel::syscall::handlers::device] [CPU3] DEVICE: DMA alloc 1 pages phys=0x2332000 -> user_va=0x10005000
[38961625560] [[32mINFO [0m] [virtio_gpu] [CPU3] virtio_gpu: device features=0x30000002 virgl=false
[38966691489] [[34mDEBUG[0m] [kernel::syscall::handlers::device] [CPU3] DEVICE: DMA alloc 4 pages phys=0x2333000 -> user_va=0x10006000
[38970713001] [[35mTRACE[0m] [kernel::syscall::handlers::vfs] [CPU1] sys_fs_close: fd=3
[38972767647] [[34mDEBUG[0m] [kernel::syscall::handlers::device] [CPU3] DEVICE: DMA alloc 4 pages phys=0x2337000 -> user_va=0x1000a000
[38974527240] [[32mINFO [0m] [cambium::catalog] [CPU1] DEVD CATALOG: registered driver '/drivers/ata_disk' name='ata_disk' class=Block kind='dev.storage.Ide' start='thingos_driver_start_safe'
[38976138564] [[32mINFO [0m] [virtio_gpu] [CPU3] virtio_gpu: cursor queue (queue 1) configured
[38977641516] [[32mINFO [0m] [display_virtio_gpu] [CPU3] display_virtio_gpu: GPU initialized successfully
[38978168262] [[35mTRACE[0m] [kernel::syscall::handlers::vfs] [CPU1] VFS: sys_fs_open path='/drivers/chime' tid=7
[38978761635] [[32mINFO [0m] [display_virtio_gpu] [CPU3] display_virtio_gpu: composition paths: gpu_opaque_copy=enabled cpu_alpha_blend=enabled
[38980402164] [[34mDEBUG[0m] [display_virtio_gpu] [CPU3] display_virtio_gpu: Virgl 3D not supported, using 2D only
[38981718567] [[35mTRACE[0m] [kernel::syscall::handlers::vfs] [CPU3] VFS: sys_fs_open path='/sys/firmware/framebuffer' tid=9
[38983472583] [[34mDEBUG[0m] [kernel::vfs::sysfs] [CPU3] sysfs: lookup path='firmware/framebuffer'
[38987692887] [[35mTRACE[0m] [kernel::syscall::handlers::vfs] [CPU3] sys_fs_close: fd=4
[38993936058] [[32mINFO [0m] [display_virtio_gpu] [CPU3] display_virtio_gpu: host scanout 1280x800 enabled=true (bootfb was 1920x1080)
[38995374396] [[34mDEBUG[0m] [display_virtio_gpu] [CPU3] display_virtio_gpu: creating frame pool 1x 1280x800 stride=5120 format=1
[39083598444] [[35mTRACE[0m] [sprout::supervisor] [CPU0] SPROUT: Supervisor tick...
[39086501487] [[35mTRACE[0m] [sprout::supervisor] [CPU0] SPROUT: Loop iteration: spawn_bristle_if_needed
[39088869039] [[35mTRACE[0m] [sprout::supervisor] [CPU0] SPROUT: Loop iteration: spawn_display_if_needed
[39091392813] [[35mTRACE[0m] [sprout::supervisor] [CPU0] SPROUT: Loop iteration: spawn_bloom_if_ready
[39093728157] [[34mDEBUG[0m] [sprout::supervisor] [CPU0] SPROUT: Checking if bloom is ready to spawn (/dev/display/card0 mounted=false, service_ready=false)...
[39098327796] [[34mDEBUG[0m] [sprout::supervisor] [CPU0] SPROUT: display card not ready for bloom yet
[39100717227] [[35mTRACE[0m] [sprout::supervisor] [CPU0] SPROUT: Loop iteration: spawn_wayland_hello_if_ready
[39103126095] [[35mTRACE[0m] [sprout::supervisor] [CPU0] SPROUT: Loop iteration: spawn_clock_if_ready
[39105670923] [[35mTRACE[0m] [sprout::supervisor] [CPU0] SPROUT: Loop iteration: spawn_leaf_if_ready
[39108019203] [[35mTRACE[0m] [sprout::supervisor] [CPU0] SPROUT: Loop iteration: tick complete
[39109880964] [[34mDEBUG[0m] [sprout::supervisor] [CPU0] SPROUT: ServiceLoop waiting for next event...
[39180662103] [[35mTRACE[0m] [kernel::syscall::handlers::vfs] [CPU1] sys_fs_close: fd=3
[39183880032] [[32mINFO [0m] [cambium::catalog] [CPU1] DEVD CATALOG: registered driver '/drivers/chime' name='chime' class=Audio kind='dev.sound.Chime' start='thingos_driver_start_safe'
[39185459049] [[35mTRACE[0m] [kernel::syscall::handlers::vfs] [CPU1] VFS: sys_fs_open path='/drivers/display_bootfb' tid=7
[39272892879] [[34mDEBUG[0m] [kernel::syscall::handlers::memory] [CPU3] sys_vm_map: large backing file mapping offset=0 len=4096000 total_size=4096000
[39323970840] [[34mDEBUG[0m] [display_virtio_gpu] [CPU3] display_virtio_gpu: frame pool ready (1 buffer)
[39329107323] [[34mDEBUG[0m] [kernel::syscall::handlers::device] [CPU3] DEVICE: DMA alloc 16 pages phys=0x2724000 -> user_va=0x1000e000
[39330604302] [[32mINFO [0m] [display_virtio_gpu] [CPU3] display_virtio_gpu: cursor DMA buffer ready (16 pages at phys=0x2724000)
[39335206812] [[34mDEBUG[0m] [kernel::ipc] [CPU3] CREATE_PORT: capacity=65536
[39335932350] [[34mDEBUG[0m] [kernel::ipc] [CPU3] CREATE_PORT: appended id=PortId(4)
[39336549846] [[34mDEBUG[0m] [kernel::ipc::handles] [CPU3] ALLOC_HANDLE: handle=5 port_id=PortId(4) mode=Write
[39337038807] [[34mDEBUG[0m] [kernel::ipc::handles] [CPU3] ALLOC_HANDLE: handle=6 port_id=PortId(4) mode=Read
[39338103651] [[34mDEBUG[0m] [kernel::handle::bridge] [CPU3] BRIDGE: handle=5 -> fd=5 node=0xffffffffb00ad270 port=0xffffffffb01081d0
[39339989370] [[35mTRACE[0m] [kernel::syscall::handlers::vfs] [CPU3] VFS: sys_fs_open path='/proc/5/inbox' tid=9
[39368137248] [[35mTRACE[0m] [kernel::syscall::handlers::socket] [CPU3] SENDMSG: thing=6 data_len=44 caps_len=1 node=Pointer { addr: 0xffffffffb0108630, metadata: DynMetadata(0xffffffff802c7ed0) }
[39376129584] [[34mDEBUG[0m] [display_virtio_gpu] [CPU3] display_virtio_gpu: Sent MSG_BIND_READY (ID: 322371585)
[39377220696] [[34mDEBUG[0m] [display_virtio_gpu] [CPU3] display_virtio_gpu: Waiting for BIND_ASSIGNED...
[39383859735] [[35mTRACE[0m] [kernel::syscall::handlers::vfs] [CPU1] sys_fs_close: fd=3
[39387307410] [[32mINFO [0m] [cambium::catalog] [CPU1] DEVD CATALOG: registered driver '/drivers/display_bootfb' name='display_bootfb' class=Display kind='dev.display.Gpu' start='thingos_driver_start_safe'
[39387512076] [[35mTRACE[0m] [kernel::syscall::handlers::socket] [CPU0] RECVMSG: thing=4 data_len=44 caps_len=1 node=Pointer { addr: 0xffffffffb023faf0, metadata: DynMetadata(0xffffffff802c7ed0) }
[39388976814] [[35mTRACE[0m] [kernel::syscall::handlers::vfs] [CPU1] VFS: sys_fs_open path='/drivers/display_virtio_gpu' tid=7
[39400909746] [[34mDEBUG[0m] [sprout::supervisor] [CPU0] SPROUT: BIND_READY from instance_id=0x13370001
[39403386990] [[34mDEBUG[0m] [sprout::supervisor] [CPU0] SPROUT: Registering DISPLAY_CARD at /dev/display/card0 (handle=5)
[39413780802] [[34mDEBUG[0m] [kernel::ipc] [CPU0] CREATE_PORT: capacity=262400
[39414840663] [[34mDEBUG[0m] [kernel::ipc] [CPU0] CREATE_PORT: appended id=PortId(5)
[39416792283] [[34mDEBUG[0m] [kernel::ipc::handles] [CPU0] ALLOC_HANDLE: handle=7 port_id=PortId(5) mode=Write
[39422781057] [[34mDEBUG[0m] [kernel::syscall::handlers::vfs] [CPU0] vfs: mounted userland provider at /dev/display/card0 (flags: 0x0) port=0xffffffffb01081d0
[39429099237] [[32mINFO [0m] [sprout::supervisor] [CPU0] SPROUT: Mounted /dev/display/card0 successfully
[39431913114] [[34mDEBUG[0m] [sprout::supervisor] [CPU0] SPROUT: Handshake complete — task 'display' marked ready
[39438464538] [[34mDEBUG[0m] [sprout::supervisor] [CPU0] SPROUT: Sent MSG_BIND_ASSIGNED to display pid 9 (res=Ok(()))
[39440057976] [[32mINFO [0m] [display_virtio_gpu] [CPU3] display_virtio_gpu: Sovereign registration COMPLETE. Assigned: /dev/display/card0
[39441654450] [[35mTRACE[0m] [kernel::syscall::handlers::socket] [CPU3] SENDMSG: thing=6 data_len=44 caps_len=0 node=Pointer { addr: 0xffffffffb0108630, metadata: DynMetadata(0xffffffff802c7ed0) }
[39441956037] [[34mDEBUG[0m] [sprout::supervisor] [CPU0] SPROUT: ServiceLoop waiting for next event...
[39443012169] [[34mDEBUG[0m] [display_virtio_gpu] [CPU3] display_virtio_gpu: Sent MSG_SERVICE_READY.
[39443857827] [[34mDEBUG[0m] [kernel::handle::bridge] [CPU3] BRIDGE: handle=2 -> fd=7 node=0xffffffffb00f73f0 port=0xffffffffb00f36f0
[39444730380] [[34mDEBUG[0m] [kernel::handle::bridge] [CPU3] BRIDGE: handle=3 -> fd=8 node=0xffffffffb0119510 port=0xffffffffb01f8f70
[39445729455] [[34mDEBUG[0m] [kernel::handle::bridge] [CPU3] BRIDGE: handle=6 -> fd=9 node=0xffffffffb01195d0 port=0xffffffffb01081d0
[39447962070] [[32mINFO [0m] [display_virtio_gpu] [CPU3] display_virtio_gpu: VFS provider loop online
[39451350510] [[35mTRACE[0m] [kernel::syscall::handlers::socket] [CPU0] RECVMSG: thing=4 data_len=44 caps_len=0 node=Pointer { addr: 0xffffffffb023faf0, metadata: DynMetadata(0xffffffff802c7ed0) }
[39454850754] [[34mDEBUG[0m] [sprout::supervisor] [CPU0] SPROUT: SERVICE_READY from instance_id=0x13370001
[39457510554] [[34mDEBUG[0m] [sprout::supervisor] [CPU0] SPROUT: Service 'display' reported ready
[39475890135] [[32mINFO [0m] [sprout::supervisor] [CPU0] SPROUT: Display service is ready at /dev/display/card0
[39478453443] [[34mDEBUG[0m] [sprout::supervisor] [CPU0] SPROUT: ServiceLoop waiting for next event...
[39602891625] [[35mTRACE[0m] [kernel::syscall::handlers::vfs] [CPU1] sys_fs_close: fd=3
[39606875550] [[32mINFO [0m] [cambium::catalog] [CPU1] DEVD CATALOG: registered driver '/drivers/display_virtio_gpu' name='display_virtio_gpu' class=Display kind='dev.display.Gpu' start='thingos_driver_start_safe'
[39608813211] [[35mTRACE[0m] [kernel::syscall::handlers::vfs] [CPU1] VFS: sys_fs_open path='/drivers/hdaudio' tid=7
[39782902104] [[35mTRACE[0m] [kernel::syscall::handlers::vfs] [CPU1] sys_fs_close: fd=3
[39785187783] [[32mINFO [0m] [cambium::catalog] [CPU1] DEVD CATALOG: registered driver '/drivers/hdaudio' name='hdaudio' class=Audio kind='dev.sound.Hda' start='thingos_driver_start_safe'
[39786611733] [[35mTRACE[0m] [kernel::syscall::handlers::vfs] [CPU1] VFS: sys_fs_open path='/drivers/hwrng' tid=7
[39793998057] [[35mTRACE[0m] [sprout::supervisor] [CPU0] SPROUT: Supervisor tick...
[39795483255] [[35mTRACE[0m] [sprout::supervisor] [CPU0] SPROUT: Loop iteration: spawn_bristle_if_needed
[39796844439] [[35mTRACE[0m] [sprout::supervisor] [CPU0] SPROUT: Loop iteration: spawn_display_if_needed
[39798205425] [[35mTRACE[0m] [sprout::supervisor] [CPU0] SPROUT: Loop iteration: spawn_bloom_if_ready
[39799588158] [[34mDEBUG[0m] [sprout::supervisor] [CPU0] SPROUT: Checking if bloom is ready to spawn (/dev/display/card0 mounted=true, service_ready=true)...
[39802394511] [[34mDEBUG[0m] [kernel::task::loader] [CPU0] LOADER: Loading module '/bin/bloom' (len=577328, base=0x200000)
[39802974882] [[35mTRACE[0m] [kernel::task::loader] [CPU0]   Header: [7f, 45, 4c, 46, 02, 01, 01, 00, 00, 00, 00, 00, 00, 00, 00, 00]
[39804020025] [[34mDEBUG[0m] [kernel::task::loader] [CPU0] LOADER: ELF info: entry=200000, min_vaddr=200000, bias=0, entry_pc=200000
[39804602640] [[35mTRACE[0m] [kernel::task::loader] [CPU0] Segment: vaddr=200000 exec=true
[39806713914] [[35mTRACE[0m] [kernel::task::loader] [CPU0]   COPIED at 0x201420: [24, a0, 00, 00, 00, 0f, 10, 04]
[39864310695] [[35mTRACE[0m] [kernel::task::loader] [CPU0] Segment: vaddr=268000 exec=false
[39870792885] [[35mTRACE[0m] [kernel::task::loader] [CPU0] Segment: vaddr=273000 exec=false
[39873664677] [[34mDEBUG[0m] [kernel::task::loader] [CPU0] LOADER: TLS block: tp=0x277000 filesz=0 memsz=0 align=1
[39878426577] [[34mDEBUG[0m] [bran::arch::x86_64::task] [CPU0] INIT KERNEL CTX: entry=0xffffffff800532f0 kstack_top=0xffffffffb0129c20 arg=0xffffffffb00c6960
[39879953883] [[34mDEBUG[0m] [kernel::sched] [CPU0] REGISTRY: Applying 1 deferred inserts
[39880458750] [[34mDEBUG[0m] [kernel::sched] [CPU0] REGISTRY: Inserting TID=10
[39881034732] [[34mDEBUG[0m] [kernel::sched] [CPU0] REGISTRY: Inserts applied
[39892333899] [[34mDEBUG[0m] [kernel::sched::spawn] [CPU0] SCHED: TID 10 → task '/bin/bloom' (pid=10 from boot module)
[39898139952] [[32mINFO [0m] [sprout::supervisor] [CPU0] SPROUT: Spawned bloom (PID=10)
[39902209842] [[35mTRACE[0m] [sprout::supervisor] [CPU0] SPROUT: Loop iteration: spawn_wayland_hello_if_ready
[39904039923] [[35mTRACE[0m] [sprout::supervisor] [CPU0] SPROUT: Loop iteration: spawn_clock_if_ready
[39905577129] [[35mTRACE[0m] [sprout::supervisor] [CPU0] SPROUT: Loop iteration: spawn_leaf_if_ready
[39907191522] [[35mTRACE[0m] [sprout::supervisor] [CPU0] SPROUT: Loop iteration: tick complete
[39908527824] [[34mDEBUG[0m] [sprout::supervisor] [CPU0] SPROUT: ServiceLoop waiting for next event...
[39956410824] [[35mTRACE[0m] [kernel::syscall::handlers::vfs] [CPU1] sys_fs_close: fd=3
[39959390955] [[32mINFO [0m] [cambium::catalog] [CPU1] DEVD CATALOG: registered driver '/drivers/hwrng' name='hwrng' class=Other kind='dev.rng.HwRng' start='_RNvCs7wlZbVUrQWf_5hwrng20thingos_driver_start'
[39960777483] [[35mTRACE[0m] [kernel::syscall::handlers::vfs] [CPU1] VFS: sys_fs_open path='/drivers/pci_stubd' tid=7
[40060835430] [[34mDEBUG[0m] [kernel::sched::spawn] [CPU1] USER_TRAMPOLINE: PC=0x200000 SP=0x800000 ARG0=0x0
[40062332739] [[34mDEBUG[0m] [bran::arch::x86_64] [CPU1] ENTER_USER: TID=10 entry_pc=200000 user_sp=800000
[40068013161] [[34mDEBUG[0m] [kernel::syscall::handlers::process] [CPU1] sys_auxv_get: tid=10 buf_len=0
[40069878255] [[34mDEBUG[0m] [kernel::syscall::handlers::process] [CPU1] sys_auxv_get: tid=10 buf_len=100
[40073544984] [[32mINFO [0m] [bloom] [CPU1] bloom: ENTERING MAIN
[40074676686] [[32mINFO [0m] [bloom] [CPU1] bloom: compositor service starting
[40076957085] [[34mDEBUG[0m] [bloom] [CPU1] bloom: connect try 0...
[40077922401] [[35mTRACE[0m] [kernel::syscall::handlers::vfs] [CPU1] VFS: sys_fs_open path='/dev/display/card0' tid=10
[40080591804] [[34mDEBUG[0m] [kernel::vfs::provider] [CPU1] VFS_RPC: request op=Lookup len=4 tid=10
[40095997161] [[35mTRACE[0m] [display_virtio_gpu] [CPU3] display_virtio_gpu: VFS RPC op=Lookup
[40097726889] [[35mTRACE[0m] [display_virtio_gpu] [CPU3] DISP: vfs_lookup path=''
[40099450512] [[35mTRACE[0m] [display_virtio_gpu] [CPU3] display_virtio_gpu: VFS RPC response begin op=Lookup req_id=1
[40103607357] [[35mTRACE[0m] [display_virtio_gpu] [CPU3] display_virtio_gpu: VFS RPC response sent op=Lookup req_id=1
[40211153301] [[34mDEBUG[0m] [kernel::vfs::provider] [CPU1] VFS_RPC: response op=Lookup id=1 -> OK(8)
[40222057821] [[35mTRACE[0m] [sprout::supervisor] [CPU0] SPROUT: Supervisor tick...
[40224194769] [[35mTRACE[0m] [sprout::supervisor] [CPU0] SPROUT: Loop iteration: spawn_bristle_if_needed
[40226792100] [[35mTRACE[0m] [sprout::supervisor] [CPU0] SPROUT: Loop iteration: spawn_display_if_needed
[40229003100] [[35mTRACE[0m] [sprout::supervisor] [CPU0] SPROUT: Loop iteration: spawn_bloom_if_ready
[40231057053] [[35mTRACE[0m] [sprout::supervisor] [CPU0] SPROUT: Loop iteration: spawn_wayland_hello_if_ready
[40232897661] [[35mTRACE[0m] [sprout::supervisor] [CPU0] SPROUT: Loop iteration: spawn_clock_if_ready
[40234377777] [[35mTRACE[0m] [sprout::supervisor] [CPU0] SPROUT: Loop iteration: spawn_leaf_if_ready
[40235092260] [[34mDEBUG[0m] [kernel::vfs::provider] [CPU1] VFS_RPC: request op=DeviceCall len=48 tid=10
[40236656229] [[35mTRACE[0m] [sprout::supervisor] [CPU0] SPROUT: Loop iteration: tick complete
[40237977219] [[34mDEBUG[0m] [sprout::supervisor] [CPU0] SPROUT: ServiceLoop waiting for next event...
[40244749083] [[35mTRACE[0m] [kernel::syscall::handlers::vfs] [CPU1] sys_fs_close: fd=3
[40247315757] [[32mINFO [0m] [cambium::catalog] [CPU1] DEVD CATALOG: registered driver '/drivers/pci_stubd' name='pci_stubd' class=Other kind='drv.PciStubd' start='thingos_driver_start_safe'
[40248531114] [[35mTRACE[0m] [kernel::syscall::handlers::vfs] [CPU1] VFS: sys_fs_open path='/drivers/ps2_kbd' tid=7
[40260062205] [[35mTRACE[0m] [display_virtio_gpu] [CPU3] display_virtio_gpu: VFS RPC op=DeviceCall
[40261684485] [[35mTRACE[0m] [display_virtio_gpu] [CPU3] DISP: DISPLAY_OP_GET_INFO requested
[40262659008] [[35mTRACE[0m] [display_virtio_gpu] [CPU3] DISP: Returning dimensions 1280x800
[40263731277] [[35mTRACE[0m] [display_virtio_gpu] [CPU3] display_virtio_gpu: VFS RPC response begin op=DeviceCall req_id=2
[40265769819] [[35mTRACE[0m] [display_virtio_gpu] [CPU3] display_virtio_gpu: VFS RPC response sent op=DeviceCall req_id=2
[40346738058] [[34mDEBUG[0m] [kernel::vfs::provider] [CPU1] VFS_RPC: response op=DeviceCall id=2 -> OK(48)
[40352507712] [[32mINFO [0m] [bloom] [CPU1] bloom: connected to /dev/display/card0 on try 0
[40451874870] [[35mTRACE[0m] [kernel::syscall::handlers::vfs] [CPU1] sys_fs_close: fd=3
[40454290734] [[32mINFO [0m] [cambium::catalog] [CPU1] DEVD CATALOG: registered driver '/drivers/ps2_kbd' name='ps2_kbd' class=Input kind='drv.Ps2Keyboard' start='thingos_driver_start_safe'
[40455283011] [[35mTRACE[0m] [kernel::syscall::handlers::vfs] [CPU1] VFS: sys_fs_open path='/drivers/ps2_mouse' tid=7
[40551210084] [[32mINFO [0m] [bloom] [CPU1] bloom: output0 1280x800 @ 60000mHz
[40552446693] [[32mINFO [0m] [bloom] [CPU1] bloom: display driver does not support VBLANK
[40553378547] [[32mINFO [0m] [bloom] [CPU1] bloom: display driver supports linear dmabuf import
[40554342675] [[32mINFO [0m] [bloom] [CPU1] bloom: display driver supports GPU blit (hardware transfer/flush)
[40557998085] [[32mINFO [0m] [bloom] [CPU1] bloom: display driver supports direct scanout (zero-copy path to display)
[40558900074] [[32mINFO [0m] [bloom] [CPU1] bloom: display driver supports partial flush (damage regions)
[40559790414] [[32mINFO [0m] [bloom] [CPU1] bloom: display driver supports resource cache (pre-allocated buffer pool)
[40560491301] [[32mINFO [0m] [bloom] [CPU1] bloom: creating service port...
[40569511488] [[35mTRACE[0m] [sprout::supervisor] [CPU0] SPROUT: Supervisor tick...
[40570974444] [[35mTRACE[0m] [sprout::supervisor] [CPU0] SPROUT: Loop iteration: spawn_bristle_if_needed
[40572238410] [[34mDEBUG[0m] [kernel::ipc] [CPU1] CREATE_PORT: capacity=65536
[40572519669] [[35mTRACE[0m] [sprout::supervisor] [CPU0] SPROUT: Loop iteration: spawn_display_if_needed
[40572898839] [[34mDEBUG[0m] [kernel::ipc] [CPU1] CREATE_PORT: appended id=PortId(6)
[40573630185] [[34mDEBUG[0m] [kernel::ipc::handles] [CPU1] ALLOC_HANDLE: handle=5 port_id=PortId(6) mode=Write
[40574110335] [[35mTRACE[0m] [sprout::supervisor] [CPU0] SPROUT: Loop iteration: spawn_bloom_if_ready
[40574219631] [[34mDEBUG[0m] [kernel::ipc::handles] [CPU1] ALLOC_HANDLE: handle=6 port_id=PortId(6) mode=Read
[40577467029] [[35mTRACE[0m] [kernel::syscall::handlers::vfs] [CPU1] VFS: sys_fs_open path='/services/bloom' tid=10
[40580275890] [[35mTRACE[0m] [sprout::supervisor] [CPU0] SPROUT: Loop iteration: spawn_wayland_hello_if_ready
[40584368682] [[35mTRACE[0m] [kernel::syscall::handlers::vfs] [CPU1] sys_fs_close: fd=7
[40584888795] [[35mTRACE[0m] [sprout::supervisor] [CPU0] SPROUT: Loop iteration: spawn_clock_if_ready
[40587342312] [[35mTRACE[0m] [sprout::supervisor] [CPU0] SPROUT: Loop iteration: spawn_leaf_if_ready
[40588834473] [[35mTRACE[0m] [sprout::supervisor] [CPU0] SPROUT: Loop iteration: tick complete
[40590146058] [[34mDEBUG[0m] [sprout::supervisor] [CPU0] SPROUT: ServiceLoop waiting for next event...
[40598921682] [[35mTRACE[0m] [kernel::syscall::handlers::vfs] [CPU1] VFS: sys_fs_open path='/session/wayland/components' tid=10
[40604957580] [[35mTRACE[0m] [kernel::syscall::handlers::vfs] [CPU1] sys_fs_close: fd=7
[40606721133] [[35mTRACE[0m] [kernel::syscall::handlers::vfs] [CPU1] VFS: sys_fs_open path='/session/wayland/status' tid=10
[40611772971] [[35mTRACE[0m] [kernel::syscall::handlers::vfs] [CPU1] sys_fs_close: fd=7
[40613569491] [[35mTRACE[0m] [kernel::syscall::handlers::vfs] [CPU1] VFS: sys_fs_open path='/lib/libpistil.so' tid=10
[40864254717] [[35mTRACE[0m] [kernel::syscall::handlers::vfs] [CPU1] sys_fs_close: fd=7
[40916813652] [[35mTRACE[0m] [sprout::supervisor] [CPU0] SPROUT: Supervisor tick...
[40918557075] [[35mTRACE[0m] [sprout::supervisor] [CPU0] SPROUT: Loop iteration: spawn_bristle_if_needed
[40920401544] [[35mTRACE[0m] [sprout::supervisor] [CPU0] SPROUT: Loop iteration: spawn_display_if_needed
[40922205291] [[35mTRACE[0m] [sprout::supervisor] [CPU0] SPROUT: Loop iteration: spawn_bloom_if_ready
[40924272081] [[35mTRACE[0m] [sprout::supervisor] [CPU0] SPROUT: Loop iteration: spawn_wayland_hello_if_ready
[40926494136] [[35mTRACE[0m] [sprout::supervisor] [CPU0] SPROUT: Loop iteration: spawn_clock_if_ready
[40928570199] [[35mTRACE[0m] [sprout::supervisor] [CPU0] SPROUT: Loop iteration: spawn_leaf_if_ready
[40930542312] [[35mTRACE[0m] [sprout::supervisor] [CPU0] SPROUT: Loop iteration: tick complete
[40932204357] [[34mDEBUG[0m] [sprout::supervisor] [CPU0] SPROUT: ServiceLoop waiting for next event...
[40935515049] [[32mINFO [0m] [bloom::render] [CPU1] bloom: pistil background renderer loaded from /lib/libpistil.so
[40936817229] [[32mINFO [0m] [bloom::render] [CPU1] bloom: pistil font text renderer loaded with default /share/fonts/Inter-Regular.ttf
[40937869533] [[32mINFO [0m] [bloom::render] [CPU1] bloom: pistil symbol renderer loaded with /share/fonts/NotoSansSymbol2-Regular.ttf
[40939273914] [[35mTRACE[0m] [kernel::syscall::handlers::vfs] [CPU1] VFS: sys_fs_open path='/session/desktop/theme' tid=10
[40942710171] [[35mTRACE[0m] [kernel::syscall::handlers::vfs] [CPU1] VFS: sys_fs_open path='/session/desktop/theme' tid=10
[40947065544] [[35mTRACE[0m] [kernel::syscall::handlers::vfs] [CPU1] sys_fs_close: fd=7
[40949348319] [[32mINFO [0m] [bloom] [CPU1] bloom: initial theme configured Facet Frame
[41253898257] [[35mTRACE[0m] [sprout::supervisor] [CPU0] SPROUT: Supervisor tick...
[41258657748] [[35mTRACE[0m] [sprout::supervisor] [CPU0] SPROUT: Loop iteration: spawn_bristle_if_needed
[41262881517] [[35mTRACE[0m] [sprout::supervisor] [CPU0] SPROUT: Loop iteration: spawn_display_if_needed
[41274042282] [[35mTRACE[0m] [sprout::supervisor] [CPU0] SPROUT: Loop iteration: spawn_bloom_if_ready
[41292016590] [[35mTRACE[0m] [sprout::supervisor] [CPU0] SPROUT: Loop iteration: spawn_wayland_hello_if_ready
[41297555838] [[35mTRACE[0m] [sprout::supervisor] [CPU0] SPROUT: Loop iteration: spawn_clock_if_ready
[41300367801] [[35mTRACE[0m] [kernel::syscall::handlers::vfs] [CPU1] sys_fs_close: fd=3
[41303724264] [[32mINFO [0m] [cambium::catalog] [CPU1] DEVD CATALOG: registered driver '/drivers/ps2_mouse' name='ps2_mouse' class=Input kind='drv.Ps2Mouse' start='thingos_driver_start_safe'
[41305459965] [[35mTRACE[0m] [kernel::syscall::handlers::vfs] [CPU1] VFS: sys_fs_open path='/drivers/rtc_cmos' tid=7
[41321217366] [[35mTRACE[0m] [sprout::supervisor] [CPU0] SPROUT: Loop iteration: spawn_leaf_if_ready
[41324177202] [[35mTRACE[0m] [sprout::supervisor] [CPU0] SPROUT: Loop iteration: tick complete
[41326438857] [[34mDEBUG[0m] [sprout::supervisor] [CPU0] SPROUT: ServiceLoop waiting for next event...
[41428527624] [[34mDEBUG[0m] [kernel::syscall::handlers::memory] [CPU1] sys_vm_map: large backing file mapping offset=0 len=4096000 total_size=4096000
[41520130212] [[34mDEBUG[0m] [kernel::vfs::provider] [CPU1] VFS_RPC: request op=DeviceCall len=96 tid=10
[41552911389] [[35mTRACE[0m] [display_virtio_gpu] [CPU3] display_virtio_gpu: VFS RPC op=DeviceCall
[41555021805] [[35mTRACE[0m] [display_virtio_gpu] [CPU3] DISP: DISPLAY_OP_IMPORT_BUFFER requested: memfd=10, size=1280x800
[41556919668] [[34mDEBUG[0m] [kernel::syscall::handlers::memory] [CPU3] sys_vm_map: large backing file mapping offset=0 len=4096000 total_size=4096000
[41618587725] [[34mDEBUG[0m] [display_virtio_gpu] [CPU3] DISP: imported buffer as ID=1
[41623917555] [[35mTRACE[0m] [display_virtio_gpu] [CPU3] display_virtio_gpu: VFS RPC response begin op=DeviceCall req_id=3
[41631155148] [[35mTRACE[0m] [display_virtio_gpu] [CPU3] display_virtio_gpu: VFS RPC response sent op=DeviceCall req_id=3
[41639800257] [[35mTRACE[0m] [kernel::syscall::handlers::vfs] [CPU1] sys_fs_close: fd=3
[41642921364] [[32mINFO [0m] [cambium::catalog] [CPU1] DEVD CATALOG: registered driver '/drivers/rtc_cmos' name='rtc_cmos' class=Other kind='dev.rtc.Cmos' start='thingos_driver_start_safe'
[41644521798] [[35mTRACE[0m] [kernel::syscall::handlers::vfs] [CPU1] VFS: sys_fs_open path='/drivers/rtl8168d' tid=7
[41680329240] [[35mTRACE[0m] [sprout::supervisor] [CPU0] SPROUT: Supervisor tick...
[41685047712] [[35mTRACE[0m] [sprout::supervisor] [CPU0] SPROUT: Loop iteration: spawn_bristle_if_needed
[41687536209] [[35mTRACE[0m] [sprout::supervisor] [CPU0] SPROUT: Loop iteration: spawn_display_if_needed
[41692387341] [[35mTRACE[0m] [sprout::supervisor] [CPU0] SPROUT: Loop iteration: spawn_bloom_if_ready
[41697426903] [[35mTRACE[0m] [sprout::supervisor] [CPU0] SPROUT: Loop iteration: spawn_wayland_hello_if_ready
[41711051613] [[35mTRACE[0m] [sprout::supervisor] [CPU0] SPROUT: Loop iteration: spawn_clock_if_ready
[41719211589] [[35mTRACE[0m] [sprout::supervisor] [CPU0] SPROUT: Loop iteration: spawn_leaf_if_ready
[41724315138] [[35mTRACE[0m] [sprout::supervisor] [CPU0] SPROUT: Loop iteration: tick complete
[41727508878] [[34mDEBUG[0m] [sprout::supervisor] [CPU0] SPROUT: ServiceLoop waiting for next event...
[41749220535] [[35mTRACE[0m] [kernel::sched] [CPU0] SCHED-DBG: cpus_online=4
[41755834791] [[35mTRACE[0m] [kernel::sched] [CPU0] SCHED-DBG: cpu=0 curr=Some(0) runq=0 runq_avg=1 runq_samples=206 ctxsw=34 idle2busy=0 tick=101 ipi=3 enq=214 deq=213 wake=12 lock_miss=0 lock_pending=0 lock_blocked=0
[41757672033] [[35mTRACE[0m] [kernel::sched] [CPU0] SCHED-DBG: cpu=1 curr=Some(7) runq=0 runq_avg=0 runq_samples=82 ctxsw=11 idle2busy=1 tick=91 ipi=3 enq=18 deq=17 wake=9 lock_miss=0 lock_pending=0 lock_blocked=0
[41758870098] [[35mTRACE[0m] [kernel::sched] [CPU0] SCHED-DBG: cpu=2 curr=Some(3) runq=0 runq_avg=0 runq_samples=181 ctxsw=2 idle2busy=1 tick=134 ipi=1 enq=4 deq=3 wake=2 lock_miss=0 lock_pending=0 lock_blocked=0
[41760016221] [[35mTRACE[0m] [kernel::sched] [CPU0] SCHED-DBG: cpu=3 curr=Some(9) runq=0 runq_avg=0 runq_samples=422 ctxsw=131 idle2busy=66 tick=142 ipi=59 enq=157 deq=156 wake=131 lock_miss=0 lock_pending=0 lock_blocked=0
[41783526213] [[34mDEBUG[0m] [kernel::vfs::provider] [CPU1] VFS_RPC: response op=DeviceCall id=3 -> OK(12)
[41788853667] [[34mDEBUG[0m] [bloom::display] [CPU1] bloom: imported buffer 1280x800 as ID=1
[41791362261] [[35mTRACE[0m] [kernel::syscall::handlers::vfs] [CPU1] VFS: sys_fs_open path='/session/desktop/wallpaper' tid=10
[41796100566] [[35mTRACE[0m] [kernel::syscall::handlers::vfs] [CPU1] VFS: sys_fs_open path='/session/desktop/wallpaper' tid=10
[41802947802] [[35mTRACE[0m] [kernel::syscall::handlers::vfs] [CPU1] sys_fs_close: fd=8
[41804754816] [[32mINFO [0m] [bloom] [CPU1] bloom: initial wallpaper configured /share/wallpapers/flower.png
[41813500674] [[35mTRACE[0m] [kernel::syscall::handlers::vfs] [CPU1] VFS: sys_fs_open path='/share/cursors/future/default.svg' tid=10
[41826830100] [[35mTRACE[0m] [kernel::syscall::handlers::vfs] [CPU1] sys_fs_close: fd=9
[41940176157] [[34mDEBUG[0m] [kernel::vfs::provider] [CPU1] VFS_RPC: request op=DeviceCall len=96 tid=10
[41946741045] [[35mTRACE[0m] [display_virtio_gpu] [CPU3] display_virtio_gpu: VFS RPC op=DeviceCall
[41947697550] [[35mTRACE[0m] [display_virtio_gpu] [CPU3] DISP: DISPLAY_OP_IMPORT_BUFFER requested: memfd=11, size=48x48
[41948981580] [[34mDEBUG[0m] [display_virtio_gpu] [CPU3] DISP: imported buffer as ID=2
[41950525617] [[35mTRACE[0m] [display_virtio_gpu] [CPU3] display_virtio_gpu: VFS RPC response begin op=DeviceCall req_id=4
[41953145850] [[35mTRACE[0m] [display_virtio_gpu] [CPU3] display_virtio_gpu: VFS RPC response sent op=DeviceCall req_id=4
[42025119774] [[34mDEBUG[0m] [kernel::vfs::provider] [CPU1] VFS_RPC: response op=DeviceCall id=4 -> OK(12)
[42028823100] [[34mDEBUG[0m] [bloom::display] [CPU1] bloom: imported buffer 48x48 as ID=2
[42030814254] [[32mINFO [0m] [bloom::render] [CPU1] bloom: cursor ready buffer=2 size=48x48 hotspot=11,6
[42037369836] [[34mDEBUG[0m] [kernel::ipc] [CPU1] CREATE_PORT: capacity=65536
[42038195892] [[34mDEBUG[0m] [kernel::ipc] [CPU1] CREATE_PORT: appended id=PortId(7)
[42039422535] [[34mDEBUG[0m] [kernel::ipc::handles] [CPU1] ALLOC_HANDLE: handle=7 port_id=PortId(7) mode=Write
[42040458537] [[34mDEBUG[0m] [kernel::ipc::handles] [CPU1] ALLOC_HANDLE: handle=8 port_id=PortId(7) mode=Read
[42044599938] [[35mTRACE[0m] [sprout::supervisor] [CPU0] SPROUT: Supervisor tick...
[42046461963] [[35mTRACE[0m] [sprout::supervisor] [CPU0] SPROUT: Loop iteration: spawn_bristle_if_needed
[42048362433] [[35mTRACE[0m] [sprout::supervisor] [CPU0] SPROUT: Loop iteration: spawn_display_if_needed
[42050399985] [[35mTRACE[0m] [sprout::supervisor] [CPU0] SPROUT: Loop iteration: spawn_bloom_if_ready
[42051712758] [[32mINFO [0m] [bloom] [CPU1] bloom: watching wallpaper config /session/desktop/wallpaper
[42052982532] [[35mTRACE[0m] [sprout::supervisor] [CPU0] SPROUT: Loop iteration: spawn_wayland_hello_if_ready
[42054159807] [[32mINFO [0m] [bloom] [CPU1] bloom: watching theme config /session/desktop/theme
[42056747601] [[34mDEBUG[0m] [kernel::handle::bridge] [CPU1] BRIDGE: handle=6 -> fd=11 node=0xffffffffb00c69f0 port=0xffffffffb01339f0
[42056787993] [[34mDEBUG[0m] [kernel::task::loader] [CPU0] LOADER: Loading module '/bin/wayland_hello' (len=86696, base=0x200000)
[42057758193] [[35mTRACE[0m] [kernel::task::loader] [CPU0]   Header: [7f, 45, 4c, 46, 02, 01, 01, 00, 00, 00, 00, 00, 00, 00, 00, 00]
[42059199798] [[34mDEBUG[0m] [kernel::handle::bridge] [CPU1] BRIDGE: handle=8 -> fd=12 node=0xffffffffb01468d0 port=0xffffffffb01465d0
[42059646222] [[34mDEBUG[0m] [kernel::task::loader] [CPU0] LOADER: ELF info: entry=200000, min_vaddr=200000, bias=0, entry_pc=200000
[42060288402] [[35mTRACE[0m] [kernel::task::loader] [CPU0] Segment: vaddr=200000 exec=true
[42061944342] [[35mTRACE[0m] [kernel::syscall::handlers::vfs] [CPU1] VFS: sys_fs_open path='/session/desktop/wallpaper' tid=10
[42063547911] [[35mTRACE[0m] [kernel::task::loader] [CPU0]   COPIED at 0x201420: [24, 28, 48, 85, f6, 74, 0f, 48]
[42065569062] [[35mTRACE[0m] [kernel::syscall::handlers::vfs] [CPU1] sys_fs_close: fd=13
[42067525566] [[35mTRACE[0m] [kernel::syscall::handlers::vfs] [CPU1] VFS: sys_fs_open path='/session/desktop/theme' tid=10
[42069938889] [[35mTRACE[0m] [kernel::syscall::handlers::vfs] [CPU1] sys_fs_close: fd=13
[42074803320] [[34mDEBUG[0m] [kernel::ipc] [CPU1] CREATE_PORT: capacity=65536
[42075467874] [[34mDEBUG[0m] [kernel::ipc] [CPU1] CREATE_PORT: appended id=PortId(8)
[42075401775] [[35mTRACE[0m] [kernel::task::loader] [CPU0] Segment: vaddr=20d000 exec=false
[42076227600] [[34mDEBUG[0m] [kernel::ipc::handles] [CPU1] ALLOC_HANDLE: handle=9 port_id=PortId(8) mode=Write
[42076894662] [[34mDEBUG[0m] [kernel::ipc::handles] [CPU1] ALLOC_HANDLE: handle=10 port_id=PortId(8) mode=Read
[42077666829] [[35mTRACE[0m] [kernel::task::loader] [CPU0] Segment: vaddr=20f000 exec=false
[42079906572] [[34mDEBUG[0m] [kernel::task::loader] [CPU0] LOADER: TLS block: tp=0x211000 filesz=0 memsz=0 align=1
[42082123281] [[34mDEBUG[0m] [kernel::ipc] [CPU1] CREATE_PORT: capacity=65536
[42082986825] [[34mDEBUG[0m] [kernel::ipc] [CPU1] CREATE_PORT: appended id=PortId(9)
[42084071601] [[34mDEBUG[0m] [kernel::ipc::handles] [CPU1] ALLOC_HANDLE: handle=11 port_id=PortId(9) mode=Write
[42085021110] [[34mDEBUG[0m] [kernel::ipc::handles] [CPU1] ALLOC_HANDLE: handle=12 port_id=PortId(9) mode=Read
[42086309793] [[34mDEBUG[0m] [bran::arch::x86_64::task] [CPU0] INIT KERNEL CTX: entry=0xffffffff800532f0 kstack_top=0xffffffffb0194800 arg=0xffffffffb0108340
[42087293886] [[34mDEBUG[0m] [kernel::handle::bridge] [CPU1] BRIDGE: handle=10 -> fd=13 node=0xffffffffb0108370 port=0xffffffffb01476b0
[42088683384] [[34mDEBUG[0m] [kernel::handle::bridge] [CPU1] BRIDGE: handle=12 -> fd=14 node=0xffffffffb0146a70 port=0xffffffffb01485b0
[42110836317] [[34mDEBUG[0m] [kernel::sched] [CPU0] REGISTRY: Applying 1 deferred inserts
[42111645081] [[34mDEBUG[0m] [kernel::sched] [CPU0] REGISTRY: Inserting TID=11
[42117760608] [[34mDEBUG[0m] [kernel::sched] [CPU0] REGISTRY: Inserts applied
[42123723774] [[34mDEBUG[0m] [kernel::sched::spawn] [CPU0] SCHED: TID 11 ��� task '/bin/wayland_hello' (pid=11 from boot module)
[42129887712] [[34mDEBUG[0m] [kernel::sched::spawn] [CPU2] USER_TRAMPOLINE: PC=0x200000 SP=0x800000 ARG0=0x0
[42131251602] [[34mDEBUG[0m] [bran::arch::x86_64] [CPU2] ENTER_USER: TID=11 entry_pc=200000 user_sp=800000
[42133907871] [[34mDEBUG[0m] [kernel::syscall::handlers::process] [CPU2] sys_auxv_get: tid=11 buf_len=0
[42134975685] [[34mDEBUG[0m] [kernel::syscall::handlers::process] [CPU2] sys_auxv_get: tid=11 buf_len=100
[42137179095] [[32mINFO [0m] [sprout::supervisor] [CPU0] SPROUT: Spawned wayland_hello (PID=11)
[42138106461] [[35mTRACE[0m] [kernel::syscall::handlers::vfs] [CPU1] sys_fs_close: fd=3
[42140759562] [[32mINFO [0m] [cambium::catalog] [CPU1] DEVD CATALOG: registered driver '/drivers/rtl8168d' name='rtl8168d' class=Net kind='dev.net.Nic' start='thingos_driver_start_safe'
[42141744183] [[35mTRACE[0m] [kernel::syscall::handlers::vfs] [CPU1] VFS: sys_fs_open path='/drivers/virtio_netd' tid=7
[42143166186] [[35mTRACE[0m] [kernel::syscall::handlers::vfs] [CPU2] sys_fs_close: fd=6
[42145253964] [[35mTRACE[0m] [sprout::supervisor] [CPU0] SPROUT: Loop iteration: spawn_clock_if_ready
[42158386512] [[34mDEBUG[0m] [kernel::task::loader] [CPU0] LOADER: Loading module '/bin/clock' (len=83048, base=0x200000)
[42159132609] [[35mTRACE[0m] [kernel::task::loader] [CPU0]   Header: [7f, 45, 4c, 46, 02, 01, 01, 00, 00, 00, 00, 00, 00, 00, 00, 00]
[42160241838] [[34mDEBUG[0m] [kernel::task::loader] [CPU0] LOADER: ELF info: entry=200000, min_vaddr=200000, bias=0, entry_pc=200000
[42160865472] [[35mTRACE[0m] [kernel::task::loader] [CPU0] Segment: vaddr=200000 exec=true
[42163230153] [[35mTRACE[0m] [kernel::task::loader] [CPU0]   COPIED at 0x201420: [48, 83, c4, 58, c3, cc, cc, cc]
[42178278285] [[35mTRACE[0m] [kernel::task::loader] [CPU0] Segment: vaddr=20c000 exec=false
[42179686230] [[35mTRACE[0m] [kernel::task::loader] [CPU0] Segment: vaddr=20e000 exec=false
[42181603794] [[34mDEBUG[0m] [kernel::task::loader] [CPU0] LOADER: TLS block: tp=0x210000 filesz=0 memsz=0 align=1
[42186595539] [[34mDEBUG[0m] [bran::arch::x86_64::task] [CPU0] INIT KERNEL CTX: entry=0xffffffff800532f0 kstack_top=0xffffffffb01a5240 arg=0xffffffffb00f73c0
[42188642991] [[34mDEBUG[0m] [kernel::sched] [CPU0] REGISTRY: Applying 1 deferred inserts
[42189263820] [[34mDEBUG[0m] [kernel::sched] [CPU0] REGISTRY: Inserting TID=12
[42189971637] [[34mDEBUG[0m] [kernel::sched] [CPU0] REGISTRY: Inserts applied
[42193798053] [[34mDEBUG[0m] [kernel::sched::spawn] [CPU0] SCHED: TID 12 ��� task '/bin/clock' (pid=12 from boot module)
[42199753629] [[34mDEBUG[0m] [kernel::sched::spawn] [CPU3] USER_TRAMPOLINE: PC=0x200000 SP=0x800000 ARG0=0x0
[42201302451] [[34mDEBUG[0m] [bran::arch::x86_64] [CPU3] ENTER_USER: TID=12 entry_pc=200000 user_sp=800000
[42204166323] [[34mDEBUG[0m] [kernel::syscall::handlers::process] [CPU3] sys_auxv_get: tid=12 buf_len=0
[42205894896] [[34mDEBUG[0m] [kernel::syscall::handlers::process] [CPU3] sys_auxv_get: tid=12 buf_len=100
[42213640458] [[32mINFO [0m] [sprout::supervisor] [CPU0] SPROUT: Spawned clock (PID=12)
[42215951514] [[35mTRACE[0m] [sprout::supervisor] [CPU0] SPROUT: Loop iteration: spawn_leaf_if_ready
[42216486510] [[32mINFO [0m] [clock] [CPU3] clock: running at low scheduler priority tid=12
[42219093807] [[34mDEBUG[0m] [kernel::task::loader] [CPU0] LOADER: Loading module '/bin/leaf' (len=97432, base=0x200000)
[42219180465] [[35mTRACE[0m] [kernel::syscall::handlers::vfs] [CPU3] sys_fs_close: fd=6
[42219892704] [[35mTRACE[0m] [kernel::task::loader] [CPU0]   Header: [7f, 45, 4c, 46, 02, 01, 01, 00, 00, 00, 00, 00, 00, 00, 00, 00]
[42220952466] [[34mDEBUG[0m] [kernel::task::loader] [CPU0] LOADER: ELF info: entry=200000, min_vaddr=200000, bias=0, entry_pc=200000
[42221596395] [[35mTRACE[0m] [kernel::task::loader] [CPU0] Segment: vaddr=200000 exec=true
[42223696218] [[35mTRACE[0m] [kernel::task::loader] [CPU0]   COPIED at 0x201420: [4e, 8b, 44, 24, 2c, 89, 44, 24]
[42231828936] [[35mTRACE[0m] [kernel::task::loader] [CPU0] Segment: vaddr=20f000 exec=false
[42238898394] [[35mTRACE[0m] [kernel::task::loader] [CPU0] Segment: vaddr=212000 exec=false
[42240270105] [[34mDEBUG[0m] [kernel::task::loader] [CPU0] LOADER: TLS block: tp=0x213000 filesz=0 memsz=0 align=1
[42245470179] [[34mDEBUG[0m] [bran::arch::x86_64::task] [CPU0] INIT KERNEL CTX: entry=0xffffffff800532f0 kstack_top=0xffffffffb01be3c0 arg=0xffffffffb00f73c0
[42246973956] [[34mDEBUG[0m] [kernel::sched] [CPU0] REGISTRY: Applying 1 deferred inserts
[42247468824] [[34mDEBUG[0m] [kernel::sched] [CPU0] REGISTRY: Inserting TID=13
[42248061801] [[34mDEBUG[0m] [kernel::sched] [CPU0] REGISTRY: Inserts applied
[42252152712] [[34mDEBUG[0m] [kernel::sched::spawn] [CPU0] SCHED: TID 13 → task '/bin/leaf' (pid=13 from boot module)
[42262671033] [[32mINFO [0m] [sprout::supervisor] [CPU0] SPROUT: Spawned leaf (PID=13)
[42265831476] [[35mTRACE[0m] [sprout::supervisor] [CPU0] SPROUT: Loop iteration: tick complete
[42268378416] [[34mDEBUG[0m] [sprout::supervisor] [CPU0] SPROUT: ServiceLoop waiting for next event...
[42306348018] [[35mTRACE[0m] [kernel::syscall::handlers::vfs] [CPU2] sys_fs_close: fd=6
[42328986843] [[34mDEBUG[0m] [kernel::sched::spawn] [CPU1] USER_TRAMPOLINE: PC=0x200000 SP=0x800000 ARG0=0x0
[42330256287] [[34mDEBUG[0m] [bran::arch::x86_64] [CPU1] ENTER_USER: TID=13 entry_pc=200000 user_sp=800000
[42332382939] [[34mDEBUG[0m] [kernel::syscall::handlers::process] [CPU1] sys_auxv_get: tid=13 buf_len=0
[42334389273] [[34mDEBUG[0m] [kernel::syscall::handlers::process] [CPU1] sys_auxv_get: tid=13 buf_len=100
[42338046498] [[32mINFO [0m] [leaf::thingos_app] [CPU1] leaf: starting
[42338988516] [[35mTRACE[0m] [kernel::syscall::handlers::vfs] [CPU1] VFS: sys_fs_open path='/share/fonts/unifont.hex' tid=13
[42370428837] [[35mTRACE[0m] [kernel::syscall::handlers::vfs] [CPU3] sys_fs_close: fd=6
[42498015846] [[35mTRACE[0m] [kernel::syscall::handlers::vfs] [CPU2] sys_fs_close: fd=6
[42534766527] [[35mTRACE[0m] [kernel::syscall::handlers::vfs] [CPU3] sys_fs_close: fd=6
[42601741545] [[35mTRACE[0m] [sprout::supervisor] [CPU0] SPROUT: Supervisor tick...
[42604389795] [[35mTRACE[0m] [sprout::supervisor] [CPU0] SPROUT: Loop iteration: spawn_bristle_if_needed
[42606787542] [[35mTRACE[0m] [sprout::supervisor] [CPU0] SPROUT: Loop iteration: spawn_display_if_needed
[42609357813] [[35mTRACE[0m] [sprout::supervisor] [CPU0] SPROUT: Loop iteration: spawn_bloom_if_ready
[42611951184] [[35mTRACE[0m] [sprout::supervisor] [CPU0] SPROUT: Loop iteration: spawn_wayland_hello_if_ready
[42614300553] [[35mTRACE[0m] [sprout::supervisor] [CPU0] SPROUT: Loop iteration: spawn_clock_if_ready
[42616262502] [[35mTRACE[0m] [sprout::supervisor] [CPU0] SPROUT: Loop iteration: spawn_leaf_if_ready
[42618248970] [[35mTRACE[0m] [sprout::supervisor] [CPU0] SPROUT: Loop iteration: tick complete
[42620118750] [[34mDEBUG[0m] [sprout::supervisor] [CPU0] SPROUT: ServiceLoop waiting for next event...
[42697702773] [[35mTRACE[0m] [kernel::syscall::handlers::vfs] [CPU2] sys_fs_close: fd=6
[42727182069] [[35mTRACE[0m] [kernel::syscall::handlers::vfs] [CPU3] sys_fs_close: fd=6
[42866172063] [[35mTRACE[0m] [kernel::syscall::handlers::vfs] [CPU3] sys_fs_close: fd=6
[42867407385] [[35mTRACE[0m] [kernel::syscall::handlers::vfs] [CPU2] sys_fs_close: fd=6
[42933015774] [[35mTRACE[0m] [sprout::supervisor] [CPU0] SPROUT: Supervisor tick...
[42935515227] [[35mTRACE[0m] [sprout::supervisor] [CPU0] SPROUT: Loop iteration: spawn_bristle_if_needed
[42937938186] [[35mTRACE[0m] [sprout::supervisor] [CPU0] SPROUT: Loop iteration: spawn_display_if_needed
[42940379922] [[35mTRACE[0m] [sprout::supervisor] [CPU0] SPROUT: Loop iteration: spawn_bloom_if_ready
[42942683949] [[35mTRACE[0m] [sprout::supervisor] [CPU0] SPROUT: Loop iteration: spawn_wayland_hello_if_ready
[42944323158] [[35mTRACE[0m] [sprout::supervisor] [CPU0] SPROUT: Loop iteration: spawn_clock_if_ready
[42945827463] [[35mTRACE[0m] [sprout::supervisor] [CPU0] SPROUT: Loop iteration: spawn_leaf_if_ready
[42947291508] [[35mTRACE[0m] [sprout::supervisor] [CPU0] SPROUT: Loop iteration: tick complete
[42948704832] [[34mDEBUG[0m] [sprout::supervisor] [CPU0] SPROUT: ServiceLoop waiting for next event...
[42975627651] [[34mDEBUG[0m] [kernel::sched::spawn] [CPU1] SCHED: Task 14 (user thread) assigned to CPU 2
[42980902899] [[34mDEBUG[0m] [kernel::sched] [CPU1] REGISTRY: Applying 1 deferred inserts
[42981542109] [[34mDEBUG[0m] [kernel::sched] [CPU1] REGISTRY: Inserting TID=14
[42982695723] [[34mDEBUG[0m] [kernel::sched] [CPU1] REGISTRY: Inserts applied
[42984847488] [[34mDEBUG[0m] [kernel::sched::spawn] [CPU1] SCHED: Sending post-unlock Resched IPI to CPU 2 for task 14
[42988204644] [[32mINFO [0m] [bloom] [CPU1] bloom: Wayland server thread spawned
[42990399540] [[32mINFO [0m] [bloom::loop_types] [CPU1] bloom: service loop started
[42991878270] [[32mINFO [0m] [bloom::loop_types] [CPU1] bloom: output0 1280x800 @ 60000mHz ready
[42992297238] [[32mINFO [0m] [bloom::wayland] [CPU2] wayland-server: starting
[42993559950] [[35mTRACE[0m] [kernel::syscall::handlers::vfs] [CPU2] VFS: sys_fs_open path='/proc/self/inbox' tid=14
[42997019010] [[35mTRACE[0m] [kernel::syscall::handlers::vfs] [CPU1] VFS: sys_fs_open path='/run/bristle/pid' tid=10
[43002110745] [[35mTRACE[0m] [kernel::syscall::handlers::vfs] [CPU1] sys_fs_close: fd=16
[43005288942] [[34mDEBUG[0m] [kernel::ipc::handles] [CPU1] ALLOC_HANDLE: handle=5 port_id=PortId(7) mode=Write
[43009970190] [[32mINFO [0m] [bloom::wayland] [CPU2] wayland-server: listening on /run/wayland-0
[43010994708] [[32mINFO [0m] [bloom::wayland] [CPU2] wayland-server: advertising globals wl_compositor wl_shm xdg_wm_base wl_seat wl_output wl_subcompositor wl_data_device_manager zwp_linux_dmabuf_v1
[43018975956] [[35mTRACE[0m] [kernel::syscall::handlers::socket] [CPU2] RECVMSG: thing=3 data_len=22 caps_len=0 node=Pointer { addr: 0xffffffffb01f9230, metadata: DynMetadata(0xffffffff802c7ed0) }
[43024449534] [[32mINFO [0m] [bristle] [CPU2] bristle: bloom sink registered (handle=5 mask=0x03)
[43064019900] [[32mINFO [0m] [clock] [CPU3] clock: connected to /run/wayland-0
[43064958585] [[32mINFO [0m] [wayland_hello] [CPU2] wayland_hello: connected to /run/wayland-0
[43065230175] [[35mTRACE[0m] [kernel::syscall::handlers::vfs] [CPU3] VFS: sys_fs_open path='/lib/libpistil.so' tid=12
[43065737121] [[35mTRACE[0m] [kernel::syscall::handlers::vfs] [CPU2] VFS: sys_fs_open path='/lib/libpistil.so' tid=11
[43263125433] [[35mTRACE[0m] [sprout::supervisor] [CPU0] SPROUT: Supervisor tick...
[43264759560] [[35mTRACE[0m] [sprout::supervisor] [CPU0] SPROUT: Loop iteration: spawn_bristle_if_needed
[43266212154] [[35mTRACE[0m] [sprout::supervisor] [CPU0] SPROUT: Loop iteration: spawn_display_if_needed
[43267650888] [[35mTRACE[0m] [sprout::supervisor] [CPU0] SPROUT: Loop iteration: spawn_bloom_if_ready
[43269271914] [[35mTRACE[0m] [sprout::supervisor] [CPU0] SPROUT: Loop iteration: spawn_wayland_hello_if_ready
[43271139945] [[35mTRACE[0m] [sprout::supervisor] [CPU0] SPROUT: Loop iteration: spawn_clock_if_ready
[43272585972] [[35mTRACE[0m] [sprout::supervisor] [CPU0] SPROUT: Loop iteration: spawn_leaf_if_ready
[43273959003] [[35mTRACE[0m] [sprout::supervisor] [CPU0] SPROUT: Loop iteration: tick complete
[43275292203] [[34mDEBUG[0m] [sprout::supervisor] [CPU0] SPROUT: ServiceLoop waiting for next event...
[43300085631] [[35mTRACE[0m] [kernel::syscall::handlers::vfs] [CPU2] sys_fs_close: fd=7
[43311307017] [[35mTRACE[0m] [kernel::syscall::handlers::vfs] [CPU3] sys_fs_close: fd=7
[43362101739] [[32mINFO [0m] [wayland_hello] [CPU2] wayland_hello: pistil text renderer loaded with default /share/fonts/Inter-Regular.ttf
[43372895841] [[32mINFO [0m] [clock] [CPU3] clock: pistil DSEG7 text renderer loaded with /share/fonts/DSEG7Classic-Regular.ttf
[43373947023] [[32mINFO [0m] [clock] [CPU3] clock: pistil generic text renderer loaded with /share/fonts/Inter-Regular.ttf
[43378471125] [[34mDEBUG[0m] [bloom::wayland] [CPU2] wayland-server: new client fd=16
[43420795506] [[35mTRACE[0m] [kernel::syscall::handlers::vfs] [CPU3] VFS: sys_fs_open path='/etc/locale.conf' tid=12
[43425104976] [[35mTRACE[0m] [kernel::syscall::handlers::vfs] [CPU3] sys_fs_close: fd=7
[43431441273] [[34mDEBUG[0m] [kernel::ipc] [CPU2] CREATE_PORT: capacity=64
[43432464768] [[34mDEBUG[0m] [kernel::ipc] [CPU2] CREATE_PORT: appended id=PortId(10)
[43433326959] [[34mDEBUG[0m] [kernel::ipc::handles] [CPU2] ALLOC_HANDLE: handle=13 port_id=PortId(10) mode=Write
[43434409623] [[34mDEBUG[0m] [kernel::ipc::handles] [CPU2] ALLOC_HANDLE: handle=14 port_id=PortId(10) mode=Read
[43592526153] [[35mTRACE[0m] [sprout::supervisor] [CPU0] SPROUT: Supervisor tick...
[43594192719] [[35mTRACE[0m] [sprout::supervisor] [CPU0] SPROUT: Loop iteration: spawn_bristle_if_needed
[43595862915] [[35mTRACE[0m] [sprout::supervisor] [CPU0] SPROUT: Loop iteration: spawn_display_if_needed
[43598133975] [[35mTRACE[0m] [sprout::supervisor] [CPU0] SPROUT: Loop iteration: spawn_bloom_if_ready
[43599992997] [[35mTRACE[0m] [sprout::supervisor] [CPU0] SPROUT: Loop iteration: spawn_wayland_hello_if_ready
[43601839776] [[35mTRACE[0m] [sprout::supervisor] [CPU0] SPROUT: Loop iteration: spawn_clock_if_ready
[43603525086] [[35mTRACE[0m] [sprout::supervisor] [CPU0] SPROUT: Loop iteration: spawn_leaf_if_ready
[43605237324] [[35mTRACE[0m] [sprout::supervisor] [CPU0] SPROUT: Loop iteration: tick complete
[43606829013] [[34mDEBUG[0m] [sprout::supervisor] [CPU0] SPROUT: ServiceLoop waiting for next event...
[43924010361] [[35mTRACE[0m] [sprout::supervisor] [CPU0] SPROUT: Supervisor tick...
[43925767776] [[35mTRACE[0m] [sprout::supervisor] [CPU0] SPROUT: Loop iteration: spawn_bristle_if_needed
[43927232712] [[35mTRACE[0m] [sprout::supervisor] [CPU0] SPROUT: Loop iteration: spawn_display_if_needed
[43928814600] [[35mTRACE[0m] [sprout::supervisor] [CPU0] SPROUT: Loop iteration: spawn_bloom_if_ready
[43930409193] [[35mTRACE[0m] [sprout::supervisor] [CPU0] SPROUT: Loop iteration: spawn_wayland_hello_if_ready
[43932541884] [[35mTRACE[0m] [sprout::supervisor] [CPU0] SPROUT: Loop iteration: spawn_clock_if_ready
[43934045265] [[35mTRACE[0m] [sprout::supervisor] [CPU0] SPROUT: Loop iteration: spawn_leaf_if_ready
[43935489312] [[35mTRACE[0m] [sprout::supervisor] [CPU0] SPROUT: Loop iteration: tick complete
[43936890657] [[34mDEBUG[0m] [sprout::supervisor] [CPU0] SPROUT: ServiceLoop waiting for next event...
[44254733127] [[35mTRACE[0m] [sprout::supervisor] [CPU0] SPROUT: Supervisor tick...
[44257597329] [[35mTRACE[0m] [sprout::supervisor] [CPU0] SPROUT: Loop iteration: spawn_bristle_if_needed
[44260154004] [[35mTRACE[0m] [sprout::supervisor] [CPU0] SPROUT: Loop iteration: spawn_display_if_needed
[44262222543] [[35mTRACE[0m] [sprout::supervisor] [CPU0] SPROUT: Loop iteration: spawn_bloom_if_ready
[44263678701] [[35mTRACE[0m] [sprout::supervisor] [CPU0] SPROUT: Loop iteration: spawn_wayland_hello_if_ready
[44265175812] [[35mTRACE[0m] [sprout::supervisor] [CPU0] SPROUT: Loop iteration: spawn_clock_if_ready
[44266542342] [[35mTRACE[0m] [sprout::supervisor] [CPU0] SPROUT: Loop iteration: spawn_leaf_if_ready
[44268131490] [[35mTRACE[0m] [sprout::supervisor] [CPU0] SPROUT: Loop iteration: tick complete
[44269950153] [[34mDEBUG[0m] [sprout::supervisor] [CPU0] SPROUT: ServiceLoop waiting for next event...
[44584502985] [[35mTRACE[0m] [sprout::supervisor] [CPU0] SPROUT: Supervisor tick...
[44587061772] [[35mTRACE[0m] [sprout::supervisor] [CPU0] SPROUT: Loop iteration: spawn_bristle_if_needed
[44589337881] [[35mTRACE[0m] [sprout::supervisor] [CPU0] SPROUT: Loop iteration: spawn_display_if_needed
[44591599305] [[35mTRACE[0m] [sprout::supervisor] [CPU0] SPROUT: Loop iteration: spawn_bloom_if_ready
[44593621347] [[35mTRACE[0m] [sprout::supervisor] [CPU0] SPROUT: Loop iteration: spawn_wayland_hello_if_ready
[44595134595] [[35mTRACE[0m] [sprout::supervisor] [CPU0] SPROUT: Loop iteration: spawn_clock_if_ready
[44596889865] [[35mTRACE[0m] [sprout::supervisor] [CPU0] SPROUT: Loop iteration: spawn_leaf_if_ready
[44598578046] [[35mTRACE[0m] [sprout::supervisor] [CPU0] SPROUT: Loop iteration: tick complete
[44599943322] [[34mDEBUG[0m] [sprout::supervisor] [CPU0] SPROUT: ServiceLoop waiting for next event...
[44851691511] [[35mTRACE[0m] [kernel::syscall::handlers::vfs] [CPU1] sys_fs_close: fd=6
[44914489554] [[35mTRACE[0m] [sprout::supervisor] [CPU0] SPROUT: Supervisor tick...
[44916736227] [[35mTRACE[0m] [sprout::supervisor] [CPU0] SPROUT: Loop iteration: spawn_bristle_if_needed
[44919010818] [[35mTRACE[0m] [sprout::supervisor] [CPU0] SPROUT: Loop iteration: spawn_display_if_needed
[44921134269] [[35mTRACE[0m] [sprout::supervisor] [CPU0] SPROUT: Loop iteration: spawn_bloom_if_ready
[44923490304] [[35mTRACE[0m] [sprout::supervisor] [CPU0] SPROUT: Loop iteration: spawn_wayland_hello_if_ready
[44925630882] [[35mTRACE[0m] [sprout::supervisor] [CPU0] SPROUT: Loop iteration: spawn_clock_if_ready
[44927703876] [[35mTRACE[0m] [sprout::supervisor] [CPU0] SPROUT: Loop iteration: spawn_leaf_if_ready
[44929176732] [[35mTRACE[0m] [sprout::supervisor] [CPU0] SPROUT: Loop iteration: tick complete
[44930510064] [[34mDEBUG[0m] [sprout::supervisor] [CPU0] SPROUT: ServiceLoop waiting for next event...
[44991903990] [[32mINFO [0m] [bloom::services::input_service] [CPU1] bloom: registered bristle pointer sink
[44999084394] [[34mDEBUG[0m] [kernel::vfs::provider] [CPU1] VFS_RPC: request op=DeviceCall len=296 tid=10
[45017526213] [[35mTRACE[0m] [display_virtio_gpu] [CPU3] display_virtio_gpu: VFS RPC op=DeviceCall
[45042981291] [[35mTRACE[0m] [display_virtio_gpu] [CPU3] display_virtio_gpu: VFS RPC response begin op=DeviceCall req_id=5
[45045844239] [[35mTRACE[0m] [display_virtio_gpu] [CPU3] display_virtio_gpu: VFS RPC response sent op=DeviceCall req_id=5
[45050454900] [[34mDEBUG[0m] [kernel::vfs::provider] [CPU1] VFS_RPC: response op=DeviceCall id=5 -> OK(8)
[45053226108] [[34mDEBUG[0m] [bloom::world] [CPU1] bloom: presented cursor buffer=2 at 629,394 size=48x48
[45056142186] [[32mINFO [0m] [bloom::loop_types] [CPU1] First frame rendered
[45057552111] [[34mDEBUG[0m] [kernel::vfs::provider] [CPU1] VFS_RPC: request op=DeviceCall len=48 tid=10
[45091346124] [[35mTRACE[0m] [display_virtio_gpu] [CPU3] display_virtio_gpu: VFS RPC op=DeviceCall
[45093422055] [[35mTRACE[0m] [display_virtio_gpu] [CPU3] DISP: DISPLAY_OP_GET_INFO requested
[45094665858] [[35mTRACE[0m] [display_virtio_gpu] [CPU3] DISP: Returning dimensions 1280x800
[45095835477] [[35mTRACE[0m] [display_virtio_gpu] [CPU3] display_virtio_gpu: VFS RPC response begin op=DeviceCall req_id=6
[45100715385] [[35mTRACE[0m] [display_virtio_gpu] [CPU3] display_virtio_gpu: VFS RPC response sent op=DeviceCall req_id=6
[45104898333] [[34mDEBUG[0m] [kernel::vfs::provider] [CPU1] VFS_RPC: response op=DeviceCall id=6 -> OK(48)
[45111403491] [[32mINFO [0m] [bloom::services::wayland_cmd] [CPU1] bloom: registered titlebar drag zone surface=1 height=28 frame=6
[45113200341] [[34mDEBUG[0m] [bloom::services::wayland_cmd] [CPU1] wayland-cmd: created surface bloom_id=1
[45118269075] [[35mTRACE[0m] [kernel::syscall::handlers::vfs] [CPU1] VFS: sys_fs_open path='/session/desktop/wallpaper' tid=10
[45119912178] [[34mDEBUG[0m] [kernel::handle::bridge] [CPU2] BRIDGE: handle=13 -> fd=18 node=0xffffffffb01c76f0 port=0xffffffffb01ce330
[45121118229] [[35mTRACE[0m] [kernel::syscall::handlers::vfs] [CPU2] sys_fs_close: fd=18
[45124013880] [[34mDEBUG[0m] [kernel::handle::bridge] [CPU2] BRIDGE: handle=14 -> fd=18 node=0xffffffffb0153610 port=0xffffffffb01ce330
[45127092549] [[35mTRACE[0m] [kernel::syscall::handlers::vfs] [CPU2] sys_fs_close: fd=18
[45129039978] [[35mTRACE[0m] [kernel::syscall::handlers::vfs] [CPU1] sys_fs_close: fd=19
[45130699515] [[34mDEBUG[0m] [bloom::wayland::dispatch] [CPU2] wayland-server: xdg_surface obj=11 created for surface=1
[45134403996] [[35mTRACE[0m] [kernel::syscall::handlers::vfs] [CPU1] VFS: sys_fs_open path='/session/desktop/wallpaper' tid=10
[45136916286] [[32mINFO [0m] [bloom::wayland::dispatch] [CPU2] wayland-server: xdg_toplevel obj=12 assigned to xdg_surface=11
[45139800387] [[35mTRACE[0m] [kernel::syscall::handlers::vfs] [CPU1] sys_fs_close: fd=18
[45140198268] [[34mDEBUG[0m] [bloom::wayland::dispatch] [CPU2] wayland-server: surface 1 titlebar height 28 frame 6
[45141728280] [[32mINFO [0m] [bloom::services::wallpaper] [CPU1] bloom: preparing background /share/wallpapers/flower.png
[45143739234] [[34mDEBUG[0m] [bloom::wayland::dispatch] [CPU2] wayland-server: xdg_surface.configure serial=1 sent to obj=11
[45146722335] [[34mDEBUG[0m] [bloom::wayland::dispatch] [CPU2] wayland-server: xdg_toplevel obj=12 title="Clock"
[45149724972] [[34mDEBUG[0m] [bloom::wayland::dispatch] [CPU2] wayland-server: xdg_toplevel obj=12 app_id="thingos.clock"
[45247741374] [[35mTRACE[0m] [sprout::supervisor] [CPU0] SPROUT: Supervisor tick...
[45250433019] [[35mTRACE[0m] [sprout::supervisor] [CPU0] SPROUT: Loop iteration: spawn_bristle_if_needed
[45252367611] [[35mTRACE[0m] [sprout::supervisor] [CPU0] SPROUT: Loop iteration: spawn_display_if_needed
[45254198979] [[35mTRACE[0m] [sprout::supervisor] [CPU0] SPROUT: Loop iteration: spawn_bloom_if_ready
[45256066383] [[35mTRACE[0m] [sprout::supervisor] [CPU0] SPROUT: Loop iteration: spawn_wayland_hello_if_ready
[45257896365] [[35mTRACE[0m] [sprout::supervisor] [CPU0] SPROUT: Loop iteration: spawn_clock_if_ready
[45259896462] [[35mTRACE[0m] [sprout::supervisor] [CPU0] SPROUT: Loop iteration: spawn_leaf_if_ready
[45262169271] [[35mTRACE[0m] [sprout::supervisor] [CPU0] SPROUT: Loop iteration: tick complete
[45264339846] [[34mDEBUG[0m] [sprout::supervisor] [CPU0] SPROUT: ServiceLoop waiting for next event...
[45402568893] [[34mDEBUG[0m] [kernel::syscall::handlers::memory] [CPU1] sys_vm_map: large backing file mapping offset=0 len=4096000 total_size=4096000
[45564818178] [[35mTRACE[0m] [kernel::syscall::handlers::vfs] [CPU1] VFS: sys_fs_open path='/share/wallpapers/flower.png' tid=10
[45584176308] [[35mTRACE[0m] [sprout::supervisor] [CPU0] SPROUT: Supervisor tick...
[45604907106] [[35mTRACE[0m] [sprout::supervisor] [CPU0] SPROUT: Loop iteration: spawn_bristle_if_needed
[45610161036] [[35mTRACE[0m] [sprout::supervisor] [CPU0] SPROUT: Loop iteration: spawn_display_if_needed
[45613461135] [[35mTRACE[0m] [sprout::supervisor] [CPU0] SPROUT: Loop iteration: spawn_bloom_if_ready
[45617552376] [[35mTRACE[0m] [sprout::supervisor] [CPU0] SPROUT: Loop iteration: spawn_wayland_hello_if_ready
[45619992957] [[35mTRACE[0m] [sprout::supervisor] [CPU0] SPROUT: Loop iteration: spawn_clock_if_ready
[45622229961] [[35mTRACE[0m] [sprout::supervisor] [CPU0] SPROUT: Loop iteration: spawn_leaf_if_ready
[45624192504] [[35mTRACE[0m] [sprout::supervisor] [CPU0] SPROUT: Loop iteration: tick complete
[45625609524] [[34mDEBUG[0m] [sprout::supervisor] [CPU0] SPROUT: ServiceLoop waiting for next event...
[45925508871] [[34mDEBUG[0m] [bloom::wayland] [CPU2] wayland-server: new client fd=20
[45992177220] [[35mTRACE[0m] [kernel::syscall::handlers::socket] [CPU3] SENDMSG: thing=6 data_len=16 caps_len=1 node=Pointer { addr: 0xffffffffb01c8290, metadata: DynMetadata(0xffffffff802d9c58) }
[46017820332] [[35mTRACE[0m] [sprout::supervisor] [CPU0] SPROUT: Supervisor tick...
[46031073132] [[35mTRACE[0m] [sprout::supervisor] [CPU0] SPROUT: Loop iteration: spawn_bristle_if_needed
[46033857276] [[35mTRACE[0m] [sprout::supervisor] [CPU0] SPROUT: Loop iteration: spawn_display_if_needed
[46036489653] [[35mTRACE[0m] [sprout::supervisor] [CPU0] SPROUT: Loop iteration: spawn_bloom_if_ready
[46046640288] [[35mTRACE[0m] [sprout::supervisor] [CPU0] SPROUT: Loop iteration: spawn_wayland_hello_if_ready
[46048697178] [[32mINFO [0m] [wayland_hello] [CPU2] wayland_hello: using zwp_linux_dmabuf_v1 buffers
[46051361631] [[32mINFO [0m] [wayland_hello] [CPU2] wayland_hello: bound wp_presentation
[46048205346] [[35mTRACE[0m] [sprout::supervisor] [CPU0] SPROUT: Loop iteration: spawn_clock_if_ready
[46061806329] [[34mDEBUG[0m] [pistil::font] [CPU3] pistil: opening font /share/fonts/DSEG7Classic-Regular.ttf
[46063389075] [[35mTRACE[0m] [kernel::syscall::handlers::vfs] [CPU3] VFS: sys_fs_open path='/share/fonts/DSEG7Classic-Regular.ttf' tid=12
[46082838648] [[32mINFO [0m] [wayland_hello] [CPU2] wayland_hello: wl_region smoke test: create+add+set_opaque+destroy
[46098225063] [[32mINFO [0m] [wayland_hello] [CPU2] wayland_hello: wl_region smoke test: create+add+set_input+destroy
[46099621953] [[35mTRACE[0m] [sprout::supervisor] [CPU0] SPROUT: Loop iteration: spawn_leaf_if_ready
[46126285062] [[35mTRACE[0m] [sprout::supervisor] [CPU0] SPROUT: Loop iteration: tick complete
[46133246280] [[34mDEBUG[0m] [sprout::supervisor] [CPU0] SPROUT: ServiceLoop waiting for next event...
[46159493226] [[34mDEBUG[0m] [pistil::font] [CPU3] pistil: stat font /share/fonts/DSEG7Classic-Regular.ttf
[46220895402] [[34mDEBUG[0m] [pistil::font] [CPU3] pistil: reading font 23272 bytes from /share/fonts/DSEG7Classic-Regular.ttf
[46226282916] [[34mDEBUG[0m] [bloom::wayland::dispatch] [CPU2] wayland-server: sending us-intl XKB keymap to keyboard obj=8 size=8755
[46228424583] [[35mTRACE[0m] [kernel::syscall::handlers::socket] [CPU2] SENDMSG: thing=20 data_len=16 caps_len=1 node=Pointer { addr: 0xffffffffb01cce90, metadata: DynMetadata(0xffffffff802da510) }
[46230602451] [[35mTRACE[0m] [kernel::syscall::handlers::vfs] [CPU2] sys_fs_close: fd=21
[46234313499] [[34mDEBUG[0m] [kernel::ipc] [CPU2] CREATE_PORT: capacity=64
[46235061312] [[34mDEBUG[0m] [kernel::ipc] [CPU2] CREATE_PORT: appended id=PortId(11)
[46236018642] [[34mDEBUG[0m] [kernel::ipc::handles] [CPU2] ALLOC_HANDLE: handle=15 port_id=PortId(11) mode=Write
[46237201956] [[34mDEBUG[0m] [kernel::ipc::handles] [CPU2] ALLOC_HANDLE: handle=16 port_id=PortId(11) mode=Read
[46291401156] [[34mDEBUG[0m] [pistil::font] [CPU3] pistil: font read returned 23272 of 23272 bytes
[46302538854] [[35mTRACE[0m] [kernel::syscall::handlers::vfs] [CPU3] sys_fs_close: fd=8
[46305655374] [[34mDEBUG[0m] [pistil::font] [CPU3] pistil: parsing font /share/fonts/DSEG7Classic-Regular.ttf
[46392304761] [[35mTRACE[0m] [kernel::syscall::handlers::vfs] [CPU1] sys_fs_close: fd=19
[46410183534] [[34mDEBUG[0m] [pistil::font] [CPU3] pistil: parsed font /share/fonts/DSEG7Classic-Regular.ttf
[46497742434] [[34mDEBUG[0m] [pistil::font] [CPU3] pistil: opening font /share/fonts/Inter-Regular.ttf
[46499502621] [[35mTRACE[0m] [kernel::syscall::handlers::vfs] [CPU3] VFS: sys_fs_open path='/share/fonts/Inter-Regular.ttf' tid=12
[46508402589] [[35mTRACE[0m] [sprout::supervisor] [CPU0] SPROUT: Supervisor tick...
[46511209404] [[35mTRACE[0m] [sprout::supervisor] [CPU0] SPROUT: Loop iteration: spawn_bristle_if_needed
[46513840824] [[35mTRACE[0m] [sprout::supervisor] [CPU0] SPROUT: Loop iteration: spawn_display_if_needed
[46516694994] [[34mDEBUG[0m] [pistil::font] [CPU3] pistil: stat font /share/fonts/Inter-Regular.ttf
[46516681497] [[35mTRACE[0m] [sprout::supervisor] [CPU0] SPROUT: Loop iteration: spawn_bloom_if_ready
[46518996315] [[34mDEBUG[0m] [pistil::font] [CPU3] pistil: reading font 876576 bytes from /share/fonts/Inter-Regular.ttf
[46519809930] [[35mTRACE[0m] [sprout::supervisor] [CPU0] SPROUT: Loop iteration: spawn_wayland_hello_if_ready
[46524999741] [[35mTRACE[0m] [sprout::supervisor] [CPU0] SPROUT: Loop iteration: spawn_clock_if_ready
[46527767847] [[35mTRACE[0m] [sprout::supervisor] [CPU0] SPROUT: Loop iteration: spawn_leaf_if_ready
[46541175186] [[35mTRACE[0m] [sprout::supervisor] [CPU0] SPROUT: Loop iteration: tick complete
[46544731464] [[34mDEBUG[0m] [sprout::supervisor] [CPU0] SPROUT: ServiceLoop waiting for next event...
[46830990228] [[34mDEBUG[0m] [pistil::font] [CPU3] pistil: font read returned 876576 of 876576 bytes
[46832046129] [[35mTRACE[0m] [kernel::syscall::handlers::vfs] [CPU3] sys_fs_close: fd=8
[46833397314] [[34mDEBUG[0m] [pistil::font] [CPU3] pistil: parsing font /share/fonts/Inter-Regular.ttf
[46865512320] [[35mTRACE[0m] [sprout::supervisor] [CPU0] SPROUT: Supervisor tick...
[46868125986] [[35mTRACE[0m] [sprout::supervisor] [CPU0] SPROUT: Loop iteration: spawn_bristle_if_needed
[46870088496] [[35mTRACE[0m] [sprout::supervisor] [CPU0] SPROUT: Loop iteration: spawn_display_if_needed
[46871651145] [[35mTRACE[0m] [sprout::supervisor] [CPU0] SPROUT: Loop iteration: spawn_bloom_if_ready
[46873723149] [[35mTRACE[0m] [sprout::supervisor] [CPU0] SPROUT: Loop iteration: spawn_wayland_hello_if_ready
[46876140960] [[35mTRACE[0m] [sprout::supervisor] [CPU0] SPROUT: Loop iteration: spawn_clock_if_ready
[46878842439] [[35mTRACE[0m] [sprout::supervisor] [CPU0] SPROUT: Loop iteration: spawn_leaf_if_ready
[46881220353] [[35mTRACE[0m] [sprout::supervisor] [CPU0] SPROUT: Loop iteration: tick complete
[46883572989] [[34mDEBUG[0m] [sprout::supervisor] [CPU0] SPROUT: ServiceLoop waiting for next event...
[47193977325] [[35mTRACE[0m] [sprout::supervisor] [CPU0] SPROUT: Supervisor tick...
[47195741241] [[35mTRACE[0m] [sprout::supervisor] [CPU0] SPROUT: Loop iteration: spawn_bristle_if_needed
[47197525122] [[35mTRACE[0m] [sprout::supervisor] [CPU0] SPROUT: Loop iteration: spawn_display_if_needed
[47199240330] [[35mTRACE[0m] [sprout::supervisor] [CPU0] SPROUT: Loop iteration: spawn_bloom_if_ready
[47200896897] [[35mTRACE[0m] [sprout::supervisor] [CPU0] SPROUT: Loop iteration: spawn_wayland_hello_if_ready
[47202895212] [[35mTRACE[0m] [sprout::supervisor] [CPU0] SPROUT: Loop iteration: spawn_clock_if_ready
[47204534652] [[35mTRACE[0m] [sprout::supervisor] [CPU0] SPROUT: Loop iteration: spawn_leaf_if_ready
[47206219830] [[35mTRACE[0m] [sprout::supervisor] [CPU0] SPROUT: Loop iteration: tick complete
[47207882205] [[34mDEBUG[0m] [sprout::supervisor] [CPU0] SPROUT: ServiceLoop waiting for next event...
[47526712068] [[35mTRACE[0m] [sprout::supervisor] [CPU0] SPROUT: Supervisor tick...
[47528934288] [[35mTRACE[0m] [sprout::supervisor] [CPU0] SPROUT: Loop iteration: spawn_bristle_if_needed
[47530956462] [[35mTRACE[0m] [sprout::supervisor] [CPU0] SPROUT: Loop iteration: spawn_display_if_needed
[47532647382] [[35mTRACE[0m] [sprout::supervisor] [CPU0] SPROUT: Loop iteration: spawn_bloom_if_ready
[47534198976] [[35mTRACE[0m] [sprout::supervisor] [CPU0] SPROUT: Loop iteration: spawn_wayland_hello_if_ready
[47536351500] [[35mTRACE[0m] [sprout::supervisor] [CPU0] SPROUT: Loop iteration: spawn_clock_if_ready
[47538012918] [[35mTRACE[0m] [sprout::supervisor] [CPU0] SPROUT: Loop iteration: spawn_leaf_if_ready
[47539612989] [[35mTRACE[0m] [sprout::supervisor] [CPU0] SPROUT: Loop iteration: tick complete
[47541244971] [[34mDEBUG[0m] [sprout::supervisor] [CPU0] SPROUT: ServiceLoop waiting for next event...
[47786527998] [[35mTRACE[0m] [kernel::sched] [CPU0] SCHED-DBG: cpus_online=4
[47787602115] [[35mTRACE[0m] [kernel::sched] [CPU0] SCHED-DBG: cpu=0 curr=Some(0) runq=0 runq_avg=1 runq_samples=476 ctxsw=72 idle2busy=0 tick=252 ipi=4 enq=487 deq=486 wake=29 lock_miss=0 lock_pending=0 lock_blocked=0
[47788886211] [[35mTRACE[0m] [kernel::sched] [CPU0] SCHED-DBG: cpu=1 curr=Some(10) runq=2 runq_avg=0 runq_samples=98 ctxsw=27 idle2busy=1 tick=141 ipi=7 enq=43 deq=40 wake=18 lock_miss=0 lock_pending=0 lock_blocked=0
[47790121302] [[35mTRACE[0m] [kernel::sched] [CPU0] SCHED-DBG: cpu=2 curr=Some(3) runq=0 runq_avg=0 runq_samples=439 ctxsw=69 idle2busy=32 tick=271 ipi=20 enq=40 deq=39 wake=65 lock_miss=0 lock_pending=0 lock_blocked=0
[47791517136] [[35mTRACE[0m] [kernel::sched] [CPU0] SCHED-DBG: cpu=3 curr=Some(12) runq=0 runq_avg=0 runq_samples=895 ctxsw=400 idle2busy=170 tick=282 ipi=160 enq=333 deq=332 wake=397 lock_miss=0 lock_pending=0 lock_blocked=0
[47887559115] [[35mTRACE[0m] [sprout::supervisor] [CPU0] SPROUT: Supervisor tick...
[47889758796] [[35mTRACE[0m] [sprout::supervisor] [CPU0] SPROUT: Loop iteration: spawn_bristle_if_needed
[47891358009] [[35mTRACE[0m] [sprout::supervisor] [CPU0] SPROUT: Loop iteration: spawn_display_if_needed
[47892847794] [[35mTRACE[0m] [sprout::supervisor] [CPU0] SPROUT: Loop iteration: spawn_bloom_if_ready
[47895116115] [[35mTRACE[0m] [sprout::supervisor] [CPU0] SPROUT: Loop iteration: spawn_wayland_hello_if_ready
[47897739714] [[35mTRACE[0m] [sprout::supervisor] [CPU0] SPROUT: Loop iteration: spawn_clock_if_ready
[47900106903] [[35mTRACE[0m] [sprout::supervisor] [CPU0] SPROUT: Loop iteration: spawn_leaf_if_ready
[47902480956] [[35mTRACE[0m] [sprout::supervisor] [CPU0] SPROUT: Loop iteration: tick complete
[47904801285] [[34mDEBUG[0m] [sprout::supervisor] [CPU0] SPROUT: ServiceLoop waiting for next event...
[48220310952] [[35mTRACE[0m] [sprout::supervisor] [CPU0] SPROUT: Supervisor tick...
[48222697677] [[35mTRACE[0m] [sprout::supervisor] [CPU0] SPROUT: Loop iteration: spawn_bristle_if_needed
[48224629134] [[35mTRACE[0m] [sprout::supervisor] [CPU0] SPROUT: Loop iteration: spawn_display_if_needed
[48226546533] [[35mTRACE[0m] [sprout::supervisor] [CPU0] SPROUT: Loop iteration: spawn_bloom_if_ready
[48228481950] [[35mTRACE[0m] [sprout::supervisor] [CPU0] SPROUT: Loop iteration: spawn_wayland_hello_if_ready
[48230742120] [[35mTRACE[0m] [sprout::supervisor] [CPU0] SPROUT: Loop iteration: spawn_clock_if_ready
[48232690506] [[35mTRACE[0m] [sprout::supervisor] [CPU0] SPROUT: Loop iteration: spawn_leaf_if_ready
[48234524382] [[35mTRACE[0m] [sprout::supervisor] [CPU0] SPROUT: Loop iteration: tick complete
[48236613579] [[34mDEBUG[0m] [sprout::supervisor] [CPU0] SPROUT: ServiceLoop waiting for next event...
[48518421996] [[34mDEBUG[0m] [pistil::font] [CPU3] pistil: parsed font /share/fonts/Inter-Regular.ttf
[48548297292] [[35mTRACE[0m] [sprout::supervisor] [CPU0] SPROUT: Supervisor tick...
[48550314846] [[35mTRACE[0m] [sprout::supervisor] [CPU0] SPROUT: Loop iteration: spawn_bristle_if_needed
[48552213105] [[35mTRACE[0m] [sprout::supervisor] [CPU0] SPROUT: Loop iteration: spawn_display_if_needed
[48554038500] [[35mTRACE[0m] [sprout::supervisor] [CPU0] SPROUT: Loop iteration: spawn_bloom_if_ready
[48555770472] [[35mTRACE[0m] [sprout::supervisor] [CPU0] SPROUT: Loop iteration: spawn_wayland_hello_if_ready
[48557907123] [[35mTRACE[0m] [sprout::supervisor] [CPU0] SPROUT: Loop iteration: spawn_clock_if_ready
[48559759083] [[35mTRACE[0m] [sprout::supervisor] [CPU0] SPROUT: Loop iteration: spawn_leaf_if_ready
[48561584478] [[35mTRACE[0m] [sprout::supervisor] [CPU0] SPROUT: Loop iteration: tick complete
[48563413404] [[34mDEBUG[0m] [sprout::supervisor] [CPU0] SPROUT: ServiceLoop waiting for next event...
[48856584843] [[35mTRACE[0m] [kernel::syscall::handlers::vfs] [CPU1] sys_fs_close: fd=3
[48859880718] [[32mINFO [0m] [cambium::catalog] [CPU1] DEVD CATALOG: registered driver '/drivers/virtio_netd' name='virtio_netd' class=Net kind='dev.net.Nic' start='thingos_driver_start_safe'
[48861081291] [[35mTRACE[0m] [kernel::syscall::handlers::vfs] [CPU1] VFS: sys_fs_open path='/drivers/virtio_sound' tid=7
[48880210533] [[35mTRACE[0m] [sprout::supervisor] [CPU0] SPROUT: Supervisor tick...
[48882641082] [[35mTRACE[0m] [sprout::supervisor] [CPU0] SPROUT: Loop iteration: spawn_bristle_if_needed
[48884739618] [[35mTRACE[0m] [sprout::supervisor] [CPU0] SPROUT: Loop iteration: spawn_display_if_needed
[48886857756] [[35mTRACE[0m] [sprout::supervisor] [CPU0] SPROUT: Loop iteration: spawn_bloom_if_ready
[48890197455] [[35mTRACE[0m] [sprout::supervisor] [CPU0] SPROUT: Loop iteration: spawn_wayland_hello_if_ready
[48892521414] [[35mTRACE[0m] [sprout::supervisor] [CPU0] SPROUT: Loop iteration: spawn_clock_if_ready
[48894957903] [[35mTRACE[0m] [sprout::supervisor] [CPU0] SPROUT: Loop iteration: spawn_leaf_if_ready
[48897054195] [[35mTRACE[0m] [sprout::supervisor] [CPU0] SPROUT: Loop iteration: tick complete
[48899244009] [[34mDEBUG[0m] [sprout::supervisor] [CPU0] SPROUT: ServiceLoop waiting for next event...
[49047350220] [[35mTRACE[0m] [kernel::syscall::handlers::vfs] [CPU1] sys_fs_close: fd=3
[49050044703] [[32mINFO [0m] [cambium::catalog] [CPU1] DEVD CATALOG: registered driver '/drivers/virtio_sound' name='virtio_sound' class=Audio kind='dev.sound.Virtio' start='thingos_driver_start_safe'
[49051333584] [[35mTRACE[0m] [kernel::syscall::handlers::vfs] [CPU1] VFS: sys_fs_open path='/drivers/xhci' tid=7
[49213195119] [[35mTRACE[0m] [sprout::supervisor] [CPU0] SPROUT: Supervisor tick...
[49215786939] [[35mTRACE[0m] [sprout::supervisor] [CPU0] SPROUT: Loop iteration: spawn_bristle_if_needed
[49218241908] [[35mTRACE[0m] [sprout::supervisor] [CPU0] SPROUT: Loop iteration: spawn_display_if_needed
[49220410206] [[35mTRACE[0m] [sprout::supervisor] [CPU0] SPROUT: Loop iteration: spawn_bloom_if_ready
[49222570353] [[35mTRACE[0m] [sprout::supervisor] [CPU0] SPROUT: Loop iteration: spawn_wayland_hello_if_ready
[49224870222] [[35mTRACE[0m] [sprout::supervisor] [CPU0] SPROUT: Loop iteration: spawn_clock_if_ready
[49227017796] [[35mTRACE[0m] [sprout::supervisor] [CPU0] SPROUT: Loop iteration: spawn_leaf_if_ready
[49229154645] [[35mTRACE[0m] [sprout::supervisor] [CPU0] SPROUT: Loop iteration: tick complete
[49231187676] [[34mDEBUG[0m] [sprout::supervisor] [CPU0] SPROUT: ServiceLoop waiting for next event...
[49259029875] [[35mTRACE[0m] [kernel::syscall::handlers::vfs] [CPU1] sys_fs_close: fd=3
[49261478442] [[32mINFO [0m] [cambium::catalog] [CPU1] DEVD CATALOG: registered driver '/drivers/xhci' name='xhci' class=Block kind='dev.usb.Xhci' start='thingos_driver_start_safe'
[49263462039] [[32mINFO [0m] [cambium::catalog] [CPU1] DEVD CATALOG: 15 driver(s) found
[49264779036] [[35mTRACE[0m] [kernel::syscall::handlers::vfs] [CPU1] VFS: sys_fs_open path='/sys/device_snapshot' tid=7
[49267101147] [[34mDEBUG[0m] [kernel::vfs::sysfs] [CPU1] sysfs: lookup path='device_snapshot'
[49275557892] [[35mTRACE[0m] [kernel::syscall::handlers::vfs] [CPU1] sys_fs_close: fd=3
[49282351800] [[34mDEBUG[0m] [cambium] [CPU1] CAMBIUM: discovered device slot=pci-0000:00:00.0 kind=pci_device vendor=0x8086 device=0x29c0 class=0x060000 present=true
[49288034301] [[34mDEBUG[0m] [cambium] [CPU1] CAMBIUM: discovered device slot=pci-0000:00:01.0 kind=pci_device vendor=0x1af4 device=0x1041 class=0x020000 present=true
[49291592823] [[34mDEBUG[0m] [cambium] [CPU1] CAMBIUM: isolation mode skipping driver '/drivers/virtio_netd' class=Net for pci-0000:00:01.0
[49293524808] [[34mDEBUG[0m] [cambium] [CPU1] CAMBIUM: discovered device slot=pci-0000:00:02.0 kind=pci_device vendor=0x1af4 device=0x1050 class=0x030000 present=true
[49294979712] [[34mDEBUG[0m] [cambium] [CPU1] CAMBIUM: discovered device slot=pci-0000:00:03.0 kind=pci_device vendor=0x1af4 device=0x1059 class=0x040100 present=true
[49297134777] [[34mDEBUG[0m] [cambium] [CPU1] CAMBIUM: isolation mode skipping driver '/drivers/virtio_sound' class=Audio for pci-0000:00:03.0
[49298383926] [[34mDEBUG[0m] [cambium] [CPU1] CAMBIUM: discovered device slot=pci-0000:00:1f.0 kind=pci_device vendor=0x8086 device=0x2918 class=0x060100 present=true
[49299928161] [[34mDEBUG[0m] [cambium] [CPU1] CAMBIUM: discovered device slot=pci-0000:00:1f.2 kind=pci_device vendor=0x8086 device=0x2922 class=0x010601 present=true
[49303060257] [[35mTRACE[0m] [kernel::syscall::handlers::vfs] [CPU1] VFS: sys_fs_open path='/sys/devices/pci-0000:00:1f.2/status' tid=7
[49305755367] [[34mDEBUG[0m] [kernel::vfs::sysfs] [CPU1] sysfs: lookup path='devices/pci-0000:00:1f.2/status'
[49308408534] [[34mDEBUG[0m] [kernel::vfs::sysfs] [CPU1] sysfs: matched device file 'pci-0000:00:1f.2/status'
[49311735660] [[35mTRACE[0m] [kernel::syscall::handlers::vfs] [CPU1] sys_fs_close: fd=3
[49556585331] [[35mTRACE[0m] [sprout::supervisor] [CPU0] SPROUT: Supervisor tick...
[49559441613] [[35mTRACE[0m] [sprout::supervisor] [CPU0] SPROUT: Loop iteration: spawn_bristle_if_needed
[49575144432] [[35mTRACE[0m] [sprout::supervisor] [CPU0] SPROUT: Loop iteration: spawn_display_if_needed
[49578148125] [[35mTRACE[0m] [sprout::supervisor] [CPU0] SPROUT: Loop iteration: spawn_bloom_if_ready
[49580651175] [[35mTRACE[0m] [sprout::supervisor] [CPU0] SPROUT: Loop iteration: spawn_wayland_hello_if_ready
[49583197356] [[35mTRACE[0m] [sprout::supervisor] [CPU0] SPROUT: Loop iteration: spawn_clock_if_ready
[49586022156] [[35mTRACE[0m] [sprout::supervisor] [CPU0] SPROUT: Loop iteration: spawn_leaf_if_ready
[49588544412] [[35mTRACE[0m] [sprout::supervisor] [CPU0] SPROUT: Loop iteration: tick complete
[49590944535] [[34mDEBUG[0m] [sprout::supervisor] [CPU0] SPROUT: ServiceLoop waiting for next event...
[49727186817] [[34mDEBUG[0m] [kernel::sched::spawn] [CPU1] SPAWN: page cache miss for '/drivers/ahci_disk', caching 53784 bytes
[49729222851] [[34mDEBUG[0m] [kernel::task::loader] [CPU1] LOADER: Loading module 'ahci_disk' (len=53784, base=0x200000)
[49730161602] [[35mTRACE[0m] [kernel::task::loader] [CPU1]   Header: [7f, 45, 4c, 46, 02, 01, 01, 03, 00, 00, 00, 00, 00, 00, 00, 00]
[49733883870] [[34mDEBUG[0m] [kernel::task::loader] [CPU1] LOADER: ELF info: entry=200000, min_vaddr=200000, bias=0, entry_pc=200000
[49734528162] [[35mTRACE[0m] [kernel::task::loader] [CPU1] Segment: vaddr=200000 exec=true
[49736881062] [[35mTRACE[0m] [kernel::task::loader] [CPU1]   COPIED at 0x201420: [24, 0c, e8, 59, 0e, 00, 00, bf]
[49741292502] [[35mTRACE[0m] [kernel::task::loader] [CPU1] Segment: vaddr=207000 exec=false
[49742830764] [[35mTRACE[0m] [kernel::task::loader] [CPU1] Segment: vaddr=208000 exec=false
[49744716912] [[34mDEBUG[0m] [kernel::task::loader] [CPU1] LOADER: TLS block: tp=0x209000 filesz=0 memsz=0 align=1
[49758419634] [[34mDEBUG[0m] [kernel::sched::spawn] [CPU1] SPAWN: driver entrypoint override 'thingos_driver_start_safe' => VA 0x201000 + bias 0x0 = PC 0x201000
[49760585787] [[34mDEBUG[0m] [kernel::sched::spawn] [CPU1] SPAWN_FROM_PATH: Starting Phase 1 for /drivers/ahci_disk
[49763213775] [[34mDEBUG[0m] [bran::arch::x86_64::task] [CPU1] INIT KERNEL CTX: entry=0xffffffff800532f0 kstack_top=0xffffffffb024fb40 arg=0xffffffffb01c9a20
[49768506876] [[34mDEBUG[0m] [kernel::sched::spawn] [CPU1] SPAWN_FROM_PATH: Phase 1 complete, ID=15, applying inserts
[49770194100] [[34mDEBUG[0m] [kernel::sched] [CPU1] REGISTRY: Applying 1 deferred inserts
[49771073517] [[34mDEBUG[0m] [kernel::sched] [CPU1] REGISTRY: Inserting TID=15
[49772899473] [[34mDEBUG[0m] [kernel::sched] [CPU1] REGISTRY: Inserts applied
[49774247259] [[34mDEBUG[0m] [kernel::sched::spawn] [CPU1] SPAWN_FROM_PATH: Inserts applied, entering Phase 2
[49777887786] [[34mDEBUG[0m] [kernel::sched::spawn] [CPU1] SETUP_STDIO: stdin=Inherit stdout=Inherit stderr=Inherit
[49783271076] [[34mDEBUG[0m] [kernel::sched::spawn] [CPU1] SPAWN_FROM_PATH: Phase 2 complete, waking task 15
[49785582231] [[34mDEBUG[0m] [kernel::sched::spawn] [CPU1] SPAWN_FROM_PATH: Task 15 woken, restoring IRQs
[49786277013] [[34mDEBUG[0m] [kernel::sched::spawn] [CPU1] SPAWN_FROM_PATH: Done for /drivers/ahci_disk
[49787631597] [[34mDEBUG[0m] [kernel::syscall::handlers::process] [CPU1] SYSCALL SPAWN_PROCESS_EX: name='/drivers/ahci_disk' TID=15 PID=15
[49788453198] [[34mDEBUG[0m] [kernel::sched::spawn] [CPU3] USER_TRAMPOLINE: PC=0x201000 SP=0x800000 ARG0=0x3
[49789228830] [[34mDEBUG[0m] [bran::arch::x86_64] [CPU3] ENTER_USER: TID=15 entry_pc=201000 user_sp=800000
[49792231599] [[34mDEBUG[0m] [cambium::spawn] [CPU1] CAMBIUM: launched driver /drivers/ahci_disk for pci-0000:00:1f.2 (entry='thingos_driver_start_safe', pid=15)
[49796599380] [[34mDEBUG[0m] [cambium::spawn] [CPU1] CAMBIUM: sent DRIVER_READY to Sprout (pid=5) for driver pid=15


[!!!] KILLED DUE TO SILENCE AT 2026-05-01T15:03:37.857006
