    Finished `dev` profile [unoptimized + debuginfo] target(s) in 0.24s
     Running `target/debug/xtask run --env x86_64 --profile dev --loglevel 5 -i --qemu-flags '-m 2G -smp 4 -display none -qmp unix:/tmp/freeze-hunter-0000-av2h6y_9/qmp.sock,server=on,wait=off'`
==> Fetching Limine...
    Limine repo already exists, skipping clone.
    Limine artifacts and tool already present, skipping build.
    Limine ready.
==> Fetching OVMF...
    OVMF artifacts already present, skipping.
==> Fetching Fonts...
==> Fetching Icons...
    -> Tango
    Tango icon set already exists.
    -> Chicago95
       Chicago95 icon set already exists.
==> Fetching Cursors...
    Plain Cursors already exist.
==> Fetching Unifont...
    unifont.hex already exists.
==> Fetching Lucide Icons...
    Generated boot_progress_icons.rs
==> Fetching pci.ids...
    pci.ids already exists.
Limine already present, skipping clone.
Building bran kernel for x86_64 (dev profile)...
$ cargo build --target x86_64-unknown-none --profile dev -p bran
   Compiling kernel v0.1.0 (/home/dancxjo/src/thingos/thingos/kernel)
   Compiling bran v0.1.0 (/home/dancxjo/src/thingos/thingos/bran)
    Finished `dev` profile [unoptimized + debuginfo] target(s) in 1.31s
Kernel built: thingos/bran/bin-x86_64/kernel
rustc-thingos: cache hit, reusing target/rustc-thingos/rustc
Building ISO thing-os-x86_64-1777660363-352974416.iso...
$ cp -r assets iso_root_352974416/share
ISO: Using kernel from thingos/bran/bin-x86_64/kernel
$ file thingos/bran/bin-x86_64/kernel
thingos/bran/bin-x86_64/kernel: ELF 64-bit LSB executable, x86-64, version 1 (SYSV), statically linked, with debug_info, not stripped
Building 101 userspace programs (8 build vines)...
Building sprout ...
Building bristle ...
$ cargo -Z build-std=core,alloc,std,panic_abort -Z build-std-features=compiler-builtins-mem -Z json-target-spec build --target /home/dancxjo/src/thingos/targets/x86_64-unknown-thingos.json --profile release -p bristle
$ cargo -Z build-std=core,alloc,std,panic_abort -Z build-std-features=compiler-builtins-mem -Z json-target-spec build --target /home/dancxjo/src/thingos/targets/x86_64-unknown-thingos.json --profile release -p sprout --features diagnostic-apps
Building rtc_cmos ...
$ cargo -Z build-std=core,alloc,std,panic_abort -Z build-std-features=compiler-builtins-mem -Z json-target-spec build --target /home/dancxjo/src/thingos/targets/x86_64-unknown-thingos.json --profileBuilding ps2_kbd ...
 release -p rtc_cmos
$ cargo -Z Building sh ...
build-std=core,alloc,std,panic_abort -Z build-std-features=compiler-builtins-mem -Z json-target-spec build --target /home/dancxjo/src/thingos/targets/x86_64-unknown-thingos.json --profile release -p ps2_kbd
$ cargo -Z build-std=core,alloc,std,panic_abort -Z build-std-features=compiler-builtins-mem -Z json-target-specBuilding hwrng ...
 build --target /home/dancxjo/src/thingos/targets/x86_64-unknown-thingos.json --profile release -p sh
$ cargo -Z build-std=core,alloc,std,panic_abort -Z build-std-features=compiler-builtins-mem -Z json-target-spec build --target /home/dancxjo/src/thingos/targets/x86_64-unknown-thingos.json --profile release -p hwrng
Building ls ...
$ cargo -Z build-std=core,alloc,std,panic_abort -Z build-std-features=compiler-builtins-mem -Z json-target-spec build --target /home/dancxjo/src/thingos/targets/x86_64-unknown-thingos.json --profile release -p ls
Building lsusb ...
$ cargo -Z build-std=core,alloc,std,panic_abort -Z build-std-features=compiler-builtins-mem -Z json-target-spec build --target /home/dancxjo/src/thingos/targets/x86_64-unknown-thingos.json --profile release -p lsusb
    Blocking waiting for file lock on package cache
    Blocking waiting for file lock on package cache
    Blocking waiting for file lock on package cache
    Blocking waiting for file lock on package cache
    Blocking waiting for file lock on package cache
    Blocking waiting for file lock on package cache
    Blocking waiting for file lock on package cache
    Blocking waiting for file lock on package cache
    Blocking waiting for file lock on package cache
    Blocking waiting for file lock on package cache
    Blocking waiting for file lock on package cache
    Blocking waiting for file lock on package cache
    Blocking waiting for file lock on package cache
    Blocking waiting for file lock on package cache
    Blocking waiting for file lock on package cache
    Blocking waiting for file lock on package cache
    Blocking waiting for file lock on package cache
    Blocking waiting for file lock on package cache
    Blocking waiting for file lock on package cache
    Blocking waiting for file lock on package cache
    Blocking waiting for file lock on package cache
    Blocking waiting for file lock on package cache
    Blocking waiting for file lock on package cache
    Blocking waiting for file lock on package cache
    Blocking waiting for file lock on package cache
    Blocking waiting for file lock on package cache
    Blocking waiting for file lock on package cache
    Blocking waiting for file lock on package cache
    Blocking waiting for file lock on package cache
    Blocking waiting for file lock on package cache
    Blocking waiting for file lock on package cache
    Blocking waiting for file lock on package cache
    Blocking waiting for file lock on package cache
    Blocking waiting for file lock on package cache
    Blocking waiting for file lock on package cache
    Blocking waiting for file lock on package cache
    Blocking waiting for file lock on package cache
    Blocking waiting for file lock on package cache
    Blocking waiting for file lock on package cache
    Blocking waiting for file lock on package cache
    Blocking waiting for file lock on package cache
    Blocking waiting for file lock on package cache
    Blocking waiting for file lock on package cache
    Blocking waiting for file lock on package cache
    Blocking waiting for file lock on package cache
    Blocking waiting for file lock on package cache
    Blocking waiting for file lock on shared package cache
    Blocking waiting for file lock on shared package cache
    Blocking waiting for file lock on shared package cache
    Blocking    Blocking waiting for file lock on artifact directory
 waiting for file lock on artifact directory
    Blocking waiting for file lock on artifact directory
    Blocking waiting for file lock on artifact directory
    Blocking waiting for file lock on artifact directory
    Blocking waiting for file lock on artifact directory
    Blocking waiting for file lock on artifact directory
    Finished `release` profile [optimized] target(s) in 1.19s
    Finished `release` profile [optimized] target(s) in 1.20s
    Finished `release` profile [optimized] target(s) in 1.21s
    Finished `release` profile [optimized] target(s) in 1.22s
    Finished `release` profile [optimized] target(s) in 1.23s
    Finished `release` profile [optimized] target(s) in 1.25s
    Finished `release` profile [optimized] target(s) in 1.27s
    Finished `release` profile [optimized] target(s) in 1.27s
Building lspci ...
Building ln ...
Building ps ...
Building kill ...
$ Building killall ...
cargo -Z build-std=core,alloc,std,panic_abort -Z Building cat ...
build-std-features=compiler-builtins-mem -Z json-target-spec build --target /home/dancxjo/src/thingos/targets/x86_64-unknown-thingos.json --profile release -p ps
Building head ...
$ cargo -Z build-std=core,alloc,std,panic_abort -Z build-std-features=compiler-builtins-mem -Z Building tail ...
json-target-spec build --target /home/dancxjo/src/thingos/targets/x86_64-unknown-thingos.json --profile release -p cat
$ cargo -Z build-std=core,alloc,std,panic_abort -Z build-std-features=compiler-builtins-mem -Z json-target-spec build --target /home/dancxjo/src/thingos/targets/x86_64-unknown-thingos.json --profile release -p tail
$ cargo -Z build-std=core,alloc,std,panic_abort -Z build-std-features=compiler-builtins-mem -Z json-target-spec build --target /home/dancxjo/src/thingos/targets/x86_64-unknown-thingos.json --profile release -p lspci
$ cargo -Z build-std=core,alloc,std,panic_abort -Z build-std-features=compiler-builtins-mem -Z json-target-spec build --target /home/dancxjo/src/thingos/targets/x86_64-unknown-thingos.json --profile release -p killall
$ cargo -Z build-std=core,alloc,std,panic_abort -Z build-std-features=compiler-builtins-mem -Z json-target-spec build --target /home/dancxjo/src/thingos/targets/x86_64-unknown-thingos.json --profile release -p ln
$ cargo -Z build-std=core,alloc,std,panic_abort -Z build-std-features=compiler-builtins-mem -Z json-target-spec build --target /home/dancxjo/src/thingos/targets/x86_64-unknown-thingos.json --profile release -p head
$ cargo -Z build-std=core,alloc,std,panic_abort -Z build-std-features=compiler-builtins-mem -Z json-target-spec build --target /home/dancxjo/src/thingos/targets/x86_64-unknown-thingos.json --profile release -p kill
    Blocking waiting for file lock on package cache
    Blocking waiting for file lock on package cache
    Blocking waiting for file lock on package cache
    Blocking waiting for file lock on package cache
    Blocking waiting for file lock on package cache
    Blocking waiting for file lock on package cache
    Blocking waiting for file lock on package cache
    Blocking waiting for file lock on package cache
    Blocking waiting for file lock on package cache
    Blocking waiting for file lock on package cache
    Blocking waiting for file lock on package cache
    Blocking waiting for file lock on package cache
    Blocking waiting for file lock on package cache
    Blocking waiting for file lock on package cache
    Blocking waiting for file lock on package cache
    Blocking waiting for file lock on package cache
    Blocking waiting for file lock on package cache
    Blocking waiting for file lock on package cache
    Blocking waiting for file lock on package cache
    Blocking waiting for file lock on package cache
    Blocking waiting for file lock on package cache
    Blocking waiting for file lock on package cache
    Blocking waiting for file lock on package cache
    Blocking waiting for file lock on package cache
    Blocking waiting for file lock on package cache
    Blocking waiting for file lock on package cache
    Blocking waiting for file lock on package cache
    Blocking waiting for file lock on package cache
    Blocking waiting for file lock on package cache
    Blocking waiting for file lock on package cache
    Blocking waiting for file lock on package cache
    Blocking waiting for file lock on package cache
    Blocking waiting for file lock on package cache
    Blocking waiting for file lock on package cache
    Blocking waiting for file lock on package cache
    Blocking waiting for file lock on package cache
    Blocking waiting for file lock on package cache
    Blocking waiting for file lock on package cache
    Blocking waiting for file lock on package cache
    Blocking waiting for file lock on package cache
    Blocking waiting for file lock on package cache
    Blocking waiting for file lock on package cache
    Blocking waiting for file lock on package cache
    Blocking waiting for file lock on package cache
    Blocking waiting for file lock on package cache
    Blocking waiting for file lock on package cache
    Blocking waiting for file lock on package cache
    Blocking waiting for file lock on package cache
    Blocking waiting for file lock on shared package cache
    Blocking waiting for file lock on shared package cache
    Blocking waiting for file lock on artifact directory
    Blocking waiting for file lock on artifact directory
    Blocking waiting for file lock on artifact directory
    Blocking waiting for file lock on artifact directory
    Blocking waiting for file lock on artifact directory
    Blocking waiting for file lock on artifact directory
    Blocking waiting for file lock on artifact directory
    Finished `release` profile [optimized] target(s) in 1.06s
    Finished `release` profile [optimized] target(s) in 1.07s
    Finished `release` profile [optimized] target(s) in 1.08s
    Finished `release` profile [optimized] target(s) in 1.10s
    Finished `release` profile [optimized] target(s) in 1.11s
    Finished `release` profile [optimized] target(s) in 1.12s
    Finished `release` profile [optimized] target(s) in 1.13s
    Finished `release` profile [optimized] target(s) in 1.13s
Building top ...
Building wc ...
Building yes ...
Building which ...
$ cargo -Z build-std=core,alloc,std,panic_abort -Z build-std-features=compiler-builtins-mem -Z json-target-spec build --target /home/dancxjo/src/thingos/targets/x86_64-unknown-thingos.json --profile releaseBuilding cp ...
 -p wc
Building rm ...
Building mv ...
$ cargo -Z build-std=core,alloc,std,panic_abort -Z build-std-features=compiler-builtins-mem -Z json-target-spec build --target /home/dancxjo/src/thingos/targets/x86_64-unknown-thingos.jsonBuilding rmdir ...
 --profile release -p top
$ cargo -Z build-std=core,alloc,std,panic_abort -Z build-std-features=compiler-builtins-mem -Z json-target-spec build --target /home/dancxjo/src/thingos/targets/x86_64-unknown-thingos.json --profile release -p which
$ cargo -Z build-std=core,alloc,std,panic_abort -Z build-std-features=compiler-builtins-mem -Z json-target-spec build --target /home/dancxjo/src/thingos/targets/x86_64-unknown-thingos.json --profile release -p yes
$ cargo -Z build-std=core,alloc,std,panic_abort -Z build-std-features=compiler-builtins-mem -Z json-target-spec build --target /home/dancxjo/src/thingos/targets/x86_64-unknown-thingos.json --profile release -p rm
$ cargo -Z build-std=core,alloc,std,panic_abort -Z build-std-features=compiler-builtins-mem -Z json-target-spec build --target /home/dancxjo/src/thingos/targets/x86_64-unknown-thingos.json --profile release -p cp
$ cargo -Z build-std=core,alloc,std,panic_abort -Z build-std-features=compiler-builtins-mem -Z json-target-spec build --target /home/dancxjo/src/thingos/targets/x86_64-unknown-thingos.json --profile release -p mv
$ cargo -Z build-std=core,alloc,std,panic_abort -Z build-std-features=compiler-builtins-mem -Z json-target-spec build --target /home/dancxjo/src/thingos/targets/x86_64-unknown-thingos.json --profile release -p rmdir
    Blocking waiting for file lock on package cache
    Blocking waiting for file lock on package cache
    Blocking waiting for file lock on package cache
    Blocking waiting for file lock on package cache
    Blocking waiting for file lock on package cache
    Blocking waiting for file lock on package cache
    Blocking waiting for file lock on package cache
    Blocking waiting for file lock on package cache
    Blocking waiting for file lock on package cache
    Blocking waiting for file lock on package cache
    Blocking waiting for file lock on package cache
    Blocking waiting for file lock on package cache
    Blocking waiting for file lock on package cache
    Blocking waiting for file lock on package cache
    Blocking waiting for file lock on package cache
    Blocking waiting for file lock on package cache
    Blocking waiting for file lock on package cache
    Blocking waiting for file lock on package cache
    Blocking waiting for file lock on package cache
    Blocking waiting for file lock on package cache
    Blocking waiting for file lock on package cache
    Blocking waiting for file lock on package cache
    Blocking waiting for file lock on package cache
    Blocking waiting for file lock on package cache
    Blocking waiting for file lock on package cache
    Blocking waiting for file lock on package cache
    Blocking waiting for file lock on package cache
    Blocking waiting for file lock on package cache
    Blocking waiting for file lock on package cache
    Blocking waiting for file lock on package cache
    Blocking waiting for file lock on package cache
    Blocking waiting for file lock on package cache
    Blocking waiting for file lock on package cache
    Blocking waiting for file lock on package cache
    Blocking waiting for file lock on package cache
    Blocking waiting for file lock on package cache
    Blocking waiting for file lock on package cache
    Blocking waiting for file lock on package cache
    Blocking waiting for file lock on package cache
    Blocking waiting for file lock on package cache
    Blocking waiting for file lock on package cache
    Blocking waiting for file lock on package cache
    Blocking waiting for file lock on package cache
    Blocking waiting for file lock on package cache
    Blocking waiting for file lock on package cache
    Blocking waiting for file lock on package cache
    Blocking waiting for file lock on package cache
    Blocking waiting for file lock on package cache
    Blocking waiting for file lock on shared package cache
    Blocking waiting for file lock on shared package cache
    Blocking waiting for file lock on artifact directory
    Blocking waiting for file lock on artifact directory
    Blocking    Blocking waiting for file lock on artifact directory
 waiting for file lock on artifact directory
    Blocking waiting for file lock on artifact directory
    Blocking waiting for file lock on artifact directory
    Blocking waiting for file lock on artifact directory
    Finished `release` profile [optimized] target(s) in 1.04s
    Finished `release` profile [optimized] target(s) in 1.05s
    Finished `release` profile [optimized] target(s) in 1.06s
    Finished `release` profile [optimized] target(s) in 1.09s
    Blocking waiting for file lock on artifact directory
    Finished `release` profile [optimized] target(s) in 1.10s
    Finished `release` profile [optimized] target(s) in 1.13s
    Finished `release` profile [optimized] target(s) in 1.14s
    Finished `release` profile [optimized] target(s) in 1.16s
Building mkdir ...
Building mount ...
Building echo ...
$ cargo -Z build-std=core,alloc,std,panic_abort -Z build-std-features=compiler-builtins-mem -Z json-target-spec build --target /home/dancxjo/src/thingos/targets/x86_64-unknown-thingos.json --profile release -p echo
Building setshell ...
$ cargoBuilding printf ...
 -Z build-std=core,alloc,std,panic_abort -Z build-std-features=compiler-builtins-mem -Z json-target-spec build --target /home/dancxjo/src/thingos/targets/x86_64-unknown-thingos.json --profile release -p setshell
Building grep ...
$ cargo -Z build-std=core,alloc,std,panic_abort -Z build-std-features=compiler-builtins-mem -Z json-target-spec build --target /home/dancxjo/src/thingos/targets/x86_64-unknown-thingos.json --profile release -p mkdir
Building pwd ...
$ cargo -Z build-std=core,alloc,std,panic_abort -Z build-std-features=compiler-builtins-mem -Z json-target-spec build --target /home/dancxjo/src/thingos/targets/x86_64-unknown-thingos.json --profile release -p pwd
$ cargo -Z build-std=core,alloc,std,panic_abort -Z build-std-features=compiler-builtins-mem -Z json-target-spec build --target /home/dancxjo/src/thingos/targets/x86_64-unknown-thingos.json --profile release -p printf
Building touch ...
$ cargo -Z build-std=core,alloc,std,panic_abort -Z build-std-features=compiler-builtins-mem -Z json-target-spec build --target /home/dancxjo/src/thingos/targets/x86_64-unknown-thingos.json --profile release -p touch
$ cargo -Z build-std=core,alloc,std,panic_abort -Z build-std-features=compiler-builtins-mem -Z json-target-spec build --target /home/dancxjo/src/thingos/targets/x86_64-unknown-thingos.json --profile release -p mount
$ cargo -Z build-std=core,alloc,std,panic_abort -Z build-std-features=compiler-builtins-mem -Z json-target-spec build --target /home/dancxjo/src/thingos/targets/x86_64-unknown-thingos.json --profile release -p grep
    Blocking waiting for file lock on package cache
    Blocking waiting for file lock on package cache
    Blocking waiting for file lock on package cache
    Blocking waiting for file lock on package cache
    Blocking waiting for file lock on package cache
    Blocking waiting for file lock on package cache
    Blocking waiting for file lock on package cache
    Blocking waiting for file lock on package cache
    Blocking waiting for file lock on package cache
    Blocking waiting for file lock on package cache
    Blocking waiting for file lock on package cache
    Blocking waiting for file lock on package cache
    Blocking waiting for file lock on package cache
    Blocking waiting for file lock on package cache
    Blocking waiting for file lock on package cache
    Blocking waiting for file lock on package cache
    Blocking waiting for file lock on package cache
    Blocking waiting for file lock on package cache
    Blocking waiting for file lock on package cache
    Blocking waiting for file lock on package cache
    Blocking waiting for file lock on package cache
    Blocking waiting for file lock on package cache
    Blocking waiting for file lock on package cache
    Blocking waiting for file lock on package cache
    Blocking waiting for file lock on package cache
    Blocking waiting for file lock on package cache
    Blocking waiting for file lock on package cache
    Blocking waiting for file lock on package cache
    Blocking waiting for file lock on package cache
    Blocking waiting for file lock on package cache
    Blocking waiting for file lock on package cache
    Blocking waiting for file lock on package cache
    Blocking waiting for file lock on package cache
    Blocking waiting for file lock on package cache
    Blocking waiting for file lock on package cache
    Blocking waiting for file lock on package cache
    Blocking waiting for file lock on package cache
    Blocking waiting for file lock on package cache
    Blocking waiting for file lock on package cache
    Blocking waiting for file lock on package cache
    Blocking waiting for file lock on package cache
    Blocking waiting for file lock on package cache
    Blocking waiting for file lock on package cache
    Blocking waiting for file lock on package cache
    Blocking waiting for file lock on package cache
    Blocking waiting for file lock on package cache
    Blocking waiting for file lock on package cache
    Blocking waiting for file lock on package cache
    Blocking waiting for file lock on package cache
    Blocking waiting for file lock on shared package cache
    Blocking waiting for file lock on shared package cache
    Blocking waiting for file lock on shared package cache
    Blocking waiting for file lock on shared package cache
    Blocking waiting for file lock on artifact directory
    Blocking waiting for file lock on artifact directory
    Blocking waiting for file lock on artifact directory
    Blocking waiting for file lock on artifact directory
    Blocking waiting for file lock on artifact directory
    Blocking waiting for file lock on artifact directory
    Blocking waiting for file lock on artifact directory
    Finished `release` profile [optimized] target(s) in 1.06s
    Finished `release` profile [optimized] target(s) in 1.06s
    Finished `release` profile [optimized] target(s) in 1.07s
    Finished `release` profile [optimized] target(s) in 1.08s
    Finished `release` profile [optimized] target(s) in 1.11s
    Finished `release` profile [optimized] target(s) in 1.12s
    Finished `release` profile [optimized] target(s) in 1.12s
    Finished `release` profile [optimized] target(s) in 1.13s
Building dmesg ...
$ cargoBuilding stat ...
 -Z build-std=core,alloc,std,panic_abort -Z Building file ...
build-std-features=compiler-builtins-mem -Z json-target-spec build --target /home/dancxjo/src/thingos/targets/x86_64-unknown-thingos.json --profile release -p dmesg
$ cargo -Z build-std=core,alloc,std,panic_abort -Z build-std-features=compiler-builtins-mem -Z json-target-spec build --target /home/dancxjo/src/thingos/targets/x86_64-unknown-thingos.json --profile release -p file
Building dirname ...
$ cargo -Z build-std=core,alloc,std,panic_abort -Z build-std-features=compiler-builtins-mem -Z json-target-spec build --targetBuilding basename ...
 /home/dancxjo/src/thingos/targets/x86_64-unknown-thingos.json Building sleep ...
--profile release -p stat
$ cargo -Z build-std=core,alloc,std,panic_abortBuilding sort ...
 -Z build-std-features=compiler-builtins-mem -Z json-target-spec build --target /home/dancxjo/src/thingos/targets/x86_64-unknown-thingos.json --profile releaseBuilding env ...
 -p basename
$ cargo -Z build-std=core,alloc,std,panic_abort -Z build-std-features=compiler-builtins-mem -Z json-target-spec build --target /home/dancxjo/src/thingos/targets/x86_64-unknown-thingos.json --profile release -p env
$ cargo -Z build-std=core,alloc,std,panic_abort -Z build-std-features=compiler-builtins-mem -Z json-target-spec build --target /home/dancxjo/src/thingos/targets/x86_64-unknown-thingos.json --profile release -p dirname
$ cargo -Z build-std=core,alloc,std,panic_abort -Z build-std-features=compiler-builtins-mem -Z json-target-spec build --target /home/dancxjo/src/thingos/targets/x86_64-unknown-thingos.json --profile release -p sort
$ cargo -Z build-std=core,alloc,std,panic_abort -Z build-std-features=compiler-builtins-mem -Z json-target-spec build --target /home/dancxjo/src/thingos/targets/x86_64-unknown-thingos.json --profile release -p sleep
    Blocking waiting for file lock on package cache
    Blocking waiting for file lock on package cache
    Blocking waiting for file lock on package cache
    Blocking waiting for file lock on package cache
    Blocking waiting for file lock on package cache
    Blocking waiting for file lock on package cache
    Blocking waiting for file lock on package cache
    Blocking waiting for file lock on package cache
    Blocking waiting for file lock on package cache
    Blocking waiting for file lock on package cache
    Blocking waiting for file lock on package cache
    Blocking waiting for file lock on package cache
    Blocking waiting for file lock on package cache
    Blocking waiting for file lock on package cache
    Blocking waiting for file lock on package cache
    Blocking waiting for file lock on package cache
    Blocking waiting for file lock on package cache
    Blocking waiting for file lock on package cache
    Blocking waiting for file lock on package cache
    Blocking waiting for file lock on package cache
    Blocking waiting for file lock on package cache
    Blocking waiting for file lock on package cache
    Blocking waiting for file lock on package cache
    Blocking waiting for file lock on package cache
    Blocking waiting for file lock on package cache
    Blocking waiting for file lock on package cache
    Blocking waiting for file lock on package cache
    Blocking waiting for file lock on package cache
    Blocking waiting for file lock on package cache
    Blocking waiting for file lock on package cache
    Blocking waiting for file lock on package cache
    Blocking waiting for file lock on package cache
    Blocking waiting for file lock on package cache
    Blocking waiting for file lock on package cache
    Blocking waiting for file lock on package cache
    Blocking waiting for file lock on package cache
    Blocking waiting for file lock on package cache
    Blocking waiting for file lock on package cache
    Blocking waiting for file lock on package cache
    Blocking waiting for file lock on package cache
    Blocking waiting for file lock on package cache
    Blocking waiting for file lock on package cache
    Blocking waiting for file lock on package cache
    Blocking waiting for file lock on package cache
    Blocking waiting for file lock on package cache
    Blocking waiting for file lock on package cache
    Blocking waiting for file lock on package cache
    Blocking waiting for file lock on package cache
    Blocking waiting for file lock on package cache
    Blocking waiting for file lock on package cache
    Blocking waiting for file lock on shared package cache
    Blocking waiting for file lock on artifact directory
    Blocking    Blocking waiting for file lock on artifact directory
 waiting for file lock on artifact directory
    Blocking waiting for file lock on artifact directory
    Blocking waiting for file lock on artifact directory
    Blocking waiting for file lock on artifact directory
    Blocking waiting for file lock on artifact directory
    Finished `release` profile [optimized] target(s) in 1.02s
    Finished `release` profile [optimized] target(s) in 1.04s
    Finished `release` profile [optimized] target(s) in 1.04s
    Finished `release` profile [optimized] target(s) in 1.05s
    Finished `release` profile [optimized] target(s) in 1.07s
    Finished `release` profile [optimized] target(s) in 1.07s
    Finished `release` profile [optimized] target(s) in 1.09s
    Finished `release` profile [optimized] target(s) in 1.09s
Building true ...
Building false ...
Building uname ...
$ cargo -Z build-std=core,alloc,std,panic_abort -Z build-std-features=compiler-builtins-mem -Z json-target-spec build --target /home/dancxjo/src/thingos/targets/x86_64-unknown-thingos.json --profile release -p false
Building input_echo ...
$ cargo -ZBuilding ps2_mouse ...
 build-std=core,alloc,std,panic_abort -Z build-std-features=compiler-builtins-mem -Z json-target-spec build --target /home/dancxjo/src/thingos/targets/x86_64-unknown-thingos.json --profile release -p trueBuilding display_bootfb ...

$ cargo -Z build-std=core,alloc,std,panic_abort -Z build-std-features=compiler-builtins-mem -Z json-target-spec build --target /home/dancxjo/src/thingos/targets/x86_64-unknown-thingos.json --profile release -p ps2_mouse
$ cargo -Z build-std=core,alloc,std,panic_abort -Z build-std-features=compiler-builtins-mem -Z json-target-spec build --target /home/dancxjo/src/thingos/targets/x86_64-unknown-thingos.json --profile release -p Building display_virtio_gpu ...
input_echo
Building cambium ...
$ cargo -Z build-std=core,alloc,std,panic_abort -Z build-std-features=compiler-builtins-mem -Z json-target-spec build --target /home/dancxjo/src/thingos/targets/x86_64-unknown-thingos.json --profile release -p display_virtio_gpu
$ cargo -Z build-std=core,alloc,std,panic_abort -Z build-std-features=compiler-builtins-mem -Z json-target-spec build --target /home/dancxjo/src/thingos/targets/x86_64-unknown-thingos.json --profile release -p cambium
$ cargo -Z build-std=core,alloc,std,panic_abort -Z build-std-features=compiler-builtins-mem -Z json-target-spec build --target /home/dancxjo/src/thingos/targets/x86_64-unknown-thingos.json --profile release -p display_bootfb
$ cargo -Z build-std=core,alloc,std,panic_abort -Z build-std-features=compiler-builtins-mem -Z json-target-spec build --target /home/dancxjo/src/thingos/targets/x86_64-unknown-thingos.json --profile release -p uname
    Blocking waiting for file lock on package cache
    Blocking waiting for file lock on package cache
    Blocking waiting for file lock on package cache
    Blocking waiting for file lock on package cache
    Blocking waiting for file lock on package cache
    Blocking waiting for file lock on package cache
    Blocking waiting for file lock on package cache
    Blocking waiting for file lock on package cache
    Blocking waiting for file lock on package cache
    Blocking waiting for file lock on package cache
    Blocking waiting for file lock on package cache
    Blocking waiting for file lock on package cache
    Blocking waiting for file lock on package cache
    Blocking waiting for file lock on package cache
    Blocking waiting for file lock on package cache
    Blocking waiting for file lock on package cache
    Blocking waiting for file lock on package cache
    Blocking waiting for file lock on package cache
    Blocking waiting for file lock on package cache
    Blocking waiting for file lock on package cache
    Blocking waiting for file lock on package cache
    Blocking waiting for file lock on package cache
    Blocking waiting for file lock on package cache
    Blocking waiting for file lock on package cache
    Blocking waiting for file lock on package cache
    Blocking waiting for file lock on package cache
    Blocking waiting for file lock on package cache
    Blocking waiting for file lock on package cache
    Blocking waiting for file lock on package cache
    Blocking waiting for file lock on package cache
    Blocking waiting for file lock on package cache
    Blocking    Blocking waiting for file lock on package cache
 waiting for file lock on package cache
    Blocking waiting for file lock on package cache
    Blocking waiting for file lock on package cache
    Blocking waiting for file lock on package cache
    Blocking waiting for file lock on package cache
    Blocking waiting for file lock on package cache
    Blocking waiting for file lock on package cache
    Blocking waiting for file lock on package cache
    Blocking waiting for file lock on package cache
    Blocking waiting for file lock on package cache
    Blocking waiting for file lock on package cache
    Blocking waiting for file lock on package cache
    Blocking    Blocking waiting for file lock on package cache
 waiting for file lock on package cache
    Blocking waiting for file lock on package cache
    Blocking waiting for file lock on package cache
    Blocking waiting for file lock on package cache
    Blocking    Blocking waiting for file lock on shared package cache
 waiting for file lock on shared package cache
    Blocking waiting for file lock on artifact directory
    Blocking waiting for file lock on artifact directory
    Blocking    Blocking waiting for file lock on artifact directory
 waiting for file lock on artifact directory
    Blocking waiting for file lock on artifact directory
    Blocking waiting for file lock on artifact directory
    Blocking waiting for file lock on artifact directory
    Finished `release` profile [optimized] target(s) in 1.09s
    Finished `release` profile [optimized] target(s) in 1.11s
    Finished `release` profile [optimized] target(s) in 1.11s
    Finished `release` profile [optimized] target(s) in 1.13s
    Finished `release` profile [optimized] target(s) in 1.14s
    Finished `release` profile [optimized] target(s) in 1.15s
    Finished `release` profile [optimized] target(s) in 1.17s
    Finished `release` profile [optimized] target(s) in 1.17s
Building virtio_netd ...
$ cargo -Z build-std=core,alloc,std,panic_abort Building rtl8168d ...
-Z build-std-features=compiler-builtins-mem -Z json-target-spec build --target /home/dancxjo/src/thingos/targets/x86_64-unknown-thingos.json --profile release -p virtio_netd
$ cargo Building netd ...
-Z build-std=core,alloc,std,panic_abort Building httpsd ...
-Z build-std-features=compiler-builtins-mem -Z json-target-spec build --target /home/dancxjo/src/thingos/targets/x86_64-unknown-thingos.json --profile release -p rtl8168d
$ cargo -Z build-std=core,alloc,std,panic_abort -Z build-std-features=compiler-builtins-mem -ZBuilding mesocarp ...
 json-target-spec build --target /home/dancxjo/src/thingos/targets/x86_64-unknown-thingos.json --profile release -p httpsd
$ cargo -Z build-std=core,alloc,std,panic_abort -Z build-std-features=compiler-builtins-mem -Z json-target-spec build --target /home/dancxjo/src/thingos/targets/x86_64-unknown-thingos.json --profile release -p mesocarp
Building find ...
$ cargo -Z Building fetchd ...
build-std=core,alloc,std,panic_abort -Z build-std-features=compiler-builtins-mem -Z json-target-spec build --target /home/dancxjo/src/thingos/targets/x86_64-unknown-thingos.json --profile release -p find
$ cargo -Z build-std=core,alloc,std,panic_abort -Z build-std-features=compiler-builtins-mem -Z json-target-spec build --target /home/dancxjo/src/thingos/targets/x86_64-unknown-thingos.json --profile release -p fetchd
Building ip ...
$ cargo -Z build-std=core,alloc,std,panic_abort -Z build-std-features=compiler-builtins-mem -Z json-target-spec build --target /home/dancxjo/src/thingos/targets/x86_64-unknown-thingos.json --profile release -p ip
$ cargo -Z build-std=core,alloc,std,panic_abort -Z build-std-features=compiler-builtins-mem -Z json-target-spec build --target /home/dancxjo/src/thingos/targets/x86_64-unknown-thingos.json --profile release -p netd
    Blocking waiting for file lock on package cache
    Blocking waiting for file lock on package cache
    Blocking waiting for file lock on package cache
    Blocking waiting for file lock on package cache
    Blocking waiting for file lock on package cache
    Blocking waiting for file lock on package cache
    Blocking waiting for file lock on package cache
    Blocking waiting for file lock on package cache
    Blocking waiting for file lock on package cache
    Blocking waiting for file lock on package cache
    Blocking waiting for file lock on package cache
    Blocking waiting for file lock on package cache
    Blocking waiting for file lock on package cache
    Blocking waiting for file lock on package cache
    Blocking waiting for file lock on package cache
    Blocking waiting for file lock on package cache
    Blocking waiting for file lock on package cache
    Blocking waiting for file lock on package cache
    Blocking waiting for file lock on package cache
    Blocking waiting for file lock on package cache
    Blocking waiting for file lock on package cache
    Blocking waiting for file lock on package cache
    Blocking waiting for file lock on package cache
    Blocking waiting for file lock on package cache
    Blocking waiting for file lock on package cache
    Blocking waiting for file lock on package cache
    Blocking waiting for file lock on package cache
    Blocking waiting for file lock on package cache
    Blocking waiting for file lock on package cache
    Blocking waiting for file lock on package cache
    Blocking waiting for file lock on package cache
    Blocking waiting for file lock on package cache
    Blocking waiting for file lock on package cache
    Blocking waiting for file lock on package cache
    Blocking waiting for file lock on package cache
    Blocking waiting for file lock on package cache
    Blocking waiting for file lock on package cache
    Blocking waiting for file lock on package cache
    Blocking waiting for file lock on package cache
    Blocking waiting for file lock on package cache
    Blocking waiting for file lock on package cache
    Blocking waiting for file lock on package cache
    Blocking waiting for file lock on package cache
    Blocking waiting for file lock on package cache
    Blocking waiting for file lock on package cache
    Blocking waiting for file lock on package cache
    Blocking waiting for file lock on package cache
    Blocking waiting for file lock on package cache
    Blocking waiting for file lock on shared package cache
    Blocking waiting for file lock on artifact directory
    Blocking waiting for file lock on artifact directory
    Blocking waiting for file lock on artifact directory
    Blocking    Blocking waiting for file lock on artifact directory
 waiting for file lock on artifact directory
    Blocking waiting for file lock on artifact directory
    Blocking waiting for file lock on artifact directory
    Finished `release` profile [optimized] target(s) in 1.09s
    Finished `release` profile [optimized] target(s) in 1.10s
    Finished `release` profile [optimized] target(s) in 1.11s
    Finished `release` profile [optimized] target(s) in 1.13s
    Finished `release` profile [optimized] target(s) in 1.12s
    Finished `release` profile [optimized] target(s) in 1.14s
    Finished `release` profile [optimized] target(s) in 1.15s
    Finished `release` profile [optimized] target(s) in 1.17s
Building iso_reader ...
Building ping ...
$ cargo -Z build-std=core,alloc,std,panic_abort -Z build-std-features=compiler-builtins-mem -Z json-target-spec build --target /home/dancxjo/src/thingos/targets/x86_64-unknown-thingos.jsonBuilding ahci_disk ...
 --profile release -p iso_readerBuilding nslookup ...

$ cargo -Z build-std=core,alloc,std,panic_abort -Z build-std-features=compiler-builtins-mem -Z json-target-spec buildBuilding ata_disk ...
 --target /home/dancxjo/src/thingos/targets/x86_64-unknown-thingos.json --profile release -p ahci_disk
$ cargo -Z Building iso9660d ...
build-std=core,alloc,std,panic_abort -Z build-std-features=compiler-builtins-mem -Z json-target-spec build --targetBuilding virtio_sound ...
 Building hdaudio ...
/home/dancxjo/src/thingos/targets/x86_64-unknown-thingos.json --profile release -p nslookup
$ cargo -Z build-std=core,alloc,std,panic_abort -Z build-std-features=compiler-builtins-mem -Z json-target-spec build --target /home/dancxjo/src/thingos/targets/x86_64-unknown-thingos.json --profile release -p hdaudio
$ cargo -Z build-std=core,alloc,std,panic_abort -Z build-std-features=compiler-builtins-mem -Z json-target-spec build --target /home/dancxjo/src/thingos/targets/x86_64-unknown-thingos.json --profile release -p ping
$ cargo -Z build-std=core,alloc,std,panic_abort -Z build-std-features=compiler-builtins-mem -Z json-target-spec build --target /home/dancxjo/src/thingos/targets/x86_64-unknown-thingos.json --profile release -p iso9660d
$ cargo -Z build-std=core,alloc,std,panic_abort -Z build-std-features=compiler-builtins-mem -Z json-target-spec build --target /home/dancxjo/src/thingos/targets/x86_64-unknown-thingos.json --profile release -p virtio_sound
$ cargo -Z build-std=core,alloc,std,panic_abort -Z build-std-features=compiler-builtins-mem -Z json-target-spec build --target /home/dancxjo/src/thingos/targets/x86_64-unknown-thingos.json --profile release -p ata_disk
    Blocking waiting for file lock on package cache
    Blocking waiting for file lock on package cache
    Blocking waiting for file lock on package cache
    Blocking waiting for file lock on package cache
    Blocking waiting for file lock on package cache
    Blocking waiting for file lock on package cache
    Blocking waiting for file lock on package cache
    Blocking waiting for file lock on package cache
    Blocking waiting for file lock on package cache
    Blocking waiting for file lock on package cache
    Blocking waiting for file lock on package cache
    Blocking waiting for file lock on package cache
    Blocking waiting for file lock on package cache
    Blocking waiting for file lock on package cache
    Blocking waiting for file lock on package cache
    Blocking waiting for file lock on package cache
    Blocking waiting for file lock on package cache
    Blocking waiting for file lock on package cache
    Blocking waiting for file lock on package cache
    Blocking waiting for file lock on package cache
    Blocking waiting for file lock on package cache
    Blocking waiting for file lock on package cache
    Blocking waiting for file lock on package cache
    Blocking waiting for file lock on package cache
    Blocking waiting for file lock on package cache
    Blocking waiting for file lock on package cache
    Blocking waiting for file lock on package cache
    Blocking waiting for file lock on package cache
    Blocking waiting for file lock on package cache
    Blocking waiting for file lock on package cache
    Blocking waiting for file lock on package cache
    Blocking waiting for file lock on package cache
    Blocking waiting for file lock on package cache
    Blocking waiting for file lock on package cache
    Blocking waiting for file lock on package cache
    Blocking waiting for file lock on package cache
    Blocking waiting for file lock on package cache
    Blocking waiting for file lock on package cache
    Blocking waiting for file lock on package cache
    Blocking waiting for file lock on package cache
    Blocking waiting for file lock on package cache
    Blocking waiting for file lock on package cache
    Blocking waiting for file lock on package cache
    Blocking waiting for file lock on package cache
    Blocking waiting for file lock on package cache
    Blocking waiting for file lock on package cache
    Blocking waiting for file lock on package cache
    Blocking waiting for file lock on package cache
    Blocking waiting for file lock on package cache
    Blocking waiting for file lock on shared package cache
    Blocking waiting for file lock on shared package cache
    Blocking waiting for file lock on shared package cache
    Blocking waiting for file lock on artifact directory
    Blocking    Blocking waiting for file lock on artifact directory
 waiting for file lock on artifact directory
    Blocking waiting for file lock on artifact directory
    Blocking waiting for file lock on artifact directory
    Blocking waiting for file lock on artifact directory
    Blocking waiting for file lock on artifact directory
    Finished `release` profile [optimized] target(s) in 1.02s
    Finished `release` profile [optimized] target(s) in 1.04s
    Finished `release` profile [optimized] target(s) in 1.05s
    Finished `release` profile [optimized] target(s) in 1.06s
    Finished `release` profile [optimized] target(s) in 1.06s
    Finished `release` profile [optimized] target(s) in 1.07s
    Finished `release` profile [optimized] target(s) in 1.09s
    Finished `release` profile [optimized] target(s) in 1.09s
Building pci_stubd ...
Building xhci ...
Building chime ...
Building vfs_hello ...
$ cargo -Z build-std=core,alloc,std,panic_abort -Z build-std-features=compiler-builtins-mem -Z json-target-spec build --target /home/dancxjo/src/thingos/targets/x86_64-unknown-thingos.json --profile release -p xhci
Building show_args ...
$ cargo -Z build-std=core,alloc,std,panic_abort -Z build-std-features=compiler-builtins-mem -Z Building clock ...
json-target-spec build --target /home/dancxjo/src/thingos/targets/x86_64-unknown-thingos.json --profile release -p chime
$ cargo -Z build-std=core,alloc,std,panic_abort -Z build-std-features=compiler-builtins-mem Building env_roundtrip ...
-Z json-target-spec build --target /home/dancxjo/src/thingos/targets/x86_64-unknown-thingos.json --profile release -p show_args
$ cargo -Z build-std=core,alloc,std,panic_abortBuilding cwd_test ...
 -Z build-std-features=compiler-builtins-mem -Z json-target-spec build --target /home/dancxjo/src/thingos/targets/x86_64-unknown-thingos.json --profile release -p vfs_hello
$ cargo -Z build-std=core,alloc,std,panic_abort -Z build-std-features=compiler-builtins-mem -Z json-target-spec build --target /home/dancxjo/src/thingos/targets/x86_64-unknown-thingos.json --profile release -p pci_stubd
$ cargo -Z build-std=core,alloc,std,panic_abort -Z build-std-features=compiler-builtins-mem -Z json-target-spec build --target /home/dancxjo/src/thingos/targets/x86_64-unknown-thingos.json --profile release -p env_roundtrip
$ cargo -Z build-std=core,alloc,std,panic_abort -Z build-std-features=compiler-builtins-mem -Z json-target-spec build --target /home/dancxjo/src/thingos/targets/x86_64-unknown-thingos.json --profile release -p cwd_test
$ cargo -Z build-std=core,alloc,std,panic_abort -Z build-std-features=compiler-builtins-mem -Z json-target-spec build --target /home/dancxjo/src/thingos/targets/x86_64-unknown-thingos.json --profile release -p clock
    Blocking waiting for file lock on package cache
    Blocking waiting for file lock on package cache
    Blocking waiting for file lock on package cache
    Blocking waiting for file lock on package cache
    Blocking waiting for file lock on package cache
    Blocking waiting for file lock on package cache
    Blocking waiting for file lock on package cache
    Blocking waiting for file lock on package cache
    Blocking waiting for file lock on package cache
    Blocking waiting for file lock on package cache
    Blocking waiting for file lock on package cache
    Blocking waiting for file lock on package cache
    Blocking waiting for file lock on package cache
    Blocking waiting for file lock on package cache
    Blocking waiting for file lock on package cache
    Blocking waiting for file lock on package cache
    Blocking waiting for file lock on package cache
    Blocking waiting for file lock on package cache
    Blocking waiting for file lock on package cache
    Blocking waiting for file lock on package cache
    Blocking waiting for file lock on package cache
    Blocking waiting for file lock on package cache
    Blocking waiting for file lock on package cache
    Blocking waiting for file lock on package cache
    Blocking waiting for file lock on package cache
    Blocking waiting for file lock on package cache
    Blocking waiting for file lock on package cache
    Blocking waiting for file lock on package cache
    Blocking waiting for file lock on package cache
    Blocking waiting for file lock on package cache
    Blocking waiting for file lock on package cache
    Blocking waiting for file lock on package cache
    Blocking waiting for file lock on package cache
    Blocking waiting for file lock on package cache
    Blocking waiting for file lock on package cache
    Blocking waiting for file lock on package cache
    Blocking waiting for file lock on package cache
    Blocking waiting for file lock on package cache
    Blocking waiting for file lock on package cache
    Blocking waiting for file lock on package cache
    Blocking waiting for file lock on package cache
    Blocking waiting for file lock on package cache
    Blocking waiting for file lock on package cache
    Blocking waiting for file lock on package cache
    Blocking waiting for file lock on package cache
    Blocking waiting for file lock on package cache
    Blocking waiting for file lock on shared package cache
    Blocking waiting for file lock on artifact directory
    Blocking waiting for file lock on artifact directory
    Blocking waiting for file lock on artifact directory
    Blocking waiting for file lock on artifact directory
    Blocking waiting for file lock on artifact directory
    Blocking waiting for file lock on artifact directory
    Blocking waiting for file lock on artifact directory
    Finished `release` profile [optimized] target(s) in 1.02s
    Finished `release` profile [optimized] target(s) in 1.03s
    Finished `release` profile [optimized] target(s) in 1.05s
    Finished `release` profile [optimized] target(s) in 1.05s
    Finished `release` profile [optimized] target(s) in 1.07s
    Finished `release` profile [optimized] target(s) in 1.08s
    Finished `release` profile [optimized] target(s) in 1.09s
    Finished `release` profile [optimized] target(s) in 1.09s
Building date ...
Building wayland_hello ...
Building terminal ...
Building tee ...
$ cargo -Z build-std=core,alloc,std,panic_abort -Z build-std-features=compiler-builtins-mem -Z json-target-spec build --target /home/dancxjo/src/thingos/targets/x86_64-unknown-thingos.json --profile release -p terminal
$ cargo -Z build-std=core,alloc,std,panic_abort -Z build-std-features=compiler-builtins-mem -Z json-target-spec build --target /home/dancxjo/src/thingos/targets/x86_64-unknown-thingos.json Building xargs ...
--profile release -p tee
$ cargoBuilding placed ...
 -Z Building bloom ...
build-std=core,alloc,std,panic_abort -Z build-std-features=compiler-builtins-mem -Z json-target-spec build --target /home/dancxjo/src/thingos/targets/x86_64-unknown-thingos.json --profile release -p Building clear ...
wayland_hello
$ cargo -Z build-std=core,alloc,std,panic_abort -Z build-std-features=compiler-builtins-mem -Z json-target-spec build --target /home/dancxjo/src/thingos/targets/x86_64-unknown-thingos.json --profile release -p date
$ cargo -Z build-std=core,alloc,std,panic_abort -Z build-std-features=compiler-builtins-mem -Z json-target-spec build --target /home/dancxjo/src/thingos/targets/x86_64-unknown-thingos.json --profile release -p xargs
$ cargo -Z build-std=core,alloc,std,panic_abort -Z build-std-features=compiler-builtins-mem -Z json-target-spec build --target /home/dancxjo/src/thingos/targets/x86_64-unknown-thingos.json --profile release -p bloom
$ cargo -Z build-std=core,alloc,std,panic_abort -Z build-std-features=compiler-builtins-mem -Z json-target-spec build --target /home/dancxjo/src/thingos/targets/x86_64-unknown-thingos.json --profile release -p placed
$ cargo -Z build-std=core,alloc,std,panic_abort -Z build-std-features=compiler-builtins-mem -Z json-target-spec build --target /home/dancxjo/src/thingos/targets/x86_64-unknown-thingos.json --profile release -p clear
    Blocking waiting for file lock on package cache
    Blocking waiting for file lock on package cache
    Blocking    Blocking waiting for file lock on package cache
 waiting for file lock on package cache
    Blocking waiting for file lock on package cache
    Blocking waiting for file lock on package cache
    Blocking waiting for file lock on package cache
    Blocking waiting for file lock on package cache
    Blocking waiting for file lock on package cache
    Blocking waiting for file lock on package cache
    Blocking waiting for file lock on package cache
    Blocking waiting for file lock on package cache
    Blocking waiting for file lock on package cache
    Blocking waiting for file lock on package cache
    Blocking waiting for file lock on package cache
    Blocking waiting for file lock on package cache
    Blocking waiting for file lock on package cache
    Blocking waiting for file lock on package cache
    Blocking waiting for file lock on package cache
    Blocking waiting for file lock on package cache
    Blocking waiting for file lock on package cache
    Blocking waiting for file lock on package cache
    Blocking waiting for file lock on package cache
    Blocking waiting for file lock on package cache
    Blocking waiting for file lock on package cache
    Blocking waiting for file lock on package cache
    Blocking waiting for file lock on package cache
    Blocking waiting for file lock on package cache
    Blocking waiting for file lock on package cache
    Blocking waiting for file lock on package cache
    Blocking waiting for file lock on package cache
    Blocking waiting for file lock on package cache
    Blocking waiting for file lock on package cache
    Blocking waiting for file lock on package cache
    Blocking waiting for file lock on package cache
    Blocking waiting for file lock on package cache
    Blocking waiting for file lock on package cache
    Blocking waiting for file lock on package cache
    Blocking waiting for file lock on package cache
    Blocking waiting for file lock on package cache
    Blocking waiting for file lock on package cache
    Blocking waiting for file lock on package cache
    Blocking waiting for file lock on package cache
    Blocking waiting for file lock on package cache
    Blocking waiting for file lock on package cache
    Blocking waiting for file lock on package cache
    Blocking waiting for file lock on package cache
    Blocking waiting for file lock on package cache
    Blocking waiting for file lock on artifact directory
    Blocking waiting for file lock on artifact directory
    Blocking waiting for file lock on artifact directory
    Blocking waiting for file lock on artifact directory
    Blocking waiting for file lock on artifact directory
    Blocking waiting for file lock on artifact directory
    Blocking waiting for file lock on artifact directory
    Finished `release` profile [optimized] target(s) in 1.01s
    Finished `release` profile [optimized] target(s) in 1.03s
    Finished `release` profile [optimized] target(s) in 1.04s
    Finished `release` profile [optimized] target(s) in 1.06s
    Finished `release` profile [optimized] target(s) in 1.06s
    Finished `release` profile [optimized] target(s) in 1.08s
    Finished `release` profile [optimized] target(s) in 1.09s
    Finished `release` profile [optimized] target(s) in 1.10s
Building poll_mux ...
Building loglevel ...
Building ipc_service_demo ...
$ Building ipc_pipe_demo ...
cargo -Z build-std=core,alloc,std,panic_abort -Z build-std-features=compiler-builtins-mem -Z json-target-spec build --target /home/dancxjo/src/thingos/targets/x86_64-unknown-thingos.json --profile release -p poll_mux
$ cargo -Z build-std=core,alloc,std,panic_abort -Z build-std-features=compiler-builtins-mem -Z json-target-spec Building ipc_provider_demo ...
buildBuilding vfs_test_provider ...
 --target /home/dancxjo/src/thingos/targets/x86_64-unknown-thingos.json --profile release -p ipc_service_demo
Building ipc_memfd_demo ...
$ cargo -ZBuilding test_exec ...
 build-std=core,alloc,std,panic_abort -Z build-std-features=compiler-builtins-mem -Z json-target-spec build --target /home/dancxjo/src/thingos/targets/x86_64-unknown-thingos.json --profile release -p loglevel
$ cargo -Z build-std=core,alloc,std,panic_abort -Z build-std-features=compiler-builtins-mem -Z json-target-spec build --target /home/dancxjo/src/thingos/targets/x86_64-unknown-thingos.json --profile release -p ipc_pipe_demo
$ cargo -Z build-std=core,alloc,std,panic_abort -Z build-std-features=compiler-builtins-mem -Z json-target-spec build --target /home/dancxjo/src/thingos/targets/x86_64-unknown-thingos.json --profile release -p vfs_test_provider
$ cargo -Z build-std=core,alloc,std,panic_abort -Z build-std-features=compiler-builtins-mem -Z json-target-spec build --target /home/dancxjo/src/thingos/targets/x86_64-unknown-thingos.json --profile release -p ipc_provider_demo
$ cargo -Z build-std=core,alloc,std,panic_abort -Z build-std-features=compiler-builtins-mem -Z json-target-spec build --target /home/dancxjo/src/thingos/targets/x86_64-unknown-thingos.json --profile release -p test_exec
$ cargo -Z build-std=core,alloc,std,panic_abort -Z build-std-features=compiler-builtins-mem -Z json-target-spec build --target /home/dancxjo/src/thingos/targets/x86_64-unknown-thingos.json --profile release -p ipc_memfd_demo
    Blocking waiting for file lock on package cache
    Blocking waiting for file lock on package cache
    Blocking waiting for file lock on package cache
    Blocking waiting for file lock on package cache
    Blocking waiting for file lock on package cache
    Blocking waiting for file lock on package cache
    Blocking waiting for file lock on package cache
    Blocking waiting for file lock on package cache
    Blocking waiting for file lock on package cache
    Blocking waiting for file lock on package cache
    Blocking waiting for file lock on package cache
    Blocking waiting for file lock on package cache
    Blocking waiting for file lock on package cache
    Blocking waiting for file lock on package cache
    Blocking waiting for file lock on package cache
    Blocking waiting for file lock on package cache
    Blocking waiting for file lock on package cache
    Blocking waiting for file lock on package cache
    Blocking waiting for file lock on package cache
    Blocking waiting for file lock on package cache
    Blocking waiting for file lock on package cache
    Blocking waiting for file lock on package cache
    Blocking waiting for file lock on package cache
    Blocking waiting for file lock on package cache
    Blocking waiting for file lock on package cache
    Blocking waiting for file lock on package cache
    Blocking waiting for file lock on package cache
    Blocking waiting for file lock on package cache
    Blocking waiting for file lock on package cache
    Blocking waiting for file lock on package cache
    Blocking waiting for file lock on package cache
    Blocking waiting for file lock on package cache
    Blocking waiting for file lock on package cache
    Blocking waiting for file lock on package cache
    Blocking waiting for file lock on package cache
    Blocking waiting for file lock on package cache
    Blocking waiting for file lock on package cache
    Blocking waiting for file lock on package cache
    Blocking waiting for file lock on package cache
    Blocking waiting for file lock on package cache
    Blocking waiting for file lock on package cache
    Blocking waiting for file lock on package cache
    Blocking waiting for file lock on package cache
    Blocking waiting for file lock on package cache
    Blocking waiting for file lock on package cache
    Blocking waiting for file lock on package cache
    Blocking waiting for file lock on package cache
    Blocking waiting for file lock on package cache
    Blocking    Blocking waiting for file lock on shared package cache
 waiting for file lock on shared package cache
    Blocking waiting for file lock on artifact directory
    Blocking waiting for file lock on artifact directory
    Blocking waiting for file lock on artifact directory
    Blocking waiting for file lock on artifact directory
    Blocking waiting for file lock on artifact directory
    Blocking waiting for file lock on artifact directory
    Blocking waiting for file lock on artifact directory
    Finished `release` profile [optimized] target(s) in 1.03s
    Finished `release` profile [optimized] target(s) in 1.02s
    Finished `release` profile [optimized] target(s) in 1.04s
    Finished `release` profile [optimized] target(s) in 1.05s
    Finished `release` profile [optimized] target(s) in 1.06s
    Finished `release` profile [optimized] target(s) in 1.07s
    Finished `release` profile [optimized] target(s) in 1.09s
    Finished `release` profile [optimized] target(s) in 1.09s
Building test_vm_protect ...
Building test_exec_env ...
Building test_threads ...
$ cargo -Z build-std=core,alloc,std,panic_abort -ZBuilding test_futex ...
 build-std-features=compiler-builtins-mem -Z json-target-spec build --target /home/dancxjo/src/thingos/targets/x86_64-unknown-thingos.json --profile release -p test_vm_protect
$ cargo -ZBuilding ld_so ...
 build-std=core,alloc,std,panic_abort -ZBuilding test_dyn_loader ...
 build-std-features=compiler-builtins-mem -Z json-target-spec build --target /home/dancxjo/src/thingos/targets/x86_64-unknown-thingos.json --profile release -p test_futex
Building test_dlopen ...
$ Building reboot ...
cargo -Z build-std=core,alloc,std,panic_abort -Z build-std-features=compiler-builtins-mem -Z json-target-spec build --target /home/dancxjo/src/thingos/targets/x86_64-unknown-thingos.json --profile release -p test_threads
$ cargo -Z build-std=core,alloc,std,panic_abort -Z build-std-features=compiler-builtins-mem -Z json-target-spec build --target /home/dancxjo/src/thingos/targets/x86_64-unknown-thingos.json --profile release -p test_exec_env
$ cargo -Z build-std=core,alloc,std,panic_abort -Z build-std-features=compiler-builtins-mem -Z json-target-spec build --target /home/dancxjo/src/thingos/targets/x86_64-unknown-thingos.json --profile release -p ld_so
$ cargo -Z build-std=core,alloc,std,panic_abort -Z build-std-features=compiler-builtins-mem -Z json-target-spec build --target /home/dancxjo/src/thingos/targets/x86_64-unknown-thingos.json --profile release -p test_dyn_loader
$ cargo -Z build-std=core,alloc,std,panic_abort -Z build-std-features=compiler-builtins-mem -Z json-target-spec build --target /home/dancxjo/src/thingos/targets/x86_64-unknown-thingos.json --profile release -p test_dlopen
$ cargo -Z build-std=core,alloc,std,panic_abort -Z build-std-features=compiler-builtins-mem -Z json-target-spec build --target /home/dancxjo/src/thingos/targets/x86_64-unknown-thingos.json --profile release -p reboot
    Blocking waiting for file lock on package cache
    Blocking waiting for file lock on package cache
    Blocking waiting for file lock on package cache
    Blocking waiting for file lock on package cache
    Blocking waiting for file lock on package cache
    Blocking waiting for file lock on package cache
    Blocking waiting for file lock on package cache
    Blocking waiting for file lock on package cache
    Blocking waiting for file lock on package cache
    Blocking waiting for file lock on package cache
    Blocking waiting for file lock on package cache
    Blocking waiting for file lock on package cache
    Blocking waiting for file lock on package cache
    Blocking waiting for file lock on package cache
    Blocking waiting for file lock on package cache
    Blocking waiting for file lock on package cache
    Blocking waiting for file lock on package cache
    Blocking waiting for file lock on package cache
    Blocking waiting for file lock on package cache
    Blocking waiting for file lock on package cache
    Blocking waiting for file lock on package cache
    Blocking waiting for file lock on package cache
    Blocking waiting for file lock on package cache
    Blocking waiting for file lock on package cache
    Blocking waiting for file lock on package cache
    Blocking waiting for file lock on package cache
    Blocking waiting for file lock on package cache
    Blocking waiting for file lock on package cache
    Blocking waiting for file lock on package cache
    Blocking waiting for file lock on package cache
    Blocking waiting for file lock on package cache
    Blocking waiting for file lock on package cache
    Blocking waiting for file lock on package cache
    Blocking waiting for file lock on package cache
    Blocking waiting for file lock on package cache
    Blocking waiting for file lock on package cache
    Blocking waiting for file lock on package cache
    Blocking waiting for file lock on package cache
    Blocking waiting for file lock on package cache
    Blocking waiting for file lock on package cache
    Blocking waiting for file lock on package cache
    Blocking waiting for file lock on package cache
    Blocking waiting for file lock on package cache
    Blocking waiting for file lock on package cache
    Blocking waiting for file lock on package cache
    Blocking waiting for file lock on package cache
    Blocking waiting for file lock on package cache
    Blocking    Blocking waiting for file lock on package cache
 waiting for file lock on package cache
    Blocking waiting for file lock on shared package cache
    Blocking waiting for file lock on shared package cache
    Blocking waiting for file lock on shared package cache
    Blocking waiting for file lock on shared package cache
    Blocking waiting for file lock on shared package cache
    Blocking waiting for file lock on artifact directory
    Blocking waiting for file lock on artifact directory
    Blocking waiting for file lock on artifact directory
    Blocking waiting for file lock on artifact directory
    Blocking waiting for file lock on artifact directory
    Blocking waiting for file lock on artifact directory
    Blocking waiting for file lock on artifact directory
    Finished `release` profile [optimized] target(s) in 1.01s
    Finished `release` profile [optimized] target(s) in 1.01s
    Finished `release` profile [optimized] target(s) in 1.02s
    Finished `release` profile [optimized] target(s) in 1.04s
    Finished `release` profile [optimized] target(s) in 1.05s
    Finished `release` profile [optimized] target(s) in 1.06s
    Finished `release` profile [optimized] target(s) in 1.07s
    Finished `release` profile [optimized] target(s) in 1.08s
Building shutdown ...
Building attr_list ...
Building attr_get ...
$ cargo -Z build-std=core,alloc,std,panic_abort -Z build-std-features=compiler-builtins-mem -Z json-target-spec build --target /home/dancxjo/src/thingos/targets/x86_64-unknown-thingos.jsonBuilding attr_set ...
 --profile release -p attr_list
$ cargo -Z build-std=core,alloc,std,panic_abort -Z build-std-features=compiler-builtins-mem -Z json-target-spec build --target /home/dancxjo/src/thingos/targets/x86_64-unknown-thingos.json --profile release -p attr_set
Building attr_rm ...
$ cargo -Z build-std=core,alloc,std,panic_abort -Z build-std-features=compiler-builtins-mem -Z json-target-spec build --target /home/dancxjo/src/thingos/targets/x86_64-unknown-thingos.json --profile release -p attr_get
$ cargo -Z build-std=core,alloc,std,panic_abort -Z build-std-features=compiler-builtins-mem -Z json-target-spec build --target /home/dancxjo/src/thingos/targets/x86_64-unknown-thingos.json --profile release -p shutdown
$ cargo -Z build-std=core,alloc,std,panic_abort -Z build-std-features=compiler-builtins-mem -Z json-target-spec build --target /home/dancxjo/src/thingos/targets/x86_64-unknown-thingos.json --profile release -p attr_rm
    Blocking waiting for file lock on package cache
    Blocking waiting for file lock on package cache
    Blocking waiting for file lock on package cache
    Blocking waiting for file lock on package cache
    Blocking waiting for file lock on package cache
    Blocking waiting for file lock on package cache
    Blocking waiting for file lock on package cache
    Blocking waiting for file lock on package cache
    Blocking waiting for file lock on package cache
    Blocking waiting for file lock on package cache
    Blocking waiting for file lock on package cache
    Blocking waiting for file lock on package cache
    Blocking waiting for file lock on package cache
    Blocking waiting for file lock on package cache
    Blocking waiting for file lock on package cache
    Blocking waiting for file lock on package cache
    Blocking waiting for file lock on package cache
    Blocking waiting for file lock on package cache
    Blocking waiting for file lock on package cache
    Blocking waiting for file lock on package cache
    Blocking waiting for file lock on package cache
    Blocking waiting for file lock on package cache
    Blocking waiting for file lock on package cache
    Blocking waiting for file lock on package cache
    Blocking waiting for file lock on package cache
    Blocking waiting for file lock on package cache
    Blocking waiting for file lock on package cache
    Blocking waiting for file lock on package cache
    Blocking waiting for file lock on package cache
    Blocking waiting for file lock on package cache
    Blocking waiting for file lock on package cache
    Blocking waiting for file lock on artifact directory
    Blocking waiting for file lock on artifact directory
    Blocking waiting for file lock on artifact directory
    Blocking waiting for file lock on artifact directory
    Finished `release` profile [optimized] target(s) in 0.68s
    Finished `release` profile [optimized] target(s) in 0.69s
    Finished `release` profile [optimized] target(s) in 0.70s
    Finished `release` profile [optimized] target(s) in 0.71s
    Finished `release` profile [optimized] target(s) in 0.72s
Staging userspace programs...
$ cp target/x86_64-unknown-thingos/release/sprout iso_root_352974416/bin/sprout
$ cp target/x86_64-unknown-thingos/release/bristle iso_root_352974416/bin/bristle
$ cp target/x86_64-unknown-thingos/release/rtc_cmos iso_root_352974416/drivers/rtc_cmos
$ cp target/x86_64-unknown-thingos/release/hwrng iso_root_352974416/drivers/hwrng
$ cp target/x86_64-unknown-thingos/release/ps2_kbd iso_root_352974416/drivers/ps2_kbd
$ cp target/x86_64-unknown-thingos/release/sh iso_root_352974416/bin/sh
$ cp target/x86_64-unknown-thingos/release/ls iso_root_352974416/bin/ls
$ cp target/x86_64-unknown-thingos/release/lsusb iso_root_352974416/bin/lsusb
$ cp target/x86_64-unknown-thingos/release/lspci iso_root_352974416/bin/lspci
$ cp target/x86_64-unknown-thingos/release/ln iso_root_352974416/bin/ln
$ cp target/x86_64-unknown-thingos/release/ps iso_root_352974416/bin/ps
$ cp target/x86_64-unknown-thingos/release/kill iso_root_352974416/bin/kill
$ cp target/x86_64-unknown-thingos/release/killall iso_root_352974416/bin/killall
$ cp target/x86_64-unknown-thingos/release/cat iso_root_352974416/bin/cat
$ cp target/x86_64-unknown-thingos/release/head iso_root_352974416/bin/head
$ cp target/x86_64-unknown-thingos/release/tail iso_root_352974416/bin/tail
$ cp target/x86_64-unknown-thingos/release/top iso_root_352974416/bin/top
$ cp target/x86_64-unknown-thingos/release/wc iso_root_352974416/bin/wc
$ cp target/x86_64-unknown-thingos/release/yes iso_root_352974416/bin/yes
$ cp target/x86_64-unknown-thingos/release/which iso_root_352974416/bin/which
$ cp target/x86_64-unknown-thingos/release/cp iso_root_352974416/bin/cp
$ cp target/x86_64-unknown-thingos/release/mv iso_root_352974416/bin/mv
$ cp target/x86_64-unknown-thingos/release/rm iso_root_352974416/bin/rm
$ cp target/x86_64-unknown-thingos/release/rmdir iso_root_352974416/bin/rmdir
$ cp target/x86_64-unknown-thingos/release/mkdir iso_root_352974416/bin/mkdir
$ cp target/x86_64-unknown-thingos/release/mount iso_root_352974416/bin/mount
$ cp target/x86_64-unknown-thingos/release/echo iso_root_352974416/bin/echo
$ cp target/x86_64-unknown-thingos/release/printf iso_root_352974416/bin/printf
$ cp target/x86_64-unknown-thingos/release/grep iso_root_352974416/bin/grep
$ cp target/x86_64-unknown-thingos/release/pwd iso_root_352974416/bin/pwd
$ cp target/x86_64-unknown-thingos/release/touch iso_root_352974416/bin/touch
$ cp target/x86_64-unknown-thingos/release/setshell iso_root_352974416/bin/setshell
$ cp target/x86_64-unknown-thingos/release/dmesg iso_root_352974416/bin/dmesg
$ cp target/x86_64-unknown-thingos/release/stat iso_root_352974416/bin/stat
$ cp target/x86_64-unknown-thingos/release/file iso_root_352974416/bin/file
$ cp target/x86_64-unknown-thingos/release/dirname iso_root_352974416/bin/dirname
$ cp target/x86_64-unknown-thingos/release/basename iso_root_352974416/bin/basename
$ cp target/x86_64-unknown-thingos/release/sleep iso_root_352974416/bin/sleep
$ cp target/x86_64-unknown-thingos/release/sort iso_root_352974416/bin/sort
$ cp target/x86_64-unknown-thingos/release/env iso_root_352974416/bin/env
$ cp target/x86_64-unknown-thingos/release/uname iso_root_352974416/bin/uname
$ cp target/x86_64-unknown-thingos/release/true iso_root_352974416/bin/true
$ cp target/x86_64-unknown-thingos/release/false iso_root_352974416/bin/false
$ cp target/x86_64-unknown-thingos/release/input_echo iso_root_352974416/bin/input_echo
$ cp target/x86_64-unknown-thingos/release/ps2_mouse iso_root_352974416/drivers/ps2_mouse
$ cp target/x86_64-unknown-thingos/release/display_bootfb iso_root_352974416/drivers/display_bootfb
$ cp target/x86_64-unknown-thingos/release/display_virtio_gpu iso_root_352974416/drivers/display_virtio_gpu
$ cp target/x86_64-unknown-thingos/release/cambium iso_root_352974416/bin/cambium
$ cp target/x86_64-unknown-thingos/release/virtio_netd iso_root_352974416/drivers/virtio_netd
$ cp target/x86_64-unknown-thingos/release/rtl8168d iso_root_352974416/drivers/rtl8168d
$ cp target/x86_64-unknown-thingos/release/netd iso_root_352974416/bin/netd
$ cp target/x86_64-unknown-thingos/release/mesocarp iso_root_352974416/bin/mesocarp
$ cp target/x86_64-unknown-thingos/release/fetchd iso_root_352974416/bin/fetchd
$ cp target/x86_64-unknown-thingos/release/httpsd iso_root_352974416/bin/httpsd
$ cp target/x86_64-unknown-thingos/release/find iso_root_352974416/bin/find
$ cp target/x86_64-unknown-thingos/release/ip iso_root_352974416/bin/ip
$ cp target/x86_64-unknown-thingos/release/iso_reader iso_root_352974416/bin/iso_reader
$ cp target/x86_64-unknown-thingos/release/ping iso_root_352974416/bin/ping
$ cp target/x86_64-unknown-thingos/release/nslookup iso_root_352974416/bin/nslookup
$ cp target/x86_64-unknown-thingos/release/ahci_disk iso_root_352974416/drivers/ahci_disk
$ cp target/x86_64-unknown-thingos/release/ata_disk iso_root_352974416/drivers/ata_disk
$ cp target/x86_64-unknown-thingos/release/iso9660d iso_root_352974416/bin/iso9660d
$ cp target/x86_64-unknown-thingos/release/virtio_sound iso_root_352974416/drivers/virtio_sound
$ cp target/x86_64-unknown-thingos/release/hdaudio iso_root_352974416/drivers/hdaudio
$ cp target/x86_64-unknown-thingos/release/pci_stubd iso_root_352974416/drivers/pci_stubd
$ cp target/x86_64-unknown-thingos/release/xhci iso_root_352974416/drivers/xhci
$ cp target/x86_64-unknown-thingos/release/chime iso_root_352974416/drivers/chime
$ cp target/x86_64-unknown-thingos/release/vfs_hello iso_root_352974416/bin/vfs_hello
$ cp target/x86_64-unknown-thingos/release/show_args iso_root_352974416/bin/show_args
$ cp target/x86_64-unknown-thingos/release/clock iso_root_352974416/bin/clock
$ cp target/x86_64-unknown-thingos/release/env_roundtrip iso_root_352974416/bin/env_roundtrip
$ cp target/x86_64-unknown-thingos/release/cwd_test iso_root_352974416/bin/cwd_test
$ cp target/x86_64-unknown-thingos/release/date iso_root_352974416/bin/date
$ cp target/x86_64-unknown-thingos/release/wayland_hello iso_root_352974416/bin/wayland_hello
$ cp target/x86_64-unknown-thingos/release/terminal iso_root_352974416/bin/terminal
$ cp target/x86_64-unknown-thingos/release/tee iso_root_352974416/bin/tee
$ cp target/x86_64-unknown-thingos/release/xargs iso_root_352974416/bin/xargs
$ cp target/x86_64-unknown-thingos/release/placed iso_root_352974416/bin/placed
$ cp target/x86_64-unknown-thingos/release/bloom iso_root_352974416/bin/bloom
$ cp target/x86_64-unknown-thingos/release/clear iso_root_352974416/bin/clear
$ cp target/x86_64-unknown-thingos/release/loglevel iso_root_352974416/bin/loglevel
$ cp target/x86_64-unknown-thingos/release/poll_mux iso_root_352974416/bin/poll_mux
$ cp target/x86_64-unknown-thingos/release/ipc_service_demo iso_root_352974416/bin/ipc_service_demo
$ cp target/x86_64-unknown-thingos/release/ipc_pipe_demo iso_root_352974416/bin/ipc_pipe_demo
$ cp target/x86_64-unknown-thingos/release/ipc_provider_demo iso_root_352974416/bin/ipc_provider_demo
$ cp target/x86_64-unknown-thingos/release/vfs_test_provider iso_root_352974416/bin/vfs_test_provider
$ cp target/x86_64-unknown-thingos/release/ipc_memfd_demo iso_root_352974416/bin/ipc_memfd_demo
$ cp target/x86_64-unknown-thingos/release/test_exec iso_root_352974416/bin/test_exec
$ cp target/x86_64-unknown-thingos/release/test_vm_protect iso_root_352974416/bin/test_vm_protect
$ cp target/x86_64-unknown-thingos/release/test_exec_env iso_root_352974416/bin/test_exec_env
$ cp target/x86_64-unknown-thingos/release/test_threads iso_root_352974416/bin/test_threads
$ cp target/x86_64-unknown-thingos/release/test_futex iso_root_352974416/bin/test_futex
$ cp target/x86_64-unknown-thingos/release/ld_so iso_root_352974416/bin/ld_so
$ cp target/x86_64-unknown-thingos/release/test_dyn_loader iso_root_352974416/bin/test_dyn_loader
$ cp target/x86_64-unknown-thingos/release/test_dlopen iso_root_352974416/bin/test_dlopen
$ cp target/x86_64-unknown-thingos/release/reboot iso_root_352974416/bin/reboot
$ cp target/x86_64-unknown-thingos/release/shutdown iso_root_352974416/bin/shutdown
$ cp target/x86_64-unknown-thingos/release/attr_list iso_root_352974416/bin/attr_list
$ cp target/x86_64-unknown-thingos/release/attr_get iso_root_352974416/bin/attr_get
$ cp target/x86_64-unknown-thingos/release/attr_set iso_root_352974416/bin/attr_set
$ cp target/x86_64-unknown-thingos/release/attr_rm iso_root_352974416/bin/attr_rm
Building pistil ...
$ cargo -Z build-std=core,alloc,std,panic_abort -Z build-std-features=compiler-builtins-mem -Z json-target-spec build --target /home/dancxjo/src/thingos/targets/x86_64-unknown-thingos.json --profile release -p pistil
    Finished `release` profile [optimized] target(s) in 0.23s
$ cp target/x86_64-unknown-thingos/release/deps/libpistil.so iso_root_352974416/lib/libpistil.so
--- DEBUG: Generated limine.conf ---
timeout: 3
quiet: yes
verbose: no
serial: yes
interface_branding: yes
interface_help: no
interface_background: 121212
interface_foreground: cccccc
interface_active_background: 333333
interface_active_foreground: ffffff
menu_hidden: yes

/ThingOS
    protocol: limine
    resolution: 1920x1080
    kernel_path: boot():/boot/kernel
    kernel_cmdline: loglevel=5
    module_path: boot():/bin/sprout
    module_cmdline: init
    module_path: boot():/bin/bristle
    module_path: boot():/drivers/rtc_cmos
    module_cmdline: init
    module_path: boot():/drivers/hwrng
    module_cmdline: init
    module_path: boot():/drivers/ps2_kbd
    module_path: boot():/bin/sh
    module_cmdline: init
    module_path: boot():/bin/ls
    module_cmdline: init
    module_path: boot():/bin/lsusb
    module_cmdline: init
    module_path: boot():/bin/lspci
    module_cmdline: init
    module_path: boot():/bin/ln
    module_cmdline: init
    module_path: boot():/bin/ps
    module_cmdline: init
    module_path: boot():/bin/kill
    module_cmdline: init
    module_path: boot():/bin/killall
    module_cmdline: init
    module_path: boot():/bin/cat
    module_cmdline: init
    module_path: boot():/bin/head
    module_cmdline: init
    module_path: boot():/bin/tail
    module_cmdline: init
    module_path: boot():/bin/top
    module_cmdline: init
    module_path: boot():/bin/wc
    module_cmdline: init
    module_path: boot():/bin/yes
    module_cmdline: init
    module_path: boot():/bin/which
    module_cmdline: init
    module_path: boot():/bin/cp
    module_cmdline: init
    module_path: boot():/bin/mv
    module_cmdline: init
    module_path: boot():/bin/rm
    module_cmdline: init
    module_path: boot():/bin/rmdir
    module_cmdline: init
    module_path: boot():/bin/mkdir
    module_cmdline: init
    module_path: boot():/bin/mount
    module_cmdline: init
    module_path: boot():/bin/echo
    module_cmdline: init
    module_path: boot():/bin/printf
    module_cmdline: init
    module_path: boot():/bin/grep
    module_cmdline: init
    module_path: boot():/bin/pwd
    module_cmdline: init
    module_path: boot():/bin/touch
    module_cmdline: init
    module_path: boot():/bin/setshell
    module_cmdline: init
    module_path: boot():/bin/dmesg
    module_cmdline: init
    module_path: boot():/bin/stat
    module_cmdline: init
    module_path: boot():/bin/file
    module_cmdline: init
    module_path: boot():/bin/dirname
    module_cmdline: init
    module_path: boot():/bin/basename
    module_cmdline: init
    module_path: boot():/bin/sleep
    module_cmdline: init
    module_path: boot():/bin/sort
    module_cmdline: init
    module_path: boot():/bin/env
    module_cmdline: init
    module_path: boot():/bin/uname
    module_path: boot():/bin/true
    module_path: boot():/bin/false
    module_path: boot():/bin/input_echo
    module_path: boot():/drivers/ps2_mouse
    module_path: boot():/drivers/display_bootfb
    module_path: boot():/drivers/display_virtio_gpu
    module_path: boot():/bin/cambium
    module_path: boot():/drivers/virtio_netd
    module_path: boot():/drivers/rtl8168d
    module_path: boot():/bin/netd
    module_path: boot():/bin/mesocarp
    module_path: boot():/bin/mdns
    module_path: boot():/bin/mdnsd
    module_path: boot():/bin/fetchd
    module_path: boot():/bin/httpsd
    module_path: boot():/bin/find
    module_path: boot():/bin/ip
    module_path: boot():/bin/iso_reader
    module_path: boot():/bin/ping
    module_path: boot():/bin/nslookup
    module_path: boot():/drivers/ahci_disk
    module_path: boot():/drivers/ata_disk
    module_path: boot():/bin/iso9660d
    module_path: boot():/drivers/virtio_sound
    module_path: boot():/drivers/hdaudio
    module_path: boot():/drivers/pci_stubd
    module_path: boot():/drivers/xhci
    module_path: boot():/drivers/chime
    module_path: boot():/bin/vfs_hello
    module_path: boot():/bin/show_args
    module_path: boot():/bin/clock
    module_path: boot():/bin/env_roundtrip
    module_path: boot():/bin/cwd_test
    module_path: boot():/bin/date
    module_path: boot():/bin/wayland_hello
    module_path: boot():/bin/terminal
    module_path: boot():/bin/tee
    module_path: boot():/bin/xargs
    module_path: boot():/bin/placed
    module_path: boot():/bin/bloom
    module_path: boot():/bin/clear
    module_path: boot():/bin/loglevel
    module_path: boot():/bin/poll_mux
    module_path: boot():/bin/ipc_service_demo
    module_path: boot():/bin/ipc_pipe_demo
    module_path: boot():/bin/ipc_provider_demo
    module_path: boot():/bin/vfs_test_provider
    module_path: boot():/bin/ipc_memfd_demo
    module_path: boot():/bin/test_exec
    module_path: boot():/bin/test_vm_protect
    module_path: boot():/bin/test_exec_env
    module_path: boot():/bin/test_threads
    module_path: boot():/bin/test_futex
    module_path: boot():/bin/ld_so
    module_path: boot():/bin/test_dyn_loader
    module_path: boot():/bin/test_dlopen
    module_path: boot():/bin/reboot
    module_path: boot():/bin/shutdown
    module_path: boot():/bin/attr_list
    module_path: boot():/bin/attr_get
    module_path: boot():/bin/attr_set
    module_path: boot():/bin/attr_rm
    module_path: boot():/lib/libpistil.so
    module_path: boot():/share/wallpapers/clouds.bmp
    module_path: boot():/share/wallpapers/flower.bmp
    module_path: boot():/share/wallpapers/flower.png
    module_path: boot():/share/wallpapers/leather.bmp
    module_path: boot():/share/wallpapers/linen.bmp
    module_path: boot():/share/fonts/DSEG7Classic-Regular.ttf
    module_path: boot():/share/fonts/Hack-Regular.ttf
    module_path: boot():/share/fonts/Inter-Regular.ttf
    module_path: boot():/share/fonts/Iosevka-Regular.ttf
    module_path: boot():/share/fonts/JetBrainsMono-Regular.ttf
    module_path: boot():/share/fonts/NotoSans-Regular.ttf
    module_path: boot():/share/fonts/NotoSansSymbol-Regular.ttf
    module_path: boot():/share/fonts/NotoSansSymbol2-Regular.ttf
    module_path: boot():/share/fonts/NotoSerif-Regular.ttf
    module_path: boot():/share/themes/solarized_warm.toml
    module_path: boot():/share/cursors/future/alias.svg
    module_path: boot():/share/cursors/future/all-scroll.svg
    module_path: boot():/share/cursors/future/bottom_left_corner.svg
    module_path: boot():/share/cursors/future/bottom_right_corner.svg
    module_path: boot():/share/cursors/future/bottom_side.svg
    module_path: boot():/share/cursors/future/cell.svg
    module_path: boot():/share/cursors/future/center_ptr.svg
    module_path: boot():/share/cursors/future/col-resize.svg
    module_path: boot():/share/cursors/future/color-picker.svg
    module_path: boot():/share/cursors/future/context-menu.svg
    module_path: boot():/share/cursors/future/copy.svg
    module_path: boot():/share/cursors/future/crosshair.svg
    module_path: boot():/share/cursors/future/default.svg
    module_path: boot():/share/cursors/future/dnd-move.svg
    module_path: boot():/share/cursors/future/dnd-no-drop.svg
    module_path: boot():/share/cursors/future/down-arrow.svg
    module_path: boot():/share/cursors/future/draft.svg
    module_path: boot():/share/cursors/future/fleur.svg
    module_path: boot():/share/cursors/future/help.svg
    module_path: boot():/share/cursors/future/left-arrow.svg
    module_path: boot():/share/cursors/future/left_side.svg
    module_path: boot():/share/cursors/future/no-drop.svg
    module_path: boot():/share/cursors/future/not-allowed.svg
    module_path: boot():/share/cursors/future/openhand.svg
    module_path: boot():/share/cursors/future/pencil.svg
    module_path: boot():/share/cursors/future/pirate.svg
    module_path: boot():/share/cursors/future/pointer.svg
    module_path: boot():/share/cursors/future/progress-01.svg
    module_path: boot():/share/cursors/future/progress-02.svg
    module_path: boot():/share/cursors/future/progress-03.svg
    module_path: boot():/share/cursors/future/progress-04.svg
    module_path: boot():/share/cursors/future/progress-05.svg
    module_path: boot():/share/cursors/future/progress-06.svg
    module_path: boot():/share/cursors/future/progress-07.svg
    module_path: boot():/share/cursors/future/progress-08.svg
    module_path: boot():/share/cursors/future/progress-09.svg
    module_path: boot():/share/cursors/future/progress-10.svg
    module_path: boot():/share/cursors/future/progress-11.svg
    module_path: boot():/share/cursors/future/progress-12.svg
    module_path: boot():/share/cursors/future/progress-13.svg
    module_path: boot():/share/cursors/future/progress-14.svg
    module_path: boot():/share/cursors/future/progress-15.svg
    module_path: boot():/share/cursors/future/progress-16.svg
    module_path: boot():/share/cursors/future/progress-17.svg
    module_path: boot():/share/cursors/future/progress-18.svg
    module_path: boot():/share/cursors/future/progress-19.svg
    module_path: boot():/share/cursors/future/progress-20.svg
    module_path: boot():/share/cursors/future/progress-21.svg
    module_path: boot():/share/cursors/future/progress-22.svg
    module_path: boot():/share/cursors/future/progress-23.svg
    module_path: boot():/share/cursors/future/progress.svg
    module_path: boot():/share/cursors/future/right-arrow.svg
    module_path: boot():/share/cursors/future/right_ptr.svg
    module_path: boot():/share/cursors/future/right_side.svg
    module_path: boot():/share/cursors/future/row-resize.svg
    module_path: boot():/share/cursors/future/size_bdiag.svg
    module_path: boot():/share/cursors/future/size_fdiag.svg
    module_path: boot():/share/cursors/future/size_hor.svg
    module_path: boot():/share/cursors/future/size_ver.svg
    module_path: boot():/share/cursors/future/text.svg
    module_path: boot():/share/cursors/future/top_left_corner.svg
    module_path: boot():/share/cursors/future/top_right_corner.svg
    module_path: boot():/share/cursors/future/top_side.svg
    module_path: boot():/share/cursors/future/up-arrow.svg
    module_path: boot():/share/cursors/future/vertical-text.svg
    module_path: boot():/share/cursors/future/wait-01.svg
    module_path: boot():/share/cursors/future/wait-02.svg
    module_path: boot():/share/cursors/future/wait-03.svg
    module_path: boot():/share/cursors/future/wait-04.svg
    module_path: boot():/share/cursors/future/wait-05.svg
    module_path: boot():/share/cursors/future/wait-06.svg
    module_path: boot():/share/cursors/future/wait-07.svg
    module_path: boot():/share/cursors/future/wait-08.svg
    module_path: boot():/share/cursors/future/wait-09.svg
    module_path: boot():/share/cursors/future/wait-10.svg
    module_path: boot():/share/cursors/future/wait-11.svg
    module_path: boot():/share/cursors/future/wait-12.svg
    module_path: boot():/share/cursors/future/wait-13.svg
    module_path: boot():/share/cursors/future/wait-14.svg
    module_path: boot():/share/cursors/future/wait-15.svg
    module_path: boot():/share/cursors/future/wait-16.svg
    module_path: boot():/share/cursors/future/wait-17.svg
    module_path: boot():/share/cursors/future/wait-18.svg
    module_path: boot():/share/cursors/future/wait-19.svg
    module_path: boot():/share/cursors/future/wait-20.svg
    module_path: boot():/share/cursors/future/wait-21.svg
    module_path: boot():/share/cursors/future/wait-22.svg
    module_path: boot():/share/cursors/future/wait-23.svg
    module_path: boot():/share/cursors/future/wait.svg
    module_path: boot():/share/cursors/future/wayland-cursor.svg
    module_path: boot():/share/cursors/future/x-cursor.svg
    module_path: boot():/share/cursors/future/zoom-in.svg
    module_path: boot():/share/cursors/future/zoom-out.svg
    module_path: boot():/share/fonts/unifont.hex
    module_path: boot():/etc/locale.conf
    module_path: boot():/etc/profile
    module_path: boot():/etc/motd
    module_path: boot():/etc/fstab
    module_path: boot():/etc/hostname

/ThingOS (BootFB Fallback)
    protocol: limine
    resolution: 1920x1080
    kernel_path: boot():/boot/kernel
    kernel_cmdline: loglevel=5 display=bootfb
    module_path: boot():/bin/sprout
    module_cmdline: init
    module_path: boot():/bin/bristle
    module_path: boot():/drivers/rtc_cmos
    module_cmdline: init
    module_path: boot():/drivers/hwrng
    module_cmdline: init
    module_path: boot():/drivers/ps2_kbd
    module_path: boot():/bin/sh
    module_cmdline: init
    module_path: boot():/bin/ls
    module_cmdline: init
    module_path: boot():/bin/lsusb
    module_cmdline: init
    module_path: boot():/bin/lspci
    module_cmdline: init
    module_path: boot():/bin/ln
    module_cmdline: init
    module_path: boot():/bin/ps
    module_cmdline: init
    module_path: boot():/bin/kill
    module_cmdline: init
    module_path: boot():/bin/killall
    module_cmdline: init
    module_path: boot():/bin/cat
    module_cmdline: init
    module_path: boot():/bin/head
    module_cmdline: init
    module_path: boot():/bin/tail
    module_cmdline: init
    module_path: boot():/bin/top
    module_cmdline: init
    module_path: boot():/bin/wc
    module_cmdline: init
    module_path: boot():/bin/yes
    module_cmdline: init
    module_path: boot():/bin/which
    module_cmdline: init
    module_path: boot():/bin/cp
    module_cmdline: init
    module_path: boot():/bin/mv
    module_cmdline: init
    module_path: boot():/bin/rm
    module_cmdline: init
    module_path: boot():/bin/rmdir
    module_cmdline: init
    module_path: boot():/bin/mkdir
    module_cmdline: init
    module_path: boot():/bin/mount
    module_cmdline: init
    module_path: boot():/bin/echo
    module_cmdline: init
    module_path: boot():/bin/printf
    module_cmdline: init
    module_path: boot():/bin/grep
    module_cmdline: init
    module_path: boot():/bin/pwd
    module_cmdline: init
    module_path: boot():/bin/touch
    module_cmdline: init
    module_path: boot():/bin/setshell
    module_cmdline: init
    module_path: boot():/bin/dmesg
    module_cmdline: init
    module_path: boot():/bin/stat
    module_cmdline: init
    module_path: boot():/bin/file
    module_cmdline: init
    module_path: boot():/bin/dirname
    module_cmdline: init
    module_path: boot():/bin/basename
    module_cmdline: init
    module_path: boot():/bin/sleep
    module_cmdline: init
    module_path: boot():/bin/sort
    module_cmdline: init
    module_path: boot():/bin/env
    module_cmdline: init
    module_path: boot():/bin/uname
    module_path: boot():/bin/true
    module_path: boot():/bin/false
    module_path: boot():/bin/input_echo
    module_path: boot():/drivers/ps2_mouse
    module_path: boot():/drivers/display_bootfb
    module_path: boot():/bin/cambium
    module_path: boot():/drivers/virtio_netd
    module_path: boot():/drivers/rtl8168d
    module_path: boot():/bin/netd
    module_path: boot():/bin/mesocarp
    module_path: boot():/bin/mdns
    module_path: boot():/bin/mdnsd
    module_path: boot():/bin/fetchd
    module_path: boot():/bin/httpsd
    module_path: boot():/bin/find
    module_path: boot():/bin/ip
    module_path: boot():/bin/iso_reader
    module_path: boot():/bin/ping
    module_path: boot():/bin/nslookup
    module_path: boot():/drivers/ahci_disk
    module_path: boot():/drivers/ata_disk
    module_path: boot():/bin/iso9660d
    module_path: boot():/drivers/virtio_sound
    module_path: boot():/drivers/hdaudio
    module_path: boot():/drivers/pci_stubd
    module_path: boot():/drivers/xhci
    module_path: boot():/drivers/chime
    module_path: boot():/bin/vfs_hello
    module_path: boot():/bin/show_args
    module_path: boot():/bin/clock
    module_path: boot():/bin/env_roundtrip
    module_path: boot():/bin/cwd_test
    module_path: boot():/bin/date
    module_path: boot():/bin/wayland_hello
    module_path: boot():/bin/terminal
    module_path: boot():/bin/tee
    module_path: boot():/bin/xargs
    module_path: boot():/bin/placed
    module_path: boot():/bin/bloom
    module_path: boot():/bin/clear
    module_path: boot():/bin/loglevel
    module_path: boot():/bin/poll_mux
    module_path: boot():/bin/ipc_service_demo
    module_path: boot():/bin/ipc_pipe_demo
    module_path: boot():/bin/ipc_provider_demo
    module_path: boot():/bin/vfs_test_provider
    module_path: boot():/bin/ipc_memfd_demo
    module_path: boot():/bin/test_exec
    module_path: boot():/bin/test_vm_protect
    module_path: boot():/bin/test_exec_env
    module_path: boot():/bin/test_threads
    module_path: boot():/bin/test_futex
    module_path: boot():/bin/ld_so
    module_path: boot():/bin/test_dyn_loader
    module_path: boot():/bin/test_dlopen
    module_path: boot():/bin/reboot
    module_path: boot():/bin/shutdown
    module_path: boot():/bin/attr_list
    module_path: boot():/bin/attr_get
    module_path: boot():/bin/attr_set
    module_path: boot():/bin/attr_rm
    module_path: boot():/lib/libpistil.so
    module_path: boot():/share/wallpapers/clouds.bmp
    module_path: boot():/share/wallpapers/flower.bmp
    module_path: boot():/share/wallpapers/flower.png
    module_path: boot():/share/wallpapers/leather.bmp
    module_path: boot():/share/wallpapers/linen.bmp
    module_path: boot():/share/fonts/DSEG7Classic-Regular.ttf
    module_path: boot():/share/fonts/Hack-Regular.ttf
    module_path: boot():/share/fonts/Inter-Regular.ttf
    module_path: boot():/share/fonts/Iosevka-Regular.ttf
    module_path: boot():/share/fonts/JetBrainsMono-Regular.ttf
    module_path: boot():/share/fonts/NotoSans-Regular.ttf
    module_path: boot():/share/fonts/NotoSansSymbol-Regular.ttf
    module_path: boot():/share/fonts/NotoSansSymbol2-Regular.ttf
    module_path: boot():/share/fonts/NotoSerif-Regular.ttf
    module_path: boot():/share/themes/solarized_warm.toml
    module_path: boot():/share/cursors/future/alias.svg
    module_path: boot():/share/cursors/future/all-scroll.svg
    module_path: boot():/share/cursors/future/bottom_left_corner.svg
    module_path: boot():/share/cursors/future/bottom_right_corner.svg
    module_path: boot():/share/cursors/future/bottom_side.svg
    module_path: boot():/share/cursors/future/cell.svg
    module_path: boot():/share/cursors/future/center_ptr.svg
    module_path: boot():/share/cursors/future/col-resize.svg
    module_path: boot():/share/cursors/future/color-picker.svg
    module_path: boot():/share/cursors/future/context-menu.svg
    module_path: boot():/share/cursors/future/copy.svg
    module_path: boot():/share/cursors/future/crosshair.svg
    module_path: boot():/share/cursors/future/default.svg
    module_path: boot():/share/cursors/future/dnd-move.svg
    module_path: boot():/share/cursors/future/dnd-no-drop.svg
    module_path: boot():/share/cursors/future/down-arrow.svg
    module_path: boot():/share/cursors/future/draft.svg
    module_path: boot():/share/cursors/future/fleur.svg
    module_path: boot():/share/cursors/future/help.svg
    module_path: boot():/share/cursors/future/left-arrow.svg
    module_path: boot():/share/cursors/future/left_side.svg
    module_path: boot():/share/cursors/future/no-drop.svg
    module_path: boot():/share/cursors/future/not-allowed.svg
    module_path: boot():/share/cursors/future/openhand.svg
    module_path: boot():/share/cursors/future/pencil.svg
    module_path: boot():/share/cursors/future/pirate.svg
    module_path: boot():/share/cursors/future/pointer.svg
    module_path: boot():/share/cursors/future/progress-01.svg
    module_path: boot():/share/cursors/future/progress-02.svg
    module_path: boot():/share/cursors/future/progress-03.svg
    module_path: boot():/share/cursors/future/progress-04.svg
    module_path: boot():/share/cursors/future/progress-05.svg
    module_path: boot():/share/cursors/future/progress-06.svg
    module_path: boot():/share/cursors/future/progress-07.svg
    module_path: boot():/share/cursors/future/progress-08.svg
    module_path: boot():/share/cursors/future/progress-09.svg
    module_path: boot():/share/cursors/future/progress-10.svg
    module_path: boot():/share/cursors/future/progress-11.svg
    module_path: boot():/share/cursors/future/progress-12.svg
    module_path: boot():/share/cursors/future/progress-13.svg
    module_path: boot():/share/cursors/future/progress-14.svg
    module_path: boot():/share/cursors/future/progress-15.svg
    module_path: boot():/share/cursors/future/progress-16.svg
    module_path: boot():/share/cursors/future/progress-17.svg
    module_path: boot():/share/cursors/future/progress-18.svg
    module_path: boot():/share/cursors/future/progress-19.svg
    module_path: boot():/share/cursors/future/progress-20.svg
    module_path: boot():/share/cursors/future/progress-21.svg
    module_path: boot():/share/cursors/future/progress-22.svg
    module_path: boot():/share/cursors/future/progress-23.svg
    module_path: boot():/share/cursors/future/progress.svg
    module_path: boot():/share/cursors/future/right-arrow.svg
    module_path: boot():/share/cursors/future/right_ptr.svg
    module_path: boot():/share/cursors/future/right_side.svg
    module_path: boot():/share/cursors/future/row-resize.svg
    module_path: boot():/share/cursors/future/size_bdiag.svg
    module_path: boot():/share/cursors/future/size_fdiag.svg
    module_path: boot():/share/cursors/future/size_hor.svg
    module_path: boot():/share/cursors/future/size_ver.svg
    module_path: boot():/share/cursors/future/text.svg
    module_path: boot():/share/cursors/future/top_left_corner.svg
    module_path: boot():/share/cursors/future/top_right_corner.svg
    module_path: boot():/share/cursors/future/top_side.svg
    module_path: boot():/share/cursors/future/up-arrow.svg
    module_path: boot():/share/cursors/future/vertical-text.svg
    module_path: boot():/share/cursors/future/wait-01.svg
    module_path: boot():/share/cursors/future/wait-02.svg
    module_path: boot():/share/cursors/future/wait-03.svg
    module_path: boot():/share/cursors/future/wait-04.svg
    module_path: boot():/share/cursors/future/wait-05.svg
    module_path: boot():/share/cursors/future/wait-06.svg
    module_path: boot():/share/cursors/future/wait-07.svg
    module_path: boot():/share/cursors/future/wait-08.svg
    module_path: boot():/share/cursors/future/wait-09.svg
    module_path: boot():/share/cursors/future/wait-10.svg
    module_path: boot():/share/cursors/future/wait-11.svg
    module_path: boot():/share/cursors/future/wait-12.svg
    module_path: boot():/share/cursors/future/wait-13.svg
    module_path: boot():/share/cursors/future/wait-14.svg
    module_path: boot():/share/cursors/future/wait-15.svg
    module_path: boot():/share/cursors/future/wait-16.svg
    module_path: boot():/share/cursors/future/wait-17.svg
    module_path: boot():/share/cursors/future/wait-18.svg
    module_path: boot():/share/cursors/future/wait-19.svg
    module_path: boot():/share/cursors/future/wait-20.svg
    module_path: boot():/share/cursors/future/wait-21.svg
    module_path: boot():/share/cursors/future/wait-22.svg
    module_path: boot():/share/cursors/future/wait-23.svg
    module_path: boot():/share/cursors/future/wait.svg
    module_path: boot():/share/cursors/future/wayland-cursor.svg
    module_path: boot():/share/cursors/future/x-cursor.svg
    module_path: boot():/share/cursors/future/zoom-in.svg
    module_path: boot():/share/cursors/future/zoom-out.svg
    module_path: boot():/share/fonts/unifont.hex
    module_path: boot():/etc/locale.conf
    module_path: boot():/etc/profile
    module_path: boot():/etc/motd
    module_path: boot():/etc/fstab
    module_path: boot():/etc/hostname

/ThingOS (Safe Shell)
    protocol: limine
    resolution: 1920x1080
    kernel_path: boot():/boot/kernel
    kernel_cmdline: loglevel=5 display=bootfb sprout.safe=sh sprout.active_ui=terminal
    module_path: boot():/bin/sprout
    module_cmdline: init
    module_path: boot():/bin/sh
    module_path: boot():/bin/terminal
    module_path: boot():/share/fonts/unifont.hex
    module_path: boot():/etc/locale.conf
    module_path: boot():/etc/profile
    module_path: boot():/etc/motd
    module_path: boot():/etc/fstab
    module_path: boot():/etc/hostname

/ThingOS (Debug)
    protocol: limine
    resolution: 1920x1080
    kernel_path: boot():/boot/kernel
    kernel_cmdline: loglevel=4
    module_path: boot():/bin/sprout
    module_cmdline: init
    module_path: boot():/bin/bristle
    module_path: boot():/drivers/rtc_cmos
    module_cmdline: init
    module_path: boot():/drivers/hwrng
    module_cmdline: init
    module_path: boot():/drivers/ps2_kbd
    module_path: boot():/bin/sh
    module_cmdline: init
    module_path: boot():/bin/ls
    module_cmdline: init
    module_path: boot():/bin/lsusb
    module_cmdline: init
    module_path: boot():/bin/lspci
    module_cmdline: init
    module_path: boot():/bin/ln
    module_cmdline: init
    module_path: boot():/bin/ps
    module_cmdline: init
    module_path: boot():/bin/kill
    module_cmdline: init
    module_path: boot():/bin/killall
    module_cmdline: init
    module_path: boot():/bin/cat
    module_cmdline: init
    module_path: boot():/bin/head
    module_cmdline: init
    module_path: boot():/bin/tail
    module_cmdline: init
    module_path: boot():/bin/top
    module_cmdline: init
    module_path: boot():/bin/wc
    module_cmdline: init
    module_path: boot():/bin/yes
    module_cmdline: init
    module_path: boot():/bin/which
    module_cmdline: init
    module_path: boot():/bin/cp
    module_cmdline: init
    module_path: boot():/bin/mv
    module_cmdline: init
    module_path: boot():/bin/rm
    module_cmdline: init
    module_path: boot():/bin/rmdir
    module_cmdline: init
    module_path: boot():/bin/mkdir
    module_cmdline: init
    module_path: boot():/bin/mount
    module_cmdline: init
    module_path: boot():/bin/echo
    module_cmdline: init
    module_path: boot():/bin/printf
    module_cmdline: init
    module_path: boot():/bin/grep
    module_cmdline: init
    module_path: boot():/bin/pwd
    module_cmdline: init
    module_path: boot():/bin/touch
    module_cmdline: init
    module_path: boot():/bin/setshell
    module_cmdline: init
    module_path: boot():/bin/dmesg
    module_cmdline: init
    module_path: boot():/bin/stat
    module_cmdline: init
    module_path: boot():/bin/file
    module_cmdline: init
    module_path: boot():/bin/dirname
    module_cmdline: init
    module_path: boot():/bin/basename
    module_cmdline: init
    module_path: boot():/bin/sleep
    module_cmdline: init
    module_path: boot():/bin/sort
    module_cmdline: init
    module_path: boot():/bin/env
    module_cmdline: init
    module_path: boot():/bin/uname
    module_path: boot():/bin/true
    module_path: boot():/bin/false
    module_path: boot():/bin/input_echo
    module_path: boot():/drivers/ps2_mouse
    module_path: boot():/drivers/display_bootfb
    module_path: boot():/drivers/display_virtio_gpu
    module_path: boot():/bin/cambium
    module_path: boot():/drivers/virtio_netd
    module_path: boot():/drivers/rtl8168d
    module_path: boot():/bin/netd
    module_path: boot():/bin/mesocarp
    module_path: boot():/bin/mdns
    module_path: boot():/bin/mdnsd
    module_path: boot():/bin/fetchd
    module_path: boot():/bin/httpsd
    module_path: boot():/bin/find
    module_path: boot():/bin/ip
    module_path: boot():/bin/iso_reader
    module_path: boot():/bin/ping
    module_path: boot():/bin/nslookup
    module_path: boot():/drivers/ahci_disk
    module_path: boot():/drivers/ata_disk
    module_path: boot():/bin/iso9660d
    module_path: boot():/drivers/virtio_sound
    module_path: boot():/drivers/hdaudio
    module_path: boot():/drivers/pci_stubd
    module_path: boot():/drivers/xhci
    module_path: boot():/drivers/chime
    module_path: boot():/bin/vfs_hello
    module_path: boot():/bin/show_args
    module_path: boot():/bin/clock
    module_path: boot():/bin/env_roundtrip
    module_path: boot():/bin/cwd_test
    module_path: boot():/bin/date
    module_path: boot():/bin/wayland_hello
    module_path: boot():/bin/terminal
    module_path: boot():/bin/tee
    module_path: boot():/bin/xargs
    module_path: boot():/bin/placed
    module_path: boot():/bin/bloom
    module_path: boot():/bin/clear
    module_path: boot():/bin/loglevel
    module_path: boot():/bin/poll_mux
    module_path: boot():/bin/ipc_service_demo
    module_path: boot():/bin/ipc_pipe_demo
    module_path: boot():/bin/ipc_provider_demo
    module_path: boot():/bin/vfs_test_provider
    module_path: boot():/bin/ipc_memfd_demo
    module_path: boot():/bin/test_exec
    module_path: boot():/bin/test_vm_protect
    module_path: boot():/bin/test_exec_env
    module_path: boot():/bin/test_threads
    module_path: boot():/bin/test_futex
    module_path: boot():/bin/ld_so
    module_path: boot():/bin/test_dyn_loader
    module_path: boot():/bin/test_dlopen
    module_path: boot():/bin/reboot
    module_path: boot():/bin/shutdown
    module_path: boot():/bin/attr_list
    module_path: boot():/bin/attr_get
    module_path: boot():/bin/attr_set
    module_path: boot():/bin/attr_rm
    module_path: boot():/lib/libpistil.so
    module_path: boot():/share/wallpapers/clouds.bmp
    module_path: boot():/share/wallpapers/flower.bmp
    module_path: boot():/share/wallpapers/flower.png
    module_path: boot():/share/wallpapers/leather.bmp
    module_path: boot():/share/wallpapers/linen.bmp
    module_path: boot():/share/fonts/DSEG7Classic-Regular.ttf
    module_path: boot():/share/fonts/Hack-Regular.ttf
    module_path: boot():/share/fonts/Inter-Regular.ttf
    module_path: boot():/share/fonts/Iosevka-Regular.ttf
    module_path: boot():/share/fonts/JetBrainsMono-Regular.ttf
    module_path: boot():/share/fonts/NotoSans-Regular.ttf
    module_path: boot():/share/fonts/NotoSansSymbol-Regular.ttf
    module_path: boot():/share/fonts/NotoSansSymbol2-Regular.ttf
    module_path: boot():/share/fonts/NotoSerif-Regular.ttf
    module_path: boot():/share/themes/solarized_warm.toml
    module_path: boot():/share/cursors/future/alias.svg
    module_path: boot():/share/cursors/future/all-scroll.svg
    module_path: boot():/share/cursors/future/bottom_left_corner.svg
    module_path: boot():/share/cursors/future/bottom_right_corner.svg
    module_path: boot():/share/cursors/future/bottom_side.svg
    module_path: boot():/share/cursors/future/cell.svg
    module_path: boot():/share/cursors/future/center_ptr.svg
    module_path: boot():/share/cursors/future/col-resize.svg
    module_path: boot():/share/cursors/future/color-picker.svg
    module_path: boot():/share/cursors/future/context-menu.svg
    module_path: boot():/share/cursors/future/copy.svg
    module_path: boot():/share/cursors/future/crosshair.svg
    module_path: boot():/share/cursors/future/default.svg
    module_path: boot():/share/cursors/future/dnd-move.svg
    module_path: boot():/share/cursors/future/dnd-no-drop.svg
    module_path: boot():/share/cursors/future/down-arrow.svg
    module_path: boot():/share/cursors/future/draft.svg
    module_path: boot():/share/cursors/future/fleur.svg
    module_path: boot():/share/cursors/future/help.svg
    module_path: boot():/share/cursors/future/left-arrow.svg
    module_path: boot():/share/cursors/future/left_side.svg
    module_path: boot():/share/cursors/future/no-drop.svg
    module_path: boot():/share/cursors/future/not-allowed.svg
    module_path: boot():/share/cursors/future/openhand.svg
    module_path: boot():/share/cursors/future/pencil.svg
    module_path: boot():/share/cursors/future/pirate.svg
    module_path: boot():/share/cursors/future/pointer.svg
    module_path: boot():/share/cursors/future/progress-01.svg
    module_path: boot():/share/cursors/future/progress-02.svg
    module_path: boot():/share/cursors/future/progress-03.svg
    module_path: boot():/share/cursors/future/progress-04.svg
    module_path: boot():/share/cursors/future/progress-05.svg
    module_path: boot():/share/cursors/future/progress-06.svg
    module_path: boot():/share/cursors/future/progress-07.svg
    module_path: boot():/share/cursors/future/progress-08.svg
    module_path: boot():/share/cursors/future/progress-09.svg
    module_path: boot():/share/cursors/future/progress-10.svg
    module_path: boot():/share/cursors/future/progress-11.svg
    module_path: boot():/share/cursors/future/progress-12.svg
    module_path: boot():/share/cursors/future/progress-13.svg
    module_path: boot():/share/cursors/future/progress-14.svg
    module_path: boot():/share/cursors/future/progress-15.svg
    module_path: boot():/share/cursors/future/progress-16.svg
    module_path: boot():/share/cursors/future/progress-17.svg
    module_path: boot():/share/cursors/future/progress-18.svg
    module_path: boot():/share/cursors/future/progress-19.svg
    module_path: boot():/share/cursors/future/progress-20.svg
    module_path: boot():/share/cursors/future/progress-21.svg
    module_path: boot():/share/cursors/future/progress-22.svg
    module_path: boot():/share/cursors/future/progress-23.svg
    module_path: boot():/share/cursors/future/progress.svg
    module_path: boot():/share/cursors/future/right-arrow.svg
    module_path: boot():/share/cursors/future/right_ptr.svg
    module_path: boot():/share/cursors/future/right_side.svg
    module_path: boot():/share/cursors/future/row-resize.svg
    module_path: boot():/share/cursors/future/size_bdiag.svg
    module_path: boot():/share/cursors/future/size_fdiag.svg
    module_path: boot():/share/cursors/future/size_hor.svg
    module_path: boot():/share/cursors/future/size_ver.svg
    module_path: boot():/share/cursors/future/text.svg
    module_path: boot():/share/cursors/future/top_left_corner.svg
    module_path: boot():/share/cursors/future/top_right_corner.svg
    module_path: boot():/share/cursors/future/top_side.svg
    module_path: boot():/share/cursors/future/up-arrow.svg
    module_path: boot():/share/cursors/future/vertical-text.svg
    module_path: boot():/share/cursors/future/wait-01.svg
    module_path: boot():/share/cursors/future/wait-02.svg
    module_path: boot():/share/cursors/future/wait-03.svg
    module_path: boot():/share/cursors/future/wait-04.svg
    module_path: boot():/share/cursors/future/wait-05.svg
    module_path: boot():/share/cursors/future/wait-06.svg
    module_path: boot():/share/cursors/future/wait-07.svg
    module_path: boot():/share/cursors/future/wait-08.svg
    module_path: boot():/share/cursors/future/wait-09.svg
    module_path: boot():/share/cursors/future/wait-10.svg
    module_path: boot():/share/cursors/future/wait-11.svg
    module_path: boot():/share/cursors/future/wait-12.svg
    module_path: boot():/share/cursors/future/wait-13.svg
    module_path: boot():/share/cursors/future/wait-14.svg
    module_path: boot():/share/cursors/future/wait-15.svg
    module_path: boot():/share/cursors/future/wait-16.svg
    module_path: boot():/share/cursors/future/wait-17.svg
    module_path: boot():/share/cursors/future/wait-18.svg
    module_path: boot():/share/cursors/future/wait-19.svg
    module_path: boot():/share/cursors/future/wait-20.svg
    module_path: boot():/share/cursors/future/wait-21.svg
    module_path: boot():/share/cursors/future/wait-22.svg
    module_path: boot():/share/cursors/future/wait-23.svg
    module_path: boot():/share/cursors/future/wait.svg
    module_path: boot():/share/cursors/future/wayland-cursor.svg
    module_path: boot():/share/cursors/future/x-cursor.svg
    module_path: boot():/share/cursors/future/zoom-in.svg
    module_path: boot():/share/cursors/future/zoom-out.svg
    module_path: boot():/share/fonts/unifont.hex
    module_path: boot():/etc/locale.conf
    module_path: boot():/etc/profile
    module_path: boot():/etc/motd
    module_path: boot():/etc/fstab
    module_path: boot():/etc/hostname

/ThingOS (Trace)
    protocol: limine
    resolution: 1920x1080
    kernel_path: boot():/boot/kernel
    kernel_cmdline: loglevel=5
    module_path: boot():/bin/sprout
    module_cmdline: init
    module_path: boot():/bin/bristle
    module_path: boot():/drivers/rtc_cmos
    module_cmdline: init
    module_path: boot():/drivers/hwrng
    module_cmdline: init
    module_path: boot():/drivers/ps2_kbd
    module_path: boot():/bin/sh
    module_cmdline: init
    module_path: boot():/bin/ls
    module_cmdline: init
    module_path: boot():/bin/lsusb
    module_cmdline: init
    module_path: boot():/bin/lspci
    module_cmdline: init
    module_path: boot():/bin/ln
    module_cmdline: init
    module_path: boot():/bin/ps
    module_cmdline: init
    module_path: boot():/bin/kill
    module_cmdline: init
    module_path: boot():/bin/killall
    module_cmdline: init
    module_path: boot():/bin/cat
    module_cmdline: init
    module_path: boot():/bin/head
    module_cmdline: init
    module_path: boot():/bin/tail
    module_cmdline: init
    module_path: boot():/bin/top
    module_cmdline: init
    module_path: boot():/bin/wc
    module_cmdline: init
    module_path: boot():/bin/yes
    module_cmdline: init
    module_path: boot():/bin/which
    module_cmdline: init
    module_path: boot():/bin/cp
    module_cmdline: init
    module_path: boot():/bin/mv
    module_cmdline: init
    module_path: boot():/bin/rm
    module_cmdline: init
    module_path: boot():/bin/rmdir
    module_cmdline: init
    module_path: boot():/bin/mkdir
    module_cmdline: init
    module_path: boot():/bin/mount
    module_cmdline: init
    module_path: boot():/bin/echo
    module_cmdline: init
    module_path: boot():/bin/printf
    module_cmdline: init
    module_path: boot():/bin/grep
    module_cmdline: init
    module_path: boot():/bin/pwd
    module_cmdline: init
    module_path: boot():/bin/touch
    module_cmdline: init
    module_path: boot():/bin/setshell
    module_cmdline: init
    module_path: boot():/bin/dmesg
    module_cmdline: init
    module_path: boot():/bin/stat
    module_cmdline: init
    module_path: boot():/bin/file
    module_cmdline: init
    module_path: boot():/bin/dirname
    module_cmdline: init
    module_path: boot():/bin/basename
    module_cmdline: init
    module_path: boot():/bin/sleep
    module_cmdline: init
    module_path: boot():/bin/sort
    module_cmdline: init
    module_path: boot():/bin/env
    module_cmdline: init
    module_path: boot():/bin/uname
    module_path: boot():/bin/true
    module_path: boot():/bin/false
    module_path: boot():/bin/input_echo
    module_path: boot():/drivers/ps2_mouse
    module_path: boot():/drivers/display_bootfb
    module_path: boot():/drivers/display_virtio_gpu
    module_path: boot():/bin/cambium
    module_path: boot():/drivers/virtio_netd
    module_path: boot():/drivers/rtl8168d
    module_path: boot():/bin/netd
    module_path: boot():/bin/mesocarp
    module_path: boot():/bin/mdns
    module_path: boot():/bin/mdnsd
    module_path: boot():/bin/fetchd
    module_path: boot():/bin/httpsd
    module_path: boot():/bin/find
    module_path: boot():/bin/ip
    module_path: boot():/bin/iso_reader
    module_path: boot():/bin/ping
    module_path: boot():/bin/nslookup
    module_path: boot():/drivers/ahci_disk
    module_path: boot():/drivers/ata_disk
    module_path: boot():/bin/iso9660d
    module_path: boot():/drivers/virtio_sound
    module_path: boot():/drivers/hdaudio
    module_path: boot():/drivers/pci_stubd
    module_path: boot():/drivers/xhci
    module_path: boot():/drivers/chime
    module_path: boot():/bin/vfs_hello
    module_path: boot():/bin/show_args
    module_path: boot():/bin/clock
    module_path: boot():/bin/env_roundtrip
    module_path: boot():/bin/cwd_test
    module_path: boot():/bin/date
    module_path: boot():/bin/wayland_hello
    module_path: boot():/bin/terminal
    module_path: boot():/bin/tee
    module_path: boot():/bin/xargs
    module_path: boot():/bin/placed
    module_path: boot():/bin/bloom
    module_path: boot():/bin/clear
    module_path: boot():/bin/loglevel
    module_path: boot():/bin/poll_mux
    module_path: boot():/bin/ipc_service_demo
    module_path: boot():/bin/ipc_pipe_demo
    module_path: boot():/bin/ipc_provider_demo
    module_path: boot():/bin/vfs_test_provider
    module_path: boot():/bin/ipc_memfd_demo
    module_path: boot():/bin/test_exec
    module_path: boot():/bin/test_vm_protect
    module_path: boot():/bin/test_exec_env
    module_path: boot():/bin/test_threads
    module_path: boot():/bin/test_futex
    module_path: boot():/bin/ld_so
    module_path: boot():/bin/test_dyn_loader
    module_path: boot():/bin/test_dlopen
    module_path: boot():/bin/reboot
    module_path: boot():/bin/shutdown
    module_path: boot():/bin/attr_list
    module_path: boot():/bin/attr_get
    module_path: boot():/bin/attr_set
    module_path: boot():/bin/attr_rm
    module_path: boot():/lib/libpistil.so
    module_path: boot():/share/wallpapers/clouds.bmp
    module_path: boot():/share/wallpapers/flower.bmp
    module_path: boot():/share/wallpapers/flower.png
    module_path: boot():/share/wallpapers/leather.bmp
    module_path: boot():/share/wallpapers/linen.bmp
    module_path: boot():/share/fonts/DSEG7Classic-Regular.ttf
    module_path: boot():/share/fonts/Hack-Regular.ttf
    module_path: boot():/share/fonts/Inter-Regular.ttf
    module_path: boot():/share/fonts/Iosevka-Regular.ttf
    module_path: boot():/share/fonts/JetBrainsMono-Regular.ttf
    module_path: boot():/share/fonts/NotoSans-Regular.ttf
    module_path: boot():/share/fonts/NotoSansSymbol-Regular.ttf
    module_path: boot():/share/fonts/NotoSansSymbol2-Regular.ttf
    module_path: boot():/share/fonts/NotoSerif-Regular.ttf
    module_path: boot():/share/themes/solarized_warm.toml
    module_path: boot():/share/cursors/future/alias.svg
    module_path: boot():/share/cursors/future/all-scroll.svg
    module_path: boot():/share/cursors/future/bottom_left_corner.svg
    module_path: boot():/share/cursors/future/bottom_right_corner.svg
    module_path: boot():/share/cursors/future/bottom_side.svg
    module_path: boot():/share/cursors/future/cell.svg
    module_path: boot():/share/cursors/future/center_ptr.svg
    module_path: boot():/share/cursors/future/col-resize.svg
    module_path: boot():/share/cursors/future/color-picker.svg
    module_path: boot():/share/cursors/future/context-menu.svg
    module_path: boot():/share/cursors/future/copy.svg
    module_path: boot():/share/cursors/future/crosshair.svg
    module_path: boot():/share/cursors/future/default.svg
    module_path: boot():/share/cursors/future/dnd-move.svg
    module_path: boot():/share/cursors/future/dnd-no-drop.svg
    module_path: boot():/share/cursors/future/down-arrow.svg
    module_path: boot():/share/cursors/future/draft.svg
    module_path: boot():/share/cursors/future/fleur.svg
    module_path: boot():/share/cursors/future/help.svg
    module_path: boot():/share/cursors/future/left-arrow.svg
    module_path: boot():/share/cursors/future/left_side.svg
    module_path: boot():/share/cursors/future/no-drop.svg
    module_path: boot():/share/cursors/future/not-allowed.svg
    module_path: boot():/share/cursors/future/openhand.svg
    module_path: boot():/share/cursors/future/pencil.svg
    module_path: boot():/share/cursors/future/pirate.svg
    module_path: boot():/share/cursors/future/pointer.svg
    module_path: boot():/share/cursors/future/progress-01.svg
    module_path: boot():/share/cursors/future/progress-02.svg
    module_path: boot():/share/cursors/future/progress-03.svg
    module_path: boot():/share/cursors/future/progress-04.svg
    module_path: boot():/share/cursors/future/progress-05.svg
    module_path: boot():/share/cursors/future/progress-06.svg
    module_path: boot():/share/cursors/future/progress-07.svg
    module_path: boot():/share/cursors/future/progress-08.svg
    module_path: boot():/share/cursors/future/progress-09.svg
    module_path: boot():/share/cursors/future/progress-10.svg
    module_path: boot():/share/cursors/future/progress-11.svg
    module_path: boot():/share/cursors/future/progress-12.svg
    module_path: boot():/share/cursors/future/progress-13.svg
    module_path: boot():/share/cursors/future/progress-14.svg
    module_path: boot():/share/cursors/future/progress-15.svg
    module_path: boot():/share/cursors/future/progress-16.svg
    module_path: boot():/share/cursors/future/progress-17.svg
    module_path: boot():/share/cursors/future/progress-18.svg
    module_path: boot():/share/cursors/future/progress-19.svg
    module_path: boot():/share/cursors/future/progress-20.svg
    module_path: boot():/share/cursors/future/progress-21.svg
    module_path: boot():/share/cursors/future/progress-22.svg
    module_path: boot():/share/cursors/future/progress-23.svg
    module_path: boot():/share/cursors/future/progress.svg
    module_path: boot():/share/cursors/future/right-arrow.svg
    module_path: boot():/share/cursors/future/right_ptr.svg
    module_path: boot():/share/cursors/future/right_side.svg
    module_path: boot():/share/cursors/future/row-resize.svg
    module_path: boot():/share/cursors/future/size_bdiag.svg
    module_path: boot():/share/cursors/future/size_fdiag.svg
    module_path: boot():/share/cursors/future/size_hor.svg
    module_path: boot():/share/cursors/future/size_ver.svg
    module_path: boot():/share/cursors/future/text.svg
    module_path: boot():/share/cursors/future/top_left_corner.svg
    module_path: boot():/share/cursors/future/top_right_corner.svg
    module_path: boot():/share/cursors/future/top_side.svg
    module_path: boot():/share/cursors/future/up-arrow.svg
    module_path: boot():/share/cursors/future/vertical-text.svg
    module_path: boot():/share/cursors/future/wait-01.svg
    module_path: boot():/share/cursors/future/wait-02.svg
    module_path: boot():/share/cursors/future/wait-03.svg
    module_path: boot():/share/cursors/future/wait-04.svg
    module_path: boot():/share/cursors/future/wait-05.svg
    module_path: boot():/share/cursors/future/wait-06.svg
    module_path: boot():/share/cursors/future/wait-07.svg
    module_path: boot():/share/cursors/future/wait-08.svg
    module_path: boot():/share/cursors/future/wait-09.svg
    module_path: boot():/share/cursors/future/wait-10.svg
    module_path: boot():/share/cursors/future/wait-11.svg
    module_path: boot():/share/cursors/future/wait-12.svg
    module_path: boot():/share/cursors/future/wait-13.svg
    module_path: boot():/share/cursors/future/wait-14.svg
    module_path: boot():/share/cursors/future/wait-15.svg
    module_path: boot():/share/cursors/future/wait-16.svg
    module_path: boot():/share/cursors/future/wait-17.svg
    module_path: boot():/share/cursors/future/wait-18.svg
    module_path: boot():/share/cursors/future/wait-19.svg
    module_path: boot():/share/cursors/future/wait-20.svg
    module_path: boot():/share/cursors/future/wait-21.svg
    module_path: boot():/share/cursors/future/wait-22.svg
    module_path: boot():/share/cursors/future/wait-23.svg
    module_path: boot():/share/cursors/future/wait.svg
    module_path: boot():/share/cursors/future/wayland-cursor.svg
    module_path: boot():/share/cursors/future/x-cursor.svg
    module_path: boot():/share/cursors/future/zoom-in.svg
    module_path: boot():/share/cursors/future/zoom-out.svg
    module_path: boot():/share/fonts/unifont.hex
    module_path: boot():/etc/locale.conf
    module_path: boot():/etc/profile
    module_path: boot():/etc/motd
    module_path: boot():/etc/fstab
    module_path: boot():/etc/hostname

--- END DEBUG ---
$ xorriso -as mkisofs -R -J -b boot/limine/limine-bios-cd.bin -no-emul-boot -boot-load-size 4 -boot-info-table --efi-boot boot/limine/limine-uefi-cd.bin -efi-boot-part --efi-boot-image --protective-msdos-label iso_root_352974416 -o thing-os-x86_64-1777660363-352974416.iso
xorriso 1.5.6 : RockRidge filesystem manipulator, libburnia project.

Drive current: -outdev 'stdio:thing-os-x86_64-1777660363-352974416.iso'
Media current: stdio file, overwriteable
Media status : is blank
Media summary: 0 sessions, 0 data blocks, 0 data,  665g free
Added to ISO image: directory '/'='/home/dancxjo/src/thingos/iso_root_352974416'
xorriso : UPDATE :   16463 files added in 1 seconds
xorriso : UPDATE :   16463 files added in 1 seconds
libisofs: WARNING : Cannot add /share/icons/chicago95/actions/16/action-unavailable-symbolic.png to Joliet tree. Symlinks can only be added to a Rock Ridge tree.
libisofs: WARNING : More symbolic links were omitted from Joliet tree.
libisofs: WARNING : Number of symbolic links omitted from Joliet tree: 11035
xorriso : UPDATE :  64.30% done
ISO image produced: 65952 sectors
Written to medium : 65952 sectors at LBA 0
Writing to 'stdio:thing-os-x86_64-1777660363-352974416.iso' completed successfully.

$ ./vendor/limine/limine bios-install thing-os-x86_64-1777660363-352974416.iso
Physical block size of 512 bytes.
Installing to GPT. Logical block size of 512 bytes.
Secondary header at LBA 0x4067f.
Secondary header valid.
Detected ISOHYBRID with a GUID partition table (GPT).
Converting to MBR for improved compatibility...
Conversion successful.
No active partition found, some systems may not boot.
Setting partition 1 as active to work around the issue...
Installing to MBR.
Stage 2 to be located at byte offset 0x200.
Reminder: Remember to copy the limine-bios.sys file in either
          the root, /boot, /limine, or /boot/limine directories of
          one of the partitions on the device, or boot will fail!
Limine BIOS stages installed successfully.
ISO created: thing-os-x86_64-1777660363-352974416.iso
Running thing-os-x86_64 in QEMU...
xtask: host port 8888 is busy; skipping HTTP forward
xtask: host port 2323 is busy; skipping telnet forward
$ qemu-system-x86_64 -M q35 -drive if=pflash,unit=0,format=raw,file=vendor/ovmf/ovmf-code-x86_64.fd,readonly=on -drive if=pflash,unit=1,format=raw,file=vendor/ovmf/ovmf-vars-x86_64.fd -cdrom thing-os-x86_64-1777660363-352974416.iso -no-reboot -device virtio-net-pci,netdev=n0,mac=52:54:00:12:34:56,disable-legacy=on -netdev user,id=n0 -device virtio-vga -M q35,usb=off,vmport=off,i8042=on -audiodev pipewire,id=audio0 -device virtio-sound-pci,audiodev=audio0 -chardev stdio,id=char0,signal=off -serial chardev:char0 -m 2G -smp 4 -display none -qmp unix:/tmp/freeze-hunter-0000-av2h6y_9/qmp.sock,server=on,wait=off
[2J[01;01H[=3h[2J[01;01H[2J[01;01H[8;042;160t0[2J[01;01H[2J[01;01H[8;056;240t0[2J[01;01HBdsDxe: loading Boot0002 "UEFI QEMU DVD-ROM QM00005 " from PciRoot(0x0)/Pci(0x1F,0x2)/Sata(0x2,0xFFFF,0x0)
BdsDxe: starting Boot0002 "UEFI QEMU DVD-ROM QM00005 " from PciRoot(0x0)/Pci(0x1F,0x2)/Sata(0x2,0xFFFF,0x0)
[2J[01;01H[01;01H[2J[01;01H[01;01H[38351939208] [[32mINFO [0m] [kernel::boot_progress] [CPU0] boot_progress: milestone="Framebuffer Initialized"
[38386925478] [[35mTRACE[0m] [kernel::memory] [CPU0] [kernel:mem:init] enter
[38389956759] [[35mTRACE[0m] [kernel::memory] [CPU0] [kernel:mem:init] phys_memory_map ok
[38390701569] [[35mTRACE[0m] [kernel::memory] [CPU0] [kernel:mem:init] modules ok
[38391423807] [[35mTRACE[0m] [kernel::memory] [CPU0] [kernel:mem:init] phys_to_virt_offset ok
[38391935043] [[35mTRACE[0m] [kernel::memory] [CPU0] [kernel:mem:init] memory map logging done
[38417421966] [[35mTRACE[0m] [kernel::memory] [CPU0] [kernel:mem:init] boot_frame_alloc init ok
[38637029838] [[35mTRACE[0m] [kernel::memory] [CPU0] [kernel:mem:init] frame allocator build ok
[38638017792] [[35mTRACE[0m] [kernel::memory] [CPU0] [kernel:mem:init] frame allocator log ok
[38639084484] [[35mTRACE[0m] [kernel::memory] [CPU0] [kernel:mem:init] FRAME_ALLOCATOR init ok
[38639986935] [[35mTRACE[0m] [kernel::memory] [CPU0] [kernel:mem:init] tasking init ok
[38640617730] [[32mINFO [0m] [kernel::boot_progress] [CPU0] boot_progress: milestone="Memory Map OK"
[38664001596] [[32mINFO [0m] [kernel] [CPU0] Initializing global allocator...
[38665704330] [[34mDEBUG[0m] [kernel::memory::global_alloc] [CPU0] [kernel:global_alloc] enter
[38666468181] [[34mDEBUG[0m] [kernel::memory::global_alloc] [CPU0] [kernel:global_alloc] set expand hook
[38667047562] [[34mDEBUG[0m] [kernel::memory::global_alloc] [CPU0] [kernel:global_alloc] expand hook ok
[38667590610] [[34mDEBUG[0m] [kernel::memory::global_alloc] [CPU0] [kernel:global_alloc] kernel_heap lock begin
[38668449765] [[34mDEBUG[0m] [kernel::memory::global_alloc] [CPU0] [kernel:global_alloc] kernel_heap lock ok
[38669044920] [[35mTRACE[0m] [kernel::memory::global_alloc] [CPU0] [kernel:global_alloc] reserve_region begin
[38698992948] [[35mTRACE[0m] [kernel::memory::global_alloc] [CPU0] [kernel:global_alloc] reserve_region ok
[38699822304] [[35mTRACE[0m] [kernel::memory::global_alloc] [CPU0] [kernel:global_alloc] inner allocator init begin
[38702704491] [[35mTRACE[0m] [kernel::memory::global_alloc] [CPU0] [kernel:global_alloc] inner allocator init ok
[38703469068] [[35mTRACE[0m] [kernel::memory::global_alloc] [CPU0] [kernel:global_alloc] heap top store ok
[38704041387] [[35mTRACE[0m] [kernel::memory::global_alloc] [CPU0] [kernel:global_alloc] init done
[38704700760] [[32mINFO [0m] [kernel::boot_progress] [CPU0] boot_progress: milestone="Global Allocator"
[38728151979] [[34mDEBUG[0m] [kernel::vfs::devfs] [CPU0] devfs: set_boot_fb width=1920 height=1080 pitch=7680 resource_id=0xfb000000 phys=0x80000000
[38730431520] [[34mDEBUG[0m] [kernel] [CPU0] [kernel:start] framebuffer/devfs set_boot_fb elapsed_ticks=2244561 elapsed_us=1122
[38736425145] [[34mDEBUG[0m] [kernel] [CPU0] [kernel:start] framebuffer/devfs FbNode::new elapsed_ticks=5043060 elapsed_us=2521
[38737229982] [[35mTRACE[0m] [kernel::vfs::devfs] [CPU0] [kernel:devfs] register begin
[38742805893] [[35mTRACE[0m] [kernel::vfs::devfs] [CPU0] [kernel:devfs] register ok
[38744159190] [[34mDEBUG[0m] [kernel] [CPU0] [kernel:start] framebuffer/devfs register fb0 elapsed_ticks=6723420 elapsed_us=3361
[38745268320] [[32mINFO [0m] [kernel::boot_progress] [CPU0] boot_progress: milestone="Display Registry"
[38766860880] [[32mINFO [0m] [kernel] [CPU0] Initializing SIMD...
[38769009114] [[32mINFO [0m] [kernel::boot_progress] [CPU0] boot_progress: milestone="SIMD Ready"
[38805437913] [[34mDEBUG[0m] [kernel] [CPU0] Seeding entropy pool...
[38807420751] [[35mTRACE[0m] [kernel::entropy] [CPU0] [kernel:entropy] seed begin
[38808536415] [[35mTRACE[0m] [kernel::entropy] [CPU0] [kernel:entropy] fill_entropy done
[38810941125] [[35mTRACE[0m] [kernel::entropy] [CPU0] [kernel:entropy] add_sample(timer) ok
[38811546510] [[35mTRACE[0m] [kernel::entropy] [CPU0] [kernel:entropy] mark_seeded(timer) ok
[38812076655] [[33mWARN [0m] [kernel::entropy] [CPU0] ENTROPY: no hardware RNG available, using timer fallback (weak entropy)
[38812651779] [[34mDEBUG[0m] [kernel::entropy] [CPU0] ENTROPY: marked seeded with weak entropy (timer-only fallback)
[38813176017] [[35mTRACE[0m] [kernel::entropy] [CPU0] [kernel:entropy] seed done
[38814262608] [[34mDEBUG[0m] [kernel] [CPU0] [kernel:start] entropy::seed_from_hardware elapsed_ticks=6889047 elapsed_us=3444
[38814899178] [[32mINFO [0m] [kernel::boot_progress] [CPU0] boot_progress: milestone="SIMD Ready"
[38836873482] [[32mINFO [0m] [kernel] [CPU0] Initializing tasking...
[38846358507] [[35mTRACE[0m] [kernel::sched] [CPU0]   Acquiring scheduler lock...
[38847514233] [[35mTRACE[0m] [kernel::sched] [CPU0]   Lock acquired, checking if initialized...
[38848170108] [[35mTRACE[0m] [kernel::sched] [CPU0]   Allocating scheduler...
[38852161821] [[35mTRACE[0m] [kernel::sched] [CPU0]   Leaking scheduler...
[38852756283] [[35mTRACE[0m] [kernel::sched] [CPU0]   Initializing boot task...
[38855087766] [[34mDEBUG[0m] [kernel::sched] [CPU0] SCHED: allocating CpuScheduler for cpu0 (total=1)
[38856037968] [[32mINFO [0m] [kernel::sched] [CPU0] SCHED: 1 per-CPU scheduler(s) allocated
[38856635004] [[32mINFO [0m] [kernel::sched] [CPU0] SCHED: per-CPU preemption initialized (1 independent preemption domains, no global preemption lock)
[38857648665] [[35mTRACE[0m] [kernel::sched] [CPU0]   Creating boot task...
[38870679210] [[35mTRACE[0m] [kernel::sched] [CPU0]   Creating idle tasks...
[38872025841] [[34mDEBUG[0m] [bran::arch::x86_64::task] [CPU0] INIT KERNEL CTX: entry=0xffffffff8008b400 kstack_top=0xffffffffb0020660 arg=0x0
[38874067188] [[34mDEBUG[0m] [kernel::sched::spawn] [CPU0] SCHED: Task 1 assigned to CPU 0
[38895384396] [[35mTRACE[0m] [kernel::sched] [CPU0]   Boot task initialized
[38897690964] [[34mDEBUG[0m] [kernel::sched::state] [CPU0] SCHED[cpu0]: current=Some(0) idle=Some(1) runnable=0 need_resched=true
[38898949683] [[35mTRACE[0m] [kernel::sched] [CPU0]   Storing scheduler pointer...
[38900109765] [[32mINFO [0m] [kernel::sched] [CPU0] Scheduler initialized
[38901091251] [[32mINFO [0m] [kernel::boot_progress] [CPU0] boot_progress: milestone="Tasking Initialized"
[38922205971] [[34mDEBUG[0m] [kernel] [CPU0] Initializing VFS...
[38925979884] [[34mDEBUG[0m] [kernel] [CPU0] [kernel:start] scheduler-entry step='set_cmdline' elapsed_ticks=2914593 elapsed_us=1457 total_ticks=3610761 total_us=1805
[38946516840] [[34mDEBUG[0m] [kernel::vfs] [CPU0] VFS: Created /dev/display directory
[38947512450] [[34mDEBUG[0m] [kernel::vfs] [CPU0] VFS: Created /dev/storage directory
[38987995068] [[34mDEBUG[0m] [kernel::vfs] [CPU0] vfs: mounted union filesystem at / (root)
[38991250551] [[34mDEBUG[0m] [kernel::vfs] [CPU0] vfs: mounted devfs at /dev
[38992695225] [[34mDEBUG[0m] [kernel::vfs] [CPU0] vfs: mounted procfs at /proc
[38993822637] [[34mDEBUG[0m] [kernel::vfs] [CPU0] vfs: mounted sysfs at /sys
[38998526160] [[34mDEBUG[0m] [kernel::vfs] [CPU0] vfs: mounted tmpfs at /tmp
[38999642253] [[34mDEBUG[0m] [kernel::vfs] [CPU0] vfs: mounted tmpfs at /run
[39000547245] [[34mDEBUG[0m] [kernel::vfs] [CPU0] vfs: mounted tmpfs at /services
[39001642911] [[34mDEBUG[0m] [kernel::vfs] [CPU0] vfs: mounted tmpfs at /session
[39002939382] [[34mDEBUG[0m] [kernel::vfs] [CPU0] vfs: mounted tmpfs at /data
[39003540147] [[34mDEBUG[0m] [kernel] [CPU0] [kernel:start] scheduler-entry step='vfs_init' elapsed_ticks=76768626 elapsed_us=38384 total_ticks=81434892 total_us=40717
[39004275585] [[32mINFO [0m] [kernel::boot_progress] [CPU0] boot_progress: milestone="VFS Root Ready"
[39025159701] [[34mDEBUG[0m] [kernel] [CPU0] Scanning PCI bus...
[39031403763] [[34mDEBUG[0m] [kernel] [CPU0] PCI: Discovered 0x8086:0x29c0 at 00:00.0 class=060000 id=1
[39036256017] [[35mTRACE[0m] [kernel] [CPU0]   BAR1 (MEM32): 0x80883000 (size 0x1000)
[39049254156] [[35mTRACE[0m] [kernel] [CPU0]   BAR4 (MEM64): 0xc000000000 (size 0x4000)
[39050192907] [[34mDEBUG[0m] [kernel] [CPU0] PCI: Discovered 0x1af4:0x1041 at 00:01.0 class=020000 id=2
[39054642330] [[35mTRACE[0m] [kernel] [CPU0]   BAR0 (MEM32): 0x80000000 (size 0x800000)
[39068057622] [[35mTRACE[0m] [kernel] [CPU0]   BAR2 (MEM64): 0xc000004000 (size 0x4000)
[39074349600] [[35mTRACE[0m] [kernel] [CPU0]   BAR4 (MEM32): 0x80882000 (size 0x1000)
[39075150675] [[34mDEBUG[0m] [kernel] [CPU0] PCI: Discovered 0x1af4:0x1050 at 00:02.0 class=030000 id=3
[39077358606] [[35mTRACE[0m] [kernel] [CPU0]   BAR1 (MEM32): 0x80881000 (size 0x1000)
[39085803867] [[35mTRACE[0m] [kernel] [CPU0]   BAR4 (MEM64): 0xc000008000 (size 0x4000)
[39086828484] [[34mDEBUG[0m] [kernel] [CPU0] PCI: Discovered 0x1af4:0x1059 at 00:03.0 class=040100 id=4
[39088223592] [[34mDEBUG[0m] [kernel] [CPU0] PCI: Discovered 0x8086:0x2918 at 00:1f.0 class=060100 id=5
[39092118252] [[35mTRACE[0m] [kernel] [CPU0]   BAR4 (I/O):  0x6040 (size 0x20)
[39095596749] [[35mTRACE[0m] [kernel] [CPU0]   BAR5 (MEM32): 0x80880000 (size 0x1000)
[39096490257] [[34mDEBUG[0m] [kernel] [CPU0] PCI: Discovered 0x8086:0x2922 at 00:1f.2 class=010601 id=6
[39098948427] [[35mTRACE[0m] [kernel] [CPU0]   BAR4 (I/O):  0x6000 (size 0x40)
[39099647961] [[34mDEBUG[0m] [kernel] [CPU0] PCI: Discovered 0x8086:0x2930 at 00:1f.3 class=0c0500 id=7
[39102001059] [[34mDEBUG[0m] [kernel] [CPU0] [kernel:start] scheduler-entry step='scan_pci' elapsed_ticks=76014708 elapsed_us=38007 total_ticks=179889897 total_us=89944
[39102686535] [[32mINFO [0m] [kernel::boot_progress] [CPU0] boot_progress: milestone="PCI Bus Scanned"
[39126648330] [[34mDEBUG[0m] [kernel] [CPU0] [kernel:start] scheduler-entry step='register_legacy_devices' elapsed_ticks=1302609 elapsed_us=651 total_ticks=204515685 total_us=102257
[39127654533] [[32mINFO [0m] [kernel::boot_progress] [CPU0] boot_progress: milestone="Legacy Devices"
[39148539771] [[34mDEBUG[0m] [kernel] [CPU0] System initialized. Setting up preemption timer (100Hz)...
[39157186530] [[34mDEBUG[0m] [bran::arch] [CPU0] IOAPIC: hhdm=0xffff800000000000
[39157882599] [[34mDEBUG[0m] [bran::arch] [CPU0] IOAPIC: Disabling legacy PIC...
[39158859861] [[34mDEBUG[0m] [bran::arch] [CPU0] IOAPIC: PIC disabled OK
[39159726408] [[34mDEBUG[0m] [bran::arch] [CPU0] IOAPIC: RSDP virt=0x7f77e014
[39163535334] [[34mDEBUG[0m] [bran::arch::x86_64::acpi] [CPU0] MADT: total length 144
[39165140421] [[35mTRACE[0m] [bran::arch::x86_64::acpi] [CPU0] MADT: Entry type 0, len 8 at 0xffff80007f77802c
[39165953871] [[35mTRACE[0m] [bran::arch::x86_64::acpi] [CPU0] MADT: Entry type 0, len 8 at 0xffff80007f778034
[39166470618] [[35mTRACE[0m] [bran::arch::x86_64::acpi] [CPU0] MADT: Entry type 0, len 8 at 0xffff80007f77803c
[39167005152] [[35mTRACE[0m] [bran::arch::x86_64::acpi] [CPU0] MADT: Entry type 0, len 8 at 0xffff80007f778044
[39167519985] [[35mTRACE[0m] [bran::arch::x86_64::acpi] [CPU0] MADT: Entry type 1, len 12 at 0xffff80007f77804c
[39173016630] [[35mTRACE[0m] [bran::arch::x86_64::acpi] [CPU0] MADT: Entry type 2, len 10 at 0xffff80007f778058
[39174006762] [[35mTRACE[0m] [bran::arch::x86_64::acpi] [CPU0] MADT: Entry type 2, len 10 at 0xffff80007f778062
[39174637458] [[35mTRACE[0m] [bran::arch::x86_64::acpi] [CPU0] MADT: Entry type 2, len 10 at 0xffff80007f77806c
[39175270563] [[35mTRACE[0m] [bran::arch::x86_64::acpi] [CPU0] MADT: Entry type 2, len 10 at 0xffff80007f778076
[39175906143] [[35mTRACE[0m] [bran::arch::x86_64::acpi] [CPU0] MADT: Entry type 2, len 10 at 0xffff80007f778080
[39176533605] [[35mTRACE[0m] [bran::arch::x86_64::acpi] [CPU0] MADT: Entry type 4, len 6 at 0xffff80007f77808a
[39177577989] [[34mDEBUG[0m] [bran::arch] [CPU0] IOAPIC: MADT parsed OK
[39178654119] [[34mDEBUG[0m] [bran::arch] [CPU0] SMP: Found 4 CPUs (CPU_COUNT now = 4)
[39179425131] [[34mDEBUG[0m] [bran::arch] [CPU0] IOAPIC: Found at phys 0xfec00000, GSI base 0
[39180971709] [[34mDEBUG[0m] [bran::arch] [CPU0] IOAPIC: Registers initialized
[39182031900] [[34mDEBUG[0m] [bran::arch] [CPU0] IOAPIC: Local APIC enabled (SVR=0x1FF, TPR=0)
[39183167628] [[34mDEBUG[0m] [bran::arch] [CPU0] IOAPIC: version 0x20, 24 redir entries
[39184403709] [[34mDEBUG[0m] [bran::arch] [CPU0] IOAPIC: All pins masked
[39186005463] [[35mTRACE[0m] [bran::arch] [CPU0] IOAPIC: IRQ1 -> GSI 1 -> NMI
[39186971736] [[35mTRACE[0m] [bran::arch] [CPU0] IOAPIC: IRQ12 -> GSI 12 -> 0x2C
[39187925832] [[35mTRACE[0m] [bran::arch] [CPU0] IOAPIC: IRQ4 -> GSI 4 -> 0x24
[39188598471] [[34mDEBUG[0m] [bran::arch] [CPU0] IOAPIC: Init complete
[39223199499] [[34mDEBUG[0m] [bran::arch::x86_64::ioapic] [CPU0] LAPIC: calibrated 62675300 ticks/sec (delta=626753, ok=true) -> init_cnt=626753
[39224896029] [[34mDEBUG[0m] [bran::arch::x86_64] [CPU0] LAPIC: calibrated timer (62675300 ticks/sec), init_cnt=626753 for 100Hz
[39225708060] [[34mDEBUG[0m] [kernel] [CPU0] [kernel:start] scheduler-entry step='setup_preemption_timer' elapsed_ticks=76564026 elapsed_us=38282 total_ticks=303599208 total_us=151799
[39226610808] [[32mINFO [0m] [kernel::boot_progress] [CPU0] boot_progress: milestone="BSP Timer OK"
[39248212344] [[34mDEBUG[0m] [kernel] [CPU0] Kernel: Detected 4 CPUs. Starting 3 secondaries...
[39249235905] [[34mDEBUG[0m] [bran::arch::x86_64] [CPU0] SMP: Starting 3 secondary CPUs...
[39250726482] [[34mDEBUG[0m] [bran::arch::x86_64] [CPU0] SMP: Initializing trampoline at 0x8000
[39253024569] [[34mDEBUG[0m] [bran::arch::x86_64] [CPU0] SMP: Starting CPU 1 (APIC 1)
[39282115026] [[34mDEBUG[0m] [bran::arch::x86_64] [CPU0] SMP: CPU 1 (APIC 1) is online
[39283530561] [[34mDEBUG[0m] [bran::arch::x86_64] [CPU0] SMP: Starting CPU 2 (APIC 2)
[39285105618] [[34mDEBUG[0m] [bran::arch::x86_64] [CPU1] SMP: CPU 1 initializing preemption timer (vec=32 init_cnt=626753)
[39286961175] [[34mDEBUG[0m] [kernel] [CPU1] SMP: kernel_secondary_entry arg_cpu=1 runtime_cpu=1
[39287759082] [[34mDEBUG[0m] [kernel] [CPU1] SMP: Entering kernel_secondary_entry for CPU 1
[39289484553] [[34mDEBUG[0m] [kernel::sched] [CPU1] SMP: CPU 1 online (triggered by scheduler spawn)
[39294457488] [[34mDEBUG[0m] [bran::arch::x86_64::task] [CPU1] INIT KERNEL CTX: entry=0xffffffff8008b400 kstack_top=0xffffffffb00373a0 arg=0x1
[39295282356] [[34mDEBUG[0m] [kernel::sched::spawn] [CPU1] SCHED: Task 2 assigned to CPU 1
[39298499097] [[34mDEBUG[0m] [kernel::sched] [CPU1] REGISTRY: Applying 2 deferred inserts
[39304969506] [[34mDEBUG[0m] [kernel::sched] [CPU1] REGISTRY: Inserting TID=1
[39305716230] [[34mDEBUG[0m] [kernel::sched] [CPU1] REGISTRY: Inserting TID=2
[39307157802] [[34mDEBUG[0m] [kernel::sched] [CPU1] REGISTRY: Inserts applied
[39307975641] [[34mDEBUG[0m] [kernel::sched::lifecycle] [CPU1] SMP: Secondary CPU 1 online!
[39308738733] [[34mDEBUG[0m] [kernel::task] [CPU1] SMP: run_scheduler entry on CPU 1
[39309384642] [[34mDEBUG[0m] [bran::arch::x86_64] [CPU0] SMP: CPU 2 (APIC 2) is online
[39309487602] [[34mDEBUG[0m] [kernel::task] [CPU1] SMP: bootstrap_cpu start on CPU 1
[39309263862] [[34mDEBUG[0m] [bran::arch::x86_64] [CPU2] SMP: CPU 2 initializing preemption timer (vec=32 init_cnt=626753)
[39310245942] [[34mDEBUG[0m] [bran::arch::x86_64] [CPU0] SMP: Starting CPU 3 (APIC 3)
[39311019891] [[34mDEBUG[0m] [kernel::task] [CPU1] SMP: CPU 1 bootstrapped with idle thread 2 and is now schedulable
[39311543073] [[34mDEBUG[0m] [kernel] [CPU2] SMP: kernel_secondary_entry arg_cpu=2 runtime_cpu=2
[39312700911] [[34mDEBUG[0m] [kernel] [CPU2] SMP: Entering kernel_secondary_entry for CPU 2
[39324506034] [[34mDEBUG[0m] [kernel::sched] [CPU2] SMP: CPU 2 online (triggered by scheduler spawn)
[39325952325] [[34mDEBUG[0m] [bran::arch::x86_64::task] [CPU2] INIT KERNEL CTX: entry=0xffffffff8008b400 kstack_top=0xffffffffb0048b20 arg=0x2
[39326719872] [[34mDEBUG[0m] [kernel::sched::spawn] [CPU2] SCHED: Task 3 assigned to CPU 2
[39328726305] [[34mDEBUG[0m] [kernel::sched] [CPU2] REGISTRY: Applying 1 deferred inserts
[39329423793] [[34mDEBUG[0m] [kernel::sched] [CPU2] REGISTRY: Inserting TID=3
[39330109401] [[34mDEBUG[0m] [kernel::sched] [CPU2] REGISTRY: Inserts applied
[39331148043] [[34mDEBUG[0m] [kernel::sched::lifecycle] [CPU2] SMP: Secondary CPU 2 online!
[39331735443] [[34mDEBUG[0m] [kernel::task] [CPU2] SMP: run_scheduler entry on CPU 2
[39332205693] [[34mDEBUG[0m] [kernel::task] [CPU2] SMP: bootstrap_cpu start on CPU 2
[39332775009] [[34mDEBUG[0m] [kernel::task] [CPU2] SMP: CPU 2 bootstrapped with idle thread 3 and is now schedulable
[39335979111] [[34mDEBUG[0m] [bran::arch::x86_64] [CPU3] SMP: CPU 3 initializing preemption timer (vec=32 init_cnt=626753)
[39335910570] [[34mDEBUG[0m] [bran::arch::x86_64] [CPU0] SMP: CPU 3 (APIC 3) is online
[39337592547] [[34mDEBUG[0m] [kernel] [CPU3] SMP: kernel_secondary_entry arg_cpu=3 runtime_cpu=3
[39338238423] [[34mDEBUG[0m] [bran::arch::x86_64] [CPU0] SMP: Secondary CPU startup complete
[39338393457] [[34mDEBUG[0m] [kernel] [CPU3] SMP: Entering kernel_secondary_entry for CPU 3
[39339157473] [[34mDEBUG[0m] [kernel] [CPU0] Kernel: Secondary CPU bring-up complete.
[39339191067] [[34mDEBUG[0m] [kernel::sched] [CPU3] SMP: CPU 3 online (triggered by scheduler spawn)
[39339922017] [[34mDEBUG[0m] [kernel] [CPU0] [kernel:start] scheduler-entry step='start_secondary_cpus' elapsed_ticks=91953576 elapsed_us=45976 total_ticks=417819204 total_us=208909
[39340582941] [[34mDEBUG[0m] [bran::arch::x86_64::task] [CPU3] INIT KERNEL CTX: entry=0xffffffff8008b400 kstack_top=0xffffffffb005a2a0 arg=0x3
[39340645575] [[32mINFO [0m] [kernel::boot_progress] [CPU0] boot_progress: milestone="SMP Bring-up"
[39341493048] [[34mDEBUG[0m] [kernel::sched::spawn] [CPU3] SCHED: Task 4 assigned to CPU 3
[39342948678] [[34mDEBUG[0m] [kernel::sched] [CPU3] REGISTRY: Applying 1 deferred inserts
[39343678341] [[34mDEBUG[0m] [kernel::sched] [CPU3] REGISTRY: Inserting TID=4
[39344677284] [[34mDEBUG[0m] [kernel::sched] [CPU3] REGISTRY: Inserts applied
[39345441993] [[34mDEBUG[0m] [kernel::sched::lifecycle] [CPU3] SMP: Secondary CPU 3 online!
[39346039821] [[34mDEBUG[0m] [kernel::task] [CPU3] SMP: run_scheduler entry on CPU 3
[39346619994] [[34mDEBUG[0m] [kernel::task] [CPU3] SMP: bootstrap_cpu start on CPU 3
[39351592335] [[34mDEBUG[0m] [kernel::task] [CPU3] SMP: CPU 3 bootstrapped with idle thread 4 and is now schedulable
[39427653012] [[32mINFO [0m] [kernel::boot_progress] [CPU0] boot_progress: milestone="Boot Info OK"
[39469576146] [[34mDEBUG[0m] [kernel] [CPU0] Kernel: Enumerating 218 boot modules...
[39470903802] [[35mTRACE[0m] [kernel] [CPU0]   Module[0]: name='/bin/sprout' cmdline='init' size=90224 bytes
[39471835029] [[35mTRACE[0m] [kernel] [CPU0]   Module[1]: name='/bin/bristle' cmdline='' size=68744 bytes
[39474506412] [[35mTRACE[0m] [kernel] [CPU0]   Module[2]: name='/drivers/rtc_cmos' cmdline='init' size=45904 bytes
[39475079028] [[35mTRACE[0m] [kernel] [CPU0]   Module[3]: name='/drivers/hwrng' cmdline='init' size=40016 bytes
[39475644681] [[35mTRACE[0m] [kernel] [CPU0]   Module[4]: name='/drivers/ps2_kbd' cmdline='' size=72264 bytes
[39476201721] [[35mTRACE[0m] [kernel] [CPU0]   Module[5]: name='/bin/sh' cmdline='init' size=127864 bytes
[39476784930] [[35mTRACE[0m] [kernel] [CPU0]   Module[6]: name='/bin/ls' cmdline='init' size=62136 bytes
[39477471726] [[35mTRACE[0m] [kernel] [CPU0]   Module[7]: name='/bin/lsusb' cmdline='init' size=1066664 bytes
[39480319527] [[35mTRACE[0m] [kernel] [CPU0]   Module[8]: name='/bin/lspci' cmdline='init' size=1052328 bytes
[39485956059] [[35mTRACE[0m] [kernel] [CPU0]   Module[9]: name='/bin/ln' cmdline='init' size=47568 bytes
[39486716115] [[35mTRACE[0m] [kernel] [CPU0]   Module[10]: name='/bin/ps' cmdline='init' size=50544 bytes
[39487316847] [[35mTRACE[0m] [kernel] [CPU0]   Module[11]: name='/bin/kill' cmdline='init' size=55584 bytes
[39487857420] [[35mTRACE[0m] [kernel] [CPU0]   Module[12]: name='/bin/killall' cmdline='init' size=67656 bytes
[39488389809] [[35mTRACE[0m] [kernel] [CPU0]   Module[13]: name='/bin/cat' cmdline='init' size=50832 bytes
[39488914542] [[35mTRACE[0m] [kernel] [CPU0]   Module[14]: name='/bin/head' cmdline='init' size=56112 bytes
[39489496332] [[35mTRACE[0m] [kernel] [CPU0]   Module[15]: name='/bin/tail' cmdline='init' size=56088 bytes
[39490064493] [[35mTRACE[0m] [kernel] [CPU0]   Module[16]: name='/bin/top' cmdline='init' size=65488 bytes
[39490598136] [[35mTRACE[0m] [kernel] [CPU0]   Module[17]: name='/bin/wc' cmdline='init' size=56248 bytes
[39491139303] [[35mTRACE[0m] [kernel] [CPU0]   Module[18]: name='/bin/yes' cmdline='init' size=44520 bytes
[39491760165] [[35mTRACE[0m] [kernel] [CPU0]   Module[19]: name='/bin/which' cmdline='init' size=50448 bytes
[39492302157] [[35mTRACE[0m] [kernel] [CPU0]   Module[20]: name='/bin/cp' cmdline='init' size=46312 bytes
[39492864411] [[35mTRACE[0m] [kernel] [CPU0]   Module[21]: name='/bin/mv' cmdline='init' size=47048 bytes
[39493448841] [[35mTRACE[0m] [kernel] [CPU0]   Module[22]: name='/bin/rm' cmdline='init' size=47128 bytes
[39493968921] [[35mTRACE[0m] [kernel] [CPU0]   Module[23]: name='/bin/rmdir' cmdline='init' size=47144 bytes
[39494495172] [[35mTRACE[0m] [kernel] [CPU0]   Module[24]: name='/bin/mkdir' cmdline='init' size=47144 bytes
[39495018519] [[35mTRACE[0m] [kernel] [CPU0]   Module[25]: name='/bin/mount' cmdline='init' size=57688 bytes
[39495536652] [[35mTRACE[0m] [kernel] [CPU0]   Module[26]: name='/bin/echo' cmdline='init' size=44616 bytes
[39496064322] [[35mTRACE[0m] [kernel] [CPU0]   Module[27]: name='/bin/printf' cmdline='init' size=93928 bytes
[39496615785] [[35mTRACE[0m] [kernel] [CPU0]   Module[28]: name='/bin/grep' cmdline='init' size=85240 bytes
[39497140617] [[35mTRACE[0m] [kernel] [CPU0]   Module[29]: name='/bin/pwd' cmdline='init' size=39184 bytes
[39497662776] [[35mTRACE[0m] [kernel] [CPU0]   Module[30]: name='/bin/touch' cmdline='init' size=46160 bytes
[39498193020] [[35mTRACE[0m] [kernel] [CPU0]   Module[31]: name='/bin/setshell' cmdline='init' size=47048 bytes
[39498741546] [[35mTRACE[0m] [kernel] [CPU0]   Module[32]: name='/bin/dmesg' cmdline='init' size=39328 bytes
[39499268589] [[35mTRACE[0m] [kernel] [CPU0]   Module[33]: name='/bin/stat' cmdline='init' size=46200 bytes
[39499835628] [[35mTRACE[0m] [kernel] [CPU0]   Module[34]: name='/bin/file' cmdline='init' size=51104 bytes
[39500361879] [[35mTRACE[0m] [kernel] [CPU0]   Module[35]: name='/bin/dirname' cmdline='init' size=50096 bytes
[39500883510] [[35mTRACE[0m] [kernel] [CPU0]   Module[36]: name='/bin/basename' cmdline='init' size=50104 bytes
[39501406263] [[35mTRACE[0m] [kernel] [CPU0]   Module[37]: name='/bin/sleep' cmdline='init' size=56824 bytes
[39501931326] [[35mTRACE[0m] [kernel] [CPU0]   Module[38]: name='/bin/sort' cmdline='init' size=66336 bytes
[39502451604] [[35mTRACE[0m] [kernel] [CPU0]   Module[39]: name='/bin/env' cmdline='init' size=45832 bytes
[39503014617] [[35mTRACE[0m] [kernel] [CPU0]   Module[40]: name='/bin/uname' cmdline='' size=44632 bytes
[39503570568] [[35mTRACE[0m] [kernel] [CPU0]   Module[41]: name='/bin/true' cmdline='' size=20744 bytes
[39504107643] [[35mTRACE[0m] [kernel] [CPU0]   Module[42]: name='/bin/false' cmdline='' size=20744 bytes
[39504640131] [[35mTRACE[0m] [kernel] [CPU0]   Module[43]: name='/bin/input_echo' cmdline='' size=43016 bytes
[39506044380] [[35mTRACE[0m] [kernel] [CPU0]   Module[44]: name='/drivers/ps2_mouse' cmdline='' size=71096 bytes
[39506578386] [[35mTRACE[0m] [kernel] [CPU0]   Module[45]: name='/drivers/display_bootfb' cmdline='' size=100456 bytes
[39507394476] [[35mTRACE[0m] [kernel] [CPU0]   Module[46]: name='/drivers/display_virtio_gpu' cmdline='' size=178536 bytes
[39507979203] [[35mTRACE[0m] [kernel] [CPU0]   Module[47]: name='/bin/cambium' cmdline='' size=144760 bytes
[39508771797] [[35mTRACE[0m] [kernel] [CPU0]   Module[48]: name='/drivers/virtio_netd' cmdline='' size=123920 bytes
[39509620194] [[35mTRACE[0m] [kernel] [CPU0]   Module[49]: name='/drivers/rtl8168d' cmdline='' size=61392 bytes
[39510510666] [[35mTRACE[0m] [kernel] [CPU0]   Module[50]: name='/bin/netd' cmdline='' size=10819752 bytes
[39512212278] [[35mTRACE[0m] [kernel] [CPU0]   Module[51]: name='/bin/mesocarp' cmdline='' size=123496 bytes
[39514711467] [[35mTRACE[0m] [kernel] [CPU0]   Module[52]: name='/bin/mdns' cmdline='' size=123496 bytes
[39515240853] [[35mTRACE[0m] [kernel] [CPU0]   Module[53]: name='/bin/mdnsd' cmdline='' size=123496 bytes
[39515759811] [[35mTRACE[0m] [kernel] [CPU0]   Module[54]: name='/bin/fetchd' cmdline='' size=76752 bytes
[39516313452] [[35mTRACE[0m] [kernel] [CPU0]   Module[55]: name='/bin/httpsd' cmdline='' size=536128 bytes
[39516834159] [[35mTRACE[0m] [kernel] [CPU0]   Module[56]: name='/bin/find' cmdline='' size=57896 bytes
[39517354008] [[35mTRACE[0m] [kernel] [CPU0]   Module[57]: name='/bin/ip' cmdline='' size=55472 bytes
[39517867950] [[35mTRACE[0m] [kernel] [CPU0]   Module[58]: name='/bin/iso_reader' cmdline='' size=37424 bytes
[39518499999] [[35mTRACE[0m] [kernel] [CPU0]   Module[59]: name='/bin/ping' cmdline='' size=65184 bytes
[39519019650] [[35mTRACE[0m] [kernel] [CPU0]   Module[60]: name='/bin/nslookup' cmdline='' size=56424 bytes
[39519855672] [[35mTRACE[0m] [kernel] [CPU0]   Module[61]: name='/drivers/ahci_disk' cmdline='' size=53784 bytes
[39521569560] [[35mTRACE[0m] [kernel] [CPU0]   Module[62]: name='/drivers/ata_disk' cmdline='' size=64448 bytes
[39522139602] [[35mTRACE[0m] [kernel] [CPU0]   Module[63]: name='/bin/iso9660d' cmdline='' size=78544 bytes
[39522696312] [[35mTRACE[0m] [kernel] [CPU0]   Module[64]: name='/drivers/virtio_sound' cmdline='' size=99296 bytes
[39523238634] [[35mTRACE[0m] [kernel] [CPU0]   Module[65]: name='/drivers/hdaudio' cmdline='' size=67696 bytes
[39523767789] [[35mTRACE[0m] [kernel] [CPU0]   Module[66]: name='/drivers/pci_stubd' cmdline='' size=57928 bytes
[39524301564] [[35mTRACE[0m] [kernel] [CPU0]   Module[67]: name='/drivers/xhci' cmdline='' size=94056 bytes
[39524845140] [[35mTRACE[0m] [kernel] [CPU0]   Module[68]: name='/drivers/chime' cmdline='' size=59536 bytes
[39525380070] [[35mTRACE[0m] [kernel] [CPU0]   Module[69]: name='/bin/vfs_hello' cmdline='' size=39560 bytes
[39525952521] [[35mTRACE[0m] [kernel] [CPU0]   Module[70]: name='/bin/show_args' cmdline='' size=42488 bytes
[39526499925] [[35mTRACE[0m] [kernel] [CPU0]   Module[71]: name='/bin/clock' cmdline='' size=83048 bytes
[39527021622] [[35mTRACE[0m] [kernel] [CPU0]   Module[72]: name='/bin/env_roundtrip' cmdline='' size=48232 bytes
[39527554374] [[35mTRACE[0m] [kernel] [CPU0]   Module[73]: name='/bin/cwd_test' cmdline='' size=43696 bytes
[39528079239] [[35mTRACE[0m] [kernel] [CPU0]   Module[74]: name='/bin/date' cmdline='' size=67032 bytes
[39528634728] [[35mTRACE[0m] [kernel] [CPU0]   Module[75]: name='/bin/wayland_hello' cmdline='' size=86480 bytes
[39529196949] [[35mTRACE[0m] [kernel] [CPU0]   Module[76]: name='/bin/terminal' cmdline='' size=91056 bytes
[39529807977] [[35mTRACE[0m] [kernel] [CPU0]   Module[77]: name='/bin/tee' cmdline='' size=44968 bytes
[39530329674] [[35mTRACE[0m] [kernel] [CPU0]   Module[78]: name='/bin/xargs' cmdline='' size=55016 bytes
[39530845662] [[35mTRACE[0m] [kernel] [CPU0]   Module[79]: name='/bin/placed' cmdline='' size=38048 bytes
[39531362343] [[35mTRACE[0m] [kernel] [CPU0]   Module[80]: name='/bin/bloom' cmdline='' size=533960 bytes
[39531907767] [[35mTRACE[0m] [kernel] [CPU0]   Module[81]: name='/bin/clear' cmdline='' size=20872 bytes
[39532468701] [[35mTRACE[0m] [kernel] [CPU0]   Module[82]: name='/bin/loglevel' cmdline='' size=41536 bytes
[39533017953] [[35mTRACE[0m] [kernel] [CPU0]   Module[83]: name='/bin/poll_mux' cmdline='' size=39056 bytes
[39533564070] [[35mTRACE[0m] [kernel] [CPU0]   Module[84]: name='/bin/ipc_service_demo' cmdline='' size=47592 bytes
[39534114444] [[35mTRACE[0m] [kernel] [CPU0]   Module[85]: name='/bin/ipc_pipe_demo' cmdline='' size=43936 bytes
[39534641322] [[35mTRACE[0m] [kernel] [CPU0]   Module[86]: name='/bin/ipc_provider_demo' cmdline='' size=84440 bytes
[39535175856] [[35mTRACE[0m] [kernel] [CPU0]   Module[87]: name='/bin/vfs_test_provider' cmdline='' size=70648 bytes
[39535826550] [[35mTRACE[0m] [kernel] [CPU0]   Module[88]: name='/bin/ipc_memfd_demo' cmdline='' size=38232 bytes
[39536617395] [[35mTRACE[0m] [kernel] [CPU0]   Module[89]: name='/bin/test_exec' cmdline='' size=62592 bytes
[39537267726] [[35mTRACE[0m] [kernel] [CPU0]   Module[90]: name='/bin/test_vm_protect' cmdline='' size=38224 bytes
[39538629537] [[35mTRACE[0m] [kernel] [CPU0]   Module[91]: name='/bin/test_exec_env' cmdline='' size=58904 bytes
[39543414735] [[35mTRACE[0m] [kernel] [CPU0]   Module[92]: name='/bin/test_threads' cmdline='' size=82376 bytes
[39544132584] [[35mTRACE[0m] [kernel] [CPU0]   Module[93]: name='/bin/test_futex' cmdline='' size=52992 bytes
[39545226303] [[35mTRACE[0m] [kernel] [CPU0]   Module[94]: name='/bin/ld_so' cmdline='' size=378600 bytes
[39545770011] [[35mTRACE[0m] [kernel] [CPU0]   Module[95]: name='/bin/test_dyn_loader' cmdline='' size=57760 bytes
[39552248175] [[35mTRACE[0m] [kernel] [CPU0]   Module[96]: name='/bin/test_dlopen' cmdline='' size=64688 bytes
[39553080105] [[35mTRACE[0m] [kernel] [CPU0]   Module[97]: name='/bin/reboot' cmdline='' size=32048 bytes
[39553634538] [[35mTRACE[0m] [kernel] [CPU0]   Module[98]: name='/bin/shutdown' cmdline='' size=32048 bytes
[39554181645] [[35mTRACE[0m] [kernel] [CPU0]   Module[99]: name='/bin/attr_list' cmdline='' size=47400 bytes
[39554734032] [[35mTRACE[0m] [kernel] [CPU0]   Module[100]: name='/bin/attr_get' cmdline='' size=47488 bytes
[39555330111] [[35mTRACE[0m] [kernel] [CPU0]   Module[101]: name='/bin/attr_set' cmdline='' size=69600 bytes
[39555926190] [[35mTRACE[0m] [kernel] [CPU0]   Module[102]: name='/bin/attr_rm' cmdline='' size=47008 bytes
[39556504053] [[35mTRACE[0m] [kernel] [CPU0]   Module[103]: name='/lib/libpistil.so' cmdline='' size=822496 bytes
[39557076042] [[35mTRACE[0m] [kernel] [CPU0]   Module[104]: name='/share/wallpapers/clouds.bmp' cmdline='' size=786486 bytes
[39557665191] [[35mTRACE[0m] [kernel] [CPU0]   Module[105]: name='/share/wallpapers/flower.bmp' cmdline='' size=8386614 bytes
[39558266847] [[35mTRACE[0m] [kernel] [CPU0]   Module[106]: name='/share/wallpapers/flower.png' cmdline='' size=1730504 bytes
[39558898071] [[35mTRACE[0m] [kernel] [CPU0]   Module[107]: name='/share/wallpapers/leather.bmp' cmdline='' size=1179702 bytes
[39559490388] [[35mTRACE[0m] [kernel] [CPU0]   Module[108]: name='/share/wallpapers/linen.bmp' cmdline='' size=4718646 bytes
[39560073927] [[35mTRACE[0m] [kernel] [CPU0]   Module[109]: name='/share/fonts/DSEG7Classic-Regular.ttf' cmdline='' size=23272 bytes
[39560668224] [[35mTRACE[0m] [kernel] [CPU0]   Module[110]: name='/share/fonts/Hack-Regular.ttf' cmdline='' size=309408 bytes
[39561257208] [[35mTRACE[0m] [kernel] [CPU0]   Module[111]: name='/share/fonts/Inter-Regular.ttf' cmdline='' size=876576 bytes
[39561837480] [[35mTRACE[0m] [kernel] [CPU0]   Module[112]: name='/share/fonts/Iosevka-Regular.ttf' cmdline='' size=10457376 bytes
[39562443888] [[35mTRACE[0m] [kernel] [CPU0]   Module[113]: name='/share/fonts/JetBrainsMono-Regular.ttf' cmdline='' size=270224 bytes
[39563046567] [[35mTRACE[0m] [kernel] [CPU0]   Module[114]: name='/share/fonts/NotoSans-Regular.ttf' cmdline='' size=569208 bytes
[39563711187] [[35mTRACE[0m] [kernel] [CPU0]   Module[115]: name='/share/fonts/NotoSansSymbol-Regular.ttf' cmdline='' size=258156 bytes
[39564315912] [[35mTRACE[0m] [kernel] [CPU0]   Module[116]: name='/share/fonts/NotoSansSymbol2-Regular.ttf' cmdline='' size=656852 bytes
[39564926445] [[35mTRACE[0m] [kernel] [CPU0]   Module[117]: name='/share/fonts/NotoSerif-Regular.ttf' cmdline='' size=616196 bytes
[39565548297] [[35mTRACE[0m] [kernel] [CPU0]   Module[118]: name='/share/themes/solarized_warm.toml' cmdline='' size=1832 bytes
[39566166288] [[35mTRACE[0m] [kernel] [CPU0]   Module[119]: name='/share/cursors/future/alias.svg' cmdline='' size=9033 bytes
[39566777910] [[35mTRACE[0m] [kernel] [CPU0]   Module[120]: name='/share/cursors/future/all-scroll.svg' cmdline='' size=5170 bytes
[39567381645] [[35mTRACE[0m] [kernel] [CPU0]   Module[121]: name='/share/cursors/future/bottom_left_corner.svg' cmdline='' size=1441 bytes
[39568001814] [[35mTRACE[0m] [kernel] [CPU0]   Module[122]: name='/share/cursors/future/bottom_right_corner.svg' cmdline='' size=3037 bytes
[39568630827] [[35mTRACE[0m] [kernel] [CPU0]   Module[123]: name='/share/cursors/future/bottom_side.svg' cmdline='' size=5432 bytes
[39569316237] [[35mTRACE[0m] [kernel] [CPU0]   Module[124]: name='/share/cursors/future/cell.svg' cmdline='' size=3707 bytes
[39570050454] [[35mTRACE[0m] [kernel] [CPU0]   Module[125]: name='/share/cursors/future/center_ptr.svg' cmdline='' size=9766 bytes
[39571299702] [[35mTRACE[0m] [kernel] [CPU0]   Module[126]: name='/share/cursors/future/col-resize.svg' cmdline='' size=16463 bytes
[39572457606] [[35mTRACE[0m] [kernel] [CPU0]   Module[127]: name='/share/cursors/future/color-picker.svg' cmdline='' size=6296 bytes
[39573059955] [[35mTRACE[0m] [kernel] [CPU0]   Module[128]: name='/share/cursors/future/context-menu.svg' cmdline='' size=9011 bytes
[39573667617] [[35mTRACE[0m] [kernel] [CPU0]   Module[129]: name='/share/cursors/future/copy.svg' cmdline='' size=3527 bytes
[39574319796] [[35mTRACE[0m] [kernel] [CPU0]   Module[130]: name='/share/cursors/future/crosshair.svg' cmdline='' size=16918 bytes
[39574892676] [[35mTRACE[0m] [kernel] [CPU0]   Module[131]: name='/share/cursors/future/default.svg' cmdline='' size=3079 bytes
[39575491395] [[35mTRACE[0m] [kernel] [CPU0]   Module[132]: name='/share/cursors/future/dnd-move.svg' cmdline='' size=3569 bytes
[39576328737] [[35mTRACE[0m] [kernel] [CPU0]   Module[133]: name='/share/cursors/future/dnd-no-drop.svg' cmdline='' size=4753 bytes
[39577245180] [[35mTRACE[0m] [kernel] [CPU0]   Module[134]: name='/share/cursors/future/down-arrow.svg' cmdline='' size=1820 bytes
[39578678931] [[35mTRACE[0m] [kernel] [CPU0]   Module[135]: name='/share/cursors/future/draft.svg' cmdline='' size=3136 bytes
[39579585012] [[35mTRACE[0m] [kernel] [CPU0]   Module[136]: name='/share/cursors/future/fleur.svg' cmdline='' size=28469 bytes
[39580177329] [[35mTRACE[0m] [kernel] [CPU0]   Module[137]: name='/share/cursors/future/help.svg' cmdline='' size=5873 bytes
[39580727835] [[35mTRACE[0m] [kernel] [CPU0]   Module[138]: name='/share/cursors/future/left-arrow.svg' cmdline='' size=1785 bytes
[39581283885] [[35mTRACE[0m] [kernel] [CPU0]   Module[139]: name='/share/cursors/future/left_side.svg' cmdline='' size=3848 bytes
[39581872770] [[35mTRACE[0m] [kernel] [CPU0]   Module[140]: name='/share/cursors/future/no-drop.svg' cmdline='' size=3861 bytes
[39582440799] [[35mTRACE[0m] [kernel] [CPU0]   Module[141]: name='/share/cursors/future/not-allowed.svg' cmdline='' size=1567 bytes
[39583005066] [[35mTRACE[0m] [kernel] [CPU0]   Module[142]: name='/share/cursors/future/openhand.svg' cmdline='' size=3435 bytes
[39583562403] [[35mTRACE[0m] [kernel] [CPU0]   Module[143]: name='/share/cursors/future/pencil.svg' cmdline='' size=6527 bytes
[39584115153] [[35mTRACE[0m] [kernel] [CPU0]   Module[144]: name='/share/cursors/future/pirate.svg' cmdline='' size=6663 bytes
[39584715786] [[35mTRACE[0m] [kernel] [CPU0]   Module[145]: name='/share/cursors/future/pointer.svg' cmdline='' size=2922 bytes
[39585503265] [[35mTRACE[0m] [kernel] [CPU0]   Module[146]: name='/share/cursors/future/progress-01.svg' cmdline='' size=11030 bytes
[39586250550] [[35mTRACE[0m] [kernel] [CPU0]   Module[147]: name='/share/cursors/future/progress-02.svg' cmdline='' size=12198 bytes
[39586978761] [[35mTRACE[0m] [kernel] [CPU0]   Module[148]: name='/share/cursors/future/progress-03.svg' cmdline='' size=12733 bytes
[39587543853] [[35mTRACE[0m] [kernel] [CPU0]   Module[149]: name='/share/cursors/future/progress-04.svg' cmdline='' size=13777 bytes
[39588141384] [[35mTRACE[0m] [kernel] [CPU0]   Module[150]: name='/share/cursors/future/progress-05.svg' cmdline='' size=13835 bytes
[39588741489] [[35mTRACE[0m] [kernel] [CPU0]   Module[151]: name='/share/cursors/future/progress-06.svg' cmdline='' size=14907 bytes
[39589384725] [[35mTRACE[0m] [kernel] [CPU0]   Module[152]: name='/share/cursors/future/progress-07.svg' cmdline='' size=14805 bytes
[39589989780] [[35mTRACE[0m] [kernel] [CPU0]   Module[153]: name='/share/cursors/future/progress-08.svg' cmdline='' size=15996 bytes
[39590579094] [[35mTRACE[0m] [kernel] [CPU0]   Module[154]: name='/share/cursors/future/progress-09.svg' cmdline='' size=16010 bytes
[39591258564] [[35mTRACE[0m] [kernel] [CPU0]   Module[155]: name='/share/cursors/future/progress-10.svg' cmdline='' size=17080 bytes
[39592114221] [[35mTRACE[0m] [kernel] [CPU0]   Module[156]: name='/share/cursors/future/progress-11.svg' cmdline='' size=17096 bytes
[39592755081] [[35mTRACE[0m] [kernel] [CPU0]   Module[157]: name='/share/cursors/future/progress-12.svg' cmdline='' size=17079 bytes
[39593335023] [[35mTRACE[0m] [kernel] [CPU0]   Module[158]: name='/share/cursors/future/progress-13.svg' cmdline='' size=15900 bytes
[39593922357] [[35mTRACE[0m] [kernel] [CPU0]   Module[159]: name='/share/cursors/future/progress-14.svg' cmdline='' size=16001 bytes
[39594509196] [[35mTRACE[0m] [kernel] [CPU0]   Module[160]: name='/share/cursors/future/progress-15.svg' cmdline='' size=14931 bytes
[39595096332] [[35mTRACE[0m] [kernel] [CPU0]   Module[161]: name='/share/cursors/future/progress-16.svg' cmdline='' size=14873 bytes
[39595684425] [[35mTRACE[0m] [kernel] [CPU0]   Module[162]: name='/share/cursors/future/progress-17.svg' cmdline='' size=13846 bytes
[39596263377] [[35mTRACE[0m] [kernel] [CPU0]   Module[163]: name='/share/cursors/future/progress-18.svg' cmdline='' size=13835 bytes
[39596824443] [[35mTRACE[0m] [kernel] [CPU0]   Module[164]: name='/share/cursors/future/progress-19.svg' cmdline='' size=12645 bytes
[39597382440] [[35mTRACE[0m] [kernel] [CPU0]   Module[165]: name='/share/cursors/future/progress-20.svg' cmdline='' size=12741 bytes
[39597940305] [[35mTRACE[0m] [kernel] [CPU0]   Module[166]: name='/share/cursors/future/progress-21.svg' cmdline='' size=11660 bytes
[39598648683] [[35mTRACE[0m] [kernel] [CPU0]   Module[167]: name='/share/cursors/future/progress-22.svg' cmdline='' size=11612 bytes
[39599255256] [[35mTRACE[0m] [kernel] [CPU0]   Module[168]: name='/share/cursors/future/progress-23.svg' cmdline='' size=11674 bytes
[39599846385] [[35mTRACE[0m] [kernel] [CPU0]   Module[169]: name='/share/cursors/future/progress.svg' cmdline='' size=11642 bytes
[39600428076] [[35mTRACE[0m] [kernel] [CPU0]   Module[170]: name='/share/cursors/future/right-arrow.svg' cmdline='' size=3432 bytes
[39601015014] [[35mTRACE[0m] [kernel] [CPU0]   Module[171]: name='/share/cursors/future/right_ptr.svg' cmdline='' size=5155 bytes
[39601654191] [[35mTRACE[0m] [kernel] [CPU0]   Module[172]: name='/share/cursors/future/right_side.svg' cmdline='' size=6447 bytes
[39602290662] [[35mTRACE[0m] [kernel] [CPU0]   Module[173]: name='/share/cursors/future/row-resize.svg' cmdline='' size=15825 bytes
[39602889546] [[35mTRACE[0m] [kernel] [CPU0]   Module[174]: name='/share/cursors/future/size_bdiag.svg' cmdline='' size=16323 bytes
[39603723291] [[35mTRACE[0m] [kernel] [CPU0]   Module[175]: name='/share/cursors/future/size_fdiag.svg' cmdline='' size=16589 bytes
[39604331580] [[35mTRACE[0m] [kernel] [CPU0]   Module[176]: name='/share/cursors/future/size_hor.svg' cmdline='' size=16255 bytes
[39605788266] [[35mTRACE[0m] [kernel] [CPU0]   Module[177]: name='/share/cursors/future/size_ver.svg' cmdline='' size=15822 bytes
[39606373521] [[35mTRACE[0m] [kernel] [CPU0]   Module[178]: name='/share/cursors/future/text.svg' cmdline='' size=5584 bytes
[39616768092] [[35mTRACE[0m] [kernel] [CPU0]   Module[179]: name='/share/cursors/future/top_left_corner.svg' cmdline='' size=7121 bytes
[39617509932] [[35mTRACE[0m] [kernel] [CPU0]   Module[180]: name='/share/cursors/future/top_right_corner.svg' cmdline='' size=7139 bytes
[39618616323] [[35mTRACE[0m] [kernel] [CPU0]   Module[181]: name='/share/cursors/future/top_side.svg' cmdline='' size=10651 bytes
[39621886392] [[35mTRACE[0m] [kernel] [CPU0]   Module[182]: name='/share/cursors/future/up-arrow.svg' cmdline='' size=7653 bytes
[39629386401] [[35mTRACE[0m] [kernel] [CPU0]   Module[183]: name='/share/cursors/future/vertical-text.svg' cmdline='' size=5621 bytes
[39629970237] [[35mTRACE[0m] [kernel] [CPU0]   Module[184]: name='/share/cursors/future/wait-01.svg' cmdline='' size=15308 bytes
[39630532722] [[35mTRACE[0m] [kernel] [CPU0]   Module[185]: name='/share/cursors/future/wait-02.svg' cmdline='' size=6672 bytes
[39631102137] [[35mTRACE[0m] [kernel] [CPU0]   Module[186]: name='/share/cursors/future/wait-03.svg' cmdline='' size=6686 bytes
[39631705014] [[35mTRACE[0m] [kernel] [CPU0]   Module[187]: name='/share/cursors/future/wait-04.svg' cmdline='' size=7827 bytes
[39632261328] [[35mTRACE[0m] [kernel] [CPU0]   Module[188]: name='/share/cursors/future/wait-05.svg' cmdline='' size=7835 bytes
[39632811372] [[35mTRACE[0m] [kernel] [CPU0]   Module[189]: name='/share/cursors/future/wait-06.svg' cmdline='' size=8976 bytes
[39633362967] [[35mTRACE[0m] [kernel] [CPU0]   Module[190]: name='/share/cursors/future/wait-07.svg' cmdline='' size=8989 bytes
[39633912252] [[35mTRACE[0m] [kernel] [CPU0]   Module[191]: name='/share/cursors/future/wait-08.svg' cmdline='' size=10126 bytes
[39634504041] [[35mTRACE[0m] [kernel] [CPU0]   Module[192]: name='/share/cursors/future/wait-09.svg' cmdline='' size=10140 bytes
[39635067747] [[35mTRACE[0m] [kernel] [CPU0]   Module[193]: name='/share/cursors/future/wait-10.svg' cmdline='' size=11277 bytes
[39635623665] [[35mTRACE[0m] [kernel] [CPU0]   Module[194]: name='/share/cursors/future/wait-11.svg' cmdline='' size=11291 bytes
[39636178197] [[35mTRACE[0m] [kernel] [CPU0]   Module[195]: name='/share/cursors/future/wait-12.svg' cmdline='' size=11277 bytes
[39636728637] [[35mTRACE[0m] [kernel] [CPU0]   Module[196]: name='/share/cursors/future/wait-13.svg' cmdline='' size=10140 bytes
[39642587721] [[35mTRACE[0m] [kernel] [CPU0]   Module[197]: name='/share/cursors/future/wait-14.svg' cmdline='' size=10126 bytes
[39643539936] [[35mTRACE[0m] [kernel] [CPU0]   Module[198]: name='/share/cursors/future/wait-15.svg' cmdline='' size=8991 bytes
[39644917917] [[35mTRACE[0m] [kernel] [CPU0]   Module[199]: name='/share/cursors/future/wait-16.svg' cmdline='' size=8978 bytes
[39645877788] [[35mTRACE[0m] [kernel] [CPU0]   Module[200]: name='/share/cursors/future/wait-17.svg' cmdline='' size=7842 bytes
[39646474923] [[35mTRACE[0m] [kernel] [CPU0]   Module[201]: name='/share/cursors/future/wait-18.svg' cmdline='' size=7829 bytes
[39647063610] [[35mTRACE[0m] [kernel] [CPU0]   Module[202]: name='/share/cursors/future/wait-19.svg' cmdline='' size=6822 bytes
[39647819640] [[35mTRACE[0m] [kernel] [CPU0]   Module[203]: name='/share/cursors/future/wait-20.svg' cmdline='' size=6679 bytes
[39648523431] [[35mTRACE[0m] [kernel] [CPU0]   Module[204]: name='/share/cursors/future/wait-21.svg' cmdline='' size=5542 bytes
[39649211514] [[35mTRACE[0m] [kernel] [CPU0]   Module[205]: name='/share/cursors/future/wait-22.svg' cmdline='' size=5528 bytes
[39649893954] [[35mTRACE[0m] [kernel] [CPU0]   Module[206]: name='/share/cursors/future/wait-23.svg' cmdline='' size=5546 bytes
[39650742285] [[35mTRACE[0m] [kernel] [CPU0]   Module[207]: name='/share/cursors/future/wait.svg' cmdline='' size=5525 bytes
[39651437133] [[35mTRACE[0m] [kernel] [CPU0]   Module[208]: name='/share/cursors/future/wayland-cursor.svg' cmdline='' size=8222 bytes
[39652219530] [[35mTRACE[0m] [kernel] [CPU0]   Module[209]: name='/share/cursors/future/x-cursor.svg' cmdline='' size=6822 bytes
[39653032617] [[35mTRACE[0m] [kernel] [CPU0]   Module[210]: name='/share/cursors/future/zoom-in.svg' cmdline='' size=5441 bytes
[39655378686] [[35mTRACE[0m] [kernel] [CPU0]   Module[211]: name='/share/cursors/future/zoom-out.svg' cmdline='' size=5403 bytes
[39655948299] [[35mTRACE[0m] [kernel] [CPU0]   Module[212]: name='/share/fonts/unifont.hex' cmdline='' size=8355852 bytes
[39656587410] [[35mTRACE[0m] [kernel] [CPU0]   Module[213]: name='/etc/locale.conf' cmdline='' size=85 bytes
[39657145308] [[35mTRACE[0m] [kernel] [CPU0]   Module[214]: name='/etc/profile' cmdline='' size=68 bytes
[39657834645] [[35mTRACE[0m] [kernel] [CPU0]   Module[215]: name='/etc/motd' cmdline='' size=610 bytes
[39658486956] [[35mTRACE[0m] [kernel] [CPU0]   Module[216]: name='/etc/fstab' cmdline='' size=127 bytes
[39659182497] [[35mTRACE[0m] [kernel] [CPU0]   Module[217]: name='/etc/hostname' cmdline='' size=8 bytes
[39660697593] [[32mINFO [0m] [kernel::boot_progress] [CPU0] boot_progress: milestone="Modules Scanned"
[39892248627] [[32mINFO [0m] [kernel::boot_progress] [CPU0] boot_progress: hint="Press F12 for a terminal"
[39893646243] [[34mDEBUG[0m] [kernel] [CPU0] Found init module: /bin/sprout (cmdline: 'init'), loading...
[39895486224] [[34mDEBUG[0m] [kernel::task::loader] [CPU0] LOADER: Loading module '/bin/sprout' (len=90224, base=0x200000)
[39896403360] [[35mTRACE[0m] [kernel::task::loader] [CPU0]   Header: [7f, 45, 4c, 46, 02, 01, 01, 00, 00, 00, 00, 00, 00, 00, 00, 00]
[39922090197] [[34mDEBUG[0m] [kernel::task::loader] [CPU0] LOADER: ELF info: entry=200000, min_vaddr=200000, bias=0, entry_pc=200000
[39923845863] [[35mTRACE[0m] [kernel::task::loader] [CPU0] Segment: vaddr=200000 exec=true
[39929104875] [[35mTRACE[0m] [kernel::task::loader] [CPU0]   COPIED at 0x201420: [0b, 00, 00, 00, be, 01, 00, 00]
[39952328295] [[35mTRACE[0m] [kernel::task::loader] [CPU0] Segment: vaddr=20c000 exec=false
[39955283841] [[35mTRACE[0m] [kernel::task::loader] [CPU0] Segment: vaddr=20f000 exec=false
[39959825499] [[34mDEBUG[0m] [kernel::task::loader] [CPU0] LOADER: TLS block: tp=0x210000 filesz=0 memsz=0 align=1
[39967248288] [[34mDEBUG[0m] [kernel] [CPU0] [kernel:start] scheduler-entry step='load_init_module' elapsed_ticks=72015306 elapsed_us=36007 total_ticks=1045137555 total_us=522568
[39981229728] [[34mDEBUG[0m] [kernel] [CPU0] Warning: Module registry page overflow, truncating list.
[39982186728] [[34mDEBUG[0m] [kernel] [CPU0] [kernel:start] scheduler-entry step='prepare_boot_registry' elapsed_ticks=2610630 elapsed_us=1305 total_ticks=1060083519 total_us=530041
[39983362155] [[34mDEBUG[0m] [kernel] [CPU0] [kernel:start] scheduler-entry step='map_boot_registry' elapsed_ticks=205392 elapsed_us=102 total_ticks=1061266833 total_us=530633
[39984527517] [[34mDEBUG[0m] [kernel] [CPU0] [kernel:start] scheduler-entry step='activate_init_aspace' elapsed_ticks=198297 elapsed_us=99 total_ticks=1062391605 total_us=531195
[39985523424] [[34mDEBUG[0m] [kernel] [CPU0] Spawning sprout with registry at 0x600000...
[39986160555] [[34mDEBUG[0m] [kernel] [CPU0] Spawning init process...
[39988655850] [[34mDEBUG[0m] [bran::arch::x86_64::task] [CPU0] INIT KERNEL CTX: entry=0xffffffff800532f0 kstack_top=0xffffffffb006a7a0 arg=0xffffffffb0020a20
[40006691472] [[34mDEBUG[0m] [kernel::sched] [CPU0] REGISTRY: Applying 1 deferred inserts
[40015997967] [[34mDEBUG[0m] [kernel::sched] [CPU0] REGISTRY: Inserting TID=5
[40019292687] [[34mDEBUG[0m] [kernel::sched] [CPU0] REGISTRY: Inserts applied
[40020004398] [[34mDEBUG[0m] [kernel] [CPU0] [kernel:start] scheduler-entry step='spawn_init_task' elapsed_ticks=33888393 elapsed_us=16944 total_ticks=1097900859 total_us=548950
[40020724029] [[32mINFO [0m] [kernel::boot_progress] [CPU0] boot_progress: milestone="Spawning Sprout"
[40227492360] [[34mDEBUG[0m] [kernel::sched::lifecycle] [CPU0] SCHED: early-boot bringup complete; resuming steady-state SMP scheduling
[40228474572] [[34mDEBUG[0m] [kernel] [CPU0] [kernel:start] scheduler-entry step='end_bringup' elapsed_ticks=1524336 elapsed_us=762 total_ticks=1306366017 total_us=653183
[40229232120] [[32mINFO [0m] [kernel::boot_progress] [CPU0] boot_progress: milestone="Entering Scheduler"
[40490888823] [[32mINFO [0m] [kernel] [CPU0] [kernel:start] scheduler-entry total elapsed_ticks=1568532207 elapsed_us=784266
[40491754677] [[32mINFO [0m] [kernel] [CPU0] Entering scheduler loop.
[40511320575] [[34mDEBUG[0m] [kernel::sched::spawn] [CPU0] USER_TRAMPOLINE: PC=0x200000 SP=0x800000 ARG0=0x600000
[40512434391] [[34mDEBUG[0m] [bran::arch::x86_64] [CPU0] ENTER_USER: TID=5 entry_pc=200000 user_sp=800000
[40568000187] [[35mTRACE[0m] [kernel::sched] [CPU0] SCHED-DBG: cpus_online=4
[40579477488] [[35mTRACE[0m] [kernel::sched] [CPU0] SCHED-DBG: cpu=0 curr=Some(5) runq=1 runq_avg=2 runq_samples=1 ctxsw=1 idle2busy=0 tick=1 ipi=0 enq=3 deq=1 wake=0 lock_miss=0 lock_pending=0 lock_blocked=0
[40581717594] [[35mTRACE[0m] [kernel::sched] [CPU0] SCHED-DBG: cpu=1 curr=Some(2) runq=0 runq_avg=0 runq_samples=41 ctxsw=0 idle2busy=0 tick=35 ipi=0 enq=1 deq=0 wake=0 lock_miss=0 lock_pending=0 lock_blocked=0
[40583057691] [[35mTRACE[0m] [kernel::sched] [CPU0] SCHED-DBG: cpu=2 curr=Some(3) runq=0 runq_avg=0 runq_samples=41 ctxsw=0 idle2busy=0 tick=35 ipi=0 enq=1 deq=0 wake=0 lock_miss=0 lock_pending=0 lock_blocked=0
[40584279516] [[35mTRACE[0m] [kernel::sched] [CPU0] SCHED-DBG: cpu=3 curr=Some(4) runq=0 runq_avg=0 runq_samples=41 ctxsw=0 idle2busy=0 tick=34 ipi=0 enq=1 deq=0 wake=0 lock_miss=0 lock_pending=0 lock_blocked=0
[40595316564] [[34mDEBUG[0m] [kernel::syscall::handlers::process] [CPU0] sys_auxv_get: tid=5 buf_len=0
[40600440342] [[34mDEBUG[0m] [kernel::syscall::handlers::process] [CPU0] sys_auxv_get: tid=5 buf_len=20
[40613915067] [[32mINFO [0m] [sprout] [CPU0] SPROUT: ENTERING MAIN (arg0=6291456)
[40617585822] [[34mDEBUG[0m] [sprout] [CPU0] [sprout] whoami: cs=0x2b ss=0x23 cpl=3 rsp=0x7fef70 rip=0x2036b5 rflags=0x202
[40620133191] [[32mINFO [0m] [sprout] [CPU0] SPROUT: v0.4.1 [REBUILT] starting (Supervisor Mode)...
[40621980267] [[34mDEBUG[0m] [sprout] [CPU0] SPROUT: About to create Supervisor...
[40623456720] [[34mDEBUG[0m] [sprout] [CPU0] SPROUT: Listing /bin directory...
[40626221790] [[35mTRACE[0m] [kernel::syscall::handlers::vfs] [CPU0] VFS: sys_fs_open path='/bin' tid=5
[40661567628] [[35mTRACE[0m] [kernel::syscall::handlers::vfs] [CPU0] sys_fs_close: fd=3
[40670343153] [[32mINFO [0m] [sprout::supervisor] [CPU0] SPROUT: Initializing Supervisor...
[40675180227] [[34mDEBUG[0m] [sprout::supervisor] [CPU0] SPROUT: Parsed command line: '    '
[40677693111] [[35mTRACE[0m] [kernel::syscall::handlers::vfs] [CPU0] VFS: sys_fs_open path='/dev/cmdline' tid=5
[40687053792] [[35mTRACE[0m] [kernel::vfs::devfs] [CPU0] devfs: cmdline read offset=0 len=1024
[40690343067] [[34mDEBUG[0m] [sprout::supervisor] [CPU0] SPROUT: Parsed command line: 'loglevel=5'
[40691836482] [[35mTRACE[0m] [kernel::syscall::handlers::vfs] [CPU0] sys_fs_close: fd=3
[40723821006] [[34mDEBUG[0m] [sprout] [CPU0] SPROUT: Supervisor created, calling run_forever...
[40726931586] [[32mINFO [0m] [sprout::supervisor] [CPU0] SPROUT: Supervisor session started (FULL PIPELINE MODE)
[40736936493] [[32mINFO [0m] [sprout::supervisor] [CPU0] SPROUT: Launching serial shell...
[40738880325] [[32mINFO [0m] [sprout::pipelines] [CPU0] SPROUT: Setting up serial shell on /dev/console...
[40740927909] [[35mTRACE[0m] [kernel::syscall::handlers::vfs] [CPU0] VFS: sys_fs_open path='/run/sprout/shell' tid=5
[40748981526] [[35mTRACE[0m] [kernel::syscall::handlers::vfs] [CPU0] VFS: sys_fs_open path='/etc/default/shell' tid=5
[40752744714] [[35mTRACE[0m] [kernel::syscall::handlers::vfs] [CPU0] VFS: sys_fs_open path='/bin/sh' tid=5
[40757275449] [[35mTRACE[0m] [kernel::syscall::handlers::vfs] [CPU0] sys_fs_close: fd=3
[40759425432] [[35mTRACE[0m] [kernel::syscall::handlers::vfs] [CPU0] VFS: sys_fs_open path='/dev/console' tid=5
[40763297190] [[35mTRACE[0m] [kernel::syscall::handlers::vfs] [CPU0] VFS: sys_fs_open path='/dev/console' tid=5
[40766596860] [[35mTRACE[0m] [kernel::syscall::handlers::vfs] [CPU0] VFS: sys_fs_open path='/dev/console' tid=5
[40799248908] [[34mDEBUG[0m] [kernel::sched::spawn] [CPU0] SPAWN: page cache miss for '/bin/sh', caching 127864 bytes
[40804773339] [[34mDEBUG[0m] [kernel::task::loader] [CPU0] LOADER: Loading module 'sh' (len=127864, base=0x200000)
[40805516301] [[35mTRACE[0m] [kernel::task::loader] [CPU0]   Header: [7f, 45, 4c, 46, 02, 01, 01, 00, 00, 00, 00, 00, 00, 00, 00, 00]
[40806822936] [[34mDEBUG[0m] [kernel::task::loader] [CPU0] LOADER: ELF info: entry=200000, min_vaddr=200000, bias=0, entry_pc=200000
[40807586226] [[35mTRACE[0m] [kernel::task::loader] [CPU0] Segment: vaddr=200000 exec=true
[40815428676] [[35mTRACE[0m] [kernel::task::loader] [CPU0]   COPIED at 0x201420: [0f, 84, 32, 06, 00, 00, 48, 8b]
[40825498230] [[35mTRACE[0m] [kernel::task::loader] [CPU0] Segment: vaddr=214000 exec=false
[40829793609] [[35mTRACE[0m] [kernel::task::loader] [CPU0] Segment: vaddr=217000 exec=false
[40831389522] [[34mDEBUG[0m] [kernel::task::loader] [CPU0] LOADER: TLS block: tp=0x218000 filesz=0 memsz=0 align=1
[40838746773] [[34mDEBUG[0m] [kernel::sched::spawn] [CPU0] SPAWN_FROM_PATH: Starting Phase 1 for /bin/sh
[40840947081] [[34mDEBUG[0m] [bran::arch::x86_64::task] [CPU0] INIT KERNEL CTX: entry=0xffffffff800532f0 kstack_top=0xffffffffb00a3b40 arg=0xffffffffb0074360
[40844449602] [[34mDEBUG[0m] [kernel::sched::spawn] [CPU0] SPAWN_FROM_PATH: Phase 1 complete, ID=6, applying inserts
[40845219129] [[34mDEBUG[0m] [kernel::sched] [CPU0] REGISTRY: Applying 1 deferred inserts
[40849428081] [[34mDEBUG[0m] [kernel::sched] [CPU0] REGISTRY: Inserting TID=6
[40850120421] [[34mDEBUG[0m] [kernel::sched] [CPU0] REGISTRY: Inserts applied
[40850684325] [[34mDEBUG[0m] [kernel::sched::spawn] [CPU0] SPAWN_FROM_PATH: Inserts applied, entering Phase 2
[40859298678] [[34mDEBUG[0m] [kernel::sched::spawn] [CPU0] SETUP_STDIO: stdin=Fd(3) stdout=Fd(4) stderr=Fd(5)
[40875292656] [[34mDEBUG[0m] [kernel::sched::spawn] [CPU0] SPAWN_FROM_PATH: Phase 2 complete, waking task 6
[40883201733] [[34mDEBUG[0m] [kernel::sched::spawn] [CPU0] SPAWN_FROM_PATH: Task 6 woken, restoring IRQs
[40883967696] [[34mDEBUG[0m] [kernel::sched::spawn] [CPU0] SPAWN_FROM_PATH: Done for /bin/sh
[40885611954] [[34mDEBUG[0m] [kernel::syscall::handlers::process] [CPU0] SYSCALL SPAWN_PROCESS_EX: name='/bin/sh' TID=6 PID=6
[40893043719] [[32mINFO [0m] [sprout::pipelines] [CPU0] SPROUT: Spawned serial shell '/bin/sh' (PID=6)
[40893024711] [[34mDEBUG[0m] [kernel::sched::spawn] [CPU3] USER_TRAMPOLINE: PC=0x200000 SP=0x800000 ARG0=0x0
[40894050318] [[34mDEBUG[0m] [bran::arch::x86_64] [CPU3] ENTER_USER: TID=6 entry_pc=200000 user_sp=800000
[40894795590] [[35mTRACE[0m] [kernel::syscall::handlers::vfs] [CPU0] sys_fs_close: fd=3
[40896279369] [[34mDEBUG[0m] [kernel::syscall::handlers::process] [CPU3] sys_auxv_get: tid=6 buf_len=0
[40897665006] [[34mDEBUG[0m] [kernel::syscall::handlers::process] [CPU3] sys_auxv_get: tid=6 buf_len=100
[40899241449] [[35mTRACE[0m] [kernel::syscall::handlers::vfs] [CPU0] sys_fs_close: fd=4
[40900584813] [[35mTRACE[0m] [kernel::syscall::handlers::vfs] [CPU0] sys_fs_close: fd=5
[40901201649] [[32mINFO [0m] [sh] [CPU3] SH: starting v0.1.0-debug
[40903396842] [[32mINFO [0m] [sprout::supervisor] [CPU0] SPROUT: Serial shell launched; yielding 50ms so the prompt can take the foreground
[40905434229] [[35mTRACE[0m] [kernel::syscall::handlers::vfs] [CPU3] VFS: sys_fs_open path='/run/motd' tid=6
[40909870056] [[35mTRACE[0m] [kernel::syscall::handlers::vfs] [CPU3] VFS: sys_fs_open path='/etc/motd' tid=6
[40914086862] [[35mTRACE[0m] [kernel::syscall::handlers::vfs] [CPU3] sys_fs_close: fd=6
[40915793094] [[34mDEBUG[0m] [kernel] [CPU0] deferred_bootfb_gradient elapsed_ticks=20328
[40921360392] [[35mTRACE[0m] [kernel::vfs::devfs] [CPU3] vfs: /dev/console write by PID=6 len=610
[1;32m
        .-.
       /   \        [1;36mTHING-OS[1;32m
      |     |       [0;36m"People, places, things."[1;32m
       \   /        
        `-'        
       /   \        v0.1  ���  
      |     |       2026-04-16
       \   /
        `-'
[0m
[2m--------------------------------------------------------------[0m
[1m sprout has taken root. the system is awake.[0m

  try:
    [36mls /bin[0m       browse available shoots
    [36mps[0m            observe living processes
    [36mcat /version[0m  inspect the genome

[2m--------------------------------------------------------------[0m
[40929056916] [[35mTRACE[0m] [kernel::syscall::handlers::vfs] [CPU3] VFS: sys_fs_open path='/etc/profile' tid=6
[40958497800] [[35mTRACE[0m] [kernel::syscall::handlers::vfs] [CPU3] sys_fs_close: fd=6
[40969232469] [[35mTRACE[0m] [kernel::vfs::devfs] [CPU3] vfs: /dev/console write by PID=6 len=97
[1;95mTHING[0m[1;96m-OS[0m [2;94m[[0m[1;95mBOOT[0m[2;94m][0m [1;93m/[0m [1;96m>[0m [40976588697] [[35mTRACE[0m] [kernel::vfs::devfs] [CPU3] vfs: /dev/console write by PID=6 len=6
[?25h[40978640835] [[35mTRACE[0m] [kernel::vfs::devfs] [CPU3] vfs: /dev/console read by PID=6 len=1
[41054197272] [[32mINFO [0m] [sprout::supervisor] [CPU0] SPROUT: Continuing supervisor startup
[41056211922] [[32mINFO [0m] [sprout::supervisor] [CPU0] SPROUT: Spawning cambium for driver discovery...
[41060643195] [[34mDEBUG[0m] [kernel::task::loader] [CPU0] LOADER: Loading module '/bin/cambium' (len=144760, base=0x200000)
[41061296826] [[35mTRACE[0m] [kernel::task::loader] [CPU0]   Header: [7f, 45, 4c, 46, 02, 01, 01, 00, 00, 00, 00, 00, 00, 00, 00, 00]
[41062504956] [[34mDEBUG[0m] [kernel::task::loader] [CPU0] LOADER: ELF info: entry=200000, min_vaddr=200000, bias=0, entry_pc=200000
[41063116776] [[35mTRACE[0m] [kernel::task::loader] [CPU0] Segment: vaddr=200000 exec=true
[41065236366] [[35mTRACE[0m] [kernel::task::loader] [CPU0]   COPIED at 0x201420: [8d, 3c, f0, 48, 83, c7, 70, 48]
[41081414781] [[35mTRACE[0m] [kernel::task::loader] [CPU0] Segment: vaddr=217000 exec=false
[41083374981] [[35mTRACE[0m] [kernel::task::loader] [CPU0] Segment: vaddr=21a000 exec=false
[41085049797] [[34mDEBUG[0m] [kernel::task::loader] [CPU0] LOADER: TLS block: tp=0x21b000 filesz=0 memsz=0 align=1
[41093197266] [[34mDEBUG[0m] [bran::arch::x86_64::task] [CPU0] INIT KERNEL CTX: entry=0xffffffff800532f0 kstack_top=0xffffffffb00bd5a0 arg=0xffffffffb00743a0
[41095367808] [[34mDEBUG[0m] [kernel::sched] [CPU0] REGISTRY: Applying 1 deferred inserts
[41096069652] [[34mDEBUG[0m] [kernel::sched] [CPU0] REGISTRY: Inserting TID=7
[41098628340] [[34mDEBUG[0m] [kernel::sched] [CPU0] REGISTRY: Inserts applied
[41106850290] [[34mDEBUG[0m] [kernel::sched::spawn] [CPU0] SCHED: TID 7 → task '/bin/cambium' (pid=7 from boot module)
[41110636050] [[34mDEBUG[0m] [kernel::sched::spawn] [CPU1] USER_TRAMPOLINE: PC=0x200000 SP=0x800000 ARG0=0x0
[41111440392] [[34mDEBUG[0m] [bran::arch::x86_64] [CPU1] ENTER_USER: TID=7 entry_pc=200000 user_sp=800000
[41112769005] [[34mDEBUG[0m] [kernel::syscall::handlers::process] [CPU1] sys_auxv_get: tid=7 buf_len=0
[41114034489] [[34mDEBUG[0m] [kernel::syscall::handlers::process] [CPU1] sys_auxv_get: tid=7 buf_len=100
[41116741314] [[34mDEBUG[0m] [sprout::supervisor] [CPU0] SPROUT: Spawned cambium (PID=7)
[41116791309] [[32mINFO [0m] [cambium] [CPU1] CAMBIUM: main started
[41119870044] [[32mINFO [0m] [sprout::pipelines] [CPU0] SPROUT: Skipping early /hosts mount; mesocarp is disabled in init
[41122390782] [[34mDEBUG[0m] [sprout::supervisor] [CPU0] SPROUT: Deferring netd until /dev/net/virtio0/rx is ready...
[41124781236] [[34mDEBUG[0m] [sprout::supervisor] [CPU0] SPROUT: Waiting for /dev/net/virtio0/rx before spawning netd...
[41126905677] [[32mINFO [0m] [sprout::supervisor] [CPU0] SPROUT: Starting full pipeline (graphics + input)
[41129037246] [[32mINFO [0m] [sprout::supervisor] [CPU0] SPROUT: Entering supervisor service loop (tick=100ms)
[41131230855] [[35mTRACE[0m] [sprout::supervisor] [CPU0] SPROUT: Supervisor tick...
[41132976720] [[35mTRACE[0m] [sprout::supervisor] [CPU0] SPROUT: Loop iteration: spawn_bristle_if_needed
[41142670932] [[32mINFO [0m] [cambium] [CPU1] CAMBIUM: starting device discovery manager (daemon mode)
[41143939188] [[35mTRACE[0m] [kernel::syscall::handlers::vfs] [CPU1] VFS: sys_fs_open path='/drivers' tid=7
[41146980666] [[35mTRACE[0m] [kernel::syscall::handlers::vfs] [CPU1] sys_fs_readdir: fd=3 len=4096
[41148457581] [[34mDEBUG[0m] [kernel::sched::spawn] [CPU0] SPAWN: page cache miss for '/bin/bristle', caching 68744 bytes
[41148687393] [[35mTRACE[0m] [kernel::syscall::handlers::vfs] [CPU1] sys_fs_readdir: natural phase begin offset=0
[41152134276] [[34mDEBUG[0m] [kernel::task::loader] [CPU0] LOADER: Loading module 'bristle' (len=68744, base=0x200000)
[41152730817] [[35mTRACE[0m] [kernel::task::loader] [CPU0]   Header: [7f, 45, 4c, 46, 02, 01, 01, 00, 00, 00, 00, 00, 00, 00, 00, 00]
[41154093816] [[34mDEBUG[0m] [kernel::task::loader] [CPU0] LOADER: ELF info: entry=200000, min_vaddr=200000, bias=0, entry_pc=200000
[41154935646] [[35mTRACE[0m] [kernel::task::loader] [CPU0] Segment: vaddr=200000 exec=true
[41167408887] [[35mTRACE[0m] [kernel::task::loader] [CPU0]   COPIED at 0x201420: [cc, fc, ff, ff, 45, 31, ff, e9]
[41171656680] [[35mTRACE[0m] [kernel::task::loader] [CPU0] Segment: vaddr=209000 exec=false
[41173228866] [[35mTRACE[0m] [kernel::task::loader] [CPU0] Segment: vaddr=20b000 exec=false
[41174710632] [[34mDEBUG[0m] [kernel::task::loader] [CPU0] LOADER: TLS block: tp=0x20c000 filesz=0 memsz=0 align=1
[41178297699] [[35mTRACE[0m] [kernel::syscall::handlers::vfs] [CPU1] sys_fs_close: fd=3
[41179982019] [[34mDEBUG[0m] [kernel::sched::spawn] [CPU0] SPAWN_FROM_PATH: Starting Phase 1 for /bin/bristle
[41180948226] [[34mDEBUG[0m] [bran::arch::x86_64::task] [CPU0] INIT KERNEL CTX: entry=0xffffffff800532f0 kstack_top=0xffffffffb00e8820 arg=0xffffffffb00c6900
[41181950667] [[35mTRACE[0m] [kernel::syscall::handlers::vfs] [CPU1] VFS: sys_fs_open path='/drivers/ahci_disk' tid=7
[41182856154] [[34mDEBUG[0m] [kernel::sched::spawn] [CPU0] SPAWN_FROM_PATH: Phase 1 complete, ID=8, applying inserts
[41183569251] [[34mDEBUG[0m] [kernel::sched] [CPU0] REGISTRY: Applying 1 deferred inserts
[41184226875] [[34mDEBUG[0m] [kernel::sched] [CPU0] REGISTRY: Inserting TID=8
[41184914232] [[34mDEBUG[0m] [kernel::sched] [CPU0] REGISTRY: Inserts applied
[41185537371] [[34mDEBUG[0m] [kernel::sched::spawn] [CPU0] SPAWN_FROM_PATH: Inserts applied, entering Phase 2
[41187341778] [[34mDEBUG[0m] [kernel::sched::spawn] [CPU0] SETUP_STDIO: stdin=Null stdout=Inherit stderr=Inherit
[41203915302] [[34mDEBUG[0m] [kernel::sched::spawn] [CPU0] SPAWN_FROM_PATH: Phase 2 complete, waking task 8
[41205160425] [[34mDEBUG[0m] [kernel::sched::spawn] [CPU0] SPAWN_FROM_PATH: Task 8 woken, restoring IRQs
[41205939786] [[34mDEBUG[0m] [kernel::sched::spawn] [CPU0] SPAWN_FROM_PATH: Done for /bin/bristle
[41206731357] [[34mDEBUG[0m] [kernel::syscall::handlers::process] [CPU0] SYSCALL SPAWN_PROCESS_EX: name='/bin/bristle' TID=8 PID=8
[41209075479] [[34mDEBUG[0m] [kernel::sched::spawn] [CPU2] USER_TRAMPOLINE: PC=0x200000 SP=0x800000 ARG0=0x0
[41209776267] [[34mDEBUG[0m] [bran::arch::x86_64] [CPU2] ENTER_USER: TID=8 entry_pc=200000 user_sp=800000
[41211575097] [[34mDEBUG[0m] [kernel::syscall::handlers::process] [CPU2] sys_auxv_get: tid=8 buf_len=0
[41213486325] [[34mDEBUG[0m] [kernel::syscall::handlers::process] [CPU2] sys_auxv_get: tid=8 buf_len=100
[41217437910] [[32mINFO [0m] [sprout::pipelines] [CPU0] SPROUT: Spawned bristle (PID=8)
[41220577629] [[35mTRACE[0m] [sprout::supervisor] [CPU0] SPROUT: Loop iteration: spawn_display_if_needed
[41222366889] [[32mINFO [0m] [sprout::supervisor] [CPU0] SPROUT: Starting display pipeline setup
[41223922476] [[32mINFO [0m] [sprout::pipelines] [CPU0] SPROUT: Probing /dev/fb0 for boot framebuffer metadata
[41225677647] [[35mTRACE[0m] [kernel::syscall::handlers::vfs] [CPU0] VFS: sys_fs_open path='/dev/fb0' tid=5
[41226424965] [[34mDEBUG[0m] [kernel::syscall::handlers::vfs] [CPU0] sys_fs_open: path='/dev/fb0' len=8 flags=0x0
[41227664412] [[35mTRACE[0m] [kernel::vfs::devfs] [CPU0] devfs: lookup entry path='fb0' len=3
[41228931051] [[34mDEBUG[0m] [kernel::vfs::devfs] [CPU0] devfs: dynamic registry hit path='fb0'
[41231067108] [[34mDEBUG[0m] [kernel::syscall::handlers::vfs] [CPU0] sys_fs_open: resolved node for /dev/fb0 mode=0o20666 size=32 ino=4
[41231991537] [[34mDEBUG[0m] [kernel::syscall::handlers::vfs] [CPU0] sys_fs_open: process info present for /dev/fb0
[41232252798] [[35mTRACE[0m] [kernel::syscall::handlers::vfs] [CPU2] VFS: sys_fs_open path='/session/active_ui' tid=8
[41232889995] [[34mDEBUG[0m] [kernel::syscall::handlers::vfs] [CPU0] sys_fs_open: handle_table.open('/dev/fb0') -> 3
[41243200284] [[35mTRACE[0m] [kernel::vfs::devfs] [CPU0] FbNode::read: off=0 n=32 buf_len=32 total=32
[41244866685] [[35mTRACE[0m] [kernel::syscall::handlers::vfs] [CPU2] sys_fs_close: fd=3
[41246200347] [[35mTRACE[0m] [kernel::syscall::handlers::vfs] [CPU0] sys_fs_close: fd=3
[41248482726] [[35mTRACE[0m] [bristle] [CPU2] bristle: active_ui set to 'bloom'
[41248839423] [[32mINFO [0m] [sprout::pipelines] [CPU0] SPROUT: /dev/fb0 ready width=1920 height=1080 stride=7680 format=2
[41251254396] [[35mTRACE[0m] [kernel::syscall::handlers::vfs] [CPU0] VFS: sys_fs_open path='/drivers/display_virtio_gpu' tid=5
[41253198426] [[35mTRACE[0m] [kernel::syscall::handlers::vfs] [CPU2] VFS: sys_fs_open path='/run/bristle/pid' tid=8
[41255498163] [[35mTRACE[0m] [kernel::syscall::handlers::vfs] [CPU0] sys_fs_close: fd=3
[41257532844] [[32mINFO [0m] [sprout::pipelines] [CPU0] SPROUT: Selected display driver '/drivers/display_virtio_gpu'
[41259144597] [[32mINFO [0m] [sprout::pipelines] [CPU0] SPROUT: Creating display request port
[41263247553] [[34mDEBUG[0m] [kernel::ipc] [CPU0] CREATE_PORT: capacity=4096
[41264789445] [[34mDEBUG[0m] [kernel::ipc] [CPU0] CREATE_PORT: appended id=PortId(0)
[41272168773] [[34mDEBUG[0m] [kernel::ipc::handles] [CPU0] ALLOC_HANDLE: handle=1 port_id=PortId(0) mode=Write
[41273913219] [[34mDEBUG[0m] [kernel::ipc::handles] [CPU0] ALLOC_HANDLE: handle=2 port_id=PortId(0) mode=Read
[41279577075] [[32mINFO [0m] [sprout::pipelines] [CPU0] SPROUT: Creating display response port
[41281878363] [[34mDEBUG[0m] [kernel::ipc] [CPU0] CREATE_PORT: capacity=4096
[41282769627] [[34mDEBUG[0m] [kernel::ipc] [CPU0] CREATE_PORT: appended id=PortId(1)
[41283534699] [[34mDEBUG[0m] [kernel::ipc::handles] [CPU0] ALLOC_HANDLE: handle=3 port_id=PortId(1) mode=Write
[41284207008] [[34mDEBUG[0m] [kernel::ipc::handles] [CPU0] ALLOC_HANDLE: handle=4 port_id=PortId(1) mode=Read
[41288382663] [[32mINFO [0m] [sprout::pipelines] [CPU0] SPROUT: Creating display bootstrap memfd
[41293927092] [[32mINFO [0m] [sprout::pipelines] [CPU0] SPROUT: Mapping display bootstrap memfd
[41299658961] [[32mINFO [0m] [sprout::pipelines] [CPU0] SPROUT: Launching display driver '/drivers/display_virtio_gpu' (boot_fd=3, bind_id=322371585)
[41300109477] [[35mTRACE[0m] [kernel::syscall::handlers::vfs] [CPU2] sys_fs_close: fd=3
[41301784788] [[32mINFO [0m] [bristle] [CPU2] bristle: published pid 8 to /run/bristle/pid
[41304652224] [[34mDEBUG[0m] [kernel::ipc] [CPU2] CREATE_PORT: capacity=4096
[41305301631] [[34mDEBUG[0m] [kernel::ipc] [CPU2] CREATE_PORT: appended id=PortId(2)
[41306132307] [[34mDEBUG[0m] [kernel::ipc::handles] [CPU2] ALLOC_HANDLE: handle=1 port_id=PortId(2) mode=Write
[41307051423] [[34mDEBUG[0m] [kernel::ipc::handles] [CPU2] ALLOC_HANDLE: handle=2 port_id=PortId(2) mode=Read
[41308517019] [[34mDEBUG[0m] [kernel::ipc] [CPU2] CREATE_PORT: capacity=4096
[41309080494] [[34mDEBUG[0m] [kernel::ipc] [CPU2] CREATE_PORT: appended id=PortId(3)
[41309777916] [[34mDEBUG[0m] [kernel::ipc::handles] [CPU2] ALLOC_HANDLE: handle=3 port_id=PortId(3) mode=Write
[41310479925] [[34mDEBUG[0m] [kernel::ipc::handles] [CPU2] ALLOC_HANDLE: handle=4 port_id=PortId(3) mode=Read
[41313146457] [[35mTRACE[0m] [kernel::syscall::handlers::vfs] [CPU2] VFS: sys_fs_open path='/run/bristle/kbd_in' tid=8
[41317179222] [[35mTRACE[0m] [kernel::syscall::handlers::vfs] [CPU2] sys_fs_close: fd=3
[41318871792] [[35mTRACE[0m] [kernel::syscall::handlers::vfs] [CPU2] VFS: sys_fs_open path='/run/bristle/mouse_in' tid=8
[41324642832] [[35mTRACE[0m] [kernel::syscall::handlers::vfs] [CPU2] sys_fs_close: fd=3
[41326207329] [[32mINFO [0m] [bristle] [CPU2] bristle: published device handles kbd_in=1 mouse_in=3
[41328803241] [[35mTRACE[0m] [kernel::syscall::handlers::vfs] [CPU2] VFS: sys_fs_open path='/proc/self/inbox' tid=8
[41337509697] [[34mDEBUG[0m] [kernel::sched::spawn] [CPU0] SPAWN: page cache miss for '/drivers/display_virtio_gpu', caching 178536 bytes
[41339100396] [[34mDEBUG[0m] [kernel::handle::bridge] [CPU2] BRIDGE: handle=2 -> fd=4 node=0xffffffffb00d7eb0 port=0xffffffffb01f70f0
[41339519166] [[34mDEBUG[0m] [kernel::task::loader] [CPU0] LOADER: Loading module 'display_virtio_gpu' (len=178536, base=0x200000)
[41340415050] [[35mTRACE[0m] [kernel::task::loader] [CPU0]   Header: [7f, 45, 4c, 46, 02, 01, 01, 03, 00, 00, 00, 00, 00, 00, 00, 00]
[41341632585] [[34mDEBUG[0m] [kernel::task::loader] [CPU0] LOADER: ELF info: entry=200000, min_vaddr=200000, bias=0, entry_pc=200000
[41341948857] [[34mDEBUG[0m] [kernel::handle::bridge] [CPU2] BRIDGE: handle=4 -> fd=5 node=0xffffffffb0224d30 port=0xffffffffb02248f0
[41342324760] [[35mTRACE[0m] [kernel::task::loader] [CPU0] Segment: vaddr=200000 exec=true
[41344108113] [[32mINFO [0m] [bristle] [CPU2] bristle: online (kbd_tok=Some(WaitToken(2)), mouse_tok=Some(WaitToken(3)))
[41345117748] [[35mTRACE[0m] [kernel::task::loader] [CPU0]   COPIED at 0x201420: [ff, ff, ff, ff, ff, ff, 3f, 48]
[41374782570] [[35mTRACE[0m] [kernel::task::loader] [CPU0] Segment: vaddr=21c000 exec=false
[41378237736] [[35mTRACE[0m] [kernel::task::loader] [CPU0] Segment: vaddr=221000 exec=false
[41380228659] [[34mDEBUG[0m] [kernel::task::loader] [CPU0] LOADER: TLS block: tp=0x223000 filesz=0 memsz=0 align=1
[41385105465] [[34mDEBUG[0m] [kernel::sched::spawn] [CPU0] SPAWN_FROM_PATH: Starting Phase 1 for /drivers/display_virtio_gpu
[41386572876] [[34mDEBUG[0m] [bran::arch::x86_64::task] [CPU0] INIT KERNEL CTX: entry=0xffffffff800532f0 kstack_top=0xffffffffb02351a0 arg=0xffffffffb0224c80
[41389564326] [[34mDEBUG[0m] [kernel::sched::spawn] [CPU0] SPAWN_FROM_PATH: Phase 1 complete, ID=9, applying inserts
[41392673454] [[34mDEBUG[0m] [kernel::sched] [CPU0] REGISTRY: Applying 1 deferred inserts
[41395314213] [[34mDEBUG[0m] [kernel::sched] [CPU0] REGISTRY: Inserting TID=9
[41395884750] [[34mDEBUG[0m] [kernel::sched] [CPU0] REGISTRY: Inserts applied
[41396355000] [[34mDEBUG[0m] [kernel::sched::spawn] [CPU0] SPAWN_FROM_PATH: Inserts applied, entering Phase 2
[41398441425] [[34mDEBUG[0m] [kernel::sched::spawn] [CPU0] SETUP_STDIO: stdin=Null stdout=Inherit stderr=Inherit
[41402838972] [[34mDEBUG[0m] [kernel::sched::spawn] [CPU0] SPAWN_FROM_PATH: Phase 2 complete, waking task 9
[41404556853] [[34mDEBUG[0m] [kernel::sched::spawn] [CPU0] SPAWN_FROM_PATH: Task 9 woken, restoring IRQs
[41405701755] [[34mDEBUG[0m] [kernel::sched::spawn] [CPU0] SPAWN_FROM_PATH: Done for /drivers/display_virtio_gpu
[41406708717] [[34mDEBUG[0m] [kernel::syscall::handlers::process] [CPU0] SYSCALL SPAWN_PROCESS_EX: name='/drivers/display_virtio_gpu' TID=9 PID=9
[41407572624] [[34mDEBUG[0m] [kernel::sched::spawn] [CPU3] USER_TRAMPOLINE: PC=0x200000 SP=0x800000 ARG0=0x3
[41408413464] [[34mDEBUG[0m] [bran::arch::x86_64] [CPU3] ENTER_USER: TID=9 entry_pc=200000 user_sp=800000
[41409704391] [[34mDEBUG[0m] [kernel::syscall::handlers::process] [CPU3] sys_auxv_get: tid=9 buf_len=0
[41411072802] [[34mDEBUG[0m] [kernel::syscall::handlers::process] [CPU3] sys_auxv_get: tid=9 buf_len=100
[41415232089] [[32mINFO [0m] [display_virtio_gpu] [CPU3] display_virtio_gpu: starting v0.4.1 (boot_arg=3)
[41417595054] [[34mDEBUG[0m] [display_virtio_gpu] [CPU3] display_virtio_gpu: Starting VFS-native VirtIO GPU driver...
[41421734409] [[34mDEBUG[0m] [display_virtio_gpu] [CPU3] display_virtio_gpu: boot_arg=3
[41422804137] [[34mDEBUG[0m] [display_virtio_gpu] [CPU3] display_virtio_gpu: Mapping bootstrap memfd 3 size=4096...
[41425623756] [[34mDEBUG[0m] [display_virtio_gpu] [CPU3] display_virtio_gpu: vm_map success at 0x400000001000
[41426963193] [[34mDEBUG[0m] [display_virtio_gpu] [CPU3] display_virtio_gpu: Recovered handles: req_read=2, resp_write=3, svc=0, id=322371585
[41428652991] [[34mDEBUG[0m] [display_virtio_gpu] [CPU3] display_virtio_gpu: starting (drv_req_r=2, drv_resp_w=3, svc=0, id=322371585)
[41429708100] [[35mTRACE[0m] [display_virtio_gpu] [CPU3] display_virtio_gpu: Scanning /sys/devices for PCI GPU...
[41430629790] [[35mTRACE[0m] [kernel::syscall::handlers::vfs] [CPU3] VFS: sys_fs_open path='/sys/devices' tid=9
[41432695392] [[34mDEBUG[0m] [kernel::vfs::sysfs] [CPU3] sysfs: lookup path='devices'
[41437534908] [[35mTRACE[0m] [kernel::syscall::handlers::vfs] [CPU3] sys_fs_readdir: fd=4 len=4096
[41438829300] [[35mTRACE[0m] [kernel::syscall::handlers::vfs] [CPU3] sys_fs_readdir: natural phase begin offset=0
[41443816260] [[35mTRACE[0m] [kernel::vfs::sysfs] [CPU3] sysfs: readdir found 13 slots
[41448233343] [[35mTRACE[0m] [kernel::vfs::sysfs] [CPU3] sysfs: readdir wrote 191 bytes
[41449135596] [[32mINFO [0m] [sprout::supervisor] [CPU0] SPROUT: Display pipeline initialized (backend=virtio_gpu)
[41449735833] [[35mTRACE[0m] [kernel::syscall::handlers::vfs] [CPU3] sys_fs_close: fd=4
[41453475954] [[35mTRACE[0m] [sprout::supervisor] [CPU0] SPROUT: Loop iteration: spawn_bloom_if_ready
[41455564425] [[34mDEBUG[0m] [sprout::supervisor] [CPU0] SPROUT: Checking if bloom is ready to spawn (/dev/display/card0 mounted=false, service_ready=false)...
[41456355237] [[35mTRACE[0m] [kernel::syscall::handlers::vfs] [CPU1] sys_fs_close: fd=3
[41460877293] [[34mDEBUG[0m] [sprout::supervisor] [CPU0] SPROUT: display card not ready for bloom yet
[41463301671] [[35mTRACE[0m] [sprout::supervisor] [CPU0] SPROUT: Loop iteration: spawn_wayland_hello_if_ready
[41464160727] [[32mINFO [0m] [cambium::catalog] [CPU1] DEVD CATALOG: registered driver '/drivers/ahci_disk' name='ahci_disk' class=Block kind='dev.storage.Ahci' start='thingos_driver_start_safe'
[41464895670] [[35mTRACE[0m] [sprout::supervisor] [CPU0] SPROUT: Loop iteration: spawn_clock_if_ready
[41466477393] [[35mTRACE[0m] [kernel::syscall::handlers::vfs] [CPU1] VFS: sys_fs_open path='/drivers/ata_disk' tid=7
[41469171150] [[35mTRACE[0m] [sprout::supervisor] [CPU0] SPROUT: Loop iteration: tick complete
[41470869330] [[35mTRACE[0m] [kernel::syscall::handlers::vfs] [CPU0] VFS: sys_fs_open path='/proc/self/inbox' tid=5
[41475777420] [[35mTRACE[0m] [kernel::syscall::handlers::vfs] [CPU3] VFS: sys_fs_open path='/sys/devices/platform-fb000000/vendor' tid=9
[41477352576] [[34mDEBUG[0m] [kernel::vfs::sysfs] [CPU3] sysfs: lookup path='devices/platform-fb000000/vendor'
[41477368416] [[34mDEBUG[0m] [sprout::supervisor] [CPU0] SPROUT: ServiceLoop waiting for next event...
[41480220573] [[34mDEBUG[0m] [kernel::vfs::sysfs] [CPU3] sysfs: matched device file 'platform-fb000000/vendor'
[41484039729] [[35mTRACE[0m] [kernel::syscall::handlers::vfs] [CPU3] sys_fs_close: fd=4
[41487291483] [[35mTRACE[0m] [kernel::syscall::handlers::vfs] [CPU3] VFS: sys_fs_open path='/sys/devices/platform-fb000000/device' tid=9
[41488888254] [[34mDEBUG[0m] [kernel::vfs::sysfs] [CPU3] sysfs: lookup path='devices/platform-fb000000/device'
[41491311345] [[34mDEBUG[0m] [kernel::vfs::sysfs] [CPU3] sysfs: matched device file 'platform-fb000000/device'
[41493358203] [[35mTRACE[0m] [kernel::syscall::handlers::vfs] [CPU3] sys_fs_close: fd=4
[41494570722] [[35mTRACE[0m] [kernel::syscall::handlers::vfs] [CPU3] VFS: sys_fs_open path='/sys/devices/platform-fb000000/class' tid=9
[41496019191] [[34mDEBUG[0m] [kernel::vfs::sysfs] [CPU3] sysfs: lookup path='devices/platform-fb000000/class'
[41497367604] [[34mDEBUG[0m] [kernel::vfs::sysfs] [CPU3] sysfs: matched device file 'platform-fb000000/class'
[41499182406] [[35mTRACE[0m] [kernel::syscall::handlers::vfs] [CPU3] sys_fs_close: fd=4
[41500429674] [[35mTRACE[0m] [kernel::syscall::handlers::vfs] [CPU3] VFS: sys_fs_open path='/sys/devices/pci-0000:00:00.0/vendor' tid=9
[41501686941] [[34mDEBUG[0m] [kernel::vfs::sysfs] [CPU3] sysfs: lookup path='devices/pci-0000:00:00.0/vendor'
[41503114125] [[34mDEBUG[0m] [kernel::vfs::sysfs] [CPU3] sysfs: matched device file 'pci-0000:00:00.0/vendor'
[41505434982] [[35mTRACE[0m] [kernel::syscall::handlers::vfs] [CPU3] sys_fs_close: fd=4
[41506705119] [[35mTRACE[0m] [kernel::syscall::handlers::vfs] [CPU3] VFS: sys_fs_open path='/sys/devices/pci-0000:00:00.0/device' tid=9
[41508312483] [[34mDEBUG[0m] [kernel::vfs::sysfs] [CPU3] sysfs: lookup path='devices/pci-0000:00:00.0/device'
[41509727028] [[34mDEBUG[0m] [kernel::vfs::sysfs] [CPU3] sysfs: matched device file 'pci-0000:00:00.0/device'
[41512314921] [[35mTRACE[0m] [kernel::syscall::handlers::vfs] [CPU3] sys_fs_close: fd=4
[41513680560] [[35mTRACE[0m] [kernel::syscall::handlers::vfs] [CPU3] VFS: sys_fs_open path='/sys/devices/pci-0000:00:00.0/class' tid=9
[41516432034] [[34mDEBUG[0m] [kernel::vfs::sysfs] [CPU3] sysfs: lookup path='devices/pci-0000:00:00.0/class'
[41517914493] [[34mDEBUG[0m] [kernel::vfs::sysfs] [CPU3] sysfs: matched device file 'pci-0000:00:00.0/class'
[41522335833] [[35mTRACE[0m] [kernel::syscall::handlers::vfs] [CPU3] sys_fs_close: fd=4
[41523641841] [[35mTRACE[0m] [kernel::syscall::handlers::vfs] [CPU3] VFS: sys_fs_open path='/sys/devices/pci-0000:00:01.0/vendor' tid=9
[41526603129] [[34mDEBUG[0m] [kernel::vfs::sysfs] [CPU3] sysfs: lookup path='devices/pci-0000:00:01.0/vendor'
[41527643355] [[34mDEBUG[0m] [kernel::vfs::sysfs] [CPU3] sysfs: matched device file 'pci-0000:00:01.0/vendor'
[41529291210] [[35mTRACE[0m] [kernel::syscall::handlers::vfs] [CPU3] sys_fs_close: fd=4
[41530204683] [[35mTRACE[0m] [kernel::syscall::handlers::vfs] [CPU3] VFS: sys_fs_open path='/sys/devices/pci-0000:00:01.0/device' tid=9
[41531294178] [[34mDEBUG[0m] [kernel::vfs::sysfs] [CPU3] sysfs: lookup path='devices/pci-0000:00:01.0/device'
[41532177324] [[34mDEBUG[0m] [kernel::vfs::sysfs] [CPU3] sysfs: matched device file 'pci-0000:00:01.0/device'
[41533784523] [[35mTRACE[0m] [kernel::syscall::handlers::vfs] [CPU3] sys_fs_close: fd=4
[41534573751] [[35mTRACE[0m] [kernel::syscall::handlers::vfs] [CPU3] VFS: sys_fs_open path='/sys/devices/pci-0000:00:01.0/class' tid=9
[41535939159] [[34mDEBUG[0m] [kernel::vfs::sysfs] [CPU3] sysfs: lookup path='devices/pci-0000:00:01.0/class'
[41537189760] [[34mDEBUG[0m] [kernel::vfs::sysfs] [CPU3] sysfs: matched device file 'pci-0000:00:01.0/class'
[41539399506] [[35mTRACE[0m] [kernel::syscall::handlers::vfs] [CPU3] sys_fs_close: fd=4
[41540952321] [[35mTRACE[0m] [kernel::syscall::handlers::vfs] [CPU3] VFS: sys_fs_open path='/sys/devices/pci-0000:00:02.0/vendor' tid=9
[41542549851] [[34mDEBUG[0m] [kernel::vfs::sysfs] [CPU3] sysfs: lookup path='devices/pci-0000:00:02.0/vendor'
[41543682741] [[34mDEBUG[0m] [kernel::vfs::sysfs] [CPU3] sysfs: matched device file 'pci-0000:00:02.0/vendor'
[41545407420] [[35mTRACE[0m] [kernel::syscall::handlers::vfs] [CPU3] sys_fs_close: fd=4
[41546415537] [[35mTRACE[0m] [kernel::syscall::handlers::vfs] [CPU3] VFS: sys_fs_open path='/sys/devices/pci-0000:00:02.0/device' tid=9
[41547686895] [[34mDEBUG[0m] [kernel::vfs::sysfs] [CPU3] sysfs: lookup path='devices/pci-0000:00:02.0/device'
[41548685013] [[34mDEBUG[0m] [kernel::vfs::sysfs] [CPU3] sysfs: matched device file 'pci-0000:00:02.0/device'
[41550454341] [[35mTRACE[0m] [kernel::syscall::handlers::vfs] [CPU3] sys_fs_close: fd=4
[41552808561] [[35mTRACE[0m] [kernel::syscall::handlers::vfs] [CPU3] VFS: sys_fs_open path='/sys/devices/pci-0000:00:02.0/class' tid=9
[41554047876] [[34mDEBUG[0m] [kernel::vfs::sysfs] [CPU3] sysfs: lookup path='devices/pci-0000:00:02.0/class'
[41555177466] [[34mDEBUG[0m] [kernel::vfs::sysfs] [CPU3] sysfs: matched device file 'pci-0000:00:02.0/class'
[41556802848] [[35mTRACE[0m] [kernel::syscall::handlers::vfs] [CPU3] sys_fs_close: fd=4
[41563037934] [[34mDEBUG[0m] [kernel::syscall::handlers::device] [CPU3] DEVICE: task 9 claimed device 'pci-0000:00:02.0' (handle 0)
[41564456703] [[35mTRACE[0m] [kernel::syscall::handlers::vfs] [CPU3] VFS: sys_fs_open path='/sys/devices/pci-0000:00:02.0/virtio/common_bar' tid=9
[41566285299] [[34mDEBUG[0m] [kernel::vfs::sysfs] [CPU3] sysfs: lookup path='devices/pci-0000:00:02.0/virtio/common_bar'
[41574143589] [[35mTRACE[0m] [kernel::syscall::handlers::vfs] [CPU3] sys_fs_close: fd=4
[41576085375] [[35mTRACE[0m] [kernel::syscall::handlers::vfs] [CPU3] VFS: sys_fs_open path='/sys/devices/pci-0000:00:02.0/virtio/common_offset' tid=9
[41577647628] [[34mDEBUG[0m] [kernel::vfs::sysfs] [CPU3] sysfs: lookup path='devices/pci-0000:00:02.0/virtio/common_offset'
[41581189056] [[35mTRACE[0m] [kernel::syscall::handlers::vfs] [CPU3] sys_fs_close: fd=4
[41582830344] [[35mTRACE[0m] [kernel::syscall::handlers::vfs] [CPU3] VFS: sys_fs_open path='/sys/devices/pci-0000:00:02.0/virtio/notify_bar' tid=9
[41584901193] [[34mDEBUG[0m] [kernel::vfs::sysfs] [CPU3] sysfs: lookup path='devices/pci-0000:00:02.0/virtio/notify_bar'
[41588980422] [[35mTRACE[0m] [kernel::syscall::handlers::vfs] [CPU3] sys_fs_close: fd=4
[41590295406] [[35mTRACE[0m] [kernel::syscall::handlers::vfs] [CPU3] VFS: sys_fs_open path='/sys/devices/pci-0000:00:02.0/virtio/notify_offset' tid=9
[41591977977] [[34mDEBUG[0m] [kernel::vfs::sysfs] [CPU3] sysfs: lookup path='devices/pci-0000:00:02.0/virtio/notify_offset'
[41597378196] [[35mTRACE[0m] [kernel::syscall::handlers::vfs] [CPU3] sys_fs_close: fd=4
[41599561740] [[35mTRACE[0m] [kernel::syscall::handlers::vfs] [CPU3] VFS: sys_fs_open path='/sys/devices/pci-0000:00:02.0/virtio/notify_multiplier' tid=9
[41602183293] [[34mDEBUG[0m] [kernel::vfs::sysfs] [CPU3] sysfs: lookup path='devices/pci-0000:00:02.0/virtio/notify_multiplier'
[41607737721] [[35mTRACE[0m] [kernel::syscall::handlers::vfs] [CPU3] sys_fs_close: fd=4
[41610192657] [[32mINFO [0m] [virtio_gpu] [CPU3] virtio_gpu: caps from sysfs - common BAR2 off=0x1000, notify BAR2 off=0x3000 mult=4
[41614151766] [[34mDEBUG[0m] [kernel::syscall::handlers::device] [CPU3] DEVICE: mapping BAR2 (phys=0xc000004000, size=0x4000) for task 9
[41617259772] [[34mDEBUG[0m] [kernel::syscall::handlers::device] [CPU3] DEVICE: Mapped BAR2 phys=0xc000004000 size=0x4000 -> virt=0x10000000
[41623428033] [[34mDEBUG[0m] [kernel::syscall::handlers::device] [CPU3] DEVICE: DMA alloc 1 pages phys=0x2330000 -> user_va=0x10004000
[41627354505] [[34mDEBUG[0m] [kernel::syscall::handlers::device] [CPU3] DEVICE: DMA alloc 1 pages phys=0x2331000 -> user_va=0x10005000
[41631294474] [[32mINFO [0m] [virtio_gpu] [CPU3] virtio_gpu: device features=0x30000002 virgl=false
[41637509496] [[34mDEBUG[0m] [kernel::syscall::handlers::device] [CPU3] DEVICE: DMA alloc 4 pages phys=0x2332000 -> user_va=0x10006000
[41643984393] [[34mDEBUG[0m] [kernel::syscall::handlers::device] [CPU3] DEVICE: DMA alloc 4 pages phys=0x2336000 -> user_va=0x1000a000
[41647360821] [[32mINFO [0m] [virtio_gpu] [CPU3] virtio_gpu: cursor queue (queue 1) configured
[41649047715] [[32mINFO [0m] [display_virtio_gpu] [CPU3] display_virtio_gpu: GPU initialized successfully
[41652154731] [[32mINFO [0m] [display_virtio_gpu] [CPU3] display_virtio_gpu: composition paths: gpu_opaque_copy=enabled cpu_alpha_blend=enabled
[41653827501] [[34mDEBUG[0m] [display_virtio_gpu] [CPU3] display_virtio_gpu: Virgl 3D not supported, using 2D only
[41655110937] [[35mTRACE[0m] [kernel::syscall::handlers::vfs] [CPU3] VFS: sys_fs_open path='/sys/firmware/framebuffer' tid=9
[41657207493] [[35mTRACE[0m] [kernel::syscall::handlers::vfs] [CPU1] sys_fs_close: fd=3
[41657398101] [[34mDEBUG[0m] [kernel::vfs::sysfs] [CPU3] sysfs: lookup path='firmware/framebuffer'
[41659658997] [[32mINFO [0m] [cambium::catalog] [CPU1] DEVD CATALOG: registered driver '/drivers/ata_disk' name='ata_disk' class=Block kind='dev.storage.Ide' start='thingos_driver_start_safe'
[41661522078] [[35mTRACE[0m] [kernel::syscall::handlers::vfs] [CPU1] VFS: sys_fs_open path='/drivers/chime' tid=7
[41663205507] [[35mTRACE[0m] [kernel::syscall::handlers::vfs] [CPU3] sys_fs_close: fd=4
[41669752377] [[32mINFO [0m] [display_virtio_gpu] [CPU3] display_virtio_gpu: host scanout 1280x800 enabled=true (bootfb was 1920x1080)
[41671495470] [[34mDEBUG[0m] [display_virtio_gpu] [CPU3] display_virtio_gpu: creating frame pool 1x 1280x800 stride=5120 format=1
[41819139483] [[35mTRACE[0m] [sprout::supervisor] [CPU0] SPROUT: Supervisor tick...
[41821164759] [[35mTRACE[0m] [sprout::supervisor] [CPU0] SPROUT: Loop iteration: spawn_bristle_if_needed
[41823185382] [[35mTRACE[0m] [sprout::supervisor] [CPU0] SPROUT: Loop iteration: spawn_display_if_needed
[41825259465] [[35mTRACE[0m] [sprout::supervisor] [CPU0] SPROUT: Loop iteration: spawn_bloom_if_ready
[41827509570] [[34mDEBUG[0m] [sprout::supervisor] [CPU0] SPROUT: Checking if bloom is ready to spawn (/dev/display/card0 mounted=false, service_ready=false)...
[41830221807] [[34mDEBUG[0m] [sprout::supervisor] [CPU0] SPROUT: display card not ready for bloom yet
[41832607509] [[35mTRACE[0m] [sprout::supervisor] [CPU0] SPROUT: Loop iteration: spawn_wayland_hello_if_ready
[41836178274] [[35mTRACE[0m] [sprout::supervisor] [CPU0] SPROUT: Loop iteration: spawn_clock_if_ready
[41837532066] [[35mTRACE[0m] [kernel::syscall::handlers::vfs] [CPU1] sys_fs_close: fd=3
[41839497150] [[35mTRACE[0m] [sprout::supervisor] [CPU0] SPROUT: Loop iteration: tick complete
[41839824345] [[32mINFO [0m] [cambium::catalog] [CPU1] DEVD CATALOG: registered driver '/drivers/chime' name='chime' class=Audio kind='dev.sound.Chime' start='thingos_driver_start_safe'
[41841353862] [[35mTRACE[0m] [kernel::syscall::handlers::vfs] [CPU1] VFS: sys_fs_open path='/drivers/display_bootfb' tid=7
[41842125369] [[34mDEBUG[0m] [sprout::supervisor] [CPU0] SPROUT: ServiceLoop waiting for next event...
[41902165371] [[34mDEBUG[0m] [kernel::syscall::handlers::memory] [CPU3] sys_vm_map: large backing file mapping offset=0 len=4096000 total_size=4096000
[41942934000] [[34mDEBUG[0m] [display_virtio_gpu] [CPU3] display_virtio_gpu: frame pool ready (1 buffer)
[41948577396] [[34mDEBUG[0m] [kernel::syscall::handlers::device] [CPU3] DEVICE: DMA alloc 16 pages phys=0x2723000 -> user_va=0x1000e000
[41953862610] [[32mINFO [0m] [display_virtio_gpu] [CPU3] display_virtio_gpu: cursor DMA buffer ready (16 pages at phys=0x2723000)
[41960604774] [[34mDEBUG[0m] [kernel::ipc] [CPU3] CREATE_PORT: capacity=65536
[41961844584] [[34mDEBUG[0m] [kernel::ipc] [CPU3] CREATE_PORT: appended id=PortId(4)
[41963363970] [[34mDEBUG[0m] [kernel::ipc::handles] [CPU3] ALLOC_HANDLE: handle=5 port_id=PortId(4) mode=Write
[41964373110] [[34mDEBUG[0m] [kernel::ipc::handles] [CPU3] ALLOC_HANDLE: handle=6 port_id=PortId(4) mode=Read
[41966209725] [[34mDEBUG[0m] [kernel::handle::bridge] [CPU3] BRIDGE: handle=5 -> fd=5 node=0xffffffffb00c6910 port=0xffffffffb01063d0
[41968835799] [[35mTRACE[0m] [kernel::syscall::handlers::vfs] [CPU3] VFS: sys_fs_open path='/proc/5/inbox' tid=9
[42003177183] [[35mTRACE[0m] [kernel::syscall::handlers::socket] [CPU3] SENDMSG: thing=6 data_len=44 caps_len=1 node=Pointer { addr: 0xffffffffb0106830, metadata: DynMetadata(0xffffffff802c6ed0) }
[42014978742] [[34mDEBUG[0m] [display_virtio_gpu] [CPU3] display_virtio_gpu: Sent MSG_BIND_READY (ID: 322371585)
[42016250661] [[34mDEBUG[0m] [display_virtio_gpu] [CPU3] display_virtio_gpu: Waiting for BIND_ASSIGNED...
[42022335333] [[35mTRACE[0m] [kernel::syscall::handlers::socket] [CPU0] RECVMSG: thing=4 data_len=44 caps_len=1 node=Pointer { addr: 0xffffffffb00f55d0, metadata: DynMetadata(0xffffffff802c6ed0) }
[42026057865] [[35mTRACE[0m] [kernel::syscall::handlers::vfs] [CPU1] sys_fs_close: fd=3
[42029002488] [[32mINFO [0m] [cambium::catalog] [CPU1] DEVD CATALOG: registered driver '/drivers/display_bootfb' name='display_bootfb' class=Display kind='dev.display.Gpu' start='thingos_driver_start_safe'
[42035076930] [[35mTRACE[0m] [kernel::syscall::handlers::vfs] [CPU1] VFS: sys_fs_open path='/drivers/display_virtio_gpu' tid=7
[42038204670] [[34mDEBUG[0m] [sprout::supervisor] [CPU0] SPROUT: BIND_READY from instance_id=0x13370001
[42041221827] [[34mDEBUG[0m] [sprout::supervisor] [CPU0] SPROUT: Registering DISPLAY_CARD at /dev/display/card0 (handle=5)
[42052458756] [[34mDEBUG[0m] [kernel::ipc] [CPU0] CREATE_PORT: capacity=262400
[42053184723] [[34mDEBUG[0m] [kernel::ipc] [CPU0] CREATE_PORT: appended id=PortId(5)
[42057327246] [[34mDEBUG[0m] [kernel::ipc::handles] [CPU0] ALLOC_HANDLE: handle=7 port_id=PortId(5) mode=Write
[42066279453] [[34mDEBUG[0m] [kernel::syscall::handlers::vfs] [CPU0] vfs: mounted userland provider at /dev/display/card0 (flags: 0x0) port=0xffffffffb01063d0
[42076454871] [[32mINFO [0m] [sprout::supervisor] [CPU0] SPROUT: Mounted /dev/display/card0 successfully
[42079164732] [[34mDEBUG[0m] [sprout::supervisor] [CPU0] SPROUT: Handshake complete ��� task 'display' marked ready
[42086135586] [[34mDEBUG[0m] [sprout::supervisor] [CPU0] SPROUT: Sent MSG_BIND_ASSIGNED to display pid 9 (res=Ok(()))
[42088993518] [[32mINFO [0m] [display_virtio_gpu] [CPU3] display_virtio_gpu: Sovereign registration COMPLETE. Assigned: /dev/display/card0
[42089010315] [[34mDEBUG[0m] [sprout::supervisor] [CPU0] SPROUT: ServiceLoop waiting for next event...
[42090897156] [[35mTRACE[0m] [kernel::syscall::handlers::socket] [CPU3] SENDMSG: thing=6 data_len=44 caps_len=0 node=Pointer { addr: 0xffffffffb0106830, metadata: DynMetadata(0xffffffff802c6ed0) }
[42092981667] [[34mDEBUG[0m] [display_virtio_gpu] [CPU3] display_virtio_gpu: Sent MSG_SERVICE_READY.
[42094204647] [[34mDEBUG[0m] [kernel::handle::bridge] [CPU3] BRIDGE: handle=2 -> fd=7 node=0xffffffffb00f5570 port=0xffffffffb00f3570
[42095490261] [[34mDEBUG[0m] [kernel::handle::bridge] [CPU3] BRIDGE: handle=3 -> fd=8 node=0xffffffffb0117710 port=0xffffffffb00f52f0
[42096719841] [[34mDEBUG[0m] [kernel::handle::bridge] [CPU3] BRIDGE: handle=6 -> fd=9 node=0xffffffffb01177d0 port=0xffffffffb01063d0
[42099289914] [[32mINFO [0m] [display_virtio_gpu] [CPU3] display_virtio_gpu: VFS provider loop online
[42103743990] [[35mTRACE[0m] [kernel::syscall::handlers::socket] [CPU0] RECVMSG: thing=4 data_len=44 caps_len=0 node=Pointer { addr: 0xffffffffb00f55d0, metadata: DynMetadata(0xffffffff802c6ed0) }
[42107101872] [[34mDEBUG[0m] [sprout::supervisor] [CPU0] SPROUT: SERVICE_READY from instance_id=0x13370001
[42109425402] [[34mDEBUG[0m] [sprout::supervisor] [CPU0] SPROUT: Service 'display' reported ready
[42111511398] [[32mINFO [0m] [sprout::supervisor] [CPU0] SPROUT: Display service is ready at /dev/display/card0
[42113696196] [[34mDEBUG[0m] [sprout::supervisor] [CPU0] SPROUT: ServiceLoop waiting for next event...
[42248674182] [[35mTRACE[0m] [kernel::syscall::handlers::vfs] [CPU1] sys_fs_close: fd=3
[42252286560] [[32mINFO [0m] [cambium::catalog] [CPU1] DEVD CATALOG: registered driver '/drivers/display_virtio_gpu' name='display_virtio_gpu' class=Display kind='dev.display.Gpu' start='thingos_driver_start_safe'
[42253939959] [[35mTRACE[0m] [kernel::syscall::handlers::vfs] [CPU1] VFS: sys_fs_open path='/drivers/hdaudio' tid=7
[42426826959] [[35mTRACE[0m] [kernel::syscall::handlers::vfs] [CPU1] sys_fs_close: fd=3
[42429824316] [[32mINFO [0m] [cambium::catalog] [CPU1] DEVD CATALOG: registered driver '/drivers/hdaudio' name='hdaudio' class=Audio kind='dev.sound.Hda' start='thingos_driver_start_safe'
[42430962915] [[35mTRACE[0m] [kernel::syscall::handlers::vfs] [CPU1] VFS: sys_fs_open path='/drivers/hwrng' tid=7
[42436890243] [[35mTRACE[0m] [sprout::supervisor] [CPU0] SPROUT: Supervisor tick...
[42438630894] [[35mTRACE[0m] [sprout::supervisor] [CPU0] SPROUT: Loop iteration: spawn_bristle_if_needed
[42440271093] [[35mTRACE[0m] [sprout::supervisor] [CPU0] SPROUT: Loop iteration: spawn_display_if_needed
[42441785628] [[35mTRACE[0m] [sprout::supervisor] [CPU0] SPROUT: Loop iteration: spawn_bloom_if_ready
[42443854761] [[34mDEBUG[0m] [sprout::supervisor] [CPU0] SPROUT: Checking if bloom is ready to spawn (/dev/display/card0 mounted=true, service_ready=true)...
[42447724143] [[34mDEBUG[0m] [kernel::task::loader] [CPU0] LOADER: Loading module '/bin/bloom' (len=533960, base=0x200000)
[42448782882] [[35mTRACE[0m] [kernel::task::loader] [CPU0]   Header: [7f, 45, 4c, 46, 02, 01, 01, 00, 00, 00, 00, 00, 00, 00, 00, 00]
[42450449349] [[34mDEBUG[0m] [kernel::task::loader] [CPU0] LOADER: ELF info: entry=200000, min_vaddr=200000, bias=0, entry_pc=200000
[42451326588] [[35mTRACE[0m] [kernel::task::loader] [CPU0] Segment: vaddr=200000 exec=true
[42457810593] [[35mTRACE[0m] [kernel::task::loader] [CPU0]   COPIED at 0x201420: [45, 0f, b7, a7, 80, 0f, 00, 00]
[42509605512] [[35mTRACE[0m] [kernel::task::loader] [CPU0] Segment: vaddr=260000 exec=false
[42515413512] [[35mTRACE[0m] [kernel::task::loader] [CPU0] Segment: vaddr=26a000 exec=false
[42520975992] [[34mDEBUG[0m] [kernel::task::loader] [CPU0] LOADER: TLS block: tp=0x26e000 filesz=0 memsz=0 align=1
[42526113333] [[34mDEBUG[0m] [bran::arch::x86_64::task] [CPU0] INIT KERNEL CTX: entry=0xffffffff800532f0 kstack_top=0xffffffffb0127d80 arg=0xffffffffb00c6980
[42528510156] [[34mDEBUG[0m] [kernel::sched] [CPU0] REGISTRY: Applying 1 deferred inserts
[42529764024] [[34mDEBUG[0m] [kernel::sched] [CPU0] REGISTRY: Inserting TID=10
[42530969976] [[34mDEBUG[0m] [kernel::sched] [CPU0] REGISTRY: Inserts applied
[42536538231] [[34mDEBUG[0m] [kernel::sched::spawn] [CPU0] SCHED: TID 10 �� task '/bin/bloom' (pid=10 from boot module)
[42564768444] [[32mINFO [0m] [sprout::supervisor] [CPU0] SPROUT: Spawned bloom (PID=10)
[42568257006] [[35mTRACE[0m] [sprout::supervisor] [CPU0] SPROUT: Loop iteration: spawn_wayland_hello_if_ready
[42570210672] [[35mTRACE[0m] [sprout::supervisor] [CPU0] SPROUT: Loop iteration: spawn_clock_if_ready
[42571897302] [[35mTRACE[0m] [sprout::supervisor] [CPU0] SPROUT: Loop iteration: tick complete
[42573933864] [[34mDEBUG[0m] [sprout::supervisor] [CPU0] SPROUT: ServiceLoop waiting for next event...
[42578856441] [[35mTRACE[0m] [kernel::sched] [CPU0] SCHED-DBG: cpus_online=4
[42580629201] [[35mTRACE[0m] [kernel::sched] [CPU0] SCHED-DBG: cpu=0 curr=Some(0) runq=0 runq_avg=1 runq_samples=97 ctxsw=14 idle2busy=0 tick=45 ipi=1 enq=100 deq=99 wake=5 lock_miss=0 lock_pending=0 lock_blocked=0
[42581737737] [[35mTRACE[0m] [kernel::sched] [CPU0] SCHED-DBG: cpu=1 curr=Some(7) runq=0 runq_avg=0 runq_samples=65 ctxsw=1 idle2busy=1 tick=67 ipi=1 enq=6 deq=5 wake=3 lock_miss=0 lock_pending=0 lock_blocked=0
[42583355925] [[35mTRACE[0m] [kernel::sched] [CPU0] SCHED-DBG: cpu=2 curr=Some(3) runq=0 runq_avg=0 runq_samples=105 ctxsw=2 idle2busy=1 tick=87 ipi=1 enq=2 deq=1 wake=2 lock_miss=0 lock_pending=0 lock_blocked=0
[42590704827] [[35mTRACE[0m] [kernel::sched] [CPU0] SCHED-DBG: cpu=3 curr=Some(4) runq=0 runq_avg=0 runq_samples=206 ctxsw=26 idle2busy=13 tick=86 ipi=13 enq=102 deq=101 wake=26 lock_miss=0 lock_pending=0 lock_blocked=0
[42615049455] [[34mDEBUG[0m] [kernel::sched::spawn] [CPU1] USER_TRAMPOLINE: PC=0x200000 SP=0x800000 ARG0=0x0
[42617377836] [[34mDEBUG[0m] [bran::arch::x86_64] [CPU1] ENTER_USER: TID=10 entry_pc=200000 user_sp=800000
[42622666746] [[34mDEBUG[0m] [kernel::syscall::handlers::process] [CPU1] sys_auxv_get: tid=10 buf_len=0
[42625435875] [[34mDEBUG[0m] [kernel::syscall::handlers::process] [CPU1] sys_auxv_get: tid=10 buf_len=100
[42628694592] [[32mINFO [0m] [bloom] [CPU1] bloom: ENTERING MAIN
[42629826525] [[32mINFO [0m] [bloom] [CPU1] bloom: compositor service starting
[42631745607] [[34mDEBUG[0m] [bloom] [CPU1] bloom: connect try 0...
[42632860347] [[35mTRACE[0m] [kernel::syscall::handlers::vfs] [CPU1] VFS: sys_fs_open path='/dev/display/card0' tid=10
[42636234267] [[34mDEBUG[0m] [kernel::vfs::provider] [CPU1] VFS_RPC: request op=Lookup len=4 tid=10
[42650232471] [[35mTRACE[0m] [kernel::syscall::handlers::vfs] [CPU1] sys_fs_close: fd=3
[42653187291] [[32mINFO [0m] [cambium::catalog] [CPU1] DEVD CATALOG: registered driver '/drivers/hwrng' name='hwrng' class=Other kind='dev.rng.HwRng' start='_RNvCs7wlZbVUrQWf_5hwrng20thingos_driver_start'
[42654282825] [[35mTRACE[0m] [kernel::syscall::handlers::vfs] [CPU1] VFS: sys_fs_open path='/drivers/pci_stubd' tid=7
[42672153084] [[35mTRACE[0m] [display_virtio_gpu] [CPU3] display_virtio_gpu: VFS RPC op=Lookup
[42674671446] [[35mTRACE[0m] [display_virtio_gpu] [CPU3] DISP: vfs_lookup path=''
[42676578417] [[35mTRACE[0m] [display_virtio_gpu] [CPU3] display_virtio_gpu: VFS RPC response begin op=Lookup req_id=1
[42682209570] [[35mTRACE[0m] [display_virtio_gpu] [CPU3] display_virtio_gpu: VFS RPC response sent op=Lookup req_id=1
[42785337870] [[34mDEBUG[0m] [kernel::vfs::provider] [CPU1] VFS_RPC: response op=Lookup id=1 -> OK(8)
[42804962475] [[34mDEBUG[0m] [kernel::vfs::provider] [CPU1] VFS_RPC: request op=DeviceCall len=48 tid=10
[42837401178] [[35mTRACE[0m] [display_virtio_gpu] [CPU3] display_virtio_gpu: VFS RPC op=DeviceCall
[42839995407] [[35mTRACE[0m] [display_virtio_gpu] [CPU3] DISP: DISPLAY_OP_GET_INFO requested
[42841403847] [[35mTRACE[0m] [display_virtio_gpu] [CPU3] DISP: Returning dimensions 1280x800
[42842559903] [[35mTRACE[0m] [display_virtio_gpu] [CPU3] display_virtio_gpu: VFS RPC response begin op=DeviceCall req_id=2
[42846841455] [[35mTRACE[0m] [display_virtio_gpu] [CPU3] display_virtio_gpu: VFS RPC response sent op=DeviceCall req_id=2
[42899615220] [[34mDEBUG[0m] [kernel::vfs::provider] [CPU1] VFS_RPC: response op=DeviceCall id=2 -> OK(48)
[42908370516] [[32mINFO [0m] [bloom] [CPU1] bloom: connected to /dev/display/card0 on try 0
[42913973652] [[35mTRACE[0m] [sprout::supervisor] [CPU0] SPROUT: Supervisor tick...
[42916047537] [[35mTRACE[0m] [sprout::supervisor] [CPU0] SPROUT: Loop iteration: spawn_bristle_if_needed
[42917654769] [[35mTRACE[0m] [sprout::supervisor] [CPU0] SPROUT: Loop iteration: spawn_display_if_needed
[42919307673] [[35mTRACE[0m] [sprout::supervisor] [CPU0] SPROUT: Loop iteration: spawn_bloom_if_ready
[42920870421] [[35mTRACE[0m] [sprout::supervisor] [CPU0] SPROUT: Loop iteration: spawn_wayland_hello_if_ready
[42922697235] [[35mTRACE[0m] [sprout::supervisor] [CPU0] SPROUT: Loop iteration: spawn_clock_if_ready
[42926419932] [[35mTRACE[0m] [sprout::supervisor] [CPU0] SPROUT: Loop iteration: tick complete
[42928148010] [[34mDEBUG[0m] [sprout::supervisor] [CPU0] SPROUT: ServiceLoop waiting for next event...
[42934975380] [[32mINFO [0m] [bloom] [CPU1] bloom: output0 1280x800 @ 60000mHz
[42936199086] [[32mINFO [0m] [bloom] [CPU1] bloom: display driver does not support VBLANK
[42938199117] [[32mINFO [0m] [bloom] [CPU1] bloom: display driver supports linear dmabuf import
[42939687417] [[32mINFO [0m] [bloom] [CPU1] bloom: display driver supports GPU blit (hardware transfer/flush)
[42940835520] [[32mINFO [0m] [bloom] [CPU1] bloom: display driver supports direct scanout (zero-copy path to display)
[42942020055] [[32mINFO [0m] [bloom] [CPU1] bloom: display driver supports partial flush (damage regions)
[42943371438] [[32mINFO [0m] [bloom] [CPU1] bloom: display driver supports resource cache (pre-allocated buffer pool)
[42944814891] [[32mINFO [0m] [bloom] [CPU1] bloom: creating service port...
[42949281144] [[34mDEBUG[0m] [kernel::ipc] [CPU1] CREATE_PORT: capacity=65536
[42950041563] [[34mDEBUG[0m] [kernel::ipc] [CPU1] CREATE_PORT: appended id=PortId(6)
[42951087960] [[34mDEBUG[0m] [kernel::ipc::handles] [CPU1] ALLOC_HANDLE: handle=5 port_id=PortId(6) mode=Write
[42952133301] [[34mDEBUG[0m] [kernel::ipc::handles] [CPU1] ALLOC_HANDLE: handle=6 port_id=PortId(6) mode=Read
[42956856426] [[35mTRACE[0m] [kernel::syscall::handlers::vfs] [CPU1] VFS: sys_fs_open path='/services/bloom' tid=10
[42962022477] [[35mTRACE[0m] [kernel::syscall::handlers::vfs] [CPU1] sys_fs_close: fd=7
[42974741634] [[35mTRACE[0m] [kernel::syscall::handlers::vfs] [CPU1] VFS: sys_fs_open path='/session/wayland/components' tid=10
[42979682526] [[35mTRACE[0m] [kernel::syscall::handlers::vfs] [CPU1] sys_fs_close: fd=7
[42981278142] [[35mTRACE[0m] [kernel::syscall::handlers::vfs] [CPU1] VFS: sys_fs_open path='/session/wayland/status' tid=10
[42985140990] [[35mTRACE[0m] [kernel::syscall::handlers::vfs] [CPU1] sys_fs_close: fd=7
[42987520950] [[35mTRACE[0m] [kernel::syscall::handlers::vfs] [CPU1] VFS: sys_fs_open path='/lib/libpistil.so' tid=10
[43048768686] [[35mTRACE[0m] [kernel::syscall::handlers::vfs] [CPU1] sys_fs_close: fd=3
[43051796304] [[32mINFO [0m] [cambium::catalog] [CPU1] DEVD CATALOG: registered driver '/drivers/pci_stubd' name='pci_stubd' class=Other kind='drv.PciStubd' start='thingos_driver_start_safe'
[43054867812] [[35mTRACE[0m] [kernel::syscall::handlers::vfs] [CPU1] VFS: sys_fs_open path='/drivers/ps2_kbd' tid=7
[43258965222] [[35mTRACE[0m] [sprout::supervisor] [CPU0] SPROUT: Supervisor tick...
[43260561696] [[35mTRACE[0m] [sprout::supervisor] [CPU0] SPROUT: Loop iteration: spawn_bristle_if_needed
[43262547207] [[35mTRACE[0m] [sprout::supervisor] [CPU0] SPROUT: Loop iteration: spawn_display_if_needed
[43264233408] [[35mTRACE[0m] [sprout::supervisor] [CPU0] SPROUT: Loop iteration: spawn_bloom_if_ready
[43265627361] [[35mTRACE[0m] [sprout::supervisor] [CPU0] SPROUT: Loop iteration: spawn_wayland_hello_if_ready
[43267331613] [[35mTRACE[0m] [sprout::supervisor] [CPU0] SPROUT: Loop iteration: spawn_clock_if_ready
[43269346296] [[35mTRACE[0m] [sprout::supervisor] [CPU0] SPROUT: Loop iteration: tick complete
[43270905381] [[34mDEBUG[0m] [sprout::supervisor] [CPU0] SPROUT: ServiceLoop waiting for next event...
[43323981162] [[35mTRACE[0m] [kernel::syscall::handlers::vfs] [CPU1] sys_fs_close: fd=7
[43438718202] [[35mTRACE[0m] [kernel::syscall::handlers::vfs] [CPU1] sys_fs_close: fd=3
[43441744038] [[32mINFO [0m] [cambium::catalog] [CPU1] DEVD CATALOG: registered driver '/drivers/ps2_kbd' name='ps2_kbd' class=Input kind='drv.Ps2Keyboard' start='thingos_driver_start_safe'
[43443181419] [[35mTRACE[0m] [kernel::syscall::handlers::vfs] [CPU1] VFS: sys_fs_open path='/drivers/ps2_mouse' tid=7
[43589293275] [[35mTRACE[0m] [sprout::supervisor] [CPU0] SPROUT: Supervisor tick...
[43591041516] [[35mTRACE[0m] [sprout::supervisor] [CPU0] SPROUT: Loop iteration: spawn_bristle_if_needed
[43592754810] [[35mTRACE[0m] [sprout::supervisor] [CPU0] SPROUT: Loop iteration: spawn_display_if_needed
[43594725636] [[35mTRACE[0m] [sprout::supervisor] [CPU0] SPROUT: Loop iteration: spawn_bloom_if_ready
[43596937824] [[35mTRACE[0m] [sprout::supervisor] [CPU0] SPROUT: Loop iteration: spawn_wayland_hello_if_ready
[43599432954] [[35mTRACE[0m] [sprout::supervisor] [CPU0] SPROUT: Loop iteration: spawn_clock_if_ready
[43601390976] [[35mTRACE[0m] [sprout::supervisor] [CPU0] SPROUT: Loop iteration: tick complete
[43602733977] [[34mDEBUG[0m] [sprout::supervisor] [CPU0] SPROUT: ServiceLoop waiting for next event...
[43606589136] [[35mTRACE[0m] [kernel::syscall::handlers::vfs] [CPU1] sys_fs_close: fd=3
[43608966423] [[32mINFO [0m] [cambium::catalog] [CPU1] DEVD CATALOG: registered driver '/drivers/ps2_mouse' name='ps2_mouse' class=Input kind='drv.Ps2Mouse' start='thingos_driver_start_safe'
[43610304969] [[35mTRACE[0m] [kernel::syscall::handlers::vfs] [CPU1] VFS: sys_fs_open path='/drivers/rtc_cmos' tid=7
[43709904942] [[32mINFO [0m] [bloom::render] [CPU1] bloom: pistil background renderer loaded from /lib/libpistil.so
[43711462740] [[32mINFO [0m] [bloom::render] [CPU1] bloom: pistil font text renderer loaded with default /share/fonts/Inter-Regular.ttf
[43712266719] [[32mINFO [0m] [bloom::render] [CPU1] bloom: pistil symbol renderer loaded with /share/fonts/NotoSansSymbol2-Regular.ttf
[43714934736] [[35mTRACE[0m] [kernel::syscall::handlers::vfs] [CPU1] VFS: sys_fs_open path='/session/desktop/theme' tid=10
[43717983804] [[35mTRACE[0m] [kernel::syscall::handlers::vfs] [CPU1] VFS: sys_fs_open path='/session/desktop/theme' tid=10
[43723623471] [[35mTRACE[0m] [kernel::syscall::handlers::vfs] [CPU1] sys_fs_close: fd=7
[43725814242] [[32mINFO [0m] [bloom] [CPU1] bloom: initial theme configured Facet Frame
[43921484871] [[35mTRACE[0m] [sprout::supervisor] [CPU0] SPROUT: Supervisor tick...
[43924026696] [[35mTRACE[0m] [sprout::supervisor] [CPU0] SPROUT: Loop iteration: spawn_bristle_if_needed
[43926403554] [[35mTRACE[0m] [sprout::supervisor] [CPU0] SPROUT: Loop iteration: spawn_display_if_needed
[43928767773] [[35mTRACE[0m] [sprout::supervisor] [CPU0] SPROUT: Loop iteration: spawn_bloom_if_ready
[43931041671] [[35mTRACE[0m] [sprout::supervisor] [CPU0] SPROUT: Loop iteration: spawn_wayland_hello_if_ready
[43933555941] [[35mTRACE[0m] [sprout::supervisor] [CPU0] SPROUT: Loop iteration: spawn_clock_if_ready
[43935995928] [[35mTRACE[0m] [sprout::supervisor] [CPU0] SPROUT: Loop iteration: tick complete
[43936896993] [[34mDEBUG[0m] [kernel::syscall::handlers::memory] [CPU1] sys_vm_map: large backing file mapping offset=0 len=4096000 total_size=4096000
[43940325165] [[34mDEBUG[0m] [sprout::supervisor] [CPU0] SPROUT: ServiceLoop waiting for next event...
[44045176164] [[35mTRACE[0m] [kernel::syscall::handlers::vfs] [CPU1] sys_fs_close: fd=3
[44047435674] [[32mINFO [0m] [cambium::catalog] [CPU1] DEVD CATALOG: registered driver '/drivers/rtc_cmos' name='rtc_cmos' class=Other kind='dev.rtc.Cmos' start='thingos_driver_start_safe'
[44048693601] [[35mTRACE[0m] [kernel::syscall::handlers::vfs] [CPU1] VFS: sys_fs_open path='/drivers/rtl8168d' tid=7
[44206395321] [[35mTRACE[0m] [kernel::syscall::handlers::vfs] [CPU1] sys_fs_close: fd=3
[44208652554] [[32mINFO [0m] [cambium::catalog] [CPU1] DEVD CATALOG: registered driver '/drivers/rtl8168d' name='rtl8168d' class=Net kind='dev.net.Nic' start='thingos_driver_start_safe'
[44210825142] [[35mTRACE[0m] [kernel::syscall::handlers::vfs] [CPU1] VFS: sys_fs_open path='/drivers/virtio_netd' tid=7
[44250757617] [[35mTRACE[0m] [sprout::supervisor] [CPU0] SPROUT: Supervisor tick...
[44252795598] [[35mTRACE[0m] [sprout::supervisor] [CPU0] SPROUT: Loop iteration: spawn_bristle_if_needed
[44254585947] [[35mTRACE[0m] [sprout::supervisor] [CPU0] SPROUT: Loop iteration: spawn_display_if_needed
[44256627558] [[35mTRACE[0m] [sprout::supervisor] [CPU0] SPROUT: Loop iteration: spawn_bloom_if_ready
[44258281782] [[35mTRACE[0m] [sprout::supervisor] [CPU0] SPROUT: Loop iteration: spawn_wayland_hello_if_ready
[44260573269] [[35mTRACE[0m] [sprout::supervisor] [CPU0] SPROUT: Loop iteration: spawn_clock_if_ready
[44262083679] [[35mTRACE[0m] [sprout::supervisor] [CPU0] SPROUT: Loop iteration: tick complete
[44263575708] [[34mDEBUG[0m] [sprout::supervisor] [CPU0] SPROUT: ServiceLoop waiting for next event...
[44375511642] [[35mTRACE[0m] [kernel::syscall::handlers::vfs] [CPU1] sys_fs_close: fd=3
[44378639745] [[32mINFO [0m] [cambium::catalog] [CPU1] DEVD CATALOG: registered driver '/drivers/virtio_netd' name='virtio_netd' class=Net kind='dev.net.Nic' start='thingos_driver_start_safe'
[44379749436] [[35mTRACE[0m] [kernel::syscall::handlers::vfs] [CPU1] VFS: sys_fs_open path='/drivers/virtio_sound' tid=7
[44480977629] [[34mDEBUG[0m] [kernel::vfs::provider] [CPU1] VFS_RPC: request op=DeviceCall len=88 tid=10
[44486862090] [[35mTRACE[0m] [display_virtio_gpu] [CPU3] display_virtio_gpu: VFS RPC op=DeviceCall
[44488549479] [[35mTRACE[0m] [display_virtio_gpu] [CPU3] DISP: DISPLAY_OP_IMPORT_BUFFER requested: memfd=10, size=1280x800
[44490549774] [[34mDEBUG[0m] [kernel::syscall::handlers::memory] [CPU3] sys_vm_map: large backing file mapping offset=0 len=4096000 total_size=4096000
[44524445394] [[34mDEBUG[0m] [display_virtio_gpu] [CPU3] DISP: imported buffer as ID=1
[44526297420] [[35mTRACE[0m] [display_virtio_gpu] [CPU3] display_virtio_gpu: VFS RPC response begin op=DeviceCall req_id=3
[44528956395] [[35mTRACE[0m] [display_virtio_gpu] [CPU3] display_virtio_gpu: VFS RPC response sent op=DeviceCall req_id=3
[44561893002] [[34mDEBUG[0m] [kernel::vfs::provider] [CPU1] VFS_RPC: response op=DeviceCall id=3 -> OK(12)
[44564349357] [[34mDEBUG[0m] [bloom::display] [CPU1] bloom: imported buffer 1280x800 as ID=1
[44565745752] [[35mTRACE[0m] [kernel::syscall::handlers::vfs] [CPU1] VFS: sys_fs_open path='/session/desktop/wallpaper' tid=10
[44568431457] [[35mTRACE[0m] [kernel::syscall::handlers::vfs] [CPU1] VFS: sys_fs_open path='/session/desktop/wallpaper' tid=10
[44573847879] [[35mTRACE[0m] [kernel::syscall::handlers::vfs] [CPU1] sys_fs_close: fd=3
[44576117619] [[32mINFO [0m] [cambium::catalog] [CPU1] DEVD CATALOG: registered driver '/drivers/virtio_sound' name='virtio_sound' class=Audio kind='dev.sound.Virtio' start='thingos_driver_start_safe'
[44577097851] [[35mTRACE[0m] [kernel::syscall::handlers::vfs] [CPU1] VFS: sys_fs_open path='/drivers/xhci' tid=7
[44584484175] [[35mTRACE[0m] [sprout::supervisor] [CPU0] SPROUT: Supervisor tick...
[44586235518] [[35mTRACE[0m] [sprout::supervisor] [CPU0] SPROUT: Loop iteration: spawn_bristle_if_needed
[44587760382] [[35mTRACE[0m] [sprout::supervisor] [CPU0] SPROUT: Loop iteration: spawn_display_if_needed
[44589579573] [[35mTRACE[0m] [sprout::supervisor] [CPU0] SPROUT: Loop iteration: spawn_bloom_if_ready
[44591125755] [[35mTRACE[0m] [sprout::supervisor] [CPU0] SPROUT: Loop iteration: spawn_wayland_hello_if_ready
[44593662960] [[34mDEBUG[0m] [kernel::task::loader] [CPU0] LOADER: Loading module '/bin/wayland_hello' (len=86480, base=0x200000)
[44594297583] [[35mTRACE[0m] [kernel::task::loader] [CPU0]   Header: [7f, 45, 4c, 46, 02, 01, 01, 00, 00, 00, 00, 00, 00, 00, 00, 00]
[44595450273] [[34mDEBUG[0m] [kernel::task::loader] [CPU0] LOADER: ELF info: entry=200000, min_vaddr=200000, bias=0, entry_pc=200000
[44596132317] [[35mTRACE[0m] [kernel::task::loader] [CPU0] Segment: vaddr=200000 exec=true
[44602572168] [[35mTRACE[0m] [kernel::task::loader] [CPU0]   COPIED at 0x201420: [48, 83, c4, 58, c3, cc, cc, cc]
[44608647237] [[35mTRACE[0m] [kernel::task::loader] [CPU0] Segment: vaddr=20d000 exec=false
[44610200481] [[35mTRACE[0m] [kernel::task::loader] [CPU0] Segment: vaddr=20f000 exec=false
[44612263179] [[34mDEBUG[0m] [kernel::task::loader] [CPU0] LOADER: TLS block: tp=0x211000 filesz=0 memsz=0 align=1
[44616935748] [[34mDEBUG[0m] [bran::arch::x86_64::task] [CPU0] INIT KERNEL CTX: entry=0xffffffff800532f0 kstack_top=0xffffffffb0163920 arg=0xffffffffb00c69a0
[44632869336] [[34mDEBUG[0m] [kernel::sched] [CPU0] REGISTRY: Applying 1 deferred inserts
[44634519435] [[34mDEBUG[0m] [kernel::sched] [CPU0] REGISTRY: Inserting TID=11
[44638729971] [[34mDEBUG[0m] [kernel::sched] [CPU0] REGISTRY: Inserts applied
[44643338322] [[34mDEBUG[0m] [kernel::sched::spawn] [CPU0] SCHED: TID 11 �� task '/bin/wayland_hello' (pid=11 from boot module)
[44648334456] [[32mINFO [0m] [sprout::supervisor] [CPU0] SPROUT: Spawned wayland_hello (PID=11)
[44648556546] [[34mDEBUG[0m] [kernel::sched::spawn] [CPU2] USER_TRAMPOLINE: PC=0x200000 SP=0x800000 ARG0=0x0
[44649642411] [[34mDEBUG[0m] [bran::arch::x86_64] [CPU2] ENTER_USER: TID=11 entry_pc=200000 user_sp=800000
[44651168694] [[34mDEBUG[0m] [kernel::syscall::handlers::process] [CPU2] sys_auxv_get: tid=11 buf_len=0
[44652501267] [[34mDEBUG[0m] [kernel::syscall::handlers::process] [CPU2] sys_auxv_get: tid=11 buf_len=100
[44654376162] [[35mTRACE[0m] [sprout::supervisor] [CPU0] SPROUT: Loop iteration: spawn_clock_if_ready
[44656830174] [[34mDEBUG[0m] [kernel::task::loader] [CPU0] LOADER: Loading module '/bin/clock' (len=83048, base=0x200000)
[44657472618] [[35mTRACE[0m] [kernel::task::loader] [CPU0]   Header: [7f, 45, 4c, 46, 02, 01, 01, 00, 00, 00, 00, 00, 00, 00, 00, 00]
[44658144465] [[35mTRACE[0m] [kernel::syscall::handlers::vfs] [CPU2] sys_fs_close: fd=6
[44658792255] [[34mDEBUG[0m] [kernel::task::loader] [CPU0] LOADER: ELF info: entry=200000, min_vaddr=200000, bias=0, entry_pc=200000
[44659464531] [[35mTRACE[0m] [kernel::task::loader] [CPU0] Segment: vaddr=200000 exec=true
[44662755225] [[35mTRACE[0m] [kernel::task::loader] [CPU0]   COPIED at 0x201420: [48, 83, c4, 58, c3, cc, cc, cc]
[44673365418] [[35mTRACE[0m] [kernel::task::loader] [CPU0] Segment: vaddr=20c000 exec=false
[44675003109] [[35mTRACE[0m] [kernel::task::loader] [CPU0] Segment: vaddr=20e000 exec=false
[44676990996] [[34mDEBUG[0m] [kernel::task::loader] [CPU0] LOADER: TLS block: tp=0x210000 filesz=0 memsz=0 align=1
[44682251559] [[34mDEBUG[0m] [bran::arch::x86_64::task] [CPU0] INIT KERNEL CTX: entry=0xffffffff800532f0 kstack_top=0xffffffffb0173920 arg=0xffffffffb00c69a0
[44684246244] [[34mDEBUG[0m] [kernel::sched] [CPU0] REGISTRY: Applying 1 deferred inserts
[44684931555] [[34mDEBUG[0m] [kernel::sched] [CPU0] REGISTRY: Inserting TID=12
[44685675111] [[34mDEBUG[0m] [kernel::sched] [CPU0] REGISTRY: Inserts applied
[44689744110] [[34mDEBUG[0m] [kernel::sched::spawn] [CPU0] SCHED: TID 12 ��� task '/bin/clock' (pid=12 from boot module)
[44700261474] [[34mDEBUG[0m] [kernel::sched::spawn] [CPU3] USER_TRAMPOLINE: PC=0x200000 SP=0x800000 ARG0=0x0
[44701102842] [[34mDEBUG[0m] [bran::arch::x86_64] [CPU3] ENTER_USER: TID=12 entry_pc=200000 user_sp=800000
[44702440332] [[34mDEBUG[0m] [kernel::syscall::handlers::process] [CPU3] sys_auxv_get: tid=12 buf_len=0
[44703751125] [[34mDEBUG[0m] [kernel::syscall::handlers::process] [CPU3] sys_auxv_get: tid=12 buf_len=100
[44718121734] [[32mINFO [0m] [clock] [CPU3] clock: running at low scheduler priority tid=12
[44721254292] [[35mTRACE[0m] [kernel::syscall::handlers::vfs] [CPU3] sys_fs_close: fd=6
[44723341542] [[32mINFO [0m] [sprout::supervisor] [CPU0] SPROUT: Spawned clock (PID=12)
[44726079618] [[35mTRACE[0m] [sprout::supervisor] [CPU0] SPROUT: Loop iteration: tick complete
[44728159608] [[34mDEBUG[0m] [sprout::supervisor] [CPU0] SPROUT: ServiceLoop waiting for next event...
[44756812023] [[35mTRACE[0m] [kernel::syscall::handlers::vfs] [CPU1] sys_fs_close: fd=3
[44758954515] [[32mINFO [0m] [cambium::catalog] [CPU1] DEVD CATALOG: registered driver '/drivers/xhci' name='xhci' class=Block kind='dev.usb.Xhci' start='thingos_driver_start_safe'
[44760862377] [[32mINFO [0m] [cambium::catalog] [CPU1] DEVD CATALOG: 15 driver(s) found
[44761953786] [[35mTRACE[0m] [kernel::syscall::handlers::vfs] [CPU1] VFS: sys_fs_open path='/sys/device_snapshot' tid=7
[44763238509] [[34mDEBUG[0m] [kernel::vfs::sysfs] [CPU1] sysfs: lookup path='device_snapshot'
[44768255763] [[35mTRACE[0m] [kernel::syscall::handlers::vfs] [CPU1] sys_fs_close: fd=3
[44774334198] [[34mDEBUG[0m] [cambium] [CPU1] CAMBIUM: discovered device slot=pci-0000:00:00.0 kind=pci_device vendor=0x8086 device=0x29c0 class=0x060000 present=true
[44777951064] [[34mDEBUG[0m] [cambium] [CPU1] CAMBIUM: discovered device slot=pci-0000:00:01.0 kind=pci_device vendor=0x1af4 device=0x1041 class=0x020000 present=true
[44782616406] [[34mDEBUG[0m] [cambium] [CPU1] CAMBIUM: isolation mode skipping driver '/drivers/virtio_netd' class=Net for pci-0000:00:01.0
[44783742630] [[34mDEBUG[0m] [cambium] [CPU1] CAMBIUM: discovered device slot=pci-0000:00:02.0 kind=pci_device vendor=0x1af4 device=0x1050 class=0x030000 present=true
[44784751341] [[34mDEBUG[0m] [cambium] [CPU1] CAMBIUM: discovered device slot=pci-0000:00:03.0 kind=pci_device vendor=0x1af4 device=0x1059 class=0x040100 present=true
[44786144370] [[34mDEBUG[0m] [cambium] [CPU1] CAMBIUM: isolation mode skipping driver '/drivers/virtio_sound' class=Audio for pci-0000:00:03.0
[44786857797] [[34mDEBUG[0m] [cambium] [CPU1] CAMBIUM: discovered device slot=pci-0000:00:1f.0 kind=pci_device vendor=0x8086 device=0x2918 class=0x060100 present=true
[44787668244] [[34mDEBUG[0m] [cambium] [CPU1] CAMBIUM: discovered device slot=pci-0000:00:1f.2 kind=pci_device vendor=0x8086 device=0x2922 class=0x010601 present=true
[44789482683] [[35mTRACE[0m] [kernel::syscall::handlers::vfs] [CPU1] VFS: sys_fs_open path='/sys/devices/pci-0000:00:1f.2/status' tid=7
[44790788295] [[34mDEBUG[0m] [kernel::vfs::sysfs] [CPU1] sysfs: lookup path='devices/pci-0000:00:1f.2/status'
[44792129646] [[34mDEBUG[0m] [kernel::vfs::sysfs] [CPU1] sysfs: matched device file 'pci-0000:00:1f.2/status'
[44793974313] [[35mTRACE[0m] [kernel::syscall::handlers::vfs] [CPU1] sys_fs_close: fd=3
[44809952154] [[34mDEBUG[0m] [kernel::sched::spawn] [CPU1] SPAWN: page cache miss for '/drivers/ahci_disk', caching 53784 bytes
[44811514869] [[34mDEBUG[0m] [kernel::task::loader] [CPU1] LOADER: Loading module 'ahci_disk' (len=53784, base=0x200000)
[44811965880] [[35mTRACE[0m] [kernel::syscall::handlers::vfs] [CPU2] sys_fs_close: fd=6
[44812127547] [[35mTRACE[0m] [kernel::task::loader] [CPU1]   Header: [7f, 45, 4c, 46, 02, 01, 01, 03, 00, 00, 00, 00, 00, 00, 00, 00]
[44815052964] [[34mDEBUG[0m] [kernel::task::loader] [CPU1] LOADER: ELF info: entry=200000, min_vaddr=200000, bias=0, entry_pc=200000
[44816260665] [[35mTRACE[0m] [kernel::task::loader] [CPU1] Segment: vaddr=200000 exec=true
[44819738634] [[35mTRACE[0m] [kernel::task::loader] [CPU1]   COPIED at 0x201420: [24, 0c, e8, 59, 0e, 00, 00, bf]
[44823489777] [[35mTRACE[0m] [kernel::task::loader] [CPU1] Segment: vaddr=207000 exec=false
[44824847199] [[35mTRACE[0m] [kernel::task::loader] [CPU1] Segment: vaddr=208000 exec=false
[44826346224] [[34mDEBUG[0m] [kernel::task::loader] [CPU1] LOADER: TLS block: tp=0x209000 filesz=0 memsz=0 align=1
[44836721127] [[34mDEBUG[0m] [kernel::sched::spawn] [CPU1] SPAWN: driver entrypoint override 'thingos_driver_start_safe' => VA 0x201000 + bias 0x0 = PC 0x201000
[44838012021] [[34mDEBUG[0m] [kernel::sched::spawn] [CPU1] SPAWN_FROM_PATH: Starting Phase 1 for /drivers/ahci_disk
[44839285887] [[34mDEBUG[0m] [bran::arch::x86_64::task] [CPU1] INIT KERNEL CTX: entry=0xffffffff800532f0 kstack_top=0xffffffffb0197b40 arg=0xffffffffb0152300
[44841849954] [[34mDEBUG[0m] [kernel::sched::spawn] [CPU1] SPAWN_FROM_PATH: Phase 1 complete, ID=13, applying inserts
[44842508403] [[34mDEBUG[0m] [kernel::sched] [CPU1] REGISTRY: Applying 1 deferred inserts
[44843114316] [[34mDEBUG[0m] [kernel::sched] [CPU1] REGISTRY: Inserting TID=13
[44843876649] [[34mDEBUG[0m] [kernel::sched] [CPU1] REGISTRY: Inserts applied
[44844491802] [[34mDEBUG[0m] [kernel::sched::spawn] [CPU1] SPAWN_FROM_PATH: Inserts applied, entering Phase 2
[44846787645] [[34mDEBUG[0m] [kernel::sched::spawn] [CPU1] SETUP_STDIO: stdin=Inherit stdout=Inherit stderr=Inherit
[44852283465] [[34mDEBUG[0m] [kernel::sched::spawn] [CPU1] SPAWN_FROM_PATH: Phase 2 complete, waking task 13
[44854528950] [[34mDEBUG[0m] [kernel::sched::spawn] [CPU1] SPAWN_FROM_PATH: Task 13 woken, restoring IRQs
[44855180535] [[34mDEBUG[0m] [kernel::sched::spawn] [CPU1] SPAWN_FROM_PATH: Done for /drivers/ahci_disk
[44856176541] [[34mDEBUG[0m] [kernel::syscall::handlers::process] [CPU1] SYSCALL SPAWN_PROCESS_EX: name='/drivers/ahci_disk' TID=13 PID=13
[44861119182] [[34mDEBUG[0m] [kernel::sched::spawn] [CPU1] USER_TRAMPOLINE: PC=0x201000 SP=0x800000 ARG0=0x3
[44862049617] [[34mDEBUG[0m] [bran::arch::x86_64] [CPU1] ENTER_USER: TID=13 entry_pc=201000 user_sp=800000
[44863172409] [[34mDEBUG[0m] [kernel::syscall::handlers::process] [CPU1] sys_auxv_get: tid=13 buf_len=0
[44864639820] [[34mDEBUG[0m] [kernel::syscall::handlers::process] [CPU1] sys_auxv_get: tid=13 buf_len=100
[44867394033] [[32mINFO [0m] [ahci_disk] [CPU1] AHCI: Starting AHCI VFS driver
[44877220707] [[35mTRACE[0m] [kernel::syscall::handlers::vfs] [CPU3] sys_fs_close: fd=6
[44896131819] [[34mDEBUG[0m] [kernel::syscall::handlers::device] [CPU1] DEVICE: task 13 claimed device 'pci-0000:00:1f.2' (handle 1)
[44898337935] [[32mINFO [0m] [ahci_disk] [CPU1] AHCI: Claimed device /sys/devices/pci-0000:00:1f.2
[44899160460] [[34mDEBUG[0m] [kernel::syscall::handlers::device] [CPU1] DEVICE: mapping BAR5 (phys=0x80880000, size=0x1000) for task 13
[44899957707] [[34mDEBUG[0m] [kernel::syscall::handlers::device] [CPU1] DEVICE: Mapped BAR5 phys=0x80880000 size=0x1000 -> virt=0x1001e000
[44904032844] [[34mDEBUG[0m] [kernel::syscall::handlers::device] [CPU1] DEVICE: DMA alloc 1 pages phys=0x2e18000 -> user_va=0x1001f000
[44909523351] [[34mDEBUG[0m] [kernel::ipc] [CPU1] CREATE_PORT: capacity=65536
[44910287466] [[34mDEBUG[0m] [kernel::ipc] [CPU1] CREATE_PORT: appended id=PortId(7)
[44910946938] [[34mDEBUG[0m] [kernel::ipc::handles] [CPU1] ALLOC_HANDLE: handle=1 port_id=PortId(7) mode=Write
[44911655580] [[34mDEBUG[0m] [kernel::ipc::handles] [CPU1] ALLOC_HANDLE: handle=2 port_id=PortId(7) mode=Read
[44917950891] [[34mDEBUG[0m] [kernel::ipc] [CPU1] CREATE_PORT: capacity=262400
[44918653857] [[34mDEBUG[0m] [kernel::ipc] [CPU1] CREATE_PORT: appended id=PortId(8)
[44919252312] [[34mDEBUG[0m] [kernel::ipc::handles] [CPU1] ALLOC_HANDLE: handle=3 port_id=PortId(8) mode=Write
[44922654447] [[34mDEBUG[0m] [kernel::syscall::handlers::vfs] [CPU1] vfs: mounted userland provider at /dev/storage/atapi2 (flags: 0x0) port=0xffffffffb01b0b50
[44923900197] [[32mINFO [0m] [ahci_disk] [CPU1] AHCI: Mounted atapi2 at /dev/storage/atapi2
[44924595969] [[32mINFO [0m] [ahci_disk] [CPU1] AHCI: Provider loop online at /dev/storage/atapi2
[44931343116] [[35mTRACE[0m] [kernel::syscall::handlers::vfs] [CPU1] sys_fs_close: fd=8
[44932836036] [[32mINFO [0m] [bloom] [CPU1] bloom: initial wallpaper configured /share/wallpapers/flower.png
[44944970796] [[35mTRACE[0m] [kernel::syscall::handlers::vfs] [CPU1] VFS: sys_fs_open path='/share/cursors/future/default.svg' tid=10
[44955972501] [[35mTRACE[0m] [kernel::syscall::handlers::vfs] [CPU1] sys_fs_close: fd=9
[44971569159] [[34mDEBUG[0m] [cambium::spawn] [CPU1] CAMBIUM: launched driver /drivers/ahci_disk for pci-0000:00:1f.2 (entry='thingos_driver_start_safe', pid=13)
[44975771082] [[34mDEBUG[0m] [cambium::spawn] [CPU1] CAMBIUM: sent DRIVER_READY to Sprout (pid=5) for driver pid=13
[44977049865] [[34mDEBUG[0m] [cambium] [CPU1] CAMBIUM: discovered device slot=pci-0000:00:1f.3 kind=pci_device vendor=0x8086 device=0x2930 class=0x0c0500 present=true
[44978022672] [[34mDEBUG[0m] [cambium] [CPU1] CAMBIUM: discovered device slot=isa-0070 kind=dev.rtc.Cmos vendor=0x0000 device=0x0000 class=0x000000 present=true
[44980924428] [[35mTRACE[0m] [kernel::syscall::handlers::vfs] [CPU1] VFS: sys_fs_open path='/sys/devices/isa-0070/status' tid=7
[44982782790] [[34mDEBUG[0m] [kernel::vfs::sysfs] [CPU1] sysfs: lookup path='devices/isa-0070/status'
[44984520207] [[34mDEBUG[0m] [kernel::vfs::sysfs] [CPU1] sysfs: matched device file 'isa-0070/status'
[44984442129] [[35mTRACE[0m] [kernel::syscall::handlers::socket] [CPU0] RECVMSG: thing=4 data_len=40 caps_len=0 node=Pointer { addr: 0xffffffffb00f55d0, metadata: DynMetadata(0xffffffff802c6ed0) }
[44986523274] [[35mTRACE[0m] [kernel::syscall::handlers::vfs] [CPU1] sys_fs_close: fd=4
[44990401434] [[34mDEBUG[0m] [sprout::supervisor] [CPU0] SPROUT: DRIVER_READY from PID 13 — no matching ManagedTask (already exited?)
[44990838354] [[35mTRACE[0m] [kernel::syscall::handlers::vfs] [CPU2] sys_fs_close: fd=6
[44993230854] [[34mDEBUG[0m] [sprout::supervisor] [CPU0] SPROUT: ServiceLoop waiting for next event...
[44997605301] [[34mDEBUG[0m] [kernel::sched::spawn] [CPU1] SPAWN: page cache miss for '/drivers/rtc_cmos', caching 45904 bytes
[44999159205] [[34mDEBUG[0m] [kernel::task::loader] [CPU1] LOADER: Loading module 'rtc_cmos' (len=45904, base=0x200000)
[44999790429] [[35mTRACE[0m] [kernel::task::loader] [CPU1]   Header: [7f, 45, 4c, 46, 02, 01, 01, 03, 00, 00, 00, 00, 00, 00, 00, 00]
[45000806763] [[34mDEBUG[0m] [kernel::task::loader] [CPU1] LOADER: ELF info: entry=200000, min_vaddr=200000, bias=0, entry_pc=200000
[45001376310] [[35mTRACE[0m] [kernel::task::loader] [CPU1] Segment: vaddr=200000 exec=true
[45003731850] [[35mTRACE[0m] [kernel::task::loader] [CPU1]   COPIED at 0x201420: [0f, 84, ea, 03, 00, 00, b8, 00]
[45006579750] [[35mTRACE[0m] [kernel::task::loader] [CPU1] Segment: vaddr=206000 exec=false
[45007778376] [[35mTRACE[0m] [kernel::task::loader] [CPU1] Segment: vaddr=207000 exec=false
[45009413394] [[34mDEBUG[0m] [kernel::task::loader] [CPU1] LOADER: TLS block: tp=0x208000 filesz=0 memsz=0 align=1
[45015063192] [[34mDEBUG[0m] [kernel::sched::spawn] [CPU1] SPAWN: driver entrypoint override 'thingos_driver_start_safe' => VA 0x201000 + bias 0x0 = PC 0x201000
[45015811236] [[34mDEBUG[0m] [kernel::sched::spawn] [CPU1] SPAWN_FROM_PATH: Starting Phase 1 for /drivers/rtc_cmos
[45016954620] [[34mDEBUG[0m] [bran::arch::x86_64::task] [CPU1] INIT KERNEL CTX: entry=0xffffffff800532f0 kstack_top=0xffffffffb01f0cc0 arg=0xffffffffb01b1d40
[45019240860] [[34mDEBUG[0m] [kernel::sched::spawn] [CPU1] SPAWN_FROM_PATH: Phase 1 complete, ID=14, applying inserts
[45019950228] [[34mDEBUG[0m] [kernel::sched] [CPU1] REGISTRY: Applying 1 deferred inserts
[45020726685] [[34mDEBUG[0m] [kernel::sched] [CPU1] REGISTRY: Inserting TID=14
[45021811791] [[34mDEBUG[0m] [kernel::sched] [CPU1] REGISTRY: Inserts applied
[45022536438] [[34mDEBUG[0m] [kernel::sched::spawn] [CPU1] SPAWN_FROM_PATH: Inserts applied, entering Phase 2
[45025181718] [[34mDEBUG[0m] [kernel::sched::spawn] [CPU1] SETUP_STDIO: stdin=Inherit stdout=Inherit stderr=Inherit
[45030017439] [[34mDEBUG[0m] [kernel::sched::spawn] [CPU1] SPAWN_FROM_PATH: Phase 2 complete, waking task 14
[45031572201] [[34mDEBUG[0m] [kernel::sched::spawn] [CPU1] SPAWN_FROM_PATH: Task 14 woken, restoring IRQs
[45032118153] [[34mDEBUG[0m] [kernel::sched::spawn] [CPU1] SPAWN_FROM_PATH: Done for /drivers/rtc_cmos
[45032733636] [[34mDEBUG[0m] [kernel::syscall::handlers::process] [CPU1] SYSCALL SPAWN_PROCESS_EX: name='/drivers/rtc_cmos' TID=14 PID=14
[45033485541] [[34mDEBUG[0m] [kernel::sched::spawn] [CPU2] USER_TRAMPOLINE: PC=0x201000 SP=0x800000 ARG0=0x4
[45034362549] [[34mDEBUG[0m] [bran::arch::x86_64] [CPU2] ENTER_USER: TID=14 entry_pc=201000 user_sp=800000
[45035671923] [[34mDEBUG[0m] [cambium::spawn] [CPU1] CAMBIUM: launched driver /drivers/rtc_cmos for isa-0070 (entry='thingos_driver_start_safe', pid=14)
[45036575463] [[34mDEBUG[0m] [kernel::syscall::handlers::process] [CPU2] sys_auxv_get: tid=14 buf_len=0


[!!!] KILLED DUE TO SILENCE AT 2026-05-01T11:33:30.393178
