
[hunter] session=0029 arch=x86_64 timeout=15s desktop_ready_timeout=180s loglevel=5

[hunter] waiting for desktop readiness before random actions: bloom: service loop started, bloom: output0, bloom: cursor ready, First frame rendered, wayland-server: listening on /run/wayland-0, bloom: registered bristle pointer sink
[2J[01;01H[=3h[2J[01;01H[2J[01;01H[8;042;160t0[2J[01;01H[2J[01;01H[8;056;240t0[2J[01;01HBdsDxe: loading Boot0002 "UEFI QEMU DVD-ROM QM00005 " from PciRoot(0x0)/Pci(0x1F,0x2)/Sata(0x2,0xFFFF,0x0)
BdsDxe: starting Boot0002 "UEFI QEMU DVD-ROM QM00005 " from PciRoot(0x0)/Pci(0x1F,0x2)/Sata(0x2,0xFFFF,0x0)
[2J[01;01H[01;01H[2J[01;01H[01;01H
[hunter] desktop readiness pending; missing=["bloom: service loop started", "bloom: output0", "bloom: cursor ready", "First frame rendered", "wayland-server: listening on /run/wayland-0", "bloom: registered bristle pointer sink"]

[hunter] desktop readiness pending; missing=["bloom: service loop started", "bloom: output0", "bloom: cursor ready", "First frame rendered", "wayland-server: listening on /run/wayland-0", "bloom: registered bristle pointer sink"]
[33464904660] [[32mINFO [0m] [kernel::boot_progress] [CPU0] boot_progress: milestone="Framebuffer Initialized"
[33496682472] [[35mTRACE[0m] [kernel::memory] [CPU0] [kernel:mem:init] enter
[33499601883] [[35mTRACE[0m] [kernel::memory] [CPU0] [kernel:mem:init] phys_memory_map ok
[33500323164] [[35mTRACE[0m] [kernel::memory] [CPU0] [kernel:mem:init] modules ok
[33501048801] [[35mTRACE[0m] [kernel::memory] [CPU0] [kernel:mem:init] phys_to_virt_offset ok
[33501567033] [[35mTRACE[0m] [kernel::memory] [CPU0] [kernel:mem:init] memory map logging done
[33524300799] [[35mTRACE[0m] [kernel::memory] [CPU0] [kernel:mem:init] boot_frame_alloc init ok
[33710491386] [[35mTRACE[0m] [kernel::memory] [CPU0] [kernel:mem:init] frame allocator build ok
[33711210027] [[35mTRACE[0m] [kernel::memory] [CPU0] [kernel:mem:init] frame allocator log ok
[33712133928] [[35mTRACE[0m] [kernel::memory] [CPU0] [kernel:mem:init] FRAME_ALLOCATOR init ok
[33712883787] [[35mTRACE[0m] [kernel::memory] [CPU0] [kernel:mem:init] tasking init ok
[33713374002] [[32mINFO [0m] [kernel::boot_progress] [CPU0] boot_progress: milestone="Memory Map OK"
[33732469188] [[32mINFO [0m] [kernel] [CPU0] Initializing global allocator...
[33732998178] [[34mDEBUG[0m] [kernel::memory::global_alloc] [CPU0] [kernel:global_alloc] enter
[33733554921] [[34mDEBUG[0m] [kernel::memory::global_alloc] [CPU0] [kernel:global_alloc] set expand hook
[33734078796] [[34mDEBUG[0m] [kernel::memory::global_alloc] [CPU0] [kernel:global_alloc] expand hook ok
[33734602044] [[34mDEBUG[0m] [kernel::memory::global_alloc] [CPU0] [kernel:global_alloc] kernel_heap lock begin
[33735482451] [[34mDEBUG[0m] [kernel::memory::global_alloc] [CPU0] [kernel:global_alloc] kernel_heap lock ok
[33735970785] [[35mTRACE[0m] [kernel::memory::global_alloc] [CPU0] [kernel:global_alloc] reserve_region begin
[33765367746] [[35mTRACE[0m] [kernel::memory::global_alloc] [CPU0] [kernel:global_alloc] reserve_region ok
[33765929010] [[35mTRACE[0m] [kernel::memory::global_alloc] [CPU0] [kernel:global_alloc] inner allocator init begin
[33768439188] [[35mTRACE[0m] [kernel::memory::global_alloc] [CPU0] [kernel:global_alloc] inner allocator init ok
[33769140900] [[35mTRACE[0m] [kernel::memory::global_alloc] [CPU0] [kernel:global_alloc] heap top store ok
[33769722162] [[35mTRACE[0m] [kernel::memory::global_alloc] [CPU0] [kernel:global_alloc] init done
[33770473077] [[32mINFO [0m] [kernel::boot_progress] [CPU0] boot_progress: milestone="Global Allocator"
[33791569548] [[34mDEBUG[0m] [kernel::vfs::devfs] [CPU0] devfs: set_boot_fb width=1920 height=1080 pitch=7680 resource_id=0xfb000000 phys=0x80000000
[33793449756] [[34mDEBUG[0m] [kernel] [CPU0] [kernel:start] framebuffer/devfs set_boot_fb elapsed_ticks=1785102 elapsed_us=892
[33799117968] [[34mDEBUG[0m] [kernel] [CPU0] [kernel:start] framebuffer/devfs FbNode::new elapsed_ticks=4895154 elapsed_us=2447
[33799841658] [[35mTRACE[0m] [kernel::vfs::devfs] [CPU0] [kernel:devfs] register begin
[33804177693] [[35mTRACE[0m] [kernel::vfs::devfs] [CPU0] [kernel:devfs] register ok
[33804806739] [[34mDEBUG[0m] [kernel] [CPU0] [kernel:start] framebuffer/devfs register fb0 elapsed_ticks=4913436 elapsed_us=2456
[33805388529] [[32mINFO [0m] [kernel::boot_progress] [CPU0] boot_progress: milestone="Display Registry"
[33824047290] [[32mINFO [0m] [kernel] [CPU0] Initializing SIMD...
[33825668514] [[32mINFO [0m] [kernel::boot_progress] [CPU0] boot_progress: milestone="SIMD Ready"
[33860684451] [[34mDEBUG[0m] [kernel] [CPU0] Seeding entropy pool...
[33861608154] [[35mTRACE[0m] [kernel::entropy] [CPU0] [kernel:entropy] seed begin
[33862551492] [[35mTRACE[0m] [kernel::entropy] [CPU0] [kernel:entropy] fill_entropy done
[33864742791] [[35mTRACE[0m] [kernel::entropy] [CPU0] [kernel:entropy] add_sample(timer) ok
[33865270692] [[35mTRACE[0m] [kernel::entropy] [CPU0] [kernel:entropy] mark_seeded(timer) ok
[33865752459] [[33mWARN [0m] [kernel::entropy] [CPU0] ENTROPY: no hardware RNG available, using timer fallback (weak entropy)
[33866326626] [[34mDEBUG[0m] [kernel::entropy] [CPU0] ENTROPY: marked seeded with weak entropy (timer-only fallback)
[33866843802] [[35mTRACE[0m] [kernel::entropy] [CPU0] [kernel:entropy] seed done
[33867877065] [[34mDEBUG[0m] [kernel] [CPU0] [kernel:start] entropy::seed_from_hardware elapsed_ticks=5838888 elapsed_us=2919
[33868443147] [[32mINFO [0m] [kernel::boot_progress] [CPU0] boot_progress: milestone="SIMD Ready"
[33887820384] [[32mINFO [0m] [kernel] [CPU0] Initializing tasking...
[33895549083] [[35mTRACE[0m] [kernel::sched] [CPU0]   Acquiring scheduler lock...
[33896538819] [[35mTRACE[0m] [kernel::sched] [CPU0]   Lock acquired, checking if initialized...
[33897151002] [[35mTRACE[0m] [kernel::sched] [CPU0]   Allocating scheduler...
[33901079718] [[35mTRACE[0m] [kernel::sched] [CPU0]   Leaking scheduler...
[33901599336] [[35mTRACE[0m] [kernel::sched] [CPU0]   Initializing boot task...
[33903723744] [[34mDEBUG[0m] [kernel::sched] [CPU0] SCHED: allocating CpuScheduler for cpu0 (total=1)
[33904564551] [[32mINFO [0m] [kernel::sched] [CPU0] SCHED: 1 per-CPU scheduler(s) allocated
[33905094630] [[32mINFO [0m] [kernel::sched] [CPU0] SCHED: per-CPU preemption initialized (1 independent preemption domains, no global preemption lock)
[33906083145] [[35mTRACE[0m] [kernel::sched] [CPU0]   Creating boot task...
[33917528337] [[35mTRACE[0m] [kernel::sched] [CPU0]   Creating idle tasks...
[33918752076] [[34mDEBUG[0m] [bran::arch::x86_64::task] [CPU0] INIT KERNEL CTX: entry=0xffffffff8008b400 kstack_top=0xffffffffb0020660 arg=0x0
[33920726268] [[34mDEBUG[0m] [kernel::sched::spawn] [CPU0] SCHED: Task 1 assigned to CPU 0
[33940077006] [[35mTRACE[0m] [kernel::sched] [CPU0]   Boot task initialized
[33942068490] [[34mDEBUG[0m] [kernel::sched::state] [CPU0] SCHED[cpu0]: current=Some(0) idle=Some(1) runnable=0 need_resched=true
[33943715883] [[35mTRACE[0m] [kernel::sched] [CPU0]   Storing scheduler pointer...
[33944806764] [[32mINFO [0m] [kernel::sched] [CPU0] Scheduler initialized
[33945723174] [[32mINFO [0m] [kernel::boot_progress] [CPU0] boot_progress: milestone="Tasking Initialized"
[33965848158] [[34mDEBUG[0m] [kernel] [CPU0] Initializing VFS...
[33969351702] [[34mDEBUG[0m] [kernel] [CPU0] [kernel:start] scheduler-entry step='set_cmdline' elapsed_ticks=2702700 elapsed_us=1351 total_ticks=3316335 total_us=1658
[33988400820] [[34mDEBUG[0m] [kernel::vfs] [CPU0] VFS: Created /dev/display directory
[33989245290] [[34mDEBUG[0m] [kernel::vfs] [CPU0] VFS: Created /dev/storage directory
[34027899708] [[34mDEBUG[0m] [kernel::vfs] [CPU0] vfs: mounted union filesystem at / (root)
[34030270692] [[34mDEBUG[0m] [kernel::vfs] [CPU0] vfs: mounted devfs at /dev
[34031340816] [[34mDEBUG[0m] [kernel::vfs] [CPU0] vfs: mounted procfs at /proc
[34032251616] [[34mDEBUG[0m] [kernel::vfs] [CPU0] vfs: mounted sysfs at /sys
[34036221087] [[34mDEBUG[0m] [kernel::vfs] [CPU0] vfs: mounted tmpfs at /tmp
[34037035494] [[34mDEBUG[0m] [kernel::vfs] [CPU0] vfs: mounted tmpfs at /run
[34037781162] [[34mDEBUG[0m] [kernel::vfs] [CPU0] vfs: mounted tmpfs at /services
[34038504852] [[34mDEBUG[0m] [kernel::vfs] [CPU0] vfs: mounted tmpfs at /session
[34039261509] [[34mDEBUG[0m] [kernel::vfs] [CPU0] vfs: mounted tmpfs at /data
[34039744332] [[34mDEBUG[0m] [kernel] [CPU0] [kernel:start] scheduler-entry step='vfs_init' elapsed_ticks=69721212 elapsed_us=34860 total_ticks=73981050 total_us=36990
[34040361828] [[32mINFO [0m] [kernel::boot_progress] [CPU0] boot_progress: milestone="VFS Root Ready"
[34060935711] [[34mDEBUG[0m] [kernel] [CPU0] Scanning PCI bus...
[34064619633] [[34mDEBUG[0m] [kernel] [CPU0] PCI: Discovered 0x8086:0x29c0 at 00:00.0 class=060000 id=1
[34069681107] [[35mTRACE[0m] [kernel] [CPU0]   BAR0 (MEM32): 0x80000000 (size 0x800000)
[34082205069] [[35mTRACE[0m] [kernel] [CPU0]   BAR2 (MEM64): 0xc000000000 (size 0x4000)
[34085493024] [[35mTRACE[0m] [kernel] [CPU0]   BAR4 (MEM32): 0x80883000 (size 0x1000)
[34086094119] [[34mDEBUG[0m] [kernel] [CPU0] PCI: Discovered 0x1af4:0x1050 at 00:01.0 class=030000 id=2
[34089835692] [[35mTRACE[0m] [kernel] [CPU0]   BAR0 (I/O):  0x6060 (size 0x20)
[34093901853] [[35mTRACE[0m] [kernel] [CPU0]   BAR1 (MEM32): 0x80882000 (size 0x1000)
[34108072647] [[35mTRACE[0m] [kernel] [CPU0]   BAR4 (MEM64): 0xc000004000 (size 0x4000)
[34108920582] [[34mDEBUG[0m] [kernel] [CPU0] PCI: Discovered 0x1af4:0x1000 at 00:02.0 class=020000 id=3
[34111152735] [[35mTRACE[0m] [kernel] [CPU0]   BAR1 (MEM32): 0x80881000 (size 0x1000)
[34118448474] [[35mTRACE[0m] [kernel] [CPU0]   BAR4 (MEM64): 0xc000008000 (size 0x4000)
[34119062241] [[34mDEBUG[0m] [kernel] [CPU0] PCI: Discovered 0x1af4:0x1059 at 00:03.0 class=040100 id=4
[34119875988] [[34mDEBUG[0m] [kernel] [CPU0] PCI: Discovered 0x8086:0x2918 at 00:1f.0 class=060100 id=5
[34122278190] [[35mTRACE[0m] [kernel] [CPU0]   BAR4 (I/O):  0x6040 (size 0x20)
[34124705307] [[35mTRACE[0m] [kernel] [CPU0]   BAR5 (MEM32): 0x80880000 (size 0x1000)
[34125280893] [[34mDEBUG[0m] [kernel] [CPU0] PCI: Discovered 0x8086:0x2922 at 00:1f.2 class=010601 id=6
[34129017417] [[35mTRACE[0m] [kernel] [CPU0]   BAR4 (I/O):  0x6000 (size 0x40)
[34129616763] [[34mDEBUG[0m] [kernel] [CPU0] PCI: Discovered 0x8086:0x2930 at 00:1f.3 class=0c0500 id=7
[34131658605] [[34mDEBUG[0m] [kernel] [CPU0] [kernel:start] scheduler-entry step='scan_pci' elapsed_ticks=70231986 elapsed_us=35115 total_ticks=165889416 total_us=82944
[34132279104] [[32mINFO [0m] [kernel::boot_progress] [CPU0] boot_progress: milestone="PCI Bus Scanned"
[34153382340] [[34mDEBUG[0m] [kernel] [CPU0] [kernel:start] scheduler-entry step='register_legacy_devices' elapsed_ticks=804738 elapsed_us=402 total_ticks=187620708 total_us=93810
[34154080257] [[32mINFO [0m] [kernel::boot_progress] [CPU0] boot_progress: milestone="Legacy Devices"
[34174008660] [[34mDEBUG[0m] [kernel] [CPU0] System initialized. Setting up preemption timer (100Hz)...
[34180681491] [[34mDEBUG[0m] [bran::arch] [CPU0] IOAPIC: hhdm=0xffff800000000000
[34181361621] [[34mDEBUG[0m] [bran::arch] [CPU0] IOAPIC: Disabling legacy PIC...
[34182311823] [[34mDEBUG[0m] [bran::arch] [CPU0] IOAPIC: PIC disabled OK
[34183177644] [[34mDEBUG[0m] [bran::arch] [CPU0] IOAPIC: RSDP virt=0x7f77e014
[34187110023] [[34mDEBUG[0m] [bran::arch::x86_64::acpi] [CPU0] MADT: total length 144
[34188645480] [[35mTRACE[0m] [bran::arch::x86_64::acpi] [CPU0] MADT: Entry type 0, len 8 at 0xffff80007f77802c
[34189426227] [[35mTRACE[0m] [bran::arch::x86_64::acpi] [CPU0] MADT: Entry type 0, len 8 at 0xffff80007f778034
[34189916838] [[35mTRACE[0m] [bran::arch::x86_64::acpi] [CPU0] MADT: Entry type 0, len 8 at 0xffff80007f77803c
[34190431968] [[35mTRACE[0m] [bran::arch::x86_64::acpi] [CPU0] MADT: Entry type 0, len 8 at 0xffff80007f778044
[34190900601] [[35mTRACE[0m] [bran::arch::x86_64::acpi] [CPU0] MADT: Entry type 1, len 12 at 0xffff80007f77804c
[34191684417] [[35mTRACE[0m] [bran::arch::x86_64::acpi] [CPU0] MADT: Entry type 2, len 10 at 0xffff80007f778058
[34192479420] [[35mTRACE[0m] [bran::arch::x86_64::acpi] [CPU0] MADT: Entry type 2, len 10 at 0xffff80007f778062
[34196671377] [[35mTRACE[0m] [bran::arch::x86_64::acpi] [CPU0] MADT: Entry type 2, len 10 at 0xffff80007f77806c
[34197158952] [[35mTRACE[0m] [bran::arch::x86_64::acpi] [CPU0] MADT: Entry type 2, len 10 at 0xffff80007f778076
[34197638508] [[35mTRACE[0m] [bran::arch::x86_64::acpi] [CPU0] MADT: Entry type 2, len 10 at 0xffff80007f778080
[34198093512] [[35mTRACE[0m] [bran::arch::x86_64::acpi] [CPU0] MADT: Entry type 4, len 6 at 0xffff80007f77808a
[34199151987] [[34mDEBUG[0m] [bran::arch] [CPU0] IOAPIC: MADT parsed OK
[34200034341] [[34mDEBUG[0m] [bran::arch] [CPU0] SMP: Found 4 CPUs (CPU_COUNT now = 4)
[34200635898] [[34mDEBUG[0m] [bran::arch] [CPU0] IOAPIC: Found at phys 0xfec00000, GSI base 0
[34201974642] [[34mDEBUG[0m] [bran::arch] [CPU0] IOAPIC: Registers initialized
[34202965104] [[34mDEBUG[0m] [bran::arch] [CPU0] IOAPIC: Local APIC enabled (SVR=0x1FF, TPR=0)
[34203907947] [[34mDEBUG[0m] [bran::arch] [CPU0] IOAPIC: version 0x20, 24 redir entries
[34204903722] [[34mDEBUG[0m] [bran::arch] [CPU0] IOAPIC: All pins masked
[34206335790] [[35mTRACE[0m] [bran::arch] [CPU0] IOAPIC: IRQ1 -> GSI 1 -> NMI
[34207172043] [[35mTRACE[0m] [bran::arch] [CPU0] IOAPIC: IRQ12 -> GSI 12 -> 0x2C
[34208017470] [[35mTRACE[0m] [bran::arch] [CPU0] IOAPIC: IRQ4 -> GSI 4 -> 0x24
[34208670837] [[34mDEBUG[0m] [bran::arch] [CPU0] IOAPIC: Init complete
[34243043769] [[34mDEBUG[0m] [bran::arch::x86_64::ioapic] [CPU0] LAPIC: calibrated 62592400 ticks/sec (delta=625924, ok=true) -> init_cnt=625924
[34244637240] [[34mDEBUG[0m] [bran::arch::x86_64] [CPU0] LAPIC: calibrated timer (62592400 ticks/sec), init_cnt=625924 for 100Hz
[34245322584] [[34mDEBUG[0m] [kernel] [CPU0] [kernel:start] scheduler-entry step='setup_preemption_timer' elapsed_ticks=70682535 elapsed_us=35341 total_ticks=279553428 total_us=139776
[34246011921] [[32mINFO [0m] [kernel::boot_progress] [CPU0] boot_progress: milestone="BSP Timer OK"
[34266441825] [[34mDEBUG[0m] [kernel] [CPU0] Kernel: Detected 4 CPUs. Starting 3 secondaries...
[34267151556] [[34mDEBUG[0m] [bran::arch::x86_64] [CPU0] SMP: Starting 3 secondary CPUs...
[34268470566] [[34mDEBUG[0m] [bran::arch::x86_64] [CPU0] SMP: Initializing trampoline at 0x8000
[34270416873] [[34mDEBUG[0m] [bran::arch::x86_64] [CPU0] SMP: Starting CPU 1 (APIC 1)
[34298952171] [[34mDEBUG[0m] [bran::arch::x86_64] [CPU0] SMP: CPU 1 (APIC 1) is online
[34299861882] [[34mDEBUG[0m] [bran::arch::x86_64] [CPU0] SMP: Starting CPU 2 (APIC 2)
[34301880327] [[34mDEBUG[0m] [bran::arch::x86_64] [CPU1] SMP: CPU 1 initializing preemption timer (vec=32 init_cnt=625924)
[34308963051] [[34mDEBUG[0m] [kernel] [CPU1] SMP: kernel_secondary_entry arg_cpu=1 runtime_cpu=1
[34309706541] [[34mDEBUG[0m] [kernel] [CPU1] SMP: Entering kernel_secondary_entry for CPU 1
[34310960805] [[34mDEBUG[0m] [kernel::sched] [CPU1] SMP: CPU 1 online (triggered by scheduler spawn)
[34314070758] [[34mDEBUG[0m] [bran::arch::x86_64::task] [CPU1] INIT KERNEL CTX: entry=0xffffffff8008b400 kstack_top=0xffffffffb00373c0 arg=0x1
[34314838206] [[34mDEBUG[0m] [kernel::sched::spawn] [CPU1] SCHED: Task 2 assigned to CPU 1
[34317824178] [[34mDEBUG[0m] [kernel::sched] [CPU1] REGISTRY: Applying 2 deferred inserts
[34318781409] [[34mDEBUG[0m] [kernel::sched] [CPU1] REGISTRY: Inserting TID=1
[34319447745] [[34mDEBUG[0m] [kernel::sched] [CPU1] REGISTRY: Inserting TID=2
[34320823152] [[34mDEBUG[0m] [kernel::sched] [CPU1] REGISTRY: Inserts applied
[34321595583] [[34mDEBUG[0m] [kernel::sched::lifecycle] [CPU1] SMP: Secondary CPU 1 online!
[34322259675] [[34mDEBUG[0m] [kernel::task] [CPU1] SMP: run_scheduler entry on CPU 1
[34322880900] [[34mDEBUG[0m] [kernel::task] [CPU1] SMP: bootstrap_cpu start on CPU 1
[34323991152] [[34mDEBUG[0m] [bran::arch::x86_64] [CPU0] SMP: CPU 2 (APIC 2) is online
[34323904098] [[34mDEBUG[0m] [bran::arch::x86_64] [CPU2] SMP: CPU 2 initializing preemption timer (vec=32 init_cnt=625924)
[34324586307] [[34mDEBUG[0m] [bran::arch::x86_64] [CPU0] SMP: Starting CPU 3 (APIC 3)
[34323971781] [[34mDEBUG[0m] [kernel::task] [CPU1] SMP: CPU 1 bootstrapped with idle thread 2 and is now schedulable
[34326036888] [[34mDEBUG[0m] [kernel] [CPU2] SMP: kernel_secondary_entry arg_cpu=2 runtime_cpu=2
[34327087806] [[34mDEBUG[0m] [kernel] [CPU2] SMP: Entering kernel_secondary_entry for CPU 2
[34336079217] [[34mDEBUG[0m] [kernel::sched] [CPU2] SMP: CPU 2 online (triggered by scheduler spawn)
[34337175180] [[34mDEBUG[0m] [bran::arch::x86_64::task] [CPU2] INIT KERNEL CTX: entry=0xffffffff8008b400 kstack_top=0xffffffffb0048b40 arg=0x2
[34339843659] [[34mDEBUG[0m] [kernel::sched::spawn] [CPU2] SCHED: Task 3 assigned to CPU 2
[34342700502] [[34mDEBUG[0m] [kernel::sched] [CPU2] REGISTRY: Applying 1 deferred inserts
[34343996973] [[34mDEBUG[0m] [kernel::sched] [CPU2] REGISTRY: Inserting TID=3
[34344664035] [[34mDEBUG[0m] [kernel::sched] [CPU2] REGISTRY: Inserts applied
[34345024956] [[34mDEBUG[0m] [kernel::sched::lifecycle] [CPU2] SMP: Secondary CPU 2 online!
[34345386009] [[34mDEBUG[0m] [kernel::task] [CPU2] SMP: run_scheduler entry on CPU 2
[34345732179] [[34mDEBUG[0m] [kernel::task] [CPU2] SMP: bootstrap_cpu start on CPU 2
[34349489493] [[34mDEBUG[0m] [bran::arch::x86_64] [CPU0] SMP: CPU 3 (APIC 3) is online
[34349707524] [[34mDEBUG[0m] [bran::arch::x86_64] [CPU3] SMP: CPU 3 initializing preemption timer (vec=32 init_cnt=625924)
[34350042606] [[34mDEBUG[0m] [bran::arch::x86_64] [CPU0] SMP: Secondary CPU startup complete
[34349893479] [[34mDEBUG[0m] [kernel::task] [CPU2] SMP: CPU 2 bootstrapped with idle thread 3 and is now schedulable
[34350623538] [[34mDEBUG[0m] [kernel] [CPU3] SMP: kernel_secondary_entry arg_cpu=3 runtime_cpu=3
[34350916644] [[34mDEBUG[0m] [kernel] [CPU0] Kernel: Secondary CPU bring-up complete.
[34351006107] [[34mDEBUG[0m] [kernel] [CPU3] SMP: Entering kernel_secondary_entry for CPU 3
[34351500018] [[34mDEBUG[0m] [kernel] [CPU0] [kernel:start] scheduler-entry step='start_secondary_cpus' elapsed_ticks=85292724 elapsed_us=42646 total_ticks=385737231 total_us=192868
[34351612251] [[34mDEBUG[0m] [kernel::sched] [CPU3] SMP: CPU 3 online (triggered by scheduler spawn)
[34352502063] [[34mDEBUG[0m] [bran::arch::x86_64::task] [CPU3] INIT KERNEL CTX: entry=0xffffffff8008b400 kstack_top=0xffffffffb005a2c0 arg=0x3
[34353011352] [[34mDEBUG[0m] [kernel::sched::spawn] [CPU3] SCHED: Task 4 assigned to CPU 3
[34354280829] [[34mDEBUG[0m] [kernel::sched] [CPU3] REGISTRY: Applying 1 deferred inserts
[34354741410] [[34mDEBUG[0m] [kernel::sched] [CPU3] REGISTRY: Inserting TID=4
[34355454969] [[34mDEBUG[0m] [kernel::sched] [CPU3] REGISTRY: Inserts applied
[34355835558] [[34mDEBUG[0m] [kernel::sched::lifecycle] [CPU3] SMP: Secondary CPU 3 online!
[34356194796] [[34mDEBUG[0m] [kernel::task] [CPU3] SMP: run_scheduler entry on CPU 3
[34356530604] [[34mDEBUG[0m] [kernel::task] [CPU3] SMP: bootstrap_cpu start on CPU 3
[34356911523] [[34mDEBUG[0m] [kernel::task] [CPU3] SMP: CPU 3 bootstrapped with idle thread 4 and is now schedulable
[34353138666] [[32mINFO [0m] [kernel::boot_progress] [CPU0] boot_progress: milestone="SMP Bring-up"
[34404099972] [[32mINFO [0m] [kernel::boot_progress] [CPU0] boot_progress: milestone="Boot Info OK"
[34498789017] [[34mDEBUG[0m] [kernel] [CPU0] Kernel: Enumerating 220 boot modules...
[34499897982] [[35mTRACE[0m] [kernel] [CPU0]   Module[0]: name='/bin/sprout' cmdline='init' size=90224 bytes
[34500546432] [[35mTRACE[0m] [kernel] [CPU0]   Module[1]: name='/bin/bristle' cmdline='' size=68744 bytes
[34501202406] [[35mTRACE[0m] [kernel] [CPU0]   Module[2]: name='/drivers/rtc_cmos' cmdline='init' size=45904 bytes
[34501716843] [[35mTRACE[0m] [kernel] [CPU0]   Module[3]: name='/drivers/hwrng' cmdline='init' size=40016 bytes
[34502259363] [[35mTRACE[0m] [kernel] [CPU0]   Module[4]: name='/drivers/ps2_kbd' cmdline='' size=72264 bytes
[34502777067] [[35mTRACE[0m] [kernel] [CPU0]   Module[5]: name='/bin/sh' cmdline='init' size=127864 bytes
[34503269922] [[35mTRACE[0m] [kernel] [CPU0]   Module[6]: name='/bin/ls' cmdline='init' size=62136 bytes
[34503775086] [[35mTRACE[0m] [kernel] [CPU0]   Module[7]: name='/bin/lsusb' cmdline='init' size=1066664 bytes
[34504313184] [[35mTRACE[0m] [kernel] [CPU0]   Module[8]: name='/bin/lspci' cmdline='init' size=1052328 bytes
[34504805445] [[35mTRACE[0m] [kernel] [CPU0]   Module[9]: name='/bin/ln' cmdline='init' size=47568 bytes
[34505320872] [[35mTRACE[0m] [kernel] [CPU0]   Module[10]: name='/bin/ps' cmdline='init' size=50544 bytes
[34505825838] [[35mTRACE[0m] [kernel] [CPU0]   Module[11]: name='/bin/kill' cmdline='init' size=55584 bytes
[34506317010] [[35mTRACE[0m] [kernel] [CPU0]   Module[12]: name='/bin/killall' cmdline='init' size=67656 bytes
[34506929292] [[35mTRACE[0m] [kernel] [CPU0]   Module[13]: name='/bin/cat' cmdline='init' size=50832 bytes
[34507891935] [[35mTRACE[0m] [kernel] [CPU0]   Module[14]: name='/bin/head' cmdline='init' size=56112 bytes
[34509522069] [[35mTRACE[0m] [kernel] [CPU0]   Module[15]: name='/bin/tail' cmdline='init' size=56088 bytes
[34513728150] [[35mTRACE[0m] [kernel] [CPU0]   Module[16]: name='/bin/top' cmdline='init' size=65488 bytes
[34514236614] [[35mTRACE[0m] [kernel] [CPU0]   Module[17]: name='/bin/wc' cmdline='init' size=56248 bytes
[34514730954] [[35mTRACE[0m] [kernel] [CPU0]   Module[18]: name='/bin/yes' cmdline='init' size=44520 bytes
[34515267072] [[35mTRACE[0m] [kernel] [CPU0]   Module[19]: name='/bin/which' cmdline='init' size=50448 bytes
[34515876516] [[35mTRACE[0m] [kernel] [CPU0]   Module[20]: name='/bin/cp' cmdline='init' size=46312 bytes
[34516706070] [[35mTRACE[0m] [kernel] [CPU0]   Module[21]: name='/bin/mv' cmdline='init' size=47048 bytes
[34520356365] [[35mTRACE[0m] [kernel] [CPU0]   Module[22]: name='/bin/rm' cmdline='init' size=47128 bytes
[34534020378] [[35mTRACE[0m] [kernel] [CPU0]   Module[23]: name='/bin/rmdir' cmdline='init' size=47144 bytes
[34541901240] [[35mTRACE[0m] [kernel] [CPU0]   Module[24]: name='/bin/mkdir' cmdline='init' size=47144 bytes
[34542416733] [[35mTRACE[0m] [kernel] [CPU0]   Module[25]: name='/bin/mount' cmdline='init' size=57688 bytes
[34542915627] [[35mTRACE[0m] [kernel] [CPU0]   Module[26]: name='/bin/echo' cmdline='init' size=44616 bytes
[34543411386] [[35mTRACE[0m] [kernel] [CPU0]   Module[27]: name='/bin/printf' cmdline='init' size=93928 bytes
[34543905033] [[35mTRACE[0m] [kernel] [CPU0]   Module[28]: name='/bin/grep' cmdline='init' size=85240 bytes
[34544475273] [[35mTRACE[0m] [kernel] [CPU0]   Module[29]: name='/bin/pwd' cmdline='init' size=39184 bytes
[34545116067] [[35mTRACE[0m] [kernel] [CPU0]   Module[30]: name='/bin/touch' cmdline='init' size=46160 bytes
[34545713169] [[35mTRACE[0m] [kernel] [CPU0]   Module[31]: name='/bin/setshell' cmdline='init' size=47048 bytes
[34546220379] [[35mTRACE[0m] [kernel] [CPU0]   Module[32]: name='/bin/dmesg' cmdline='init' size=39328 bytes
[34546713432] [[35mTRACE[0m] [kernel] [CPU0]   Module[33]: name='/bin/stat' cmdline='init' size=46200 bytes
[34547205528] [[35mTRACE[0m] [kernel] [CPU0]   Module[34]: name='/bin/file' cmdline='init' size=51104 bytes
[34547693796] [[35mTRACE[0m] [kernel] [CPU0]   Module[35]: name='/bin/dirname' cmdline='init' size=50096 bytes
[34548209982] [[35mTRACE[0m] [kernel] [CPU0]   Module[36]: name='/bin/basename' cmdline='init' size=50104 bytes
[34548841008] [[35mTRACE[0m] [kernel] [CPU0]   Module[37]: name='/bin/sleep' cmdline='init' size=56824 bytes
[34549594200] [[35mTRACE[0m] [kernel] [CPU0]   Module[38]: name='/bin/sort' cmdline='init' size=66336 bytes
[34550257533] [[35mTRACE[0m] [kernel] [CPU0]   Module[39]: name='/bin/env' cmdline='init' size=45832 bytes
[34551089298] [[35mTRACE[0m] [kernel] [CPU0]   Module[40]: name='/bin/uname' cmdline='' size=44632 bytes
[34551742632] [[35mTRACE[0m] [kernel] [CPU0]   Module[41]: name='/bin/true' cmdline='' size=20744 bytes
[34552236543] [[35mTRACE[0m] [kernel] [CPU0]   Module[42]: name='/bin/false' cmdline='' size=20744 bytes
[34552723392] [[35mTRACE[0m] [kernel] [CPU0]   Module[43]: name='/bin/input_echo' cmdline='' size=43016 bytes
[34553214993] [[35mTRACE[0m] [kernel] [CPU0]   Module[44]: name='/drivers/ps2_mouse' cmdline='' size=71096 bytes
[34553708739] [[35mTRACE[0m] [kernel] [CPU0]   Module[45]: name='/drivers/display_bootfb' cmdline='' size=100448 bytes
[34554213540] [[35mTRACE[0m] [kernel] [CPU0]   Module[46]: name='/drivers/display_virtio_gpu' cmdline='' size=187560 bytes
[34554779424] [[35mTRACE[0m] [kernel] [CPU0]   Module[47]: name='/bin/cambium' cmdline='' size=144760 bytes
[34555272972] [[35mTRACE[0m] [kernel] [CPU0]   Module[48]: name='/drivers/virtio_netd' cmdline='' size=123920 bytes
[34555772691] [[35mTRACE[0m] [kernel] [CPU0]   Module[49]: name='/drivers/rtl8168d' cmdline='' size=61392 bytes
[34556264292] [[35mTRACE[0m] [kernel] [CPU0]   Module[50]: name='/bin/netd' cmdline='' size=10819752 bytes
[34556816316] [[35mTRACE[0m] [kernel] [CPU0]   Module[51]: name='/bin/mesocarp' cmdline='' size=123496 bytes
[34557325473] [[35mTRACE[0m] [kernel] [CPU0]   Module[52]: name='/bin/mdns' cmdline='' size=123496 bytes
[34558031343] [[35mTRACE[0m] [kernel] [CPU0]   Module[53]: name='/bin/mdnsd' cmdline='' size=123496 bytes
[34559047413] [[35mTRACE[0m] [kernel] [CPU0]   Module[54]: name='/bin/fetchd' cmdline='' size=76752 bytes
[34560124071] [[35mTRACE[0m] [kernel] [CPU0]   Module[55]: name='/bin/httpsd' cmdline='' size=536128 bytes
[34560628443] [[35mTRACE[0m] [kernel] [CPU0]   Module[56]: name='/bin/find' cmdline='' size=57896 bytes
[34561128096] [[35mTRACE[0m] [kernel] [CPU0]   Module[57]: name='/bin/ip' cmdline='' size=55472 bytes
[34561639992] [[35mTRACE[0m] [kernel] [CPU0]   Module[58]: name='/bin/iso_reader' cmdline='' size=37424 bytes
[34562132880] [[35mTRACE[0m] [kernel] [CPU0]   Module[59]: name='/bin/ping' cmdline='' size=65184 bytes
[34562612964] [[35mTRACE[0m] [kernel] [CPU0]   Module[60]: name='/bin/nslookup' cmdline='' size=56424 bytes
[34563103476] [[35mTRACE[0m] [kernel] [CPU0]   Module[61]: name='/drivers/ahci_disk' cmdline='' size=53784 bytes
[34563617847] [[35mTRACE[0m] [kernel] [CPU0]   Module[62]: name='/drivers/ata_disk' cmdline='' size=64448 bytes
[34564112814] [[35mTRACE[0m] [kernel] [CPU0]   Module[63]: name='/bin/iso9660d' cmdline='' size=78544 bytes
[34564618902] [[35mTRACE[0m] [kernel] [CPU0]   Module[64]: name='/bin/fatd' cmdline='' size=64096 bytes
[34565104167] [[35mTRACE[0m] [kernel] [CPU0]   Module[65]: name='/drivers/virtio_sound' cmdline='' size=99296 bytes
[34565603259] [[35mTRACE[0m] [kernel] [CPU0]   Module[66]: name='/drivers/hdaudio' cmdline='' size=67696 bytes
[34566096675] [[35mTRACE[0m] [kernel] [CPU0]   Module[67]: name='/drivers/pci_stubd' cmdline='' size=57928 bytes
[34566591939] [[35mTRACE[0m] [kernel] [CPU0]   Module[68]: name='/drivers/xhci' cmdline='' size=94056 bytes
[34567078623] [[35mTRACE[0m] [kernel] [CPU0]   Module[69]: name='/drivers/chime' cmdline='' size=59536 bytes
[34567607844] [[35mTRACE[0m] [kernel] [CPU0]   Module[70]: name='/bin/vfs_hello' cmdline='' size=39560 bytes
[34568231841] [[35mTRACE[0m] [kernel] [CPU0]   Module[71]: name='/bin/show_args' cmdline='' size=42488 bytes
[34568799276] [[35mTRACE[0m] [kernel] [CPU0]   Module[72]: name='/bin/clock' cmdline='' size=83048 bytes
[34569296091] [[35mTRACE[0m] [kernel] [CPU0]   Module[73]: name='/bin/leaf' cmdline='' size=97432 bytes
[34569770565] [[35mTRACE[0m] [kernel] [CPU0]   Module[74]: name='/bin/env_roundtrip' cmdline='' size=48232 bytes
[34570258536] [[35mTRACE[0m] [kernel] [CPU0]   Module[75]: name='/bin/cwd_test' cmdline='' size=43696 bytes
[34570741821] [[35mTRACE[0m] [kernel] [CPU0]   Module[76]: name='/bin/date' cmdline='' size=67032 bytes
[34571269557] [[35mTRACE[0m] [kernel] [CPU0]   Module[77]: name='/bin/wayland_hello' cmdline='' size=86696 bytes
[34571783796] [[35mTRACE[0m] [kernel] [CPU0]   Module[78]: name='/bin/terminal' cmdline='' size=91056 bytes
[34572281733] [[35mTRACE[0m] [kernel] [CPU0]   Module[79]: name='/bin/tee' cmdline='' size=44968 bytes
[34572882993] [[35mTRACE[0m] [kernel] [CPU0]   Module[80]: name='/bin/xargs' cmdline='' size=55016 bytes
[34573399839] [[35mTRACE[0m] [kernel] [CPU0]   Module[81]: name='/bin/placed' cmdline='' size=38048 bytes
[34574322387] [[35mTRACE[0m] [kernel] [CPU0]   Module[82]: name='/bin/bloom' cmdline='' size=577280 bytes
[34574904408] [[35mTRACE[0m] [kernel] [CPU0]   Module[83]: name='/bin/clear' cmdline='' size=20872 bytes
[34576657071] [[35mTRACE[0m] [kernel] [CPU0]   Module[84]: name='/bin/loglevel' cmdline='' size=41536 bytes
[34577172300] [[35mTRACE[0m] [kernel] [CPU0]   Module[85]: name='/bin/poll_mux' cmdline='' size=39056 bytes
[34577688816] [[35mTRACE[0m] [kernel] [CPU0]   Module[86]: name='/bin/ipc_service_demo' cmdline='' size=47592 bytes
[34578224241] [[35mTRACE[0m] [kernel] [CPU0]   Module[87]: name='/bin/ipc_pipe_demo' cmdline='' size=43936 bytes
[34578732111] [[35mTRACE[0m] [kernel] [CPU0]   Module[88]: name='/bin/ipc_provider_demo' cmdline='' size=84440 bytes
[34579237011] [[35mTRACE[0m] [kernel] [CPU0]   Module[89]: name='/bin/vfs_test_provider' cmdline='' size=70648 bytes
[34579736433] [[35mTRACE[0m] [kernel] [CPU0]   Module[90]: name='/bin/ipc_memfd_demo' cmdline='' size=38232 bytes
[34580233809] [[35mTRACE[0m] [kernel] [CPU0]   Module[91]: name='/bin/test_exec' cmdline='' size=62592 bytes
[34580723199] [[35mTRACE[0m] [kernel] [CPU0]   Module[92]: name='/bin/test_vm_protect' cmdline='' size=38224 bytes
[34581261759] [[35mTRACE[0m] [kernel] [CPU0]   Module[93]: name='/bin/test_exec_env' cmdline='' size=58904 bytes
[34581839391] [[35mTRACE[0m] [kernel] [CPU0]   Module[94]: name='/bin/test_threads' cmdline='' size=82376 bytes
[34582592682] [[35mTRACE[0m] [kernel] [CPU0]   Module[95]: name='/bin/test_futex' cmdline='' size=52992 bytes
[34583702010] [[35mTRACE[0m] [kernel] [CPU0]   Module[96]: name='/bin/ld_so' cmdline='' size=378600 bytes
[34584217437] [[35mTRACE[0m] [kernel] [CPU0]   Module[97]: name='/bin/test_dyn_loader' cmdline='' size=57760 bytes
[34584749232] [[35mTRACE[0m] [kernel] [CPU0]   Module[98]: name='/bin/test_dlopen' cmdline='' size=64688 bytes
[34585247433] [[35mTRACE[0m] [kernel] [CPU0]   Module[99]: name='/bin/reboot' cmdline='' size=32048 bytes
[34585750254] [[35mTRACE[0m] [kernel] [CPU0]   Module[100]: name='/bin/shutdown' cmdline='' size=32048 bytes
[34586253933] [[35mTRACE[0m] [kernel] [CPU0]   Module[101]: name='/bin/attr_list' cmdline='' size=47400 bytes
[34586743818] [[35mTRACE[0m] [kernel] [CPU0]   Module[102]: name='/bin/attr_get' cmdline='' size=47488 bytes
[34587238191] [[35mTRACE[0m] [kernel] [CPU0]   Module[103]: name='/bin/attr_set' cmdline='' size=69600 bytes
[34587755433] [[35mTRACE[0m] [kernel] [CPU0]   Module[104]: name='/bin/attr_rm' cmdline='' size=47008 bytes
[34588249245] [[35mTRACE[0m] [kernel] [CPU0]   Module[105]: name='/lib/libpistil.so' cmdline='' size=822496 bytes
[34588751043] [[35mTRACE[0m] [kernel] [CPU0]   Module[106]: name='/share/wallpapers/clouds.bmp' cmdline='' size=786486 bytes
[34589286534] [[35mTRACE[0m] [kernel] [CPU0]   Module[107]: name='/share/wallpapers/flower.bmp' cmdline='' size=8386614 bytes
[34589805756] [[35mTRACE[0m] [kernel] [CPU0]   Module[108]: name='/share/wallpapers/flower.png' cmdline='' size=1730504 bytes
[34590402264] [[35mTRACE[0m] [kernel] [CPU0]   Module[109]: name='/share/wallpapers/leather.bmp' cmdline='' size=1179702 bytes
[34591289733] [[35mTRACE[0m] [kernel] [CPU0]   Module[110]: name='/share/wallpapers/linen.bmp' cmdline='' size=4718646 bytes
[34591891092] [[35mTRACE[0m] [kernel] [CPU0]   Module[111]: name='/share/fonts/DSEG7Classic-Regular.ttf' cmdline='' size=23272 bytes
[34593235908] [[35mTRACE[0m] [kernel] [CPU0]   Module[112]: name='/share/fonts/Hack-Regular.ttf' cmdline='' size=309408 bytes
[34593760410] [[35mTRACE[0m] [kernel] [CPU0]   Module[113]: name='/share/fonts/Inter-Regular.ttf' cmdline='' size=876576 bytes
[34594302039] [[35mTRACE[0m] [kernel] [CPU0]   Module[114]: name='/share/fonts/Iosevka-Regular.ttf' cmdline='' size=10457376 bytes
[34594835781] [[35mTRACE[0m] [kernel] [CPU0]   Module[115]: name='/share/fonts/JetBrainsMono-Regular.ttf' cmdline='' size=270224 bytes
[34595368995] [[35mTRACE[0m] [kernel] [CPU0]   Module[116]: name='/share/fonts/NotoSans-Regular.ttf' cmdline='' size=569208 bytes
[34595926299] [[35mTRACE[0m] [kernel] [CPU0]   Module[117]: name='/share/fonts/NotoSansSymbol-Regular.ttf' cmdline='' size=258156 bytes
[34596461163] [[35mTRACE[0m] [kernel] [CPU0]   Module[118]: name='/share/fonts/NotoSansSymbol2-Regular.ttf' cmdline='' size=656852 bytes
[34596994212] [[35mTRACE[0m] [kernel] [CPU0]   Module[119]: name='/share/fonts/NotoSerif-Regular.ttf' cmdline='' size=616196 bytes
[34597548909] [[35mTRACE[0m] [kernel] [CPU0]   Module[120]: name='/share/themes/solarized_warm.toml' cmdline='' size=1832 bytes
[34598098194] [[35mTRACE[0m] [kernel] [CPU0]   Module[121]: name='/share/cursors/future/alias.svg' cmdline='' size=9033 bytes
[34598617713] [[35mTRACE[0m] [kernel] [CPU0]   Module[122]: name='/share/cursors/future/all-scroll.svg' cmdline='' size=5170 bytes
[34599143667] [[35mTRACE[0m] [kernel] [CPU0]   Module[123]: name='/share/cursors/future/bottom_left_corner.svg' cmdline='' size=1441 bytes
[34599681699] [[35mTRACE[0m] [kernel] [CPU0]   Module[124]: name='/share/cursors/future/bottom_right_corner.svg' cmdline='' size=3037 bytes
[34600222437] [[35mTRACE[0m] [kernel] [CPU0]   Module[125]: name='/share/cursors/future/bottom_side.svg' cmdline='' size=5432 bytes
[34600767729] [[35mTRACE[0m] [kernel] [CPU0]   Module[126]: name='/share/cursors/future/cell.svg' cmdline='' size=3707 bytes
[34601285763] [[35mTRACE[0m] [kernel] [CPU0]   Module[127]: name='/share/cursors/future/center_ptr.svg' cmdline='' size=9766 bytes
[34601809242] [[35mTRACE[0m] [kernel] [CPU0]   Module[128]: name='/share/cursors/future/col-resize.svg' cmdline='' size=16463 bytes
[34602353973] [[35mTRACE[0m] [kernel] [CPU0]   Module[129]: name='/share/cursors/future/color-picker.svg' cmdline='' size=6296 bytes
[34602898704] [[35mTRACE[0m] [kernel] [CPU0]   Module[130]: name='/share/cursors/future/context-menu.svg' cmdline='' size=9011 bytes
[34603425417] [[35mTRACE[0m] [kernel] [CPU0]   Module[131]: name='/share/cursors/future/copy.svg' cmdline='' size=3527 bytes
[34603945695] [[35mTRACE[0m] [kernel] [CPU0]   Module[132]: name='/share/cursors/future/crosshair.svg' cmdline='' size=16918 bytes
[34604493693] [[35mTRACE[0m] [kernel] [CPU0]   Module[133]: name='/share/cursors/future/default.svg' cmdline='' size=3079 bytes
[34605031428] [[35mTRACE[0m] [kernel] [CPU0]   Module[134]: name='/share/cursors/future/dnd-move.svg' cmdline='' size=3569 bytes
[34605570516] [[35mTRACE[0m] [kernel] [CPU0]   Module[135]: name='/share/cursors/future/dnd-no-drop.svg' cmdline='' size=4753 bytes
[34606152174] [[35mTRACE[0m] [kernel] [CPU0]   Module[136]: name='/share/cursors/future/down-arrow.svg' cmdline='' size=1820 bytes
[34606832997] [[35mTRACE[0m] [kernel] [CPU0]   Module[137]: name='/share/cursors/future/draft.svg' cmdline='' size=3136 bytes
[34607665191] [[35mTRACE[0m] [kernel] [CPU0]   Module[138]: name='/share/cursors/future/fleur.svg' cmdline='' size=28469 bytes
[34608218964] [[35mTRACE[0m] [kernel] [CPU0]   Module[139]: name='/share/cursors/future/help.svg' cmdline='' size=5873 bytes
[34608734358] [[35mTRACE[0m] [kernel] [CPU0]   Module[140]: name='/share/cursors/future/left-arrow.svg' cmdline='' size=1785 bytes
[34609255692] [[35mTRACE[0m] [kernel] [CPU0]   Module[141]: name='/share/cursors/future/left_side.svg' cmdline='' size=3848 bytes
[34609784319] [[35mTRACE[0m] [kernel] [CPU0]   Module[142]: name='/share/cursors/future/no-drop.svg' cmdline='' size=3861 bytes
[34610327136] [[35mTRACE[0m] [kernel] [CPU0]   Module[143]: name='/share/cursors/future/not-allowed.svg' cmdline='' size=1567 bytes
[34610896716] [[35mTRACE[0m] [kernel] [CPU0]   Module[144]: name='/share/cursors/future/openhand.svg' cmdline='' size=3435 bytes
[34611419865] [[35mTRACE[0m] [kernel] [CPU0]   Module[145]: name='/share/cursors/future/pencil.svg' cmdline='' size=6527 bytes
[34611938394] [[35mTRACE[0m] [kernel] [CPU0]   Module[146]: name='/share/cursors/future/pirate.svg' cmdline='' size=6663 bytes
[34612454745] [[35mTRACE[0m] [kernel] [CPU0]   Module[147]: name='/share/cursors/future/pointer.svg' cmdline='' size=2922 bytes
[34612970733] [[35mTRACE[0m] [kernel] [CPU0]   Module[148]: name='/share/cursors/future/progress-01.svg' cmdline='' size=11030 bytes
[34613594994] [[35mTRACE[0m] [kernel] [CPU0]   Module[149]: name='/share/cursors/future/progress-02.svg' cmdline='' size=12198 bytes
[34614234072] [[35mTRACE[0m] [kernel] [CPU0]   Module[150]: name='/share/cursors/future/progress-03.svg' cmdline='' size=12733 bytes
[34614970797] [[35mTRACE[0m] [kernel] [CPU0]   Module[151]: name='/share/cursors/future/progress-04.svg' cmdline='' size=13777 bytes
[34615692771] [[35mTRACE[0m] [kernel] [CPU0]   Module[152]: name='/share/cursors/future/progress-05.svg' cmdline='' size=13835 bytes
[34616484639] [[35mTRACE[0m] [kernel] [CPU0]   Module[153]: name='/share/cursors/future/progress-06.svg' cmdline='' size=14907 bytes
[34617016962] [[35mTRACE[0m] [kernel] [CPU0]   Module[154]: name='/share/cursors/future/progress-07.svg' cmdline='' size=14805 bytes
[34617594495] [[35mTRACE[0m] [kernel] [CPU0]   Module[155]: name='/share/cursors/future/progress-08.svg' cmdline='' size=15996 bytes
[34618125234] [[35mTRACE[0m] [kernel] [CPU0]   Module[156]: name='/share/cursors/future/progress-09.svg' cmdline='' size=16010 bytes
[34618653135] [[35mTRACE[0m] [kernel] [CPU0]   Module[157]: name='/share/cursors/future/progress-10.svg' cmdline='' size=17080 bytes
[34619181894] [[35mTRACE[0m] [kernel] [CPU0]   Module[158]: name='/share/cursors/future/progress-11.svg' cmdline='' size=17096 bytes
[34619707815] [[35mTRACE[0m] [kernel] [CPU0]   Module[159]: name='/share/cursors/future/progress-12.svg' cmdline='' size=17079 bytes
[34620355671] [[35mTRACE[0m] [kernel] [CPU0]   Module[160]: name='/share/cursors/future/progress-13.svg' cmdline='' size=15900 bytes
[34620923997] [[35mTRACE[0m] [kernel] [CPU0]   Module[161]: name='/share/cursors/future/progress-14.svg' cmdline='' size=16001 bytes
[34621470378] [[35mTRACE[0m] [kernel] [CPU0]   Module[162]: name='/share/cursors/future/progress-15.svg' cmdline='' size=14931 bytes
[34622016132] [[35mTRACE[0m] [kernel] [CPU0]   Module[163]: name='/share/cursors/future/progress-16.svg' cmdline='' size=14873 bytes
[34622559378] [[35mTRACE[0m] [kernel] [CPU0]   Module[164]: name='/share/cursors/future/progress-17.svg' cmdline='' size=13846 bytes
[34623216837] [[35mTRACE[0m] [kernel] [CPU0]   Module[165]: name='/share/cursors/future/progress-18.svg' cmdline='' size=13835 bytes
[34623961977] [[35mTRACE[0m] [kernel] [CPU0]   Module[166]: name='/share/cursors/future/progress-19.svg' cmdline='' size=12645 bytes
[34625050152] [[35mTRACE[0m] [kernel] [CPU0]   Module[167]: name='/share/cursors/future/progress-20.svg' cmdline='' size=12741 bytes
[34625575644] [[35mTRACE[0m] [kernel] [CPU0]   Module[168]: name='/share/cursors/future/progress-21.svg' cmdline='' size=11660 bytes
[34626097143] [[35mTRACE[0m] [kernel] [CPU0]   Module[169]: name='/share/cursors/future/progress-22.svg' cmdline='' size=11612 bytes
[34626619533] [[35mTRACE[0m] [kernel] [CPU0]   Module[170]: name='/share/cursors/future/progress-23.svg' cmdline='' size=11674 bytes
[34627159413] [[35mTRACE[0m] [kernel] [CPU0]   Module[171]: name='/share/cursors/future/progress.svg' cmdline='' size=11642 bytes
[34627680318] [[35mTRACE[0m] [kernel] [CPU0]   Module[172]: name='/share/cursors/future/right-arrow.svg' cmdline='' size=3432 bytes
[34628199837] [[35mTRACE[0m] [kernel] [CPU0]   Module[173]: name='/share/cursors/future/right_ptr.svg' cmdline='' size=5155 bytes
[34628740278] [[35mTRACE[0m] [kernel] [CPU0]   Module[174]: name='/share/cursors/future/right_side.svg' cmdline='' size=6447 bytes
[34629332793] [[35mTRACE[0m] [kernel] [CPU0]   Module[175]: name='/share/cursors/future/row-resize.svg' cmdline='' size=15825 bytes
[34629885444] [[35mTRACE[0m] [kernel] [CPU0]   Module[176]: name='/share/cursors/future/size_bdiag.svg' cmdline='' size=16323 bytes
[34630446411] [[35mTRACE[0m] [kernel] [CPU0]   Module[177]: name='/share/cursors/future/size_fdiag.svg' cmdline='' size=16589 bytes
[34630988304] [[35mTRACE[0m] [kernel] [CPU0]   Module[178]: name='/share/cursors/future/size_hor.svg' cmdline='' size=16255 bytes
[34631522508] [[35mTRACE[0m] [kernel] [CPU0]   Module[179]: name='/share/cursors/future/size_ver.svg' cmdline='' size=15822 bytes
[34632096708] [[35mTRACE[0m] [kernel] [CPU0]   Module[180]: name='/share/cursors/future/text.svg' cmdline='' size=5584 bytes
[34632615468] [[35mTRACE[0m] [kernel] [CPU0]   Module[181]: name='/share/cursors/future/top_left_corner.svg' cmdline='' size=7121 bytes
[34633166139] [[35mTRACE[0m] [kernel] [CPU0]   Module[182]: name='/share/cursors/future/top_right_corner.svg' cmdline='' size=7139 bytes
[34633770897] [[35mTRACE[0m] [kernel] [CPU0]   Module[183]: name='/share/cursors/future/top_side.svg' cmdline='' size=10651 bytes
[34634322888] [[35mTRACE[0m] [kernel] [CPU0]   Module[184]: name='/share/cursors/future/up-arrow.svg' cmdline='' size=7653 bytes
[34634861415] [[35mTRACE[0m] [kernel] [CPU0]   Module[185]: name='/share/cursors/future/vertical-text.svg' cmdline='' size=5621 bytes
[34635390339] [[35mTRACE[0m] [kernel] [CPU0]   Module[186]: name='/share/cursors/future/wait-01.svg' cmdline='' size=15308 bytes
[34635996186] [[35mTRACE[0m] [kernel] [CPU0]   Module[187]: name='/share/cursors/future/wait-02.svg' cmdline='' size=6672 bytes
[34636585137] [[35mTRACE[0m] [kernel] [CPU0]   Module[188]: name='/share/cursors/future/wait-03.svg' cmdline='' size=6686 bytes
[34637188740] [[35mTRACE[0m] [kernel] [CPU0]   Module[189]: name='/share/cursors/future/wait-04.svg' cmdline='' size=7827 bytes
[34637755713] [[35mTRACE[0m] [kernel] [CPU0]   Module[190]: name='/share/cursors/future/wait-05.svg' cmdline='' size=7835 bytes
[34638280413] [[35mTRACE[0m] [kernel] [CPU0]   Module[191]: name='/share/cursors/future/wait-06.svg' cmdline='' size=8976 bytes
[34638904146] [[35mTRACE[0m] [kernel] [CPU0]   Module[192]: name='/share/cursors/future/wait-07.svg' cmdline='' size=8989 bytes
[34639453134] [[35mTRACE[0m] [kernel] [CPU0]   Module[193]: name='/share/cursors/future/wait-08.svg' cmdline='' size=10126 bytes
[34639996083] [[35mTRACE[0m] [kernel] [CPU0]   Module[194]: name='/share/cursors/future/wait-09.svg' cmdline='' size=10140 bytes
[34640936682] [[35mTRACE[0m] [kernel] [CPU0]   Module[195]: name='/share/cursors/future/wait-10.svg' cmdline='' size=11277 bytes
[34642729869] [[35mTRACE[0m] [kernel] [CPU0]   Module[196]: name='/share/cursors/future/wait-11.svg' cmdline='' size=11291 bytes
[34643267472] [[35mTRACE[0m] [kernel] [CPU0]   Module[197]: name='/share/cursors/future/wait-12.svg' cmdline='' size=11277 bytes
[34644364194] [[35mTRACE[0m] [kernel] [CPU0]   Module[198]: name='/share/cursors/future/wait-13.svg' cmdline='' size=10140 bytes
[34644961593] [[35mTRACE[0m] [kernel] [CPU0]   Module[199]: name='/share/cursors/future/wait-14.svg' cmdline='' size=10126 bytes
[34645495137] [[35mTRACE[0m] [kernel] [CPU0]   Module[200]: name='/share/cursors/future/wait-15.svg' cmdline='' size=8991 bytes
[34646016075] [[35mTRACE[0m] [kernel] [CPU0]   Module[201]: name='/share/cursors/future/wait-16.svg' cmdline='' size=8978 bytes
[34646533515] [[35mTRACE[0m] [kernel] [CPU0]   Module[202]: name='/share/cursors/future/wait-17.svg' cmdline='' size=7842 bytes
[34647101643] [[35mTRACE[0m] [kernel] [CPU0]   Module[203]: name='/share/cursors/future/wait-18.svg' cmdline='' size=7829 bytes
[34647763326] [[35mTRACE[0m] [kernel] [CPU0]   Module[204]: name='/share/cursors/future/wait-19.svg' cmdline='' size=6822 bytes
[34648316571] [[35mTRACE[0m] [kernel] [CPU0]   Module[205]: name='/share/cursors/future/wait-20.svg' cmdline='' size=6679 bytes
[34649204568] [[35mTRACE[0m] [kernel] [CPU0]   Module[206]: name='/share/cursors/future/wait-21.svg' cmdline='' size=5542 bytes
[34656012138] [[35mTRACE[0m] [kernel] [CPU0]   Module[207]: name='/share/cursors/future/wait-22.svg' cmdline='' size=5528 bytes
[34664904054] [[35mTRACE[0m] [kernel] [CPU0]   Module[208]: name='/share/cursors/future/wait-23.svg' cmdline='' size=5546 bytes
[34665441591] [[35mTRACE[0m] [kernel] [CPU0]   Module[209]: name='/share/cursors/future/wait.svg' cmdline='' size=5525 bytes
[34665957315] [[35mTRACE[0m] [kernel] [CPU0]   Module[210]: name='/share/cursors/future/wayland-cursor.svg' cmdline='' size=8222 bytes
[34666488813] [[35mTRACE[0m] [kernel] [CPU0]   Module[211]: name='/share/cursors/future/x-cursor.svg' cmdline='' size=6822 bytes
[34667042223] [[35mTRACE[0m] [kernel] [CPU0]   Module[212]: name='/share/cursors/future/zoom-in.svg' cmdline='' size=5441 bytes
[34667584314] [[35mTRACE[0m] [kernel] [CPU0]   Module[213]: name='/share/cursors/future/zoom-out.svg' cmdline='' size=5403 bytes
[34668124161] [[35mTRACE[0m] [kernel] [CPU0]   Module[214]: name='/share/fonts/unifont.hex' cmdline='' size=8355852 bytes
[34668648729] [[35mTRACE[0m] [kernel] [CPU0]   Module[215]: name='/etc/locale.conf' cmdline='' size=85 bytes
[34669137129] [[35mTRACE[0m] [kernel] [CPU0]   Module[216]: name='/etc/profile' cmdline='' size=68 bytes
[34669663908] [[35mTRACE[0m] [kernel] [CPU0]   Module[217]: name='/etc/motd' cmdline='' size=610 bytes
[34670216295] [[35mTRACE[0m] [kernel] [CPU0]   Module[218]: name='/etc/fstab' cmdline='' size=127 bytes
[34670711328] [[35mTRACE[0m] [kernel] [CPU0]   Module[219]: name='/etc/hostname' cmdline='' size=8 bytes
[34671959619] [[32mINFO [0m] [kernel::boot_progress] [CPU0] boot_progress: milestone="Modules Scanned"
[34922218716] [[32mINFO [0m] [kernel::boot_progress] [CPU0] boot_progress: hint="Press F12 for a terminal"
[34923479778] [[34mDEBUG[0m] [kernel] [CPU0] Found init module: /bin/sprout (cmdline: 'init'), loading...
[34925182380] [[34mDEBUG[0m] [kernel::task::loader] [CPU0] LOADER: Loading module '/bin/sprout' (len=90224, base=0x200000)
[34925990088] [[35mTRACE[0m] [kernel::task::loader] [CPU0]   Header: [7f, 45, 4c, 46, 02, 01, 01, 00, 00, 00, 00, 00, 00, 00, 00, 00]
[34934884149] [[34mDEBUG[0m] [kernel::task::loader] [CPU0] LOADER: ELF info: entry=200000, min_vaddr=200000, bias=0, entry_pc=200000
[34936615065] [[35mTRACE[0m] [kernel::task::loader] [CPU0] Segment: vaddr=200000 exec=true
[34956207132] [[35mTRACE[0m] [kernel::task::loader] [CPU0]   COPIED at 0x201420: [0b, 00, 00, 00, be, 01, 00, 00]
[34961481555] [[35mTRACE[0m] [kernel::task::loader] [CPU0] Segment: vaddr=20c000 exec=false
[34963307610] [[35mTRACE[0m] [kernel::task::loader] [CPU0] Segment: vaddr=20f000 exec=false
[34967140395] [[34mDEBUG[0m] [kernel::task::loader] [CPU0] LOADER: TLS block: tp=0x210000 filesz=0 memsz=0 align=1
[34989663720] [[34mDEBUG[0m] [kernel] [CPU0] [kernel:start] scheduler-entry step='load_init_module' elapsed_ticks=64810779 elapsed_us=32405 total_ticks=1023893706 total_us=511946
[34991181291] [[34mDEBUG[0m] [kernel] [CPU0] Warning: Module registry page overflow, truncating list.
[34991715363] [[34mDEBUG[0m] [kernel] [CPU0] [kernel:start] scheduler-entry step='prepare_boot_registry' elapsed_ticks=1355574 elapsed_us=677 total_ticks=1025960958 total_us=512980
[34992510729] [[34mDEBUG[0m] [kernel] [CPU0] [kernel:start] scheduler-entry step='map_boot_registry' elapsed_ticks=153516 elapsed_us=76 total_ticks=1026757017 total_us=513378
[34993440438] [[34mDEBUG[0m] [kernel] [CPU0] [kernel:start] scheduler-entry step='activate_init_aspace' elapsed_ticks=148302 elapsed_us=74 total_ticks=1027652472 total_us=513826
[34994250027] [[34mDEBUG[0m] [kernel] [CPU0] Spawning sprout with registry at 0x600000...
[34994800863] [[34mDEBUG[0m] [kernel] [CPU0] Spawning init process...
[34996825743] [[34mDEBUG[0m] [bran::arch::x86_64::task] [CPU0] INIT KERNEL CTX: entry=0xffffffff800532f0 kstack_top=0xffffffffb006a7c0 arg=0xffffffffb0020a20
[35010606477] [[34mDEBUG[0m] [kernel::sched] [CPU0] REGISTRY: Applying 1 deferred inserts
[35012422731] [[34mDEBUG[0m] [kernel::sched] [CPU0] REGISTRY: Inserting TID=5
[35013043725] [[34mDEBUG[0m] [kernel::sched] [CPU0] REGISTRY: Inserts applied
[35013633006] [[34mDEBUG[0m] [kernel] [CPU0] [kernel:start] scheduler-entry step='spawn_init_task' elapsed_ticks=18892236 elapsed_us=9446 total_ticks=1047876654 total_us=523938
[35014283535] [[32mINFO [0m] [kernel::boot_progress] [CPU0] boot_progress: milestone="Spawning Sprout"
[35164048590] [[34mDEBUG[0m] [kernel::sched::lifecycle] [CPU0] SCHED: early-boot bringup complete; resuming steady-state SMP scheduling
[35164892169] [[34mDEBUG[0m] [kernel] [CPU0] [kernel:start] scheduler-entry step='end_bringup' elapsed_ticks=1294392 elapsed_us=647 total_ticks=1199125851 total_us=599562
[35165539134] [[32mINFO [0m] [kernel::boot_progress] [CPU0] boot_progress: milestone="Entering Scheduler"
[35410064679] [[32mINFO [0m] [kernel] [CPU0] [kernel:start] scheduler-entry total elapsed_ticks=1444072410 elapsed_us=722036
[35410863609] [[32mINFO [0m] [kernel] [CPU0] Entering scheduler loop.
[35428405353] [[34mDEBUG[0m] [kernel::sched::spawn] [CPU0] USER_TRAMPOLINE: PC=0x200000 SP=0x800000 ARG0=0x600000
[35429440431] [[34mDEBUG[0m] [bran::arch::x86_64] [CPU0] ENTER_USER: TID=5 entry_pc=200000 user_sp=800000
[35477356233] [[35mTRACE[0m] [kernel::sched] [CPU0] SCHED-DBG: cpus_online=4
[35489966787] [[35mTRACE[0m] [kernel::sched] [CPU0] SCHED-DBG: cpu=0 curr=Some(5) runq=1 runq_avg=2 runq_samples=1 ctxsw=1 idle2busy=0 tick=1 ipi=0 enq=3 deq=1 wake=0 lock_miss=0 lock_pending=0 lock_blocked=0
[35491692819] [[35mTRACE[0m] [kernel::sched] [CPU0] SCHED-DBG: cpu=1 curr=Some(2) runq=0 runq_avg=0 runq_samples=38 ctxsw=0 idle2busy=0 tick=33 ipi=0 enq=1 deq=0 wake=0 lock_miss=0 lock_pending=0 lock_blocked=0
[35492624277] [[35mTRACE[0m] [kernel::sched] [CPU0] SCHED-DBG: cpu=2 curr=Some(3) runq=0 runq_avg=0 runq_samples=38 ctxsw=0 idle2busy=0 tick=33 ipi=0 enq=1 deq=0 wake=0 lock_miss=0 lock_pending=0 lock_blocked=0
[35493534318] [[35mTRACE[0m] [kernel::sched] [CPU0] SCHED-DBG: cpu=3 curr=Some(4) runq=0 runq_avg=0 runq_samples=38 ctxsw=0 idle2busy=0 tick=33 ipi=0 enq=1 deq=0 wake=0 lock_miss=0 lock_pending=0 lock_blocked=0
[35505962283] [[34mDEBUG[0m] [kernel::syscall::handlers::process] [CPU0] sys_auxv_get: tid=5 buf_len=0
[35511869481] [[34mDEBUG[0m] [kernel::syscall::handlers::process] [CPU0] sys_auxv_get: tid=5 buf_len=20
[35524128585] [[32mINFO [0m] [sprout] [CPU0] SPROUT: ENTERING MAIN (arg0=6291456)
[35526388062] [[34mDEBUG[0m] [sprout] [CPU0] [sprout] whoami: cs=0x2b ss=0x23 cpl=3 rsp=0x7fef70 rip=0x2038e5 rflags=0x202
[35528174682] [[32mINFO [0m] [sprout] [CPU0] SPROUT: v0.4.1 [REBUILT] starting (Supervisor Mode)...
[35529815343] [[34mDEBUG[0m] [sprout] [CPU0] SPROUT: About to create Supervisor...
[35532011196] [[34mDEBUG[0m] [sprout] [CPU0] SPROUT: Listing /bin directory...
[35534648655] [[35mTRACE[0m] [kernel::syscall::handlers::vfs] [CPU0] VFS: sys_fs_open path='/bin' tid=5
[35565180750] [[35mTRACE[0m] [kernel::syscall::handlers::vfs] [CPU0] sys_fs_close: fd=3
[35572396068] [[32mINFO [0m] [sprout::supervisor] [CPU0] SPROUT: Initializing Supervisor...
[35576451834] [[34mDEBUG[0m] [sprout::supervisor] [CPU0] SPROUT: Parsed command line: '    '
[35577956568] [[35mTRACE[0m] [kernel::syscall::handlers::vfs] [CPU0] VFS: sys_fs_open path='/dev/cmdline' tid=5
[35585191818] [[35mTRACE[0m] [kernel::vfs::devfs] [CPU0] devfs: cmdline read offset=0 len=1024
[35587571514] [[34mDEBUG[0m] [sprout::supervisor] [CPU0] SPROUT: Parsed command line: 'loglevel=5'
[35588794758] [[35mTRACE[0m] [kernel::syscall::handlers::vfs] [CPU0] sys_fs_close: fd=3
[35616963921] [[34mDEBUG[0m] [sprout] [CPU0] SPROUT: Supervisor created, calling run_forever...
[35618616000] [[32mINFO [0m] [sprout::supervisor] [CPU0] SPROUT: Supervisor session started (FULL PIPELINE MODE)
[35627213688] [[32mINFO [0m] [sprout::supervisor] [CPU0] SPROUT: Launching serial shell...
[35628782244] [[32mINFO [0m] [sprout::pipelines] [CPU0] SPROUT: Setting up serial shell on /dev/console...
[35630908071] [[35mTRACE[0m] [kernel::syscall::handlers::vfs] [CPU0] VFS: sys_fs_open path='/run/sprout/shell' tid=5
[35634928131] [[35mTRACE[0m] [kernel::syscall::handlers::vfs] [CPU0] VFS: sys_fs_open path='/etc/default/shell' tid=5
[35637120948] [[35mTRACE[0m] [kernel::syscall::handlers::vfs] [CPU0] VFS: sys_fs_open path='/bin/sh' tid=5
[35641891956] [[35mTRACE[0m] [kernel::syscall::handlers::vfs] [CPU0] sys_fs_close: fd=3
[35643426885] [[35mTRACE[0m] [kernel::syscall::handlers::vfs] [CPU0] VFS: sys_fs_open path='/dev/console' tid=5
[35646122655] [[35mTRACE[0m] [kernel::syscall::handlers::vfs] [CPU0] VFS: sys_fs_open path='/dev/console' tid=5
[35648712891] [[35mTRACE[0m] [kernel::syscall::handlers::vfs] [CPU0] VFS: sys_fs_open path='/dev/console' tid=5
[35675761077] [[34mDEBUG[0m] [kernel::sched::spawn] [CPU0] SPAWN: page cache miss for '/bin/sh', caching 127864 bytes
[35681973195] [[34mDEBUG[0m] [kernel::task::loader] [CPU0] LOADER: Loading module 'sh' (len=127864, base=0x200000)
[35682571716] [[35mTRACE[0m] [kernel::task::loader] [CPU0]   Header: [7f, 45, 4c, 46, 02, 01, 01, 00, 00, 00, 00, 00, 00, 00, 00, 00]
[35683602075] [[34mDEBUG[0m] [kernel::task::loader] [CPU0] LOADER: ELF info: entry=200000, min_vaddr=200000, bias=0, entry_pc=200000
[35684162514] [[35mTRACE[0m] [kernel::task::loader] [CPU0] Segment: vaddr=200000 exec=true
[35686277517] [[35mTRACE[0m] [kernel::task::loader] [CPU0]   COPIED at 0x201420: [0f, 84, 32, 06, 00, 00, 48, 8b]
[35694985953] [[35mTRACE[0m] [kernel::task::loader] [CPU0] Segment: vaddr=214000 exec=false
[35697860649] [[35mTRACE[0m] [kernel::task::loader] [CPU0] Segment: vaddr=217000 exec=false
[35703845100] [[34mDEBUG[0m] [kernel::task::loader] [CPU0] LOADER: TLS block: tp=0x218000 filesz=0 memsz=0 align=1
[35708801502] [[34mDEBUG[0m] [kernel::sched::spawn] [CPU0] SPAWN_FROM_PATH: Starting Phase 1 for /bin/sh
[35710022535] [[34mDEBUG[0m] [bran::arch::x86_64::task] [CPU0] INIT KERNEL CTX: entry=0xffffffff800532f0 kstack_top=0xffffffffb00a3b60 arg=0xffffffffb0074380
[35713332204] [[34mDEBUG[0m] [kernel::sched::spawn] [CPU0] SPAWN_FROM_PATH: Phase 1 complete, ID=6, applying inserts
[35714043585] [[34mDEBUG[0m] [kernel::sched] [CPU0] REGISTRY: Applying 1 deferred inserts
[35719430241] [[34mDEBUG[0m] [kernel::sched] [CPU0] REGISTRY: Inserting TID=6
[35720039619] [[34mDEBUG[0m] [kernel::sched] [CPU0] REGISTRY: Inserts applied
[35720591478] [[34mDEBUG[0m] [kernel::sched::spawn] [CPU0] SPAWN_FROM_PATH: Inserts applied, entering Phase 2
[35730252360] [[34mDEBUG[0m] [kernel::sched::spawn] [CPU0] SETUP_STDIO: stdin=Fd(3) stdout=Fd(4) stderr=Fd(5)
[35744381310] [[34mDEBUG[0m] [kernel::sched::spawn] [CPU0] SPAWN_FROM_PATH: Phase 2 complete, waking task 6
[35754005595] [[34mDEBUG[0m] [kernel::sched::spawn] [CPU0] SPAWN_FROM_PATH: Task 6 woken, restoring IRQs
[35754945600] [[34mDEBUG[0m] [kernel::sched::spawn] [CPU0] SPAWN_FROM_PATH: Done for /bin/sh
[35756770368] [[34mDEBUG[0m] [kernel::syscall::handlers::process] [CPU0] SYSCALL SPAWN_PROCESS_EX: name='/bin/sh' TID=6 PID=6
[35762525667] [[34mDEBUG[0m] [kernel::sched::spawn] [CPU3] USER_TRAMPOLINE: PC=0x200000 SP=0x800000 ARG0=0x0
[35763314202] [[34mDEBUG[0m] [bran::arch::x86_64] [CPU3] ENTER_USER: TID=6 entry_pc=200000 user_sp=800000
[35764313838] [[34mDEBUG[0m] [kernel::syscall::handlers::process] [CPU3] sys_auxv_get: tid=6 buf_len=0
[35765630934] [[34mDEBUG[0m] [kernel::syscall::handlers::process] [CPU3] sys_auxv_get: tid=6 buf_len=100
[35768563809] [[32mINFO [0m] [sh] [CPU3] SH: starting v0.1.0-debug
[35774284953] [[35mTRACE[0m] [kernel::syscall::handlers::vfs] [CPU3] VFS: sys_fs_open path='/run/motd' tid=6
[35776949241] [[35mTRACE[0m] [kernel::syscall::handlers::vfs] [CPU3] VFS: sys_fs_open path='/etc/motd' tid=6
[35779608447] [[35mTRACE[0m] [kernel::syscall::handlers::vfs] [CPU3] sys_fs_close: fd=6
[35788383180] [[35mTRACE[0m] [kernel::vfs::devfs] [CPU3] vfs: /dev/console write by PID=6 len=610
[1;32m
        .-.
       /   \        [1;36mTHING-OS[1;32m
      |     |       [0;36m"People, places, things."[1;32m
       \   /        
        `-'        
       /   \        v0.1  •  
      |     |       2026-04-16
       \   /
        `-'
[0m
[2m--------------------------------------------------------------[0m
[1m sprout has taken root. the system is awake.[0m

  try:
    [36mls /bin[0m       browse available shoots
    [36mps[0m            observe living processes
    [36mcat /version[0m  inspect the genome

[2m--------------------------------------------------------------[0m
[35796249159] [[35mTRACE[0m] [kernel::syscall::handlers::vfs] [CPU3] VFS: sys_fs_open path='/etc/profile' tid=6
[35807193477] [[32mINFO [0m] [sprout::pipelines] [CPU0] SPROUT: Spawned serial shell '/bin/sh' (PID=6)
[35808908685] [[35mTRACE[0m] [kernel::syscall::handlers::vfs] [CPU0] sys_fs_close: fd=3
[35810410713] [[35mTRACE[0m] [kernel::syscall::handlers::vfs] [CPU0] sys_fs_close: fd=4
[35811870864] [[35mTRACE[0m] [kernel::syscall::handlers::vfs] [CPU0] sys_fs_close: fd=5
[35814195813] [[32mINFO [0m] [sprout::supervisor] [CPU0] SPROUT: Serial shell launched; yielding 50ms so the prompt can take the foreground
[35823417168] [[34mDEBUG[0m] [kernel] [CPU0] deferred_bootfb_gradient elapsed_ticks=19371
[35838189552] [[35mTRACE[0m] [kernel::syscall::handlers::vfs] [CPU3] sys_fs_close: fd=6
[35846890233] [[35mTRACE[0m] [kernel::vfs::devfs] [CPU3] vfs: /dev/console write by PID=6 len=97
[1;95mTHING[0m[1;96m-OS[0m [2;94m[[0m[1;95mBOOT[0m[2;94m][0m [1;93m/[0m [1;96m>[0m [35852612301] [[35mTRACE[0m] [kernel::vfs::devfs] [CPU3] vfs: /dev/console write by PID=6 len=6
[?25h[35854372851] [[35mTRACE[0m] [kernel::vfs::devfs] [CPU3] vfs: /dev/console read by PID=6 len=1
[35972311617] [[32mINFO [0m] [sprout::supervisor] [CPU0] SPROUT: Continuing supervisor startup
[35974005771] [[32mINFO [0m] [sprout::supervisor] [CPU0] SPROUT: Spawning cambium for driver discovery...
[35978013918] [[34mDEBUG[0m] [kernel::task::loader] [CPU0] LOADER: Loading module '/bin/cambium' (len=144760, base=0x200000)
[35978626563] [[35mTRACE[0m] [kernel::task::loader] [CPU0]   Header: [7f, 45, 4c, 46, 02, 01, 01, 00, 00, 00, 00, 00, 00, 00, 00, 00]
[35979649431] [[34mDEBUG[0m] [kernel::task::loader] [CPU0] LOADER: ELF info: entry=200000, min_vaddr=200000, bias=0, entry_pc=200000
[35980235841] [[35mTRACE[0m] [kernel::task::loader] [CPU0] Segment: vaddr=200000 exec=true
[35982336291] [[35mTRACE[0m] [kernel::task::loader] [CPU0]   COPIED at 0x201420: [8d, 3c, f0, 48, 83, c7, 70, 48]
[35993280081] [[35mTRACE[0m] [kernel::task::loader] [CPU0] Segment: vaddr=217000 exec=false
[35998558035] [[35mTRACE[0m] [kernel::task::loader] [CPU0] Segment: vaddr=21a000 exec=false
[35999745903] [[34mDEBUG[0m] [kernel::task::loader] [CPU0] LOADER: TLS block: tp=0x21b000 filesz=0 memsz=0 align=1
[36009316464] [[34mDEBUG[0m] [bran::arch::x86_64::task] [CPU0] INIT KERNEL CTX: entry=0xffffffff800532f0 kstack_top=0xffffffffb00bd620 arg=0xffffffffb00743c0
[36011222907] [[34mDEBUG[0m] [kernel::sched] [CPU0] REGISTRY: Applying 1 deferred inserts
[36013352397] [[34mDEBUG[0m] [kernel::sched] [CPU0] REGISTRY: Inserting TID=7
[36013911681] [[34mDEBUG[0m] [kernel::sched] [CPU0] REGISTRY: Inserts applied
[36020510097] [[34mDEBUG[0m] [kernel::sched::spawn] [CPU0] SCHED: TID 7 �� task '/bin/cambium' (pid=7 from boot module)
[36025015554] [[34mDEBUG[0m] [kernel::sched::spawn] [CPU1] USER_TRAMPOLINE: PC=0x200000 SP=0x800000 ARG0=0x0
[36026145210] [[34mDEBUG[0m] [sprout::supervisor] [CPU0] SPROUT: Spawned cambium (PID=7)
[36026413401] [[34mDEBUG[0m] [bran::arch::x86_64] [CPU1] ENTER_USER: TID=7 entry_pc=200000 user_sp=800000
[36028000932] [[34mDEBUG[0m] [kernel::syscall::handlers::process] [CPU1] sys_auxv_get: tid=7 buf_len=0
[36029197677] [[34mDEBUG[0m] [kernel::syscall::handlers::process] [CPU1] sys_auxv_get: tid=7 buf_len=100
[36031574601] [[32mINFO [0m] [cambium] [CPU1] CAMBIUM: main started
[36034287531] [[32mINFO [0m] [sprout::pipelines] [CPU0] SPROUT: Skipping early /hosts mount; mesocarp is disabled in init
[36036071643] [[34mDEBUG[0m] [sprout::supervisor] [CPU0] SPROUT: Deferring netd until /dev/net/virtio0/rx is ready...
[36037673562] [[34mDEBUG[0m] [sprout::supervisor] [CPU0] SPROUT: Waiting for /dev/net/virtio0/rx before spawning netd...
[36039240435] [[32mINFO [0m] [sprout::supervisor] [CPU0] SPROUT: Starting full pipeline (graphics + input)
[36040678773] [[32mINFO [0m] [sprout::supervisor] [CPU0] SPROUT: Entering supervisor service loop (tick=100ms)
[36042439620] [[35mTRACE[0m] [sprout::supervisor] [CPU0] SPROUT: Supervisor tick...
[36043722759] [[35mTRACE[0m] [sprout::supervisor] [CPU0] SPROUT: Loop iteration: spawn_bristle_if_needed
[36052922499] [[32mINFO [0m] [cambium] [CPU1] CAMBIUM: starting device discovery manager (daemon mode)
[36054150693] [[35mTRACE[0m] [kernel::syscall::handlers::vfs] [CPU1] VFS: sys_fs_open path='/drivers' tid=7
[36056050965] [[34mDEBUG[0m] [kernel::sched::spawn] [CPU0] SPAWN: page cache miss for '/bin/bristle', caching 68744 bytes
[36057080730] [[35mTRACE[0m] [kernel::syscall::handlers::vfs] [CPU1] sys_fs_readdir: fd=3 len=4096
[36058799007] [[35mTRACE[0m] [kernel::syscall::handlers::vfs] [CPU1] sys_fs_readdir: natural phase begin offset=0
[36059606121] [[34mDEBUG[0m] [kernel::task::loader] [CPU0] LOADER: Loading module 'bristle' (len=68744, base=0x200000)
[36060206721] [[35mTRACE[0m] [kernel::task::loader] [CPU0]   Header: [7f, 45, 4c, 46, 02, 01, 01, 00, 00, 00, 00, 00, 00, 00, 00, 00]
[36061244307] [[34mDEBUG[0m] [kernel::task::loader] [CPU0] LOADER: ELF info: entry=200000, min_vaddr=200000, bias=0, entry_pc=200000
[36061877313] [[35mTRACE[0m] [kernel::task::loader] [CPU0] Segment: vaddr=200000 exec=true
[36064009410] [[35mTRACE[0m] [kernel::task::loader] [CPU0]   COPIED at 0x201420: [cc, fc, ff, ff, 45, 31, ff, e9]
[36073412826] [[35mTRACE[0m] [kernel::task::loader] [CPU0] Segment: vaddr=209000 exec=false
[36078584520] [[35mTRACE[0m] [kernel::task::loader] [CPU0] Segment: vaddr=20b000 exec=false
[36079833702] [[34mDEBUG[0m] [kernel::task::loader] [CPU0] LOADER: TLS block: tp=0x20c000 filesz=0 memsz=0 align=1
[36084055260] [[34mDEBUG[0m] [kernel::sched::spawn] [CPU0] SPAWN_FROM_PATH: Starting Phase 1 for /bin/bristle
[36084678564] [[34mDEBUG[0m] [bran::arch::x86_64::task] [CPU0] INIT KERNEL CTX: entry=0xffffffff800532f0 kstack_top=0xffffffffb00e91c0 arg=0xffffffffb00d8780
[36086167722] [[34mDEBUG[0m] [kernel::sched::spawn] [CPU0] SPAWN_FROM_PATH: Phase 1 complete, ID=8, applying inserts
[36086799078] [[34mDEBUG[0m] [kernel::sched] [CPU0] REGISTRY: Applying 1 deferred inserts
[36087311799] [[34mDEBUG[0m] [kernel::sched] [CPU0] REGISTRY: Inserting TID=8
[36087856200] [[34mDEBUG[0m] [kernel::sched] [CPU0] REGISTRY: Inserts applied
[36088333050] [[34mDEBUG[0m] [kernel::sched::spawn] [CPU0] SPAWN_FROM_PATH: Inserts applied, entering Phase 2
[36090158379] [[34mDEBUG[0m] [kernel::sched::spawn] [CPU0] SETUP_STDIO: stdin=Null stdout=Inherit stderr=Inherit
[36094662978] [[34mDEBUG[0m] [kernel::sched::spawn] [CPU0] SPAWN_FROM_PATH: Phase 2 complete, waking task 8
[36094727625] [[35mTRACE[0m] [kernel::syscall::handlers::vfs] [CPU1] sys_fs_close: fd=3
[36095933808] [[34mDEBUG[0m] [kernel::sched::spawn] [CPU0] SPAWN_FROM_PATH: Task 8 woken, restoring IRQs
[36096497184] [[34mDEBUG[0m] [kernel::sched::spawn] [CPU0] SPAWN_FROM_PATH: Done for /bin/bristle
[36097049538] [[34mDEBUG[0m] [kernel::syscall::handlers::process] [CPU0] SYSCALL SPAWN_PROCESS_EX: name='/bin/bristle' TID=8 PID=8
[36097562226] [[34mDEBUG[0m] [kernel::sched::spawn] [CPU2] USER_TRAMPOLINE: PC=0x200000 SP=0x800000 ARG0=0x0
[36098095869] [[34mDEBUG[0m] [bran::arch::x86_64] [CPU2] ENTER_USER: TID=8 entry_pc=200000 user_sp=800000
[36098379933] [[35mTRACE[0m] [kernel::syscall::handlers::vfs] [CPU1] VFS: sys_fs_open path='/drivers/ahci_disk' tid=7
[36098859027] [[34mDEBUG[0m] [kernel::syscall::handlers::process] [CPU2] sys_auxv_get: tid=8 buf_len=0
[36100757649] [[34mDEBUG[0m] [kernel::syscall::handlers::process] [CPU2] sys_auxv_get: tid=8 buf_len=100
[36112590459] [[32mINFO [0m] [sprout::pipelines] [CPU0] SPROUT: Spawned bristle (PID=8)
[36115532574] [[35mTRACE[0m] [sprout::supervisor] [CPU0] SPROUT: Loop iteration: spawn_display_if_needed
[36116511816] [[35mTRACE[0m] [kernel::syscall::handlers::vfs] [CPU2] VFS: sys_fs_open path='/session/active_ui' tid=8
[36117765651] [[32mINFO [0m] [sprout::supervisor] [CPU0] SPROUT: Starting display pipeline setup
[36119251740] [[32mINFO [0m] [sprout::pipelines] [CPU0] SPROUT: Probing /dev/fb0 for boot framebuffer metadata
[36120636948] [[35mTRACE[0m] [kernel::syscall::handlers::vfs] [CPU0] VFS: sys_fs_open path='/dev/fb0' tid=5
[36121429839] [[34mDEBUG[0m] [kernel::syscall::handlers::vfs] [CPU0] sys_fs_open: path='/dev/fb0' len=8 flags=0x0
[36122633646] [[35mTRACE[0m] [kernel::vfs::devfs] [CPU0] devfs: lookup entry path='fb0' len=3
[36123857451] [[34mDEBUG[0m] [kernel::vfs::devfs] [CPU0] devfs: dynamic registry hit path='fb0'
[36124532862] [[35mTRACE[0m] [kernel::syscall::handlers::vfs] [CPU2] sys_fs_close: fd=3
[36125749407] [[34mDEBUG[0m] [kernel::syscall::handlers::vfs] [CPU0] sys_fs_open: resolved node for /dev/fb0 mode=0o20666 size=32 ino=4
[36126646974] [[34mDEBUG[0m] [kernel::syscall::handlers::vfs] [CPU0] sys_fs_open: process info present for /dev/fb0
[36127381983] [[35mTRACE[0m] [bristle] [CPU2] bristle: active_ui set to 'bloom'
[36127405677] [[34mDEBUG[0m] [kernel::syscall::handlers::vfs] [CPU0] sys_fs_open: handle_table.open('/dev/fb0') -> 3
[36131715147] [[35mTRACE[0m] [kernel::syscall::handlers::vfs] [CPU2] VFS: sys_fs_open path='/run/bristle/pid' tid=8
[36138133416] [[35mTRACE[0m] [kernel::vfs::devfs] [CPU0] FbNode::read: off=0 n=32 buf_len=32 total=32
[36140054511] [[35mTRACE[0m] [kernel::syscall::handlers::vfs] [CPU0] sys_fs_close: fd=3
[36142516608] [[32mINFO [0m] [sprout::pipelines] [CPU0] SPROUT: /dev/fb0 ready width=1920 height=1080 stride=7680 format=2
[36144346524] [[35mTRACE[0m] [kernel::syscall::handlers::vfs] [CPU0] VFS: sys_fs_open path='/drivers/display_virtio_gpu' tid=5
[36148265043] [[35mTRACE[0m] [kernel::syscall::handlers::vfs] [CPU0] sys_fs_close: fd=3
[36150049254] [[32mINFO [0m] [sprout::pipelines] [CPU0] SPROUT: Selected display driver '/drivers/display_virtio_gpu'
[36151799706] [[32mINFO [0m] [sprout::pipelines] [CPU0] SPROUT: Creating display request port
[36155881212] [[34mDEBUG[0m] [kernel::ipc] [CPU0] CREATE_PORT: capacity=4096
[36157683672] [[34mDEBUG[0m] [kernel::ipc] [CPU0] CREATE_PORT: appended id=PortId(0)
[36159257277] [[35mTRACE[0m] [kernel::syscall::handlers::vfs] [CPU2] sys_fs_close: fd=3
[36161062509] [[32mINFO [0m] [bristle] [CPU2] bristle: published pid 8 to /run/bristle/pid
[36162635058] [[34mDEBUG[0m] [kernel::ipc] [CPU2] CREATE_PORT: capacity=4096
[36162806988] [[34mDEBUG[0m] [kernel::ipc::handles] [CPU0] ALLOC_HANDLE: handle=1 port_id=PortId(0) mode=Write
[36163430193] [[34mDEBUG[0m] [kernel::ipc] [CPU2] CREATE_PORT: appended id=PortId(1)
[36164106759] [[34mDEBUG[0m] [kernel::ipc::handles] [CPU2] ALLOC_HANDLE: handle=1 port_id=PortId(1) mode=Write
[36164587107] [[34mDEBUG[0m] [kernel::ipc::handles] [CPU0] ALLOC_HANDLE: handle=2 port_id=PortId(0) mode=Read
[36164714652] [[34mDEBUG[0m] [kernel::ipc::handles] [CPU2] ALLOC_HANDLE: handle=2 port_id=PortId(1) mode=Read
[36166390458] [[34mDEBUG[0m] [kernel::ipc] [CPU2] CREATE_PORT: capacity=4096
[36167109363] [[34mDEBUG[0m] [kernel::ipc] [CPU2] CREATE_PORT: appended id=PortId(2)
[36167564070] [[34mDEBUG[0m] [kernel::ipc::handles] [CPU2] ALLOC_HANDLE: handle=3 port_id=PortId(2) mode=Write
[36168016863] [[34mDEBUG[0m] [kernel::ipc::handles] [CPU2] ALLOC_HANDLE: handle=4 port_id=PortId(2) mode=Read
[36170463186] [[35mTRACE[0m] [kernel::syscall::handlers::vfs] [CPU2] VFS: sys_fs_open path='/run/bristle/kbd_in' tid=8
[36175356162] [[35mTRACE[0m] [kernel::syscall::handlers::vfs] [CPU2] sys_fs_close: fd=3
[36176570991] [[35mTRACE[0m] [kernel::syscall::handlers::vfs] [CPU2] VFS: sys_fs_open path='/run/bristle/mouse_in' tid=8
[36178607388] [[32mINFO [0m] [sprout::pipelines] [CPU0] SPROUT: Creating display response port
[36180696123] [[35mTRACE[0m] [kernel::syscall::handlers::vfs] [CPU2] sys_fs_close: fd=3
[36181154922] [[34mDEBUG[0m] [kernel::ipc] [CPU0] CREATE_PORT: capacity=4096
[36181791954] [[34mDEBUG[0m] [kernel::ipc] [CPU0] CREATE_PORT: appended id=PortId(3)
[36182071728] [[32mINFO [0m] [bristle] [CPU2] bristle: published device handles kbd_in=1 mouse_in=3
[36182460204] [[34mDEBUG[0m] [kernel::ipc::handles] [CPU0] ALLOC_HANDLE: handle=3 port_id=PortId(3) mode=Write
[36182902635] [[35mTRACE[0m] [kernel::syscall::handlers::vfs] [CPU2] VFS: sys_fs_open path='/proc/self/inbox' tid=8
[36183055359] [[34mDEBUG[0m] [kernel::ipc::handles] [CPU0] ALLOC_HANDLE: handle=4 port_id=PortId(3) mode=Read
[36187854978] [[32mINFO [0m] [sprout::pipelines] [CPU0] SPROUT: Creating display bootstrap memfd
[36190187286] [[34mDEBUG[0m] [kernel::handle::bridge] [CPU2] BRIDGE: handle=2 -> fd=4 node=0xffffffffb00c6a10 port=0xffffffffb00f5450
[36192709443] [[34mDEBUG[0m] [kernel::handle::bridge] [CPU2] BRIDGE: handle=4 -> fd=5 node=0xffffffffb01f9190 port=0xffffffffb00f71d0
[36194282421] [[32mINFO [0m] [bristle] [CPU2] bristle: online (kbd_tok=Some(WaitToken(2)), mouse_tok=Some(WaitToken(3)))
[36199412271] [[32mINFO [0m] [sprout::pipelines] [CPU0] SPROUT: Mapping display bootstrap memfd
[36204463185] [[32mINFO [0m] [sprout::pipelines] [CPU0] SPROUT: Launching display driver '/drivers/display_virtio_gpu' (boot_fd=3, bind_id=322371585)
[36229377954] [[34mDEBUG[0m] [kernel::sched::spawn] [CPU0] SPAWN: page cache miss for '/drivers/display_virtio_gpu', caching 187560 bytes
[36230631195] [[34mDEBUG[0m] [kernel::task::loader] [CPU0] LOADER: Loading module 'display_virtio_gpu' (len=187560, base=0x200000)
[36231375939] [[35mTRACE[0m] [kernel::task::loader] [CPU0]   Header: [7f, 45, 4c, 46, 02, 01, 01, 03, 00, 00, 00, 00, 00, 00, 00, 00]
[36232645515] [[34mDEBUG[0m] [kernel::task::loader] [CPU0] LOADER: ELF info: entry=200000, min_vaddr=200000, bias=0, entry_pc=200000
[36233216415] [[35mTRACE[0m] [kernel::task::loader] [CPU0] Segment: vaddr=200000 exec=true
[36235404975] [[35mTRACE[0m] [kernel::task::loader] [CPU0]   COPIED at 0x201420: [48, b9, ff, ff, ff, ff, ff, ff]
[36255146004] [[35mTRACE[0m] [kernel::task::loader] [CPU0] Segment: vaddr=21e000 exec=false
[36258032019] [[35mTRACE[0m] [kernel::task::loader] [CPU0] Segment: vaddr=223000 exec=false
[36259954929] [[34mDEBUG[0m] [kernel::task::loader] [CPU0] LOADER: TLS block: tp=0x225000 filesz=0 memsz=0 align=1
[36264415737] [[34mDEBUG[0m] [kernel::sched::spawn] [CPU0] SPAWN_FROM_PATH: Starting Phase 1 for /drivers/display_virtio_gpu
[36269167770] [[34mDEBUG[0m] [bran::arch::x86_64::task] [CPU0] INIT KERNEL CTX: entry=0xffffffff800532f0 kstack_top=0xffffffffb0237500 arg=0xffffffffb01f95e0
[36270597363] [[34mDEBUG[0m] [kernel::sched::spawn] [CPU0] SPAWN_FROM_PATH: Phase 1 complete, ID=9, applying inserts
[36271158396] [[34mDEBUG[0m] [kernel::sched] [CPU0] REGISTRY: Applying 1 deferred inserts
[36271611750] [[34mDEBUG[0m] [kernel::sched] [CPU0] REGISTRY: Inserting TID=9
[36272115429] [[34mDEBUG[0m] [kernel::sched] [CPU0] REGISTRY: Inserts applied
[36272690949] [[34mDEBUG[0m] [kernel::sched::spawn] [CPU0] SPAWN_FROM_PATH: Inserts applied, entering Phase 2
[36274810176] [[34mDEBUG[0m] [kernel::sched::spawn] [CPU0] SETUP_STDIO: stdin=Null stdout=Inherit stderr=Inherit
[36278475321] [[34mDEBUG[0m] [kernel::sched::spawn] [CPU0] SPAWN_FROM_PATH: Phase 2 complete, waking task 9
[36279740640] [[34mDEBUG[0m] [kernel::sched::spawn] [CPU0] SPAWN_FROM_PATH: Task 9 woken, restoring IRQs
[36280484922] [[34mDEBUG[0m] [kernel::sched::spawn] [CPU0] SPAWN_FROM_PATH: Done for /drivers/display_virtio_gpu
[36281386779] [[34mDEBUG[0m] [kernel::syscall::handlers::process] [CPU0] SYSCALL SPAWN_PROCESS_EX: name='/drivers/display_virtio_gpu' TID=9 PID=9
[36282478254] [[34mDEBUG[0m] [kernel::sched::spawn] [CPU3] USER_TRAMPOLINE: PC=0x200000 SP=0x800000 ARG0=0x3
[36283284279] [[34mDEBUG[0m] [bran::arch::x86_64] [CPU3] ENTER_USER: TID=9 entry_pc=200000 user_sp=800000
[36284597283] [[34mDEBUG[0m] [kernel::syscall::handlers::process] [CPU3] sys_auxv_get: tid=9 buf_len=0
[36286112115] [[34mDEBUG[0m] [kernel::syscall::handlers::process] [CPU3] sys_auxv_get: tid=9 buf_len=100
[36291660306] [[32mINFO [0m] [display_virtio_gpu] [CPU3] display_virtio_gpu: starting v0.4.1 (boot_arg=3)
[36293281893] [[34mDEBUG[0m] [display_virtio_gpu] [CPU3] display_virtio_gpu: Starting VFS-native VirtIO GPU driver...
[36294461082] [[34mDEBUG[0m] [display_virtio_gpu] [CPU3] display_virtio_gpu: boot_arg=3
[36295946610] [[34mDEBUG[0m] [display_virtio_gpu] [CPU3] display_virtio_gpu: Mapping bootstrap memfd 3 size=4096...
[36303420549] [[34mDEBUG[0m] [display_virtio_gpu] [CPU3] display_virtio_gpu: vm_map success at 0x400000001000
[36305553042] [[34mDEBUG[0m] [display_virtio_gpu] [CPU3] display_virtio_gpu: Recovered handles: req_read=2, resp_write=3, svc=0, id=322371585
[36307150836] [[34mDEBUG[0m] [display_virtio_gpu] [CPU3] display_virtio_gpu: starting (drv_req_r=2, drv_resp_w=3, svc=0, id=322371585)
[36308761368] [[35mTRACE[0m] [display_virtio_gpu] [CPU3] display_virtio_gpu: Scanning /sys/devices for PCI GPU...
[36310069125] [[35mTRACE[0m] [kernel::syscall::handlers::vfs] [CPU3] VFS: sys_fs_open path='/sys/devices' tid=9
[36312518451] [[34mDEBUG[0m] [kernel::vfs::sysfs] [CPU3] sysfs: lookup path='devices'
[36314378232] [[32mINFO [0m] [sprout::supervisor] [CPU0] SPROUT: Display pipeline initialized (backend=virtio_gpu)
[36317039946] [[35mTRACE[0m] [sprout::supervisor] [CPU0] SPROUT: Loop iteration: spawn_bloom_if_ready
[36317697108] [[35mTRACE[0m] [kernel::syscall::handlers::vfs] [CPU3] sys_fs_readdir: fd=4 len=4096
[36319059051] [[35mTRACE[0m] [kernel::syscall::handlers::vfs] [CPU3] sys_fs_readdir: natural phase begin offset=0
[36321843789] [[34mDEBUG[0m] [sprout::supervisor] [CPU0] SPROUT: Checking if bloom is ready to spawn (/dev/display/card0 mounted=false, service_ready=false)...
[36323855700] [[35mTRACE[0m] [kernel::vfs::sysfs] [CPU3] sysfs: readdir found 13 slots
[36326878137] [[34mDEBUG[0m] [sprout::supervisor] [CPU0] SPROUT: display card not ready for bloom yet
[36328980072] [[35mTRACE[0m] [kernel::vfs::sysfs] [CPU3] sysfs: readdir wrote 191 bytes
[36329205924] [[35mTRACE[0m] [sprout::supervisor] [CPU0] SPROUT: Loop iteration: spawn_wayland_hello_if_ready
[36332745207] [[35mTRACE[0m] [kernel::syscall::handlers::vfs] [CPU3] sys_fs_close: fd=4
[36333054648] [[35mTRACE[0m] [sprout::supervisor] [CPU0] SPROUT: Loop iteration: spawn_clock_if_ready
[36336344715] [[35mTRACE[0m] [sprout::supervisor] [CPU0] SPROUT: Loop iteration: spawn_leaf_if_ready
[36337654089] [[35mTRACE[0m] [kernel::syscall::handlers::vfs] [CPU1] sys_fs_close: fd=3
[36338205981] [[35mTRACE[0m] [sprout::supervisor] [CPU0] SPROUT: Loop iteration: tick complete
[36340165257] [[35mTRACE[0m] [kernel::syscall::handlers::vfs] [CPU0] VFS: sys_fs_open path='/proc/self/inbox' tid=5
[36343779879] [[34mDEBUG[0m] [sprout::supervisor] [CPU0] SPROUT: ServiceLoop waiting for next event...
[36343965405] [[32mINFO [0m] [cambium::catalog] [CPU1] DEVD CATALOG: registered driver '/drivers/ahci_disk' name='ahci_disk' class=Block kind='dev.storage.Ahci' start='thingos_driver_start_safe'
[36345637581] [[35mTRACE[0m] [kernel::syscall::handlers::vfs] [CPU1] VFS: sys_fs_open path='/drivers/ata_disk' tid=7
[36358924173] [[35mTRACE[0m] [kernel::syscall::handlers::vfs] [CPU3] VFS: sys_fs_open path='/sys/devices/platform-fb000000/vendor' tid=9
[36360339345] [[34mDEBUG[0m] [kernel::vfs::sysfs] [CPU3] sysfs: lookup path='devices/platform-fb000000/vendor'
[36363009969] [[34mDEBUG[0m] [kernel::vfs::sysfs] [CPU3] sysfs: matched device file 'platform-fb000000/vendor'
[36367474011] [[35mTRACE[0m] [kernel::syscall::handlers::vfs] [CPU3] sys_fs_close: fd=4
[36369438270] [[35mTRACE[0m] [kernel::syscall::handlers::vfs] [CPU3] VFS: sys_fs_open path='/sys/devices/platform-fb000000/device' tid=9
[36370574163] [[34mDEBUG[0m] [kernel::vfs::sysfs] [CPU3] sysfs: lookup path='devices/platform-fb000000/device'
[36371845851] [[34mDEBUG[0m] [kernel::vfs::sysfs] [CPU3] sysfs: matched device file 'platform-fb000000/device'
[36373751040] [[35mTRACE[0m] [kernel::syscall::handlers::vfs] [CPU3] sys_fs_close: fd=4
[36374713914] [[35mTRACE[0m] [kernel::syscall::handlers::vfs] [CPU3] VFS: sys_fs_open path='/sys/devices/platform-fb000000/class' tid=9
[36375748992] [[34mDEBUG[0m] [kernel::vfs::sysfs] [CPU3] sysfs: lookup path='devices/platform-fb000000/class'
[36377009130] [[34mDEBUG[0m] [kernel::vfs::sysfs] [CPU3] sysfs: matched device file 'platform-fb000000/class'
[36378490170] [[35mTRACE[0m] [kernel::syscall::handlers::vfs] [CPU3] sys_fs_close: fd=4
[36379570227] [[35mTRACE[0m] [kernel::syscall::handlers::vfs] [CPU3] VFS: sys_fs_open path='/sys/devices/pci-0000:00:00.0/vendor' tid=9
[36380635632] [[34mDEBUG[0m] [kernel::vfs::sysfs] [CPU3] sysfs: lookup path='devices/pci-0000:00:00.0/vendor'
[36381609693] [[34mDEBUG[0m] [kernel::vfs::sysfs] [CPU3] sysfs: matched device file 'pci-0000:00:00.0/vendor'
[36384388161] [[35mTRACE[0m] [kernel::syscall::handlers::vfs] [CPU3] sys_fs_close: fd=4
[36385293978] [[35mTRACE[0m] [kernel::syscall::handlers::vfs] [CPU3] VFS: sys_fs_open path='/sys/devices/pci-0000:00:00.0/device' tid=9
[36386211180] [[34mDEBUG[0m] [kernel::vfs::sysfs] [CPU3] sysfs: lookup path='devices/pci-0000:00:00.0/device'
[36387148380] [[34mDEBUG[0m] [kernel::vfs::sysfs] [CPU3] sysfs: matched device file 'pci-0000:00:00.0/device'
[36388624173] [[35mTRACE[0m] [kernel::syscall::handlers::vfs] [CPU3] sys_fs_close: fd=4
[36389374032] [[35mTRACE[0m] [kernel::syscall::handlers::vfs] [CPU3] VFS: sys_fs_open path='/sys/devices/pci-0000:00:00.0/class' tid=9
[36390415446] [[34mDEBUG[0m] [kernel::vfs::sysfs] [CPU3] sysfs: lookup path='devices/pci-0000:00:00.0/class'
[36391329744] [[34mDEBUG[0m] [kernel::vfs::sysfs] [CPU3] sysfs: matched device file 'pci-0000:00:00.0/class'
[36392828901] [[35mTRACE[0m] [kernel::syscall::handlers::vfs] [CPU3] sys_fs_close: fd=4
[36393521670] [[35mTRACE[0m] [kernel::syscall::handlers::vfs] [CPU3] VFS: sys_fs_open path='/sys/devices/pci-0000:00:01.0/vendor' tid=9
[36394516521] [[34mDEBUG[0m] [kernel::vfs::sysfs] [CPU3] sysfs: lookup path='devices/pci-0000:00:01.0/vendor'
[36395461773] [[34mDEBUG[0m] [kernel::vfs::sysfs] [CPU3] sysfs: matched device file 'pci-0000:00:01.0/vendor'
[36399478467] [[35mTRACE[0m] [kernel::syscall::handlers::vfs] [CPU3] sys_fs_close: fd=4
[36400372272] [[35mTRACE[0m] [kernel::syscall::handlers::vfs] [CPU3] VFS: sys_fs_open path='/sys/devices/pci-0000:00:01.0/device' tid=9
[36401433552] [[34mDEBUG[0m] [kernel::vfs::sysfs] [CPU3] sysfs: lookup path='devices/pci-0000:00:01.0/device'
[36402396228] [[34mDEBUG[0m] [kernel::vfs::sysfs] [CPU3] sysfs: matched device file 'pci-0000:00:01.0/device'
[36405526344] [[35mTRACE[0m] [kernel::syscall::handlers::vfs] [CPU3] sys_fs_close: fd=4
[36406504002] [[35mTRACE[0m] [kernel::syscall::handlers::vfs] [CPU3] VFS: sys_fs_open path='/sys/devices/pci-0000:00:01.0/class' tid=9
[36407539344] [[34mDEBUG[0m] [kernel::vfs::sysfs] [CPU3] sysfs: lookup path='devices/pci-0000:00:01.0/class'
[36408354444] [[34mDEBUG[0m] [kernel::vfs::sysfs] [CPU3] sysfs: matched device file 'pci-0000:00:01.0/class'
[36409863303] [[35mTRACE[0m] [kernel::syscall::handlers::vfs] [CPU3] sys_fs_close: fd=4
[36415783404] [[34mDEBUG[0m] [kernel::syscall::handlers::device] [CPU3] DEVICE: task 9 claimed device 'pci-0000:00:01.0' (handle 0)
[36417401955] [[35mTRACE[0m] [kernel::syscall::handlers::vfs] [CPU3] VFS: sys_fs_open path='/sys/devices/pci-0000:00:01.0/virtio/common_bar' tid=9
[36418788912] [[34mDEBUG[0m] [kernel::vfs::sysfs] [CPU3] sysfs: lookup path='devices/pci-0000:00:01.0/virtio/common_bar'
[36424612554] [[35mTRACE[0m] [kernel::syscall::handlers::vfs] [CPU3] sys_fs_close: fd=4
[36426600309] [[35mTRACE[0m] [kernel::syscall::handlers::vfs] [CPU3] VFS: sys_fs_open path='/sys/devices/pci-0000:00:01.0/virtio/common_offset' tid=9
[36427788309] [[34mDEBUG[0m] [kernel::vfs::sysfs] [CPU3] sysfs: lookup path='devices/pci-0000:00:01.0/virtio/common_offset'
[36431775402] [[35mTRACE[0m] [kernel::syscall::handlers::vfs] [CPU3] sys_fs_close: fd=4
[36433199880] [[35mTRACE[0m] [kernel::syscall::handlers::vfs] [CPU3] VFS: sys_fs_open path='/sys/devices/pci-0000:00:01.0/virtio/notify_bar' tid=9
[36434498595] [[34mDEBUG[0m] [kernel::vfs::sysfs] [CPU3] sysfs: lookup path='devices/pci-0000:00:01.0/virtio/notify_bar'
[36437129586] [[35mTRACE[0m] [kernel::syscall::handlers::vfs] [CPU3] sys_fs_close: fd=4
[36438637092] [[35mTRACE[0m] [kernel::syscall::handlers::vfs] [CPU3] VFS: sys_fs_open path='/sys/devices/pci-0000:00:01.0/virtio/notify_offset' tid=9
[36439845816] [[34mDEBUG[0m] [kernel::vfs::sysfs] [CPU3] sysfs: lookup path='devices/pci-0000:00:01.0/virtio/notify_offset'
[36442774830] [[35mTRACE[0m] [kernel::syscall::handlers::vfs] [CPU3] sys_fs_close: fd=4
[36443776083] [[35mTRACE[0m] [kernel::syscall::handlers::vfs] [CPU3] VFS: sys_fs_open path='/sys/devices/pci-0000:00:01.0/virtio/notify_multiplier' tid=9
[36446224683] [[34mDEBUG[0m] [kernel::vfs::sysfs] [CPU3] sysfs: lookup path='devices/pci-0000:00:01.0/virtio/notify_multiplier'
[36448895637] [[35mTRACE[0m] [kernel::syscall::handlers::vfs] [CPU3] sys_fs_close: fd=4
[36450038196] [[32mINFO [0m] [virtio_gpu] [CPU3] virtio_gpu: caps from sysfs - common BAR2 off=0x1000, notify BAR2 off=0x3000 mult=4
[36452259327] [[34mDEBUG[0m] [kernel::syscall::handlers::device] [CPU3] DEVICE: mapping BAR2 (phys=0xc000000000, size=0x4000) for task 9
[36454529859] [[34mDEBUG[0m] [kernel::syscall::handlers::device] [CPU3] DEVICE: Mapped BAR2 phys=0xc000000000 size=0x4000 -> virt=0x10000000
[36457345716] [[34mDEBUG[0m] [kernel::syscall::handlers::device] [CPU3] DEVICE: DMA alloc 1 pages phys=0x2332000 -> user_va=0x10004000
[36459542922] [[34mDEBUG[0m] [kernel::syscall::handlers::device] [CPU3] DEVICE: DMA alloc 1 pages phys=0x2333000 -> user_va=0x10005000
[36463036830] [[32mINFO [0m] [virtio_gpu] [CPU3] virtio_gpu: device features=0x30000002 virgl=false
[36467313729] [[34mDEBUG[0m] [kernel::syscall::handlers::device] [CPU3] DEVICE: DMA alloc 4 pages phys=0x2334000 -> user_va=0x10006000
[36472785525] [[34mDEBUG[0m] [kernel::syscall::handlers::device] [CPU3] DEVICE: DMA alloc 4 pages phys=0x2338000 -> user_va=0x1000a000
[36475760970] [[32mINFO [0m] [virtio_gpu] [CPU3] virtio_gpu: cursor queue (queue 1) configured
[36476701437] [[32mINFO [0m] [display_virtio_gpu] [CPU3] display_virtio_gpu: GPU initialized successfully
[36477521124] [[32mINFO [0m] [display_virtio_gpu] [CPU3] display_virtio_gpu: composition paths: gpu_opaque_copy=enabled cpu_alpha_blend=enabled
[36478477728] [[34mDEBUG[0m] [display_virtio_gpu] [CPU3] display_virtio_gpu: Virgl 3D not supported, using 2D only
[36479226366] [[35mTRACE[0m] [kernel::syscall::handlers::vfs] [CPU3] VFS: sys_fs_open path='/sys/firmware/framebuffer' tid=9
[36480230358] [[34mDEBUG[0m] [kernel::vfs::sysfs] [CPU3] sysfs: lookup path='firmware/framebuffer'
[36484563588] [[35mTRACE[0m] [kernel::syscall::handlers::vfs] [CPU3] sys_fs_close: fd=4
[36489557808] [[32mINFO [0m] [display_virtio_gpu] [CPU3] display_virtio_gpu: host scanout 1280x800 enabled=true (bootfb was 1920x1080)
[36490546422] [[34mDEBUG[0m] [display_virtio_gpu] [CPU3] display_virtio_gpu: creating frame pool 1x 1280x800 stride=5120 format=1
[36511052193] [[35mTRACE[0m] [kernel::syscall::handlers::vfs] [CPU1] sys_fs_close: fd=3
[36513478914] [[32mINFO [0m] [cambium::catalog] [CPU1] DEVD CATALOG: registered driver '/drivers/ata_disk' name='ata_disk' class=Block kind='dev.storage.Ide' start='thingos_driver_start_safe'
[36514432944] [[35mTRACE[0m] [kernel::syscall::handlers::vfs] [CPU1] VFS: sys_fs_open path='/drivers/chime' tid=7
[36671602473] [[35mTRACE[0m] [sprout::supervisor] [CPU0] SPROUT: Supervisor tick...
[36672720777] [[35mTRACE[0m] [kernel::syscall::handlers::vfs] [CPU1] sys_fs_close: fd=3
[36673574652] [[35mTRACE[0m] [sprout::supervisor] [CPU0] SPROUT: Loop iteration: spawn_bristle_if_needed
[36675302994] [[32mINFO [0m] [cambium::catalog] [CPU1] DEVD CATALOG: registered driver '/drivers/chime' name='chime' class=Audio kind='dev.sound.Chime' start='thingos_driver_start_safe'
[36676821588] [[35mTRACE[0m] [kernel::syscall::handlers::vfs] [CPU1] VFS: sys_fs_open path='/drivers/display_bootfb' tid=7
[36680282463] [[35mTRACE[0m] [sprout::supervisor] [CPU0] SPROUT: Loop iteration: spawn_display_if_needed
[36682494981] [[35mTRACE[0m] [sprout::supervisor] [CPU0] SPROUT: Loop iteration: spawn_bloom_if_ready
[36683949654] [[34mDEBUG[0m] [sprout::supervisor] [CPU0] SPROUT: Checking if bloom is ready to spawn (/dev/display/card0 mounted=false, service_ready=false)...
[36686893848] [[34mDEBUG[0m] [sprout::supervisor] [CPU0] SPROUT: display card not ready for bloom yet
[36688292256] [[35mTRACE[0m] [sprout::supervisor] [CPU0] SPROUT: Loop iteration: spawn_wayland_hello_if_ready
[36689714028] [[35mTRACE[0m] [sprout::supervisor] [CPU0] SPROUT: Loop iteration: spawn_clock_if_ready
[36691046040] [[35mTRACE[0m] [sprout::supervisor] [CPU0] SPROUT: Loop iteration: spawn_leaf_if_ready
[36692374224] [[35mTRACE[0m] [sprout::supervisor] [CPU0] SPROUT: Loop iteration: tick complete
[36693746034] [[34mDEBUG[0m] [sprout::supervisor] [CPU0] SPROUT: ServiceLoop waiting for next event...
[36709763805] [[34mDEBUG[0m] [kernel::syscall::handlers::memory] [CPU3] sys_vm_map: large backing file mapping offset=0 len=4096000 total_size=4096000
[36744847986] [[34mDEBUG[0m] [display_virtio_gpu] [CPU3] display_virtio_gpu: frame pool ready (1 buffer)
[36749712087] [[34mDEBUG[0m] [kernel::syscall::handlers::device] [CPU3] DEVICE: DMA alloc 16 pages phys=0x2725000 -> user_va=0x1000e000
[36751074789] [[32mINFO [0m] [display_virtio_gpu] [CPU3] display_virtio_gpu: cursor DMA buffer ready (16 pages at phys=0x2725000)
[36755561568] [[34mDEBUG[0m] [kernel::ipc] [CPU3] CREATE_PORT: capacity=65536
[36756218070] [[34mDEBUG[0m] [kernel::ipc] [CPU3] CREATE_PORT: appended id=PortId(4)
[36756955686] [[34mDEBUG[0m] [kernel::ipc::handles] [CPU3] ALLOC_HANDLE: handle=5 port_id=PortId(4) mode=Write
[36757453491] [[34mDEBUG[0m] [kernel::ipc::handles] [CPU3] ALLOC_HANDLE: handle=6 port_id=PortId(4) mode=Read
[36758649675] [[34mDEBUG[0m] [kernel::handle::bridge] [CPU3] BRIDGE: handle=5 -> fd=5 node=0xffffffffb00743d0 port=0xffffffffb010a050
[36762871662] [[35mTRACE[0m] [kernel::syscall::handlers::vfs] [CPU3] VFS: sys_fs_open path='/proc/5/inbox' tid=9
[36790194375] [[35mTRACE[0m] [kernel::syscall::handlers::socket] [CPU3] SENDMSG: thing=6 data_len=44 caps_len=1 node=Pointer { addr: 0xffffffffb010a4d0, metadata: DynMetadata(0xffffffff802c7ed0) }
[36801827766] [[34mDEBUG[0m] [display_virtio_gpu] [CPU3] display_virtio_gpu: Sent MSG_BIND_READY (ID: 322371585)
[36803260857] [[34mDEBUG[0m] [display_virtio_gpu] [CPU3] display_virtio_gpu: Waiting for BIND_ASSIGNED...
[36808786344] [[35mTRACE[0m] [kernel::syscall::handlers::socket] [CPU0] RECVMSG: thing=4 data_len=44 caps_len=1 node=Pointer { addr: 0xffffffffb00c69f0, metadata: DynMetadata(0xffffffff802c7ed0) }
[36815370636] [[34mDEBUG[0m] [sprout::supervisor] [CPU0] SPROUT: BIND_READY from instance_id=0x13370001
[36817041558] [[34mDEBUG[0m] [sprout::supervisor] [CPU0] SPROUT: Registering DISPLAY_CARD at /dev/display/card0 (handle=5)
[36825964593] [[34mDEBUG[0m] [kernel::ipc] [CPU0] CREATE_PORT: capacity=262400
[36826520841] [[34mDEBUG[0m] [kernel::ipc] [CPU0] CREATE_PORT: appended id=PortId(5)
[36828157113] [[34mDEBUG[0m] [kernel::ipc::handles] [CPU0] ALLOC_HANDLE: handle=7 port_id=PortId(5) mode=Write
[36833269374] [[34mDEBUG[0m] [kernel::syscall::handlers::vfs] [CPU0] vfs: mounted userland provider at /dev/display/card0 (flags: 0x0) port=0xffffffffb010a050
[36837369294] [[32mINFO [0m] [sprout::supervisor] [CPU0] SPROUT: Mounted /dev/display/card0 successfully
[36839340516] [[34mDEBUG[0m] [sprout::supervisor] [CPU0] SPROUT: Handshake complete — task 'display' marked ready
[36845631834] [[34mDEBUG[0m] [sprout::supervisor] [CPU0] SPROUT: Sent MSG_BIND_ASSIGNED to display pid 9 (res=Ok(()))
[36847037139] [[32mINFO [0m] [display_virtio_gpu] [CPU3] display_virtio_gpu: Sovereign registration COMPLETE. Assigned: /dev/display/card0
[36847259856] [[34mDEBUG[0m] [sprout::supervisor] [CPU0] SPROUT: ServiceLoop waiting for next event...
[36848358228] [[35mTRACE[0m] [kernel::syscall::handlers::socket] [CPU3] SENDMSG: thing=6 data_len=44 caps_len=0 node=Pointer { addr: 0xffffffffb010a4d0, metadata: DynMetadata(0xffffffff802c7ed0) }
[36849443631] [[34mDEBUG[0m] [display_virtio_gpu] [CPU3] display_virtio_gpu: Sent MSG_SERVICE_READY.
[36850251306] [[34mDEBUG[0m] [kernel::handle::bridge] [CPU3] BRIDGE: handle=2 -> fd=7 node=0xffffffffb00f92b0 port=0xffffffffb00f36d0
[36851082345] [[34mDEBUG[0m] [kernel::handle::bridge] [CPU3] BRIDGE: handle=3 -> fd=8 node=0xffffffffb011b390 port=0xffffffffb00f8f50
[36852091716] [[34mDEBUG[0m] [kernel::handle::bridge] [CPU3] BRIDGE: handle=6 -> fd=9 node=0xffffffffb011b470 port=0xffffffffb010a050
[36853300209] [[35mTRACE[0m] [kernel::syscall::handlers::vfs] [CPU1] sys_fs_close: fd=3
[36853967337] [[32mINFO [0m] [display_virtio_gpu] [CPU3] display_virtio_gpu: VFS provider loop online
[36855572919] [[32mINFO [0m] [cambium::catalog] [CPU1] DEVD CATALOG: registered driver '/drivers/display_bootfb' name='display_bootfb' class=Display kind='dev.display.Gpu' start='thingos_driver_start_safe'
[36856434351] [[35mTRACE[0m] [kernel::syscall::handlers::vfs] [CPU1] VFS: sys_fs_open path='/drivers/display_virtio_gpu' tid=7
[36862105896] [[35mTRACE[0m] [kernel::syscall::handlers::socket] [CPU0] RECVMSG: thing=4 data_len=44 caps_len=0 node=Pointer { addr: 0xffffffffb00c69f0, metadata: DynMetadata(0xffffffff802c7ed0) }
[36865636203] [[34mDEBUG[0m] [sprout::supervisor] [CPU0] SPROUT: SERVICE_READY from instance_id=0x13370001
[36868099719] [[34mDEBUG[0m] [sprout::supervisor] [CPU0] SPROUT: Service 'display' reported ready
[36869573433] [[32mINFO [0m] [sprout::supervisor] [CPU0] SPROUT: Display service is ready at /dev/display/card0
[36871146246] [[34mDEBUG[0m] [sprout::supervisor] [CPU0] SPROUT: ServiceLoop waiting for next event...
[37043977047] [[35mTRACE[0m] [kernel::syscall::handlers::vfs] [CPU1] sys_fs_close: fd=3
[37048222530] [[32mINFO [0m] [cambium::catalog] [CPU1] DEVD CATALOG: registered driver '/drivers/display_virtio_gpu' name='display_virtio_gpu' class=Display kind='dev.display.Gpu' start='thingos_driver_start_safe'
[37049426073] [[35mTRACE[0m] [kernel::syscall::handlers::vfs] [CPU1] VFS: sys_fs_open path='/drivers/hdaudio' tid=7
[37187323701] [[35mTRACE[0m] [sprout::supervisor] [CPU0] SPROUT: Supervisor tick...
[37188938127] [[35mTRACE[0m] [sprout::supervisor] [CPU0] SPROUT: Loop iteration: spawn_bristle_if_needed
[37190425404] [[35mTRACE[0m] [sprout::supervisor] [CPU0] SPROUT: Loop iteration: spawn_display_if_needed
[37191854898] [[35mTRACE[0m] [sprout::supervisor] [CPU0] SPROUT: Loop iteration: spawn_bloom_if_ready
[37193365638] [[34mDEBUG[0m] [sprout::supervisor] [CPU0] SPROUT: Checking if bloom is ready to spawn (/dev/display/card0 mounted=true, service_ready=true)...
[37196147901] [[34mDEBUG[0m] [kernel::task::loader] [CPU0] LOADER: Loading module '/bin/bloom' (len=577280, base=0x200000)
[37196789322] [[35mTRACE[0m] [kernel::task::loader] [CPU0]   Header: [7f, 45, 4c, 46, 02, 01, 01, 00, 00, 00, 00, 00, 00, 00, 00, 00]
[37198211655] [[34mDEBUG[0m] [kernel::task::loader] [CPU0] LOADER: ELF info: entry=200000, min_vaddr=200000, bias=0, entry_pc=200000
[37200403284] [[35mTRACE[0m] [kernel::task::loader] [CPU0] Segment: vaddr=200000 exec=true
[37202559900] [[35mTRACE[0m] [kernel::task::loader] [CPU0]   COPIED at 0x201420: [24, a0, 00, 00, 00, 0f, 10, 04]
[37213516659] [[35mTRACE[0m] [kernel::syscall::handlers::vfs] [CPU1] sys_fs_close: fd=3
[37215724722] [[32mINFO [0m] [cambium::catalog] [CPU1] DEVD CATALOG: registered driver '/drivers/hdaudio' name='hdaudio' class=Audio kind='dev.sound.Hda' start='thingos_driver_start_safe'
[37216678851] [[35mTRACE[0m] [kernel::syscall::handlers::vfs] [CPU1] VFS: sys_fs_open path='/drivers/hwrng' tid=7
[37259086920] [[35mTRACE[0m] [kernel::task::loader] [CPU0] Segment: vaddr=268000 exec=false
[37265905215] [[35mTRACE[0m] [kernel::task::loader] [CPU0] Segment: vaddr=273000 exec=false
[37268618970] [[34mDEBUG[0m] [kernel::task::loader] [CPU0] LOADER: TLS block: tp=0x277000 filesz=0 memsz=0 align=1
[37273554351] [[34mDEBUG[0m] [bran::arch::x86_64::task] [CPU0] INIT KERNEL CTX: entry=0xffffffff800532f0 kstack_top=0xffffffffb013b600 arg=0xffffffffb00c6920
[37275054762] [[34mDEBUG[0m] [kernel::sched] [CPU0] REGISTRY: Applying 1 deferred inserts
[37275581112] [[34mDEBUG[0m] [kernel::sched] [CPU0] REGISTRY: Inserting TID=10
[37276121487] [[34mDEBUG[0m] [kernel::sched] [CPU0] REGISTRY: Inserts applied
[37279939026] [[34mDEBUG[0m] [kernel::sched::spawn] [CPU0] SCHED: TID 10 → task '/bin/bloom' (pid=10 from boot module)
[37301154561] [[32mINFO [0m] [sprout::supervisor] [CPU0] SPROUT: Spawned bloom (PID=10)
[37309584312] [[34mDEBUG[0m] [kernel::sched::spawn] [CPU1] USER_TRAMPOLINE: PC=0x200000 SP=0x800000 ARG0=0x0
[37309991631] [[35mTRACE[0m] [sprout::supervisor] [CPU0] SPROUT: Loop iteration: spawn_wayland_hello_if_ready
[37311742479] [[34mDEBUG[0m] [bran::arch::x86_64] [CPU1] ENTER_USER: TID=10 entry_pc=200000 user_sp=800000
[37315716108] [[34mDEBUG[0m] [kernel::syscall::handlers::process] [CPU1] sys_auxv_get: tid=10 buf_len=0
[37317157119] [[34mDEBUG[0m] [kernel::syscall::handlers::process] [CPU1] sys_auxv_get: tid=10 buf_len=100
[37319788011] [[35mTRACE[0m] [sprout::supervisor] [CPU0] SPROUT: Loop iteration: spawn_clock_if_ready
[37320333468] [[32mINFO [0m] [bloom] [CPU1] bloom: ENTERING MAIN
[37321272351] [[32mINFO [0m] [bloom] [CPU1] bloom: compositor service starting
[37322794047] [[35mTRACE[0m] [sprout::supervisor] [CPU0] SPROUT: Loop iteration: spawn_leaf_if_ready
[37323164736] [[34mDEBUG[0m] [bloom] [CPU1] bloom: connect try 0...
[37323943965] [[35mTRACE[0m] [kernel::syscall::handlers::vfs] [CPU1] VFS: sys_fs_open path='/dev/display/card0' tid=10
[37325789490] [[35mTRACE[0m] [sprout::supervisor] [CPU0] SPROUT: Loop iteration: tick complete
[37326134109] [[34mDEBUG[0m] [kernel::vfs::provider] [CPU1] VFS_RPC: request op=Lookup len=4 tid=10
[37327710321] [[34mDEBUG[0m] [sprout::supervisor] [CPU0] SPROUT: ServiceLoop waiting for next event...
[37356448800] [[35mTRACE[0m] [display_virtio_gpu] [CPU3] display_virtio_gpu: VFS RPC op=Lookup
[37357694616] [[35mTRACE[0m] [display_virtio_gpu] [CPU3] DISP: vfs_lookup path=''
[37358931687] [[35mTRACE[0m] [display_virtio_gpu] [CPU3] display_virtio_gpu: VFS RPC response begin op=Lookup req_id=1
[37362591255] [[35mTRACE[0m] [display_virtio_gpu] [CPU3] display_virtio_gpu: VFS RPC response sent op=Lookup req_id=1
[37443494715] [[34mDEBUG[0m] [kernel::vfs::provider] [CPU1] VFS_RPC: response op=Lookup id=1 -> OK(8)
[37461583863] [[34mDEBUG[0m] [kernel::vfs::provider] [CPU1] VFS_RPC: request op=DeviceCall len=48 tid=10
[37470174852] [[35mTRACE[0m] [kernel::syscall::handlers::vfs] [CPU1] sys_fs_close: fd=3
[37472708097] [[32mINFO [0m] [cambium::catalog] [CPU1] DEVD CATALOG: registered driver '/drivers/hwrng' name='hwrng' class=Other kind='dev.rng.HwRng' start='_RNvCs7wlZbVUrQWf_5hwrng20thingos_driver_start'
[37473681267] [[35mTRACE[0m] [kernel::syscall::handlers::vfs] [CPU1] VFS: sys_fs_open path='/drivers/pci_stubd' tid=7
[37487259381] [[35mTRACE[0m] [display_virtio_gpu] [CPU3] display_virtio_gpu: VFS RPC op=DeviceCall
[37488936441] [[35mTRACE[0m] [display_virtio_gpu] [CPU3] DISP: DISPLAY_OP_GET_INFO requested
[37490006070] [[35mTRACE[0m] [display_virtio_gpu] [CPU3] DISP: Returning dimensions 1280x800
[37491017916] [[35mTRACE[0m] [display_virtio_gpu] [CPU3] display_virtio_gpu: VFS RPC response begin op=DeviceCall req_id=2
[37493148660] [[35mTRACE[0m] [display_virtio_gpu] [CPU3] display_virtio_gpu: VFS RPC response sent op=DeviceCall req_id=2
[37562226966] [[34mDEBUG[0m] [kernel::vfs::provider] [CPU1] VFS_RPC: response op=DeviceCall id=2 -> OK(48)
[37566447864] [[32mINFO [0m] [bloom] [CPU1] bloom: connected to /dev/display/card0 on try 0
[37587260700] [[32mINFO [0m] [bloom] [CPU1] bloom: output0 1280x800 @ 60000mHz
[37588303863] [[32mINFO [0m] [bloom] [CPU1] bloom: display driver does not support VBLANK
[37589031414] [[32mINFO [0m] [bloom] [CPU1] bloom: display driver supports linear dmabuf import
[37589717286] [[32mINFO [0m] [bloom] [CPU1] bloom: display driver supports GPU blit (hardware transfer/flush)
[37590378012] [[32mINFO [0m] [bloom] [CPU1] bloom: display driver supports direct scanout (zero-copy path to display)
[37591098666] [[32mINFO [0m] [bloom] [CPU1] bloom: display driver supports partial flush (damage regions)
[37591899444] [[32mINFO [0m] [bloom] [CPU1] bloom: display driver supports resource cache (pre-allocated buffer pool)
[37592788596] [[32mINFO [0m] [bloom] [CPU1] bloom: creating service port...
[37596799680] [[34mDEBUG[0m] [kernel::ipc] [CPU1] CREATE_PORT: capacity=65536
[37597379391] [[34mDEBUG[0m] [kernel::ipc] [CPU1] CREATE_PORT: appended id=PortId(6)
[37597916565] [[34mDEBUG[0m] [kernel::ipc::handles] [CPU1] ALLOC_HANDLE: handle=5 port_id=PortId(6) mode=Write
[37598526834] [[34mDEBUG[0m] [kernel::ipc::handles] [CPU1] ALLOC_HANDLE: handle=6 port_id=PortId(6) mode=Read
[37601059815] [[35mTRACE[0m] [kernel::syscall::handlers::vfs] [CPU1] VFS: sys_fs_open path='/services/bloom' tid=10
[37605534582] [[35mTRACE[0m] [kernel::syscall::handlers::vfs] [CPU1] sys_fs_close: fd=7
[37616116659] [[35mTRACE[0m] [kernel::syscall::handlers::vfs] [CPU1] VFS: sys_fs_open path='/session/wayland/components' tid=10
[37619513943] [[35mTRACE[0m] [kernel::syscall::handlers::vfs] [CPU1] sys_fs_close: fd=7
[37620517440] [[35mTRACE[0m] [kernel::syscall::handlers::vfs] [CPU1] VFS: sys_fs_open path='/session/wayland/status' tid=10
[37623458367] [[35mTRACE[0m] [kernel::syscall::handlers::vfs] [CPU1] sys_fs_close: fd=7
[37624714314] [[35mTRACE[0m] [kernel::syscall::handlers::vfs] [CPU1] VFS: sys_fs_open path='/lib/libpistil.so' tid=10
[37647875562] [[35mTRACE[0m] [sprout::supervisor] [CPU0] SPROUT: Supervisor tick...
[37649299248] [[35mTRACE[0m] [sprout::supervisor] [CPU0] SPROUT: Loop iteration: spawn_bristle_if_needed
[37650780816] [[35mTRACE[0m] [sprout::supervisor] [CPU0] SPROUT: Loop iteration: spawn_display_if_needed
[37652225061] [[35mTRACE[0m] [sprout::supervisor] [CPU0] SPROUT: Loop iteration: spawn_bloom_if_ready
[37654048575] [[35mTRACE[0m] [sprout::supervisor] [CPU0] SPROUT: Loop iteration: spawn_wayland_hello_if_ready
[37655820180] [[35mTRACE[0m] [sprout::supervisor] [CPU0] SPROUT: Loop iteration: spawn_clock_if_ready
[37657326564] [[35mTRACE[0m] [sprout::supervisor] [CPU0] SPROUT: Loop iteration: spawn_leaf_if_ready
[37658969403] [[35mTRACE[0m] [sprout::supervisor] [CPU0] SPROUT: Loop iteration: tick complete
[37660363620] [[34mDEBUG[0m] [sprout::supervisor] [CPU0] SPROUT: ServiceLoop waiting for next event...
[37852744578] [[35mTRACE[0m] [kernel::syscall::handlers::vfs] [CPU1] sys_fs_close: fd=7
[37907675322] [[32mINFO [0m] [bloom::render] [CPU1] bloom: pistil background renderer loaded from /lib/libpistil.so
[37908758283] [[32mINFO [0m] [bloom::render] [CPU1] bloom: pistil font text renderer loaded with default /share/fonts/Inter-Regular.ttf
[37909501311] [[32mINFO [0m] [bloom::render] [CPU1] bloom: pistil symbol renderer loaded with /share/fonts/NotoSansSymbol2-Regular.ttf
[37910649942] [[35mTRACE[0m] [kernel::syscall::handlers::vfs] [CPU1] VFS: sys_fs_open path='/session/desktop/theme' tid=10
[37912907868] [[35mTRACE[0m] [kernel::syscall::handlers::vfs] [CPU1] VFS: sys_fs_open path='/session/desktop/theme' tid=10
[37916621787] [[35mTRACE[0m] [kernel::syscall::handlers::vfs] [CPU1] sys_fs_close: fd=7
[37918547205] [[32mINFO [0m] [bloom] [CPU1] bloom: initial theme configured Facet Frame
[37976495634] [[35mTRACE[0m] [sprout::supervisor] [CPU0] SPROUT: Supervisor tick...
[37978561698] [[35mTRACE[0m] [sprout::supervisor] [CPU0] SPROUT: Loop iteration: spawn_bristle_if_needed
[37980667824] [[35mTRACE[0m] [sprout::supervisor] [CPU0] SPROUT: Loop iteration: spawn_display_if_needed
[37982772630] [[35mTRACE[0m] [sprout::supervisor] [CPU0] SPROUT: Loop iteration: spawn_bloom_if_ready
[37984851993] [[35mTRACE[0m] [sprout::supervisor] [CPU0] SPROUT: Loop iteration: spawn_wayland_hello_if_ready
[37987168725] [[35mTRACE[0m] [sprout::supervisor] [CPU0] SPROUT: Loop iteration: spawn_clock_if_ready
[37989428367] [[35mTRACE[0m] [sprout::supervisor] [CPU0] SPROUT: Loop iteration: spawn_leaf_if_ready
[37991636562] [[35mTRACE[0m] [sprout::supervisor] [CPU0] SPROUT: Loop iteration: tick complete
[37993761201] [[34mDEBUG[0m] [sprout::supervisor] [CPU0] SPROUT: ServiceLoop waiting for next event...
[38118374943] [[34mDEBUG[0m] [kernel::syscall::handlers::memory] [CPU1] sys_vm_map: large backing file mapping offset=0 len=4096000 total_size=4096000
[38155582575] [[34mDEBUG[0m] [kernel::vfs::provider] [CPU1] VFS_RPC: request op=DeviceCall len=96 tid=10
[38181261690] [[35mTRACE[0m] [display_virtio_gpu] [CPU3] display_virtio_gpu: VFS RPC op=DeviceCall
[38182976403] [[35mTRACE[0m] [display_virtio_gpu] [CPU3] DISP: DISPLAY_OP_IMPORT_BUFFER requested: memfd=10, size=1280x800
[38184736755] [[34mDEBUG[0m] [kernel::syscall::handlers::memory] [CPU3] sys_vm_map: large backing file mapping offset=0 len=4096000 total_size=4096000
[38216079495] [[34mDEBUG[0m] [display_virtio_gpu] [CPU3] DISP: imported buffer as ID=1
[38218453812] [[35mTRACE[0m] [display_virtio_gpu] [CPU3] display_virtio_gpu: VFS RPC response begin op=DeviceCall req_id=3
[38221447869] [[35mTRACE[0m] [display_virtio_gpu] [CPU3] display_virtio_gpu: VFS RPC response sent op=DeviceCall req_id=3
[38232102018] [[34mDEBUG[0m] [kernel::vfs::provider] [CPU1] VFS_RPC: response op=DeviceCall id=3 -> OK(12)
[38235275397] [[34mDEBUG[0m] [bloom::display] [CPU1] bloom: imported buffer 1280x800 as ID=1
[38236442904] [[35mTRACE[0m] [kernel::syscall::handlers::vfs] [CPU1] VFS: sys_fs_open path='/session/desktop/wallpaper' tid=10
[38238709773] [[35mTRACE[0m] [kernel::syscall::handlers::vfs] [CPU1] VFS: sys_fs_open path='/session/desktop/wallpaper' tid=10
[38242400922] [[35mTRACE[0m] [kernel::syscall::handlers::vfs] [CPU1] sys_fs_close: fd=8
[38243641920] [[32mINFO [0m] [bloom] [CPU1] bloom: initial wallpaper configured /share/wallpapers/flower.png
[38251457937] [[35mTRACE[0m] [kernel::syscall::handlers::vfs] [CPU1] VFS: sys_fs_open path='/share/cursors/future/default.svg' tid=10
[38260550229] [[35mTRACE[0m] [kernel::syscall::handlers::vfs] [CPU1] sys_fs_close: fd=9
[38269139172] [[35mTRACE[0m] [kernel::syscall::handlers::vfs] [CPU1] sys_fs_close: fd=3
[38271118281] [[32mINFO [0m] [cambium::catalog] [CPU1] DEVD CATALOG: registered driver '/drivers/pci_stubd' name='pci_stubd' class=Other kind='drv.PciStubd' start='thingos_driver_start_safe'
[38271991692] [[35mTRACE[0m] [kernel::syscall::handlers::vfs] [CPU1] VFS: sys_fs_open path='/drivers/ps2_kbd' tid=7
[38306961099] [[35mTRACE[0m] [sprout::supervisor] [CPU0] SPROUT: Supervisor tick...
[38308449696] [[35mTRACE[0m] [sprout::supervisor] [CPU0] SPROUT: Loop iteration: spawn_bristle_if_needed
[38310038745] [[35mTRACE[0m] [sprout::supervisor] [CPU0] SPROUT: Loop iteration: spawn_display_if_needed
[38311448208] [[35mTRACE[0m] [sprout::supervisor] [CPU0] SPROUT: Loop iteration: spawn_bloom_if_ready
[38312991453] [[35mTRACE[0m] [sprout::supervisor] [CPU0] SPROUT: Loop iteration: spawn_wayland_hello_if_ready
[38314657128] [[35mTRACE[0m] [sprout::supervisor] [CPU0] SPROUT: Loop iteration: spawn_clock_if_ready
[38316121536] [[35mTRACE[0m] [sprout::supervisor] [CPU0] SPROUT: Loop iteration: spawn_leaf_if_ready
[38317577892] [[35mTRACE[0m] [sprout::supervisor] [CPU0] SPROUT: Loop iteration: tick complete
[38318913039] [[34mDEBUG[0m] [sprout::supervisor] [CPU0] SPROUT: ServiceLoop waiting for next event...
[38425111098] [[35mTRACE[0m] [kernel::syscall::handlers::vfs] [CPU1] sys_fs_close: fd=3
[38427096543] [[32mINFO [0m] [cambium::catalog] [CPU1] DEVD CATALOG: registered driver '/drivers/ps2_kbd' name='ps2_kbd' class=Input kind='drv.Ps2Keyboard' start='thingos_driver_start_safe'
[38427993351] [[35mTRACE[0m] [kernel::syscall::handlers::vfs] [CPU1] VFS: sys_fs_open path='/drivers/ps2_mouse' tid=7
[38577119955] [[35mTRACE[0m] [kernel::syscall::handlers::vfs] [CPU1] sys_fs_close: fd=3
[38579200770] [[32mINFO [0m] [cambium::catalog] [CPU1] DEVD CATALOG: registered driver '/drivers/ps2_mouse' name='ps2_mouse' class=Input kind='drv.Ps2Mouse' start='thingos_driver_start_safe'
[38580161334] [[35mTRACE[0m] [kernel::syscall::handlers::vfs] [CPU1] VFS: sys_fs_open path='/drivers/rtc_cmos' tid=7
[38636771613] [[35mTRACE[0m] [sprout::supervisor] [CPU0] SPROUT: Supervisor tick...
[38638229520] [[35mTRACE[0m] [sprout::supervisor] [CPU0] SPROUT: Loop iteration: spawn_bristle_if_needed
[38639868762] [[35mTRACE[0m] [sprout::supervisor] [CPU0] SPROUT: Loop iteration: spawn_display_if_needed
[38641229649] [[35mTRACE[0m] [sprout::supervisor] [CPU0] SPROUT: Loop iteration: spawn_bloom_if_ready
[38642605518] [[35mTRACE[0m] [sprout::supervisor] [CPU0] SPROUT: Loop iteration: spawn_wayland_hello_if_ready
[38644110912] [[35mTRACE[0m] [sprout::supervisor] [CPU0] SPROUT: Loop iteration: spawn_clock_if_ready
[38645817210] [[35mTRACE[0m] [sprout::supervisor] [CPU0] SPROUT: Loop iteration: spawn_leaf_if_ready
[38647290759] [[35mTRACE[0m] [sprout::supervisor] [CPU0] SPROUT: Loop iteration: tick complete
[38649342039] [[34mDEBUG[0m] [sprout::supervisor] [CPU0] SPROUT: ServiceLoop waiting for next event...
[38758212438] [[34mDEBUG[0m] [kernel::vfs::provider] [CPU1] VFS_RPC: request op=DeviceCall len=96 tid=10
[38770870347] [[35mTRACE[0m] [display_virtio_gpu] [CPU3] display_virtio_gpu: VFS RPC op=DeviceCall
[38772703365] [[35mTRACE[0m] [display_virtio_gpu] [CPU3] DISP: DISPLAY_OP_IMPORT_BUFFER requested: memfd=11, size=48x48
[38774056794] [[34mDEBUG[0m] [display_virtio_gpu] [CPU3] DISP: imported buffer as ID=2
[38775493614] [[35mTRACE[0m] [display_virtio_gpu] [CPU3] display_virtio_gpu: VFS RPC response begin op=DeviceCall req_id=4
[38777293500] [[35mTRACE[0m] [display_virtio_gpu] [CPU3] display_virtio_gpu: VFS RPC response sent op=DeviceCall req_id=4
[38832919356] [[35mTRACE[0m] [kernel::syscall::handlers::vfs] [CPU1] sys_fs_close: fd=3
[38834755443] [[32mINFO [0m] [cambium::catalog] [CPU1] DEVD CATALOG: registered driver '/drivers/rtc_cmos' name='rtc_cmos' class=Other kind='dev.rtc.Cmos' start='thingos_driver_start_safe'
[38835652383] [[35mTRACE[0m] [kernel::syscall::handlers::vfs] [CPU1] VFS: sys_fs_open path='/drivers/rtl8168d' tid=7
[38918863731] [[34mDEBUG[0m] [kernel::vfs::provider] [CPU1] VFS_RPC: response op=DeviceCall id=4 -> OK(12)
[38920336059] [[34mDEBUG[0m] [bloom::display] [CPU1] bloom: imported buffer 48x48 as ID=2
[38923345197] [[32mINFO [0m] [bloom::render] [CPU1] bloom: cursor ready buffer=2 size=48x48 hotspot=11,6
[38928365685] [[34mDEBUG[0m] [kernel::ipc] [CPU1] CREATE_PORT: capacity=65536
[38928938961] [[34mDEBUG[0m] [kernel::ipc] [CPU1] CREATE_PORT: appended id=PortId(7)
[38929568667] [[34mDEBUG[0m] [kernel::ipc::handles] [CPU1] ALLOC_HANDLE: handle=7 port_id=PortId(7) mode=Write
[38930585727] [[34mDEBUG[0m] [kernel::ipc::handles] [CPU1] ALLOC_HANDLE: handle=8 port_id=PortId(7) mode=Read
[38937292317] [[32mINFO [0m] [bloom] [CPU1] bloom: watching wallpaper config /session/desktop/wallpaper
[38939416230] [[32mINFO [0m] [bloom] [CPU1] bloom: watching theme config /session/desktop/theme
[38941516251] [[34mDEBUG[0m] [kernel::handle::bridge] [CPU1] BRIDGE: handle=6 -> fd=11 node=0xffffffffb00f9150 port=0xffffffffb01262b0
[38943806682] [[34mDEBUG[0m] [kernel::handle::bridge] [CPU1] BRIDGE: handle=8 -> fd=12 node=0xffffffffb0129030 port=0xffffffffb0127d90
[38946085134] [[35mTRACE[0m] [kernel::syscall::handlers::vfs] [CPU1] VFS: sys_fs_open path='/session/desktop/wallpaper' tid=10
[38948142849] [[35mTRACE[0m] [kernel::syscall::handlers::vfs] [CPU1] sys_fs_close: fd=13
[38949856572] [[35mTRACE[0m] [kernel::syscall::handlers::vfs] [CPU1] VFS: sys_fs_open path='/session/desktop/theme' tid=10
[38951779713] [[35mTRACE[0m] [kernel::syscall::handlers::vfs] [CPU1] sys_fs_close: fd=13
[38955971208] [[34mDEBUG[0m] [kernel::ipc] [CPU1] CREATE_PORT: capacity=65536
[38956533891] [[34mDEBUG[0m] [kernel::ipc] [CPU1] CREATE_PORT: appended id=PortId(8)
[38957023710] [[34mDEBUG[0m] [kernel::ipc::handles] [CPU1] ALLOC_HANDLE: handle=9 port_id=PortId(8) mode=Write
[38957464392] [[34mDEBUG[0m] [kernel::ipc::handles] [CPU1] ALLOC_HANDLE: handle=10 port_id=PortId(8) mode=Read
[38961423105] [[34mDEBUG[0m] [kernel::ipc] [CPU1] CREATE_PORT: capacity=65536
[38961970212] [[34mDEBUG[0m] [kernel::ipc] [CPU1] CREATE_PORT: appended id=PortId(9)
[38962566984] [[34mDEBUG[0m] [kernel::ipc::handles] [CPU1] ALLOC_HANDLE: handle=11 port_id=PortId(9) mode=Write
[38963132373] [[34mDEBUG[0m] [kernel::ipc::handles] [CPU1] ALLOC_HANDLE: handle=12 port_id=PortId(9) mode=Read
[38964549129] [[34mDEBUG[0m] [kernel::handle::bridge] [CPU1] BRIDGE: handle=10 -> fd=13 node=0xffffffffb010a1d0 port=0xffffffffb0129cf0
[38965546587] [[34mDEBUG[0m] [kernel::handle::bridge] [CPU1] BRIDGE: handle=12 -> fd=14 node=0xffffffffb00c6930 port=0xffffffffb012aaf0
[38970325680] [[35mTRACE[0m] [sprout::supervisor] [CPU0] SPROUT: Supervisor tick...
[38971704057] [[35mTRACE[0m] [sprout::supervisor] [CPU0] SPROUT: Loop iteration: spawn_bristle_if_needed
[38972740719] [[35mTRACE[0m] [sprout::supervisor] [CPU0] SPROUT: Loop iteration: spawn_display_if_needed
[38974936638] [[35mTRACE[0m] [sprout::supervisor] [CPU0] SPROUT: Loop iteration: spawn_bloom_if_ready
[38975251656] [[34mDEBUG[0m] [kernel::sched::spawn] [CPU1] SCHED: Task 11 (user thread) assigned to CPU 2
[38990712816] [[34mDEBUG[0m] [kernel::sched] [CPU1] REGISTRY: Applying 1 deferred inserts
[38991190161] [[34mDEBUG[0m] [kernel::sched] [CPU1] REGISTRY: Inserting TID=11
[38991898803] [[34mDEBUG[0m] [kernel::sched] [CPU1] REGISTRY: Inserts applied
[38995092312] [[34mDEBUG[0m] [kernel::sched::spawn] [CPU1] SCHED: Sending post-unlock Resched IPI to CPU 2 for task 11
[38998076073] [[32mINFO [0m] [bloom::wayland] [CPU2] wayland-server: starting
[38998064391] [[32mINFO [0m] [bloom] [CPU1] bloom: Wayland server thread spawned
[38999256747] [[35mTRACE[0m] [kernel::syscall::handlers::vfs] [CPU2] VFS: sys_fs_open path='/proc/self/inbox' tid=11
[39000244239] [[32mINFO [0m] [bloom::loop_types] [CPU1] bloom: service loop started
[39001155996] [[32mINFO [0m] [bloom::loop_types] [CPU1] bloom: output0 1280x800 @ 60000mHz ready
[39007867305] [[35mTRACE[0m] [sprout::supervisor] [CPU0] SPROUT: Loop iteration: spawn_wayland_hello_if_ready
[39008721840] [[34mDEBUG[0m] [kernel::vfs::provider] [CPU1] VFS_RPC: request op=DeviceCall len=296 tid=10
[39010613895] [[35mTRACE[0m] [sprout::supervisor] [CPU0] SPROUT: Loop iteration: spawn_clock_if_ready
[39012412296] [[35mTRACE[0m] [sprout::supervisor] [CPU0] SPROUT: Loop iteration: spawn_leaf_if_ready
[39014172879] [[35mTRACE[0m] [sprout::supervisor] [CPU0] SPROUT: Loop iteration: tick complete
[39015634020] [[34mDEBUG[0m] [sprout::supervisor] [CPU0] SPROUT: ServiceLoop waiting for next event...
[39016944087] [[32mINFO [0m] [bloom::wayland] [CPU2] wayland-server: listening on /run/wayland-0
[39017921085] [[32mINFO [0m] [bloom::wayland] [CPU2] wayland-server: advertising globals wl_compositor wl_shm xdg_wm_base wl_seat wl_output wl_subcompositor wl_data_device_manager zwp_linux_dmabuf_v1
[39038104083] [[35mTRACE[0m] [display_virtio_gpu] [CPU3] display_virtio_gpu: VFS RPC op=DeviceCall
[39039838266] [[35mTRACE[0m] [display_virtio_gpu] [CPU3] display_virtio_gpu: [batch 0] copy_rect using CPU
[39049601085] [[35mTRACE[0m] [display_virtio_gpu] [CPU3] display_virtio_gpu: [batch 0] alpha_blit using CPU
[39063002649] [[35mTRACE[0m] [display_virtio_gpu] [CPU3] display_virtio_gpu: VFS RPC response begin op=DeviceCall req_id=5
[39065622288] [[35mTRACE[0m] [display_virtio_gpu] [CPU3] display_virtio_gpu: VFS RPC response sent op=DeviceCall req_id=5
[39086848119] [[34mDEBUG[0m] [kernel::vfs::provider] [CPU1] VFS_RPC: response op=DeviceCall id=5 -> OK(8)
[39090228540] [[34mDEBUG[0m] [bloom::world] [CPU1] bloom: presented cursor buffer=2 at 629,394 size=48x48
[39093131187] [[35mTRACE[0m] [kernel::syscall::handlers::vfs] [CPU1] sys_fs_close: fd=3
[39095017170] [[32mINFO [0m] [cambium::catalog] [CPU1] DEVD CATALOG: registered driver '/drivers/rtl8168d' name='rtl8168d' class=Net kind='dev.net.Nic' start='thingos_driver_start_safe'
[39095905464] [[35mTRACE[0m] [kernel::syscall::handlers::vfs] [CPU1] VFS: sys_fs_open path='/drivers/virtio_netd' tid=7
[39254336286] [[35mTRACE[0m] [kernel::syscall::handlers::vfs] [CPU1] sys_fs_close: fd=3
[39256965132] [[32mINFO [0m] [cambium::catalog] [CPU1] DEVD CATALOG: registered driver '/drivers/virtio_netd' name='virtio_netd' class=Net kind='dev.net.Nic' start='thingos_driver_start_safe'
[39259142274] [[35mTRACE[0m] [kernel::syscall::handlers::vfs] [CPU1] VFS: sys_fs_open path='/drivers/virtio_sound' tid=7
[39328425246] [[35mTRACE[0m] [sprout::supervisor] [CPU0] SPROUT: Supervisor tick...
[39329945622] [[35mTRACE[0m] [sprout::supervisor] [CPU0] SPROUT: Loop iteration: spawn_bristle_if_needed
[39331392276] [[35mTRACE[0m] [sprout::supervisor] [CPU0] SPROUT: Loop iteration: spawn_display_if_needed
[39332903478] [[35mTRACE[0m] [sprout::supervisor] [CPU0] SPROUT: Loop iteration: spawn_bloom_if_ready
[39334339176] [[35mTRACE[0m] [sprout::supervisor] [CPU0] SPROUT: Loop iteration: spawn_wayland_hello_if_ready
[39336662376] [[34mDEBUG[0m] [kernel::task::loader] [CPU0] LOADER: Loading module '/bin/wayland_hello' (len=86696, base=0x200000)
[39337365012] [[35mTRACE[0m] [kernel::task::loader] [CPU0]   Header: [7f, 45, 4c, 46, 02, 01, 01, 00, 00, 00, 00, 00, 00, 00, 00, 00]
[39338381313] [[34mDEBUG[0m] [kernel::task::loader] [CPU0] LOADER: ELF info: entry=200000, min_vaddr=200000, bias=0, entry_pc=200000
[39338956635] [[35mTRACE[0m] [kernel::task::loader] [CPU0] Segment: vaddr=200000 exec=true
[39341281485] [[35mTRACE[0m] [kernel::task::loader] [CPU0]   COPIED at 0x201420: [24, 28, 48, 85, f6, 74, 0f, 48]
[39351898344] [[35mTRACE[0m] [kernel::task::loader] [CPU0] Segment: vaddr=20d000 exec=false
[39353181549] [[35mTRACE[0m] [kernel::task::loader] [CPU0] Segment: vaddr=20f000 exec=false
[39354826533] [[34mDEBUG[0m] [kernel::task::loader] [CPU0] LOADER: TLS block: tp=0x211000 filesz=0 memsz=0 align=1
[39359090298] [[34mDEBUG[0m] [bran::arch::x86_64::task] [CPU0] INIT KERNEL CTX: entry=0xffffffff800532f0 kstack_top=0xffffffffb01ad620 arg=0xffffffffb00f9160
[39360840453] [[34mDEBUG[0m] [kernel::sched] [CPU0] REGISTRY: Applying 1 deferred inserts
[39361332912] [[34mDEBUG[0m] [kernel::sched] [CPU0] REGISTRY: Inserting TID=12
[39361844478] [[34mDEBUG[0m] [kernel::sched] [CPU0] REGISTRY: Inserts applied
[39365602287] [[34mDEBUG[0m] [kernel::sched::spawn] [CPU0] SCHED: TID 12 → task '/bin/wayland_hello' (pid=12 from boot module)
[39369446292] [[34mDEBUG[0m] [kernel::sched::spawn] [CPU3] USER_TRAMPOLINE: PC=0x200000 SP=0x800000 ARG0=0x0

[hunter] desktop readiness pending; missing=["First frame rendered", "bloom: registered bristle pointer sink"]

[hunter] desktop readiness pending; missing=["First frame rendered", "bloom: registered bristle pointer sink"]

[hunter] desktop readiness pending; missing=["First frame rendered", "bloom: registered bristle pointer sink"]

[hunter] [hunter] pre-desktop silence detected after 15.1s in session 0029; missing=["First frame rendered", "bloom: registered bristle pointer sink"]
