
[hunter] session=0025 arch=x86_64 timeout=15s desktop_ready_timeout=180s loglevel=5

[hunter] waiting for desktop readiness before random actions: bloom: service loop started, bloom: output0, bloom: cursor ready, First frame rendered, wayland-server: listening on /run/wayland-0, bloom: registered bristle pointer sink
[2J[01;01H[=3h[2J[01;01H[2J[01;01H[8;042;160t0[2J[01;01H[2J[01;01H[8;056;240t0[2J[01;01HBdsDxe: loading Boot0002 "UEFI QEMU DVD-ROM QM00005 " from PciRoot(0x0)/Pci(0x1F,0x2)/Sata(0x2,0xFFFF,0x0)
BdsDxe: starting Boot0002 "UEFI QEMU DVD-ROM QM00005 " from PciRoot(0x0)/Pci(0x1F,0x2)/Sata(0x2,0xFFFF,0x0)
[2J[01;01H[01;01H[2J[01;01H[01;01H
[hunter] desktop readiness pending; missing=["bloom: service loop started", "bloom: output0", "bloom: cursor ready", "First frame rendered", "wayland-server: listening on /run/wayland-0", "bloom: registered bristle pointer sink"]
[32516591811] [[32mINFO [0m] [kernel::boot_progress] [CPU0] boot_progress: milestone="Framebuffer Initialized"
[32547369690] [[35mTRACE[0m] [kernel::memory] [CPU0] [kernel:mem:init] enter
[32550060081] [[35mTRACE[0m] [kernel::memory] [CPU0] [kernel:mem:init] phys_memory_map ok
[32550747735] [[35mTRACE[0m] [kernel::memory] [CPU0] [kernel:mem:init] modules ok
[32551452087] [[35mTRACE[0m] [kernel::memory] [CPU0] [kernel:mem:init] phys_to_virt_offset ok
[32551922238] [[35mTRACE[0m] [kernel::memory] [CPU0] [kernel:mem:init] memory map logging done
[32574632739] [[35mTRACE[0m] [kernel::memory] [CPU0] [kernel:mem:init] boot_frame_alloc init ok
[32760880911] [[35mTRACE[0m] [kernel::memory] [CPU0] [kernel:mem:init] frame allocator build ok
[32761448808] [[35mTRACE[0m] [kernel::memory] [CPU0] [kernel:mem:init] frame allocator log ok
[32762287602] [[35mTRACE[0m] [kernel::memory] [CPU0] [kernel:mem:init] FRAME_ALLOCATOR init ok
[32762982978] [[35mTRACE[0m] [kernel::memory] [CPU0] [kernel:mem:init] tasking init ok
[32763502695] [[32mINFO [0m] [kernel::boot_progress] [CPU0] boot_progress: milestone="Memory Map OK"
[32782550328] [[32mINFO [0m] [kernel] [CPU0] Initializing global allocator...
[32783112780] [[34mDEBUG[0m] [kernel::memory::global_alloc] [CPU0] [kernel:global_alloc] enter
[32783659755] [[34mDEBUG[0m] [kernel::memory::global_alloc] [CPU0] [kernel:global_alloc] set expand hook
[32784172575] [[34mDEBUG[0m] [kernel::memory::global_alloc] [CPU0] [kernel:global_alloc] expand hook ok
[32784673284] [[34mDEBUG[0m] [kernel::memory::global_alloc] [CPU0] [kernel:global_alloc] kernel_heap lock begin
[32785363281] [[34mDEBUG[0m] [kernel::memory::global_alloc] [CPU0] [kernel:global_alloc] kernel_heap lock ok
[32785870425] [[35mTRACE[0m] [kernel::memory::global_alloc] [CPU0] [kernel:global_alloc] reserve_region begin
[32813764005] [[35mTRACE[0m] [kernel::memory::global_alloc] [CPU0] [kernel:global_alloc] reserve_region ok
[32814295701] [[35mTRACE[0m] [kernel::memory::gl
[hunter] desktop readiness pending; missing=["bloom: service loop started", "bloom: output0", "bloom: cursor ready", "First frame rendered", "wayland-server: listening on /run/wayland-0", "bloom: registered bristle pointer sink"]
obal_alloc] [CPU0] [kernel:global_alloc] inner allocator init begin
[32816835843] [[35mTRACE[0m] [kernel::memory::global_alloc] [CPU0] [kernel:global_alloc] inner allocator init ok
[32817494886] [[35mTRACE[0m] [kernel::memory::global_alloc] [CPU0] [kernel:global_alloc] heap top store ok
[32817988764] [[35mTRACE[0m] [kernel::memory::global_alloc] [CPU0] [kernel:global_alloc] init done
[32818582137] [[32mINFO [0m] [kernel::boot_progress] [CPU0] boot_progress: milestone="Global Allocator"
[32838958680] [[34mDEBUG[0m] [kernel::vfs::devfs] [CPU0] devfs: set_boot_fb width=1920 height=1080 pitch=7680 resource_id=0xfb000000 phys=0x80000000
[32840787705] [[34mDEBUG[0m] [kernel] [CPU0] [kernel:start] framebuffer/devfs set_boot_fb elapsed_ticks=1750914 elapsed_us=875
[32846145189] [[34mDEBUG[0m] [kernel] [CPU0] [kernel:start] framebuffer/devfs FbNode::new elapsed_ticks=4599276 elapsed_us=2299
[32846890494] [[35mTRACE[0m] [kernel::vfs::devfs] [CPU0] [kernel:devfs] register begin
[32851131951] [[35mTRACE[0m] [kernel::vfs::devfs] [CPU0] [kernel:devfs] register ok
[32851788090] [[34mDEBUG[0m] [kernel] [CPU0] [kernel:start] framebuffer/devfs register fb0 elapsed_ticks=4857039 elapsed_us=2428
[32852411889] [[32mINFO [0m] [kernel::boot_progress] [CPU0] boot_progress: milestone="Display Registry"
[32872172454] [[32mINFO [0m] [kernel] [CPU0] Initializing SIMD...
[32873979468] [[32mINFO [0m] [kernel::boot_progress] [CPU0] boot_progress: milestone="SIMD Ready"
[32909153211] [[34mDEBUG[0m] [kernel] [CPU0] Seeding entropy pool...
[32910248646] [[35mTRACE[0m] [kernel::entropy] [CPU0] [kernel:entropy] seed begin
[32911235544] [[35mTRACE[0m] [kernel::entropy] [CPU0] [kernel:entropy] fill_entropy done
[32913445686] [[35mTRACE[0m] [kernel::entropy] [CPU0] [kernel:entropy] add_sample(timer) ok
[32913964017] [[35mTRACE[0m] [kernel::entropy] [CPU0] [kernel:entropy] mark_seeded(timer) ok
[32914447698] [[33mWARN [0m] [kernel::entropy] [CPU0] ENTROPY: no hardware RNG available, using timer fallback (weak entropy)
[32915050872] [[34mDEBUG[0m] [kernel::entropy] [CPU0] ENTROPY: marked seeded with weak entropy (timer-only fallback)
[32915566299] [[35mTRACE[0m] [kernel::entropy] [CPU0] [kernel:entropy] seed done
[32916636819] [[34mDEBUG[0m] [kernel] [CPU0] [kernel:start] entropy::seed_from_hardware elapsed_ticks=6074244 elapsed_us=3037
[32917211217] [[32mINFO [0m] [kernel::boot_progress] [CPU0] boot_progress: milestone="SIMD Ready"
[32936652309] [[32mINFO [0m] [kernel] [CPU0] Initializing tasking...
[32944570428] [[35mTRACE[0m] [kernel::sched] [CPU0]   Acquiring scheduler lock...
[32945591151] [[35mTRACE[0m] [kernel::sched] [CPU0]   Lock acquired, checking if initialized...
[32946183963] [[35mTRACE[0m] [kernel::sched] [CPU0]   Allocating scheduler...
[32949787068] [[35mTRACE[0m] [kernel::sched] [CPU0]   Leaking scheduler...
[32950298634] [[35mTRACE[0m] [kernel::sched] [CPU0]   Initializing boot task...
[32952380472] [[34mDEBUG[0m] [kernel::sched] [CPU0] SCHED: allocating CpuScheduler for cpu0 (total=1)
[32953230354] [[32mINFO [0m] [kernel::sched] [CPU0] SCHED: 1 per-CPU scheduler(s) allocated
[32953764063] [[32mINFO [0m] [kernel::sched] [CPU0] SCHED: per-CPU preemption initialized (1 independent preemption domains, no global preemption lock)
[32954773137] [[35mTRACE[0m] [kernel::sched] [CPU0]   Creating boot task...
[32966033397] [[35mTRACE[0m] [kernel::sched] [CPU0]   Creating idle tasks...
[32967271491] [[34mDEBUG[0m] [bran::arch::x86_64::task] [CPU0] INIT KERNEL CTX: entry=0xffffffff8008b400 kstack_top=0xffffffffb0020660 arg=0x0
[32969212947] [[34mDEBUG[0m] [kernel::sched::spawn] [CPU0] SCHED: Task 1 assigned to CPU 0
[32987702583] [[35mTRACE[0m] [kernel::sched] [CPU0]   Boot task initialized
[32989662981] [[34mDEBUG[0m] [kernel::sched::state] [CPU0] SCHED[cpu0]: current=Some(0) idle=Some(1) runnable=0 need_resched=true
[32990824086] [[35mTRACE[0m] [kernel::sched] [CPU0]   Storing scheduler pointer...
[32991916881] [[32mINFO [0m] [kernel::sched] [CPU0] Scheduler initialized
[32992833291] [[32mINFO [0m] [kernel::boot_progress] [CPU0] boot_progress: milestone="Tasking Initialized"
[33012660351] [[34mDEBUG[0m] [kernel] [CPU0] Initializing VFS...
[33015935997] [[34mDEBUG[0m] [kernel] [CPU0] [kernel:start] scheduler-entry step='set_cmdline' elapsed_ticks=2593173 elapsed_us=1296 total_ticks=3096852 total_us=1548
[33033762993] [[34mDEBUG[0m] [kernel::vfs] [CPU0] VFS: Created /dev/display directory
[33034588653] [[34mDEBUG[0m] [kernel::vfs] [CPU0] VFS: Created /dev/storage directory
[33071347155] [[34mDEBUG[0m] [kernel::vfs] [CPU0] vfs: mounted union filesystem at / (root)
[33073646298] [[34mDEBUG[0m] [kernel::vfs] [CPU0] vfs: mounted devfs at /dev
[33074661015] [[34mDEBUG[0m] [kernel::vfs] [CPU0] vfs: mounted procfs at /proc
[33075574488] [[34mDEBUG[0m] [kernel::vfs] [CPU0] vfs: mounted sysfs at /sys
[33079571976] [[34mDEBUG[0m] [kernel::vfs] [CPU0] vfs: mounted tmpfs at /tmp
[33080411067] [[34mDEBUG[0m] [kernel::vfs] [CPU0] vfs: mounted tmpfs at /run
[33081142578] [[34mDEBUG[0m] [kernel::vfs] [CPU0] vfs: mounted tmpfs at /services
[33081870657] [[34mDEBUG[0m] [kernel::vfs] [CPU0] vfs: mounted tmpfs at /session
[33082700838] [[34mDEBUG[0m] [kernel::vfs] [CPU0] vfs: mounted tmpfs at /data
[33083169933] [[34mDEBUG[0m] [kernel] [CPU0] [kernel:start] scheduler-entry step='vfs_init' elapsed_ticks=66590766 elapsed_us=33295 total_ticks=70579674 total_us=35289
[33083803665] [[32mINFO [0m] [kernel::boot_progress] [CPU0] boot_progress: milestone="VFS Root Ready"
[33103208424] [[34mDEBUG[0m] [kernel] [CPU0] Scanning PCI bus...
[33106610031] [[34mDEBUG[0m] [kernel] [CPU0] PCI: Discovered 0x8086:0x29c0 at 00:00.0 class=060000 id=1
[33111453672] [[35mTRACE[0m] [kernel] [CPU0]   BAR0 (MEM32): 0x80000000 (size 0x800000)
[33122475969] [[35mTRACE[0m] [kernel] [CPU0]   BAR2 (MEM64): 0xc000000000 (size 0x4000)
[33125729538] [[35mTRACE[0m] [kernel] [CPU0]   BAR4 (MEM32): 0x80883000 (size 0x1000)
[33126334362] [[34mDEBUG[0m] [kernel] [CPU0] PCI: Discovered 0x1af4:0x1050 at 00:01.0 class=030000 id=2
[33130004391] [[35mTRACE[0m] [kernel] [CPU0]   BAR0 (I/O):  0x6060 (size 0x20)
[33133397319] [[35mTRACE[0m] [kernel] [CPU0]   BAR1 (MEM32): 0x80882000 (size 0x1000)
[33148767399] [[35mTRACE[0m] [kernel] [CPU0]   BAR4 (MEM64): 0xc000004000 (size 0x4000)
[33149919000] [[34mDEBUG[0m] [kernel] [CPU0] PCI: Discovered 0x1af4:0x1000 at 00:02.0 class=020000 id=3
[33152438319] [[35mTRACE[0m] [kernel] [CPU0]   BAR1 (MEM32): 0x80881000 (size 0x1000)
[33160117716] [[35mTRACE[0m] [kernel] [CPU0]   BAR4 (MEM64): 0xc000008000 (size 0x4000)
[33160692939] [[34mDEBUG[0m] [kernel] [CPU0] PCI: Discovered 0x1af4:0x1059 at 00:03.0 class=040100 id=4
[33161434812] [[34mDEBUG[0m] [kernel] [CPU0] PCI: Discovered 0x8086:0x2918 at 00:1f.0 class=060100 id=5
[33163843911] [[35mTRACE[0m] [kernel] [CPU0]   BAR4 (I/O):  0x6040 (size 0x20)
[33165801801] [[35mTRACE[0m] [kernel] [CPU0]   BAR5 (MEM32): 0x80880000 (size 0x1000)
[33166386066] [[34mDEBUG[0m] [kernel] [CPU0] PCI: Discovered 0x8086:0x2922 at 00:1f.2 class=010601 id=6
[33168664947] [[35mTRACE[0m] [kernel] [CPU0]   BAR4 (I/O):  0x6000 (size 0x40)
[33169211262] [[34mDEBUG[0m] [kernel] [CPU0] PCI: Discovered 0x8086:0x2930 at 00:1f.3 class=0c0500 id=7
[33171209709] [[34mDEBUG[0m] [kernel] [CPU0] [kernel:start] scheduler-entry step='scan_pci' elapsed_ticks=67527999 elapsed_us=33763 total_ticks=158607174 total_us=79303
[33171863472] [[32mINFO [0m] [kernel::boot_progress] [CPU0] boot_progress: milestone="PCI Bus Scanned"
[33192486723] [[34mDEBUG[0m] [kernel] [CPU0] [kernel:start] scheduler-entry step='register_legacy_devices' elapsed_ticks=729696 elapsed_us=364 total_ticks=179896101 total_us=89948
[33193138803] [[32mINFO [0m] [kernel::boot_progress] [CPU0] boot_progress: milestone="Legacy Devices"
[33213033414] [[34mDEBUG[0m] [kernel] [CPU0] System initialized. Setting up preemption timer (100Hz)...
[33219542334] [[34mDEBUG[0m] [bran::arch] [CPU0] IOAPIC: hhdm=0xffff800000000000
[33220059246] [[34mDEBUG[0m] [bran::arch] [CPU0] IOAPIC: Disabling legacy PIC...
[33220973940] [[34mDEBUG[0m] [bran::arch] [CPU0] IOAPIC: PIC disabled OK
[33221766633] [[34mDEBUG[0m] [bran::arch] [CPU0] IOAPIC: RSDP virt=0x7f77e014
[33225178041] [[34mDEBUG[0m] [bran::arch::x86_64::acpi] [CPU0] MADT: total length 144
[33226593081] [[35mTRACE[0m] [bran::arch::x86_64::acpi] [CPU0] MADT: Entry type 0, len 8 at 0xffff80007f77802c
[33227321721] [[35mTRACE[0m] [bran::arch::x86_64::acpi] [CPU0] MADT: Entry type 0, len 8 at 0xffff80007f778034
[33227823189] [[35mTRACE[0m] [bran::arch::x86_64::acpi] [CPU0] MADT: Entry type 0, len 8 at 0xffff80007f77803c
[33228283902] [[35mTRACE[0m] [bran::arch::x86_64::acpi] [CPU0] MADT: Entry type 0, len 8 at 0xffff80007f778044
[33228762798] [[35mTRACE[0m] [bran::arch::x86_64::acpi] [CPU0] MADT: Entry type 1, len 12 at 0xffff80007f77804c
[33229543677] [[35mTRACE[0m] [bran::arch::x86_64::acpi] [CPU0] MADT: Entry type 2, len 10 at 0xffff80007f778058
[33230316141] [[35mTRACE[0m] [bran::arch::x86_64::acpi] [CPU0] MADT: Entry type 2, len 10 at 0xffff80007f778062
[33230828136] [[35mTRACE[0m] [bran::arch::x86_64::acpi] [CPU0] MADT: Entry type 2, len 10 at 0xffff80007f77806c
[33231299343] [[35mTRACE[0m] [bran::arch::x86_64::acpi] [CPU0] MADT: Entry type 2, len 10 at 0xffff80007f778076
[33231762861] [[35mTRACE[0m] [bran::arch::x86_64::acpi] [CPU0] MADT: Entry type 2, len 10 at 0xffff80007f778080
[33232226346] [[35mTRACE[0m] [bran::arch::x86_64::acpi] [CPU0] MADT: Entry type 4, len 6 at 0xffff80007f77808a
[33233036892] [[34mDEBUG[0m] [bran::arch] [CPU0] IOAPIC: MADT parsed OK
[33233876577] [[34mDEBUG[0m] [bran::arch] [CPU0] SMP: Found 4 CPUs (CPU_COUNT now = 4)
[33243627318] [[34mDEBUG[0m] [bran::arch] [CPU0] IOAPIC: Found at phys 0xfec00000, GSI base 0
[33246478782] [[34mDEBUG[0m] [bran::arch] [CPU0] IOAPIC: Registers initialized
[33247384236] [[34mDEBUG[0m] [bran::arch] [CPU0] IOAPIC: Local APIC enabled (SVR=0x1FF, TPR=0)
[33248315199] [[34mDEBUG[0m] [bran::arch] [CPU0] IOAPIC: version 0x20, 24 redir entries
[33249299886] [[34mDEBUG[0m] [bran::arch] [CPU0] IOAPIC: All pins masked
[33250685655] [[35mTRACE[0m] [bran::arch] [CPU0] IOAPIC: IRQ1 -> GSI 1 -> NMI
[33251412678] [[35mTRACE[0m] [bran::arch] [CPU0] IOAPIC: IRQ12 -> GSI 12 -> 0x2C
[33252142572] [[35mTRACE[0m] [bran::arch] [CPU0] IOAPIC: IRQ4 -> GSI 4 -> 0x24
[33252639882] [[34mDEBUG[0m] [bran::arch] [CPU0] IOAPIC: Init complete
[33286749309] [[34mDEBUG[0m] [bran::arch::x86_64::ioapic] [CPU0] LAPIC: calibrated 62408700 ticks/sec (delta=624087, ok=true) -> init_cnt=624087
[33288005784] [[34mDEBUG[0m] [bran::arch::x86_64] [CPU0] LAPIC: calibrated timer (62408700 ticks/sec), init_cnt=624087 for 100Hz
[33288679446] [[34mDEBUG[0m] [kernel] [CPU0] [kernel:start] scheduler-entry step='setup_preemption_timer' elapsed_ticks=75132585 elapsed_us=37566 total_ticks=276088032 total_us=138044
[33289330305] [[32mINFO [0m] [kernel::boot_progress] [CPU0] boot_progress: milestone="BSP Timer OK"
[33309169443] [[34mDEBUG[0m] [kernel] [CPU0] Kernel: Detected 4 CPUs. Starting 3 secondaries...
[33309913692] [[34mDEBUG[0m] [bran::arch::x86_64] [CPU0] SMP: Starting 3 secondary CPUs...
[33311127102] [[34mDEBUG[0m] [bran::arch::x86_64] [CPU0] SMP: Initializing trampoline at 0x8000
[33313045590] [[34mDEBUG[0m] [bran::arch::x86_64] [CPU0] SMP: Starting CPU 1 (APIC 1)
[33341029722] [[34mDEBUG[0m] [bran::arch::x86_64] [CPU0] SMP: CPU 1 (APIC 1) is online
[33341727210] [[34mDEBUG[0m] [bran::arch::x86_64] [CPU0] SMP: Starting CPU 2 (APIC 2)
[33350767890] [[34mDEBUG[0m] [bran::arch::x86_64] [CPU1] SMP: CPU 1 initializing preemption timer (vec=32 init_cnt=624087)
[33352286484] [[34mDEBUG[0m] [kernel] [CPU1] SMP: kernel_secondary_entry arg_cpu=1 runtime_cpu=1
[33352955328] [[34mDEBUG[0m] [kernel] [CPU1] SMP: Entering kernel_secondary_entry for CPU 1
[33354147156] [[34mDEBUG[0m] [kernel::sched] [CPU1] SMP: CPU 1 online (triggered by scheduler spawn)
[33357167877] [[34mDEBUG[0m] [bran::arch::x86_64::task] [CPU1] INIT KERNEL CTX: entry=0xffffffff8008b400 kstack_top=0xffffffffb00373c0 arg=0x1
[33357842265] [[34mDEBUG[0m] [kernel::sched::spawn] [CPU1] SCHED: Task 2 assigned to CPU 1
[33360803685] [[34mDEBUG[0m] [kernel::sched] [CPU1] REGISTRY: Applying 2 deferred inserts
[33361725177] [[34mDEBUG[0m] [kernel::sched] [CPU1] REGISTRY: Inserting TID=1
[33362274396] [[34mDEBUG[0m] [kernel::sched] [CPU1] REGISTRY: Inserting TID=2
[33363572385] [[34mDEBUG[0m] [kernel::sched] [CPU1] REGISTRY: Inserts applied
[33364360854] [[34mDEBUG[0m] [kernel::sched::lifecycle] [CPU1] SMP: Secondary CPU 1 online!
[33365024418] [[34mDEBUG[0m] [kernel::task] [CPU1] SMP: run_scheduler entry on CPU 1
[33365529615] [[34mDEBUG[0m] [bran::arch::x86_64] [CPU0] SMP: CPU 2 (APIC 2) is online
[33365491335] [[34mDEBUG[0m] [bran::arch::x86_64] [CPU2] SMP: CPU 2 initializing preemption timer (vec=32 init_cnt=624087)
[33365678247] [[34mDEBUG[0m] [kernel::task] [CPU1] SMP: bootstrap_cpu start on CPU 1
[33366127674] [[34mDEBUG[0m] [bran::arch::x86_64] [CPU0] SMP: Starting CPU 3 (APIC 3)
[33367760316] [[34mDEBUG[0m] [kernel::task] [CPU1] SMP: CPU 1 bootstrapped with idle thread 2 and is now schedulable
[33367653825] [[34mDEBUG[0m] [kernel] [CPU2] SMP: kernel_secondary_entry arg_cpu=2 runtime_cpu=2
[33368973429] [[34mDEBUG[0m] [kernel] [CPU2] SMP: Entering kernel_secondary_entry for CPU 2
[33378210426] [[34mDEBUG[0m] [kernel::sched] [CPU2] SMP: CPU 2 online (triggered by scheduler spawn)
[33379418853] [[34mDEBUG[0m] [bran::arch::x86_64::task] [CPU2] INIT KERNEL CTX: entry=0xffffffff8008b400 kstack_top=0xffffffffb0048b40 arg=0x2
[33381322920] [[34mDEBUG[0m] [kernel::sched::spawn] [CPU2] SCHED: Task 3 assigned to CPU 2
[33382751622] [[34mDEBUG[0m] [kernel::sched] [CPU2] REGISTRY: Applying 1 deferred inserts
[33383321004] [[34mDEBUG[0m] [kernel::sched] [CPU2] REGISTRY: Inserting TID=3
[33383773698] [[34mDEBUG[0m] [kernel::sched] [CPU2] REGISTRY: Inserts applied
[33384150723] [[34mDEBUG[0m] [kernel::sched::lifecycle] [CPU2] SMP: Secondary CPU 2 online!
[33384510423] [[34mDEBUG[0m] [kernel::task] [CPU2] SMP: run_scheduler entry on CPU 2
[33384849003] [[34mDEBUG[0m] [kernel::task] [CPU2] SMP: bootstrap_cpu start on CPU 2
[33385207746] [[34mDEBUG[0m] [kernel::task] [CPU2] SMP: CPU 2 bootstrapped with idle thread 3 and is now schedulable
[33391106925] [[34mDEBUG[0m] [bran::arch::x86_64] [CPU0] SMP: CPU 3 (APIC 3) is online
[33391624167] [[34mDEBUG[0m] [bran::arch::x86_64] [CPU0] SMP: Secondary CPU startup complete
[33391408479] [[34mDEBUG[0m] [bran::arch::x86_64] [CPU3] SMP: CPU 3 initializing preemption timer (vec=32 init_cnt=624087)
[33392216418] [[34mDEBUG[0m] [kernel] [CPU0] Kernel: Secondary CPU bring-up complete.
[33392947071] [[34mDEBUG[0m] [kernel] [CPU3] SMP: kernel_secondary_entry arg_cpu=3 runtime_cpu=3
[33392963208] [[34mDEBUG[0m] [kernel] [CPU0] [kernel:start] scheduler-entry step='start_secondary_cpus' elapsed_ticks=83981535 elapsed_us=41990 total_ticks=380367372 total_us=190183
[33393344622] [[34mDEBUG[0m] [kernel] [CPU3] SMP: Entering kernel_secondary_entry for CPU 3
[33393643998] [[32mINFO [0m] [kernel::boot_progress] [CPU0] boot_progress: milestone="SMP Bring-up"
[33393754416] [[34mDEBUG[0m] [kernel::sched] [CPU3] SMP: CPU 3 online (triggered by scheduler spawn)
[33394668615] [[34mDEBUG[0m] [bran::arch::x86_64::task] [CPU3] INIT KERNEL CTX: entry=0xffffffff8008b400 kstack_top=0xffffffffb005a2c0 arg=0x3
[33395240307] [[34mDEBUG[0m] [kernel::sched::spawn] [CPU3] SCHED: Task 4 assigned to CPU 3
[33396343398] [[34mDEBUG[0m] [kernel::sched] [CPU3] REGISTRY: Applying 1 deferred inserts
[33396739134] [[34mDEBUG[0m] [kernel::sched] [CPU3] REGISTRY: Inserting TID=4
[33397379004] [[34mDEBUG[0m] [kernel::sched] [CPU3] REGISTRY: Inserts applied
[33397891725] [[34mDEBUG[0m] [kernel::sched::lifecycle] [CPU3] SMP: Secondary CPU 3 online!
[33398407614] [[34mDEBUG[0m] [kernel::task] [CPU3] SMP: run_scheduler entry on CPU 3
[33399177999] [[34mDEBUG[0m] [kernel::task] [CPU3] SMP: bootstrap_cpu start on CPU 3
[33400421175] [[34mDEBUG[0m] [kernel::task] [CPU3] SMP: CPU 3 bootstrapped with idle thread 4 and is now schedulable
[33459882555] [[32mINFO [0m] [kernel::boot_progress] [CPU0] boot_progress: milestone="Boot Info OK"
[33505957881] [[34mDEBUG[0m] [kernel] [CPU0] Kernel: Enumerating 220 boot modules...
[33506844129] [[35mTRACE[0m] [kernel] [CPU0]   Module[0]: name='/bin/sprout' cmdline='init' size=90224 bytes
[33507388332] [[35mTRACE[0m] [kernel] [CPU0]   Module[1]: name='/bin/bristle' cmdline='' size=68744 bytes
[33508044009] [[35mTRACE[0m] [kernel] [CPU0]   Module[2]: name='/drivers/rtc_cmos' cmdline='init' size=45904 bytes
[33508622565] [[35mTRACE[0m] [kernel] [CPU0]   Module[3]: name='/drivers/hwrng' cmdline='init' size=40016 bytes
[33509155779] [[35mTRACE[0m] [kernel] [CPU0]   Module[4]: name='/drivers/ps2_kbd' cmdline='' size=72264 bytes
[33509686650] [[35mTRACE[0m] [kernel] [CPU0]   Module[5]: name='/bin/sh' cmdline='init' size=127864 bytes
[33510231612] [[35mTRACE[0m] [kernel] [CPU0]   Module[6]: name='/bin/ls' cmdline='init' size=62136 bytes
[33510715755] [[35mTRACE[0m] [kernel] [CPU0]   Module[7]: name='/bin/lsusb' cmdline='init' size=1066664 bytes
[33511249959] [[35mTRACE[0m] [kernel] [CPU0]   Module[8]: name='/bin/lspci' cmdline='init' size=1052328 bytes
[33511756773] [[35mTRACE[0m] [kernel] [CPU0]   Module[9]: name='/bin/ln' cmdline='init' size=47568 bytes
[33512285895] [[35mTRACE[0m] [kernel] [CPU0]   Module[10]: name='/bin/ps' cmdline='init' size=50544 bytes
[33512771787] [[35mTRACE[0m] [kernel] [CPU0]   Module[11]: name='/bin/kill' cmdline='init' size=55584 bytes
[33513286059] [[35mTRACE[0m] [kernel] [CPU0]   Module[12]: name='/bin/killall' cmdline='init' size=67656 bytes
[33513809901] [[35mTRACE[0m] [kernel] [CPU0]   Module[13]: name='/bin/cat' cmdline='init' size=50832 bytes
[33514408620] [[35mTRACE[0m] [kernel] [CPU0]   Module[14]: name='/bin/head' cmdline='init' size=56112 bytes
[33514926753] [[35mTRACE[0m] [kernel] [CPU0]   Module[15]: name='/bin/tail' cmdline='init' size=56088 bytes
[33515414724] [[35mTRACE[0m] [kernel] [CPU0]   Module[16]: name='/bin/top' cmdline='init' size=65488 bytes
[33515901408] [[35mTRACE[0m] [kernel] [CPU0]   Module[17]: name='/bin/wc' cmdline='init' size=56248 bytes
[33516387894] [[35mTRACE[0m] [kernel] [CPU0]   Module[18]: name='/bin/yes' cmdline='init' size=44520 bytes
[33517031493] [[35mTRACE[0m] [kernel] [CPU0]   Module[19]: name='/bin/which' cmdline='init' size=50448 bytes
[33517555929] [[35mTRACE[0m] [kernel] [CPU0]   Module[20]: name='/bin/cp' cmdline='init' size=46312 bytes
[33519272424] [[35mTRACE[0m] [kernel] [CPU0]   Module[21]: name='/bin/mv' cmdline='init' size=47048 bytes
[33520127817] [[35mTRACE[0m] [kernel] [CPU0]   Module[22]: name='/bin/rm' cmdline='init' size=47128 bytes
[33520671129] [[35mTRACE[0m] [kernel] [CPU0]   Module[23]: name='/bin/rmdir' cmdline='init' size=47144 bytes
[33521175303] [[35mTRACE[0m] [kernel] [CPU0]   Module[24]: name='/bin/mkdir' cmdline='init' size=47144 bytes
[33521664462] [[35mTRACE[0m] [kernel] [CPU0]   Module[25]: name='/bin/mount' cmdline='init' size=57688 bytes
[33522170913] [[35mTRACE[0m] [kernel] [CPU0]   Module[26]: name='/bin/echo' cmdline='init' size=44616 bytes
[33522673470] [[35mTRACE[0m] [kernel] [CPU0]   Module[27]: name='/bin/printf' cmdline='init' size=93928 bytes
[33523179459] [[35mTRACE[0m] [kernel] [CPU0]   Module[28]: name='/bin/grep' cmdline='init' size=85240 bytes
[33523680828] [[35mTRACE[0m] [kernel] [CPU0]   Module[29]: name='/bin/pwd' cmdline='init' size=39184 bytes
[33524207310] [[35mTRACE[0m] [kernel] [CPU0]   Module[30]: name='/bin/touch' cmdline='init' size=46160 bytes
[33524760984] [[35mTRACE[0m] [kernel] [CPU0]   Module[31]: name='/bin/setshell' cmdline='init' size=47048 bytes
[33525264267] [[35mTRACE[0m] [kernel] [CPU0]   Module[32]: name='/bin/dmesg' cmdline='init' size=39328 bytes
[33525669474] [[35mTRACE[0m] [kernel] [CPU0]   Module[33]: name='/bin/stat' cmdline='init' size=46200 bytes
[33526164540] [[35mTRACE[0m] [kernel] [CPU0]   Module[34]: name='/bin/file' cmdline='init' size=51104 bytes
[33527437779] [[35mTRACE[0m] [kernel] [CPU0]   Module[35]: name='/bin/dirname' cmdline='init' size=50096 bytes
[33529205457] [[35mTRACE[0m] [kernel] [CPU0]   Module[36]: name='/bin/basename' cmdline='init' size=50104 bytes
[33529713723] [[35mTRACE[0m] [kernel] [CPU0]   Module[37]: name='/bin/sleep' cmdline='init' size=56824 bytes
[33530206149] [[35mTRACE[0m] [kernel] [CPU0]   Module[38]: name='/bin/sort' cmdline='init' size=66336 bytes
[33530721015] [[35mTRACE[0m] [kernel] [CPU0]   Module[39]: name='/bin/env' cmdline='init' size=45832 bytes
[33531214299] [[35mTRACE[0m] [kernel] [CPU0]   Module[40]: name='/bin/uname' cmdline='' size=44632 bytes
[33531707319] [[35mTRACE[0m] [kernel] [CPU0]   Module[41]: name='/bin/true' cmdline='' size=20744 bytes
[33532228422] [[35mTRACE[0m] [kernel] [CPU0]   Module[42]: name='/bin/false' cmdline='' size=20744 bytes
[33532736292] [[35mTRACE[0m] [kernel] [CPU0]   Module[43]: name='/bin/input_echo' cmdline='' size=43016 bytes
[33533258748] [[35mTRACE[0m] [kernel] [CPU0]   Module[44]: name='/drivers/ps2_mouse' cmdline='' size=71096 bytes
[33533781996] [[35mTRACE[0m] [kernel] [CPU0]   Module[45]: name='/drivers/display_bootfb' cmdline='' size=100448 bytes
[33534690387] [[35mTRACE[0m] [kernel] [CPU0]   Module[46]: name='/drivers/display_virtio_gpu' cmdline='' size=187560 bytes
[33535228386] [[35mTRACE[0m] [kernel] [CPU0]   Module[47]: name='/bin/cambium' cmdline='' size=144760 bytes
[33535715136] [[35mTRACE[0m] [kernel] [CPU0]   Module[48]: name='/drivers/virtio_netd' cmdline='' size=123920 bytes
[33536214558] [[35mTRACE[0m] [kernel] [CPU0]   Module[49]: name='/drivers/rtl8168d' cmdline='' size=61392 bytes
[33536723253] [[35mTRACE[0m] [kernel] [CPU0]   Module[50]: name='/bin/netd' cmdline='' size=10819752 bytes
[33537229638] [[35mTRACE[0m] [kernel] [CPU0]   Module[51]: name='/bin/mesocarp' cmdline='' size=123496 bytes
[33537726585] [[35mTRACE[0m] [kernel] [CPU0]   Module[52]: name='/bin/mdns' cmdline='' size=123496 bytes
[33538215909] [[35mTRACE[0m] [kernel] [CPU0]   Module[53]: name='/bin/mdnsd' cmdline='' size=123496 bytes
[33538716387] [[35mTRACE[0m] [kernel] [CPU0]   Module[54]: name='/bin/fetchd' cmdline='' size=76752 bytes
[33539214324] [[35mTRACE[0m] [kernel] [CPU0]   Module[55]: name='/bin/httpsd' cmdline='' size=536128 bytes
[33539703681] [[35mTRACE[0m] [kernel] [CPU0]   Module[56]: name='/bin/find' cmdline='' size=57896 bytes
[33540189144] [[35mTRACE[0m] [kernel] [CPU0]   Module[57]: name='/bin/ip' cmdline='' size=55472 bytes
[33540688566] [[35mTRACE[0m] [kernel] [CPU0]   Module[58]: name='/bin/iso_reader' cmdline='' size=37424 bytes
[33541181652] [[35mTRACE[0m] [kernel] [CPU0]   Module[59]: name='/bin/ping' cmdline='' size=65184 bytes
[33541724733] [[35mTRACE[0m] [kernel] [CPU0]   Module[60]: name='/bin/nslookup' cmdline='' size=56424 bytes
[33542234946] [[35mTRACE[0m] [kernel] [CPU0]   Module[61]: name='/drivers/ahci_disk' cmdline='' size=53784 bytes
[33542727405] [[35mTRACE[0m] [kernel] [CPU0]   Module[62]: name='/drivers/ata_disk' cmdline='' size=64448 bytes
[33543217158] [[35mTRACE[0m] [kernel] [CPU0]   Module[63]: name='/bin/iso9660d' cmdline='' size=78544 bytes
[33543723774] [[35mTRACE[0m] [kernel] [CPU0]   Module[64]: name='/bin/fatd' cmdline='' size=64096 bytes
[33544207125] [[35mTRACE[0m] [kernel] [CPU0]   Module[65]: name='/drivers/virtio_sound' cmdline='' size=99296 bytes
[33544703049] [[35mTRACE[0m] [kernel] [CPU0]   Module[66]: name='/drivers/hdaudio' cmdline='' size=67696 bytes
[33545189205] [[35mTRACE[0m] [kernel] [CPU0]   Module[67]: name='/drivers/pci_stubd' cmdline='' size=57928 bytes
[33545679024] [[35mTRACE[0m] [kernel] [CPU0]   Module[68]: name='/drivers/xhci' cmdline='' size=94056 bytes
[33546162771] [[35mTRACE[0m] [kernel] [CPU0]   Module[69]: name='/drivers/chime' cmdline='' size=59536 bytes
[33546665328] [[35mTRACE[0m] [kernel] [CPU0]   Module[70]: name='/bin/vfs_hello' cmdline='' size=39560 bytes
[33547174881] [[35mTRACE[0m] [kernel] [CPU0]   Module[71]: name='/bin/show_args' cmdline='' size=42488 bytes
[33547684467] [[35mTRACE[0m] [kernel] [CPU0]   Module[72]: name='/bin/clock' cmdline='' size=83048 bytes
[33548165211] [[35mTRACE[0m] [kernel] [CPU0]   Module[73]: name='/bin/leaf' cmdline='' size=97432 bytes
[33548645724] [[35mTRACE[0m] [kernel] [CPU0]   Module[74]: name='/bin/env_roundtrip' cmdline='' size=48232 bytes
[33549148842] [[35mTRACE[0m] [kernel] [CPU0]   Module[75]: name='/bin/cwd_test' cmdline='' size=43696 bytes
[33549710898] [[35mTRACE[0m] [kernel] [CPU0]   Module[76]: name='/bin/date' cmdline='' size=67032 bytes
[33550508838] [[35mTRACE[0m] [kernel] [CPU0]   Module[77]: name='/bin/wayland_hello' cmdline='' size=86696 bytes
[33551048652] [[35mTRACE[0m] [kernel] [CPU0]   Module[78]: name='/bin/terminal' cmdline='' size=91056 bytes
[33552523224] [[35mTRACE[0m] [kernel] [CPU0]   Module[79]: name='/bin/tee' cmdline='' size=44968 bytes
[33553002978] [[35mTRACE[0m] [kernel] [CPU0]   Module[80]: name='/bin/xargs' cmdline='' size=55016 bytes
[33553484019] [[35mTRACE[0m] [kernel] [CPU0]   Module[81]: name='/bin/placed' cmdline='' size=38048 bytes
[33553990272] [[35mTRACE[0m] [kernel] [CPU0]   Module[82]: name='/bin/bloom' cmdline='' size=577280 bytes
[33554490222] [[35mTRACE[0m] [kernel] [CPU0]   Module[83]: name='/bin/clear' cmdline='' size=20872 bytes
[33554989974] [[35mTRACE[0m] [kernel] [CPU0]   Module[84]: name='/bin/loglevel' cmdline='' size=41536 bytes
[33555476361] [[35mTRACE[0m] [kernel] [CPU0]   Module[85]: name='/bin/poll_mux' cmdline='' size=39056 bytes
[33555968160] [[35mTRACE[0m] [kernel] [CPU0]   Module[86]: name='/bin/ipc_service_demo' cmdline='' size=47592 bytes
[33556485006] [[35mTRACE[0m] [kernel] [CPU0]   Module[87]: name='/bin/ipc_pipe_demo' cmdline='' size=43936 bytes
[33557003139] [[35mTRACE[0m] [kernel] [CPU0]   Module[88]: name='/bin/ipc_provider_demo' cmdline='' size=84440 bytes
[33557557770] [[35mTRACE[0m] [kernel] [CPU0]   Module[89]: name='/bin/vfs_test_provider' cmdline='' size=70648 bytes
[33558236976] [[35mTRACE[0m] [kernel] [CPU0]   Module[90]: name='/bin/ipc_memfd_demo' cmdline='' size=38232 bytes
[33559199091] [[35mTRACE[0m] [kernel] [CPU0]   Module[91]: name='/bin/test_exec' cmdline='' size=62592 bytes
[33559749003] [[35mTRACE[0m] [kernel] [CPU0]   Module[92]: name='/bin/test_vm_protect' cmdline='' size=38224 bytes
[33560329407] [[35mTRACE[0m] [kernel] [CPU0]   Module[93]: name='/bin/test_exec_env' cmdline='' size=58904 bytes
[33560872158] [[35mTRACE[0m] [kernel] [CPU0]   Module[94]: name='/bin/test_threads' cmdline='' size=82376 bytes
[33561398805] [[35mTRACE[0m] [kernel] [CPU0]   Module[95]: name='/bin/test_futex' cmdline='' size=52992 bytes
[33561889911] [[35mTRACE[0m] [kernel] [CPU0]   Module[96]: name='/bin/ld_so' cmdline='' size=378600 bytes
[33562392336] [[35mTRACE[0m] [kernel] [CPU0]   Module[97]: name='/bin/test_dyn_loader' cmdline='' size=57760 bytes
[33562906278] [[35mTRACE[0m] [kernel] [CPU0]   Module[98]: name='/bin/test_dlopen' cmdline='' size=64688 bytes
[33563397648] [[35mTRACE[0m] [kernel] [CPU0]   Module[99]: name='/bin/reboot' cmdline='' size=32048 bytes
[33563901030] [[35mTRACE[0m] [kernel] [CPU0]   Module[100]: name='/bin/shutdown' cmdline='' size=32048 bytes
[33564389496] [[35mTRACE[0m] [kernel] [CPU0]   Module[101]: name='/bin/attr_list' cmdline='' size=47400 bytes
[33564882681] [[35mTRACE[0m] [kernel] [CPU0]   Module[102]: name='/bin/attr_get' cmdline='' size=47488 bytes
[33565454967] [[35mTRACE[0m] [kernel] [CPU0]   Module[103]: name='/bin/attr_set' cmdline='' size=69600 bytes
[33566104935] [[35mTRACE[0m] [kernel] [CPU0]   Module[104]: name='/bin/attr_rm' cmdline='' size=47008 bytes
[33566988741] [[35mTRACE[0m] [kernel] [CPU0]   Module[105]: name='/lib/libpistil.so' cmdline='' size=822496 bytes
[33567491859] [[35mTRACE[0m] [kernel] [CPU0]   Module[106]: name='/share/wallpapers/clouds.bmp' cmdline='' size=786486 bytes
[33568056885] [[35mTRACE[0m] [kernel] [CPU0]   Module[107]: name='/share/wallpapers/flower.bmp' cmdline='' size=8386614 bytes
[33568572147] [[35mTRACE[0m] [kernel] [CPU0]   Module[108]: name='/share/wallpapers/flower.png' cmdline='' size=1730504 bytes
[33569138625] [[35mTRACE[0m] [kernel] [CPU0]   Module[109]: name='/share/wallpapers/leather.bmp' cmdline='' size=1179702 bytes
[33569668473] [[35mTRACE[0m] [kernel] [CPU0]   Module[110]: name='/share/wallpapers/linen.bmp' cmdline='' size=4718646 bytes
[33570206835] [[35mTRACE[0m] [kernel] [CPU0]   Module[111]: name='/share/fonts/DSEG7Classic-Regular.ttf' cmdline='' size=23272 bytes
[33570738795] [[35mTRACE[0m] [kernel] [CPU0]   Module[112]: name='/share/fonts/Hack-Regular.ttf' cmdline='' size=309408 bytes
[33571258050] [[35mTRACE[0m] [kernel] [CPU0]   Module[113]: name='/share/fonts/Inter-Regular.ttf' cmdline='' size=876576 bytes
[33571800042] [[35mTRACE[0m] [kernel] [CPU0]   Module[114]: name='/share/fonts/Iosevka-Regular.ttf' cmdline='' size=10457376 bytes
[33572323224] [[35mTRACE[0m] [kernel] [CPU0]   Module[115]: name='/share/fonts/JetBrainsMono-Regular.ttf' cmdline='' size=270224 bytes
[33572857329] [[35mTRACE[0m] [kernel] [CPU0]   Module[116]: name='/share/fonts/NotoSans-Regular.ttf' cmdline='' size=569208 bytes
[33573405063] [[35mTRACE[0m] [kernel] [CPU0]   Module[117]: name='/share/fonts/NotoSansSymbol-Regular.ttf' cmdline='' size=258156 bytes
[33573948507] [[35mTRACE[0m] [kernel] [CPU0]   Module[118]: name='/share/fonts/NotoSansSymbol2-Regular.ttf' cmdline='' size=656852 bytes
[33574480533] [[35mTRACE[0m] [kernel] [CPU0]   Module[119]: name='/share/fonts/NotoSerif-Regular.ttf' cmdline='' size=616196 bytes
[33575000877] [[35mTRACE[0m] [kernel] [CPU0]   Module[120]: name='/share/themes/solarized_warm.toml' cmdline='' size=1832 bytes
[33575519109] [[35mTRACE[0m] [kernel] [CPU0]   Module[121]: name='/share/cursors/future/alias.svg' cmdline='' size=9033 bytes
[33576031764] [[35mTRACE[0m] [kernel] [CPU0]   Module[122]: name='/share/cursors/future/all-scroll.svg' cmdline='' size=5170 bytes
[33576553032] [[35mTRACE[0m] [kernel] [CPU0]   Module[123]: name='/share/cursors/future/bottom_left_corner.svg' cmdline='' size=1441 bytes
[33577119378] [[35mTRACE[0m] [kernel] [CPU0]   Module[124]: name='/share/cursors/future/bottom_right_corner.svg' cmdline='' size=3037 bytes
[33577651008] [[35mTRACE[0m] [kernel] [CPU0]   Module[125]: name='/share/cursors/future/bottom_side.svg' cmdline='' size=5432 bytes
[33578171748] [[35mTRACE[0m] [kernel] [CPU0]   Module[126]: name='/share/cursors/future/cell.svg' cmdline='' size=3707 bytes
[33578682588] [[35mTRACE[0m] [kernel] [CPU0]   Module[127]: name='/share/cursors/future/center_ptr.svg' cmdline='' size=9766 bytes
[33579212634] [[35mTRACE[0m] [kernel] [CPU0]   Module[128]: name='/share/cursors/future/col-resize.svg' cmdline='' size=16463 bytes
[33579733935] [[35mTRACE[0m] [kernel] [CPU0]   Module[129]: name='/share/cursors/future/color-picker.svg' cmdline='' size=6296 bytes
[33580280910] [[35mTRACE[0m] [kernel] [CPU0]   Module[130]: name='/share/cursors/future/context-menu.svg' cmdline='' size=9011 bytes
[33580811847] [[35mTRACE[0m] [kernel] [CPU0]   Module[131]: name='/share/cursors/future/copy.svg' cmdline='' size=3527 bytes
[33581344071] [[35mTRACE[0m] [kernel] [CPU0]   Module[132]: name='/share/cursors/future/crosshair.svg' cmdline='' size=16918 bytes
[33581889726] [[35mTRACE[0m] [kernel] [CPU0]   Module[133]: name='/share/cursors/future/default.svg' cmdline='' size=3079 bytes
[33582484188] [[35mTRACE[0m] [kernel] [CPU0]   Module[134]: name='/share/cursors/future/dnd-move.svg' cmdline='' size=3569 bytes
[33583022880] [[35mTRACE[0m] [kernel] [CPU0]   Module[135]: name='/share/cursors/future/dnd-no-drop.svg' cmdline='' size=4753 bytes
[33583936056] [[35mTRACE[0m] [kernel] [CPU0]   Module[136]: name='/share/cursors/future/down-arrow.svg' cmdline='' size=1820 bytes
[33585827616] [[35mTRACE[0m] [kernel] [CPU0]   Module[137]: name='/share/cursors/future/draft.svg' cmdline='' size=3136 bytes
[33586343340] [[35mTRACE[0m] [kernel] [CPU0]   Module[138]: name='/share/cursors/future/fleur.svg' cmdline='' size=28469 bytes
[33590283804] [[35mTRACE[0m] [kernel] [CPU0]   Module[139]: name='/share/cursors/future/help.svg' cmdline='' size=5873 bytes
[33590862261] [[35mTRACE[0m] [kernel] [CPU0]   Module[140]: name='/share/cursors/future/left-arrow.svg' cmdline='' size=1785 bytes
[33591400425] [[35mTRACE[0m] [kernel] [CPU0]   Module[141]: name='/share/cursors/future/left_side.svg' cmdline='' size=3848 bytes
[33592249086] [[35mTRACE[0m] [kernel] [CPU0]   Module[142]: name='/share/cursors/future/no-drop.svg' cmdline='' size=3861 bytes
[33594507837] [[35mTRACE[0m] [kernel] [CPU0]   Module[143]: name='/share/cursors/future/not-allowed.svg' cmdline='' size=1567 bytes
[33595058937] [[35mTRACE[0m] [kernel] [CPU0]   Module[144]: name='/share/cursors/future/openhand.svg' cmdline='' size=3435 bytes
[33595585254] [[35mTRACE[0m] [kernel] [CPU0]   Module[145]: name='/share/cursors/future/pencil.svg' cmdline='' size=6527 bytes
[33596098569] [[35mTRACE[0m] [kernel] [CPU0]   Module[146]: name='/share/cursors/future/pirate.svg' cmdline='' size=6663 bytes
[33596693823] [[35mTRACE[0m] [kernel] [CPU0]   Module[147]: name='/share/cursors/future/pointer.svg' cmdline='' size=2922 bytes
[33597215487] [[35mTRACE[0m] [kernel] [CPU0]   Module[148]: name='/share/cursors/future/progress-01.svg' cmdline='' size=11030 bytes
[33597743520] [[35mTRACE[0m] [kernel] [CPU0]   Module[149]: name='/share/cursors/future/progress-02.svg' cmdline='' size=12198 bytes
[33598335210] [[35mTRACE[0m] [kernel] [CPU0]   Module[150]: name='/share/cursors/future/progress-03.svg' cmdline='' size=12733 bytes
[33599065830] [[35mTRACE[0m] [kernel] [CPU0]   Module[151]: name='/share/cursors/future/progress-04.svg' cmdline='' size=13777 bytes
[33599877630] [[35mTRACE[0m] [kernel] [CPU0]   Module[152]: name='/share/cursors/future/progress-05.svg' cmdline='' size=13835 bytes
[33600413616] [[35mTRACE[0m] [kernel] [CPU0]   Module[153]: name='/share/cursors/future/progress-06.svg' cmdline='' size=14907 bytes
[33601737741] [[35mTRACE[0m] [kernel] [CPU0]   Module[154]: name='/share/cursors/future/progress-07.svg' cmdline='' size=14805 bytes
[33602297355] [[35mTRACE[0m] [kernel] [CPU0]   Module[155]: name='/share/cursors/future/progress-08.svg' cmdline='' size=15996 bytes
[33602851656] [[35mTRACE[0m] [kernel] [CPU0]   Module[156]: name='/share/cursors/future/progress-09.svg' cmdline='' size=16010 bytes
[33603419949] [[35mTRACE[0m] [kernel] [CPU0]   Module[157]: name='/share/cursors/future/progress-10.svg' cmdline='' size=17080 bytes
[33603946497] [[35mTRACE[0m] [kernel] [CPU0]   Module[158]: name='/share/cursors/future/progress-11.svg' cmdline='' size=17096 bytes
[33604482483] [[35mTRACE[0m] [kernel] [CPU0]   Module[159]: name='/share/cursors/future/progress-12.svg' cmdline='' size=17079 bytes
[33605011836] [[35mTRACE[0m] [kernel] [CPU0]   Module[160]: name='/share/cursors/future/progress-13.svg' cmdline='' size=15900 bytes
[33605537031] [[35mTRACE[0m] [kernel] [CPU0]   Module[161]: name='/share/cursors/future/progress-14.svg' cmdline='' size=16001 bytes
[33606065097] [[35mTRACE[0m] [kernel] [CPU0]   Module[162]: name='/share/cursors/future/progress-15.svg' cmdline='' size=14931 bytes
[33606620784] [[35mTRACE[0m] [kernel] [CPU0]   Module[163]: name='/share/cursors/future/progress-16.svg' cmdline='' size=14873 bytes
[33607156044] [[35mTRACE[0m] [kernel] [CPU0]   Module[164]: name='/share/cursors/future/progress-17.svg' cmdline='' size=13846 bytes
[33607683021] [[35mTRACE[0m] [kernel] [CPU0]   Module[165]: name='/share/cursors/future/progress-18.svg' cmdline='' size=13835 bytes
[33608211978] [[35mTRACE[0m] [kernel] [CPU0]   Module[166]: name='/share/cursors/future/progress-19.svg' cmdline='' size=12645 bytes
[33608739054] [[35mTRACE[0m] [kernel] [CPU0]   Module[167]: name='/share/cursors/future/progress-20.svg' cmdline='' size=12741 bytes
[33609278439] [[35mTRACE[0m] [kernel] [CPU0]   Module[168]: name='/share/cursors/future/progress-21.svg' cmdline='' size=11660 bytes
[33609849405] [[35mTRACE[0m] [kernel] [CPU0]   Module[169]: name='/share/cursors/future/progress-22.svg' cmdline='' size=11612 bytes
[33610387701] [[35mTRACE[0m] [kernel] [CPU0]   Module[170]: name='/share/cursors/future/progress-23.svg' cmdline='' size=11674 bytes
[33610917516] [[35mTRACE[0m] [kernel] [CPU0]   Module[171]: name='/share/cursors/future/progress.svg' cmdline='' size=11642 bytes
[33611441094] [[35mTRACE[0m] [kernel] [CPU0]   Module[172]: name='/share/cursors/future/right-arrow.svg' cmdline='' size=3432 bytes
[33611972757] [[35mTRACE[0m] [kernel] [CPU0]   Module[173]: name='/share/cursors/future/right_ptr.svg' cmdline='' size=5155 bytes
[33612501978] [[35mTRACE[0m] [kernel] [CPU0]   Module[174]: name='/share/cursors/future/right_side.svg' cmdline='' size=6447 bytes
[33613054629] [[35mTRACE[0m] [kernel] [CPU0]   Module[175]: name='/share/cursors/future/row-resize.svg' cmdline='' size=15825 bytes
[33613586457] [[35mTRACE[0m] [kernel] [CPU0]   Module[176]: name='/share/cursors/future/size_bdiag.svg' cmdline='' size=16323 bytes
[33614122575] [[35mTRACE[0m] [kernel] [CPU0]   Module[177]: name='/share/cursors/future/size_fdiag.svg' cmdline='' size=16589 bytes
[33614653248] [[35mTRACE[0m] [kernel] [CPU0]   Module[178]: name='/share/cursors/future/size_hor.svg' cmdline='' size=16255 bytes
[33615180984] [[35mTRACE[0m] [kernel] [CPU0]   Module[179]: name='/share/cursors/future/size_ver.svg' cmdline='' size=15822 bytes
[33615878406] [[35mTRACE[0m] [kernel] [CPU0]   Module[180]: name='/share/cursors/future/text.svg' cmdline='' size=5584 bytes
[33617065878] [[35mTRACE[0m] [kernel] [CPU0]   Module[181]: name='/share/cursors/future/top_left_corner.svg' cmdline='' size=7121 bytes
[33621121743] [[35mTRACE[0m] [kernel] [CPU0]   Module[182]: name='/share/cursors/future/top_right_corner.svg' cmdline='' size=7139 bytes
[33621678717] [[35mTRACE[0m] [kernel] [CPU0]   Module[183]: name='/share/cursors/future/top_side.svg' cmdline='' size=10651 bytes
[33622209060] [[35mTRACE[0m] [kernel] [CPU0]   Module[184]: name='/share/cursors/future/up-arrow.svg' cmdline='' size=7653 bytes
[33622764615] [[35mTRACE[0m] [kernel] [CPU0]   Module[185]: name='/share/cursors/future/vertical-text.svg' cmdline='' size=5621 bytes
[33623415342] [[35mTRACE[0m] [kernel] [CPU0]   Module[186]: name='/share/cursors/future/wait-01.svg' cmdline='' size=15308 bytes
[33624016041] [[35mTRACE[0m] [kernel] [CPU0]   Module[187]: name='/share/cursors/future/wait-02.svg' cmdline='' size=6672 bytes
[33624887043] [[35mTRACE[0m] [kernel] [CPU0]   Module[188]: name='/share/cursors/future/wait-03.svg' cmdline='' size=6686 bytes
[33626381844] [[35mTRACE[0m] [kernel] [CPU0]   Module[189]: name='/share/cursors/future/wait-04.svg' cmdline='' size=7827 bytes
[33626927070] [[35mTRACE[0m] [kernel] [CPU0]   Module[190]: name='/share/cursors/future/wait-05.svg' cmdline='' size=7835 bytes
[33627449922] [[35mTRACE[0m] [kernel] [CPU0]   Module[191]: name='/share/cursors/future/wait-06.svg' cmdline='' size=8976 bytes
[33627971883] [[35mTRACE[0m] [kernel] [CPU0]   Module[192]: name='/share/cursors/future/wait-07.svg' cmdline='' size=8989 bytes
[33628493943] [[35mTRACE[0m] [kernel] [CPU0]   Module[193]: name='/share/cursors/future/wait-08.svg' cmdline='' size=10126 bytes
[33629014254] [[35mTRACE[0m] [kernel] [CPU0]   Module[194]: name='/share/cursors/future/wait-09.svg' cmdline='' size=10140 bytes
[33629561427] [[35mTRACE[0m] [kernel] [CPU0]   Module[195]: name='/share/cursors/future/wait-10.svg' cmdline='' size=11277 bytes
[33630087414] [[35mTRACE[0m] [kernel] [CPU0]   Module[196]: name='/share/cursors/future/wait-11.svg' cmdline='' size=11291 bytes
[33630615447] [[35mTRACE[0m] [kernel] [CPU0]   Module[197]: name='/share/cursors/future/wait-12.svg' cmdline='' size=11277 bytes
[33631141566] [[35mTRACE[0m] [kernel] [CPU0]   Module[198]: name='/share/cursors/future/wait-13.svg' cmdline='' size=10140 bytes
[33631674351] [[35mTRACE[0m] [kernel] [CPU0]   Module[199]: name='/share/cursors/future/wait-14.svg' cmdline='' size=10126 bytes
[33632567265] [[35mTRACE[0m] [kernel] [CPU0]   Module[200]: name='/share/cursors/future/wait-15.svg' cmdline='' size=8991 bytes
[33634211457] [[35mTRACE[0m] [kernel] [CPU0]   Module[201]: name='/share/cursors/future/wait-16.svg' cmdline='' size=8978 bytes
[33644996616] [[35mTRACE[0m] [kernel] [CPU0]   Module[202]: name='/share/cursors/future/wait-17.svg' cmdline='' size=7842 bytes
[33650229228] [[35mTRACE[0m] [kernel] [CPU0]   Module[203]: name='/share/cursors/future/wait-18.svg' cmdline='' size=7829 bytes
[33653635323] [[35mTRACE[0m] [kernel] [CPU0]   Module[204]: name='/share/cursors/future/wait-19.svg' cmdline='' size=6822 bytes
[33654193419] [[35mTRACE[0m] [kernel] [CPU0]   Module[205]: name='/share/cursors/future/wait-20.svg' cmdline='' size=6679 bytes
[33654739701] [[35mTRACE[0m] [kernel] [CPU0]   Module[206]: name='/share/cursors/future/wait-21.svg' cmdline='' size=5542 bytes
[33655265556] [[35mTRACE[0m] [kernel] [CPU0]   Module[207]: name='/share/cursors/future/wait-22.svg' cmdline='' size=5528 bytes
[33655818669] [[35mTRACE[0m] [kernel] [CPU0]   Module[208]: name='/share/cursors/future/wait-23.svg' cmdline='' size=5546 bytes
[33656451642] [[35mTRACE[0m] [kernel] [CPU0]   Module[209]: name='/share/cursors/future/wait.svg' cmdline='' size=5525 bytes
[33656992677] [[35mTRACE[0m] [kernel] [CPU0]   Module[210]: name='/share/cursors/future/wayland-cursor.svg' cmdline='' size=8222 bytes
[33657880410] [[35mTRACE[0m] [kernel] [CPU0]   Module[211]: name='/share/cursors/future/x-cursor.svg' cmdline='' size=6822 bytes
[33659196780] [[35mTRACE[0m] [kernel] [CPU0]   Module[212]: name='/share/cursors/future/zoom-in.svg' cmdline='' size=5441 bytes
[33659717553] [[35mTRACE[0m] [kernel] [CPU0]   Module[213]: name='/share/cursors/future/zoom-out.svg' cmdline='' size=5403 bytes
[33660242451] [[35mTRACE[0m] [kernel] [CPU0]   Module[214]: name='/share/fonts/unifont.hex' cmdline='' size=8355852 bytes
[33660758208] [[35mTRACE[0m] [kernel] [CPU0]   Module[215]: name='/etc/locale.conf' cmdline='' size=85 bytes
[33661246806] [[35mTRACE[0m] [kernel] [CPU0]   Module[216]: name='/etc/profile' cmdline='' size=68 bytes
[33661729365] [[35mTRACE[0m] [kernel] [CPU0]   Module[217]: name='/etc/motd' cmdline='' size=610 bytes
[33662217798] [[35mTRACE[0m] [kernel] [CPU0]   Module[218]: name='/etc/fstab' cmdline='' size=127 bytes
[33662723919] [[35mTRACE[0m] [kernel] [CPU0]   Module[219]: name='/etc/hostname' cmdline='' size=8 bytes
[33663279870] [[32mINFO [0m] [kernel::boot_progress] [CPU0] boot_progress: milestone="Modules Scanned"
[33967561947] [[32mINFO [0m] [kernel::boot_progress] [CPU0] boot_progress: hint="Press F12 for a terminal"
[33968770737] [[34mDEBUG[0m] [kernel] [CPU0] Found init module: /bin/sprout (cmdline: 'init'), loading...
[33970273788] [[34mDEBUG[0m] [kernel::task::loader] [CPU0] LOADER: Loading module '/bin/sprout' (len=90224, base=0x200000)
[33971029323] [[35mTRACE[0m] [kernel::task::loader] [CPU0]   Header: [7f, 45, 4c, 46, 02, 01, 01, 00, 00, 00, 00, 00, 00, 00, 00, 00]
[33980831313] [[34mDEBUG[0m] [kernel::task::loader] [CPU0] LOADER: ELF info: entry=200000, min_vaddr=200000, bias=0, entry_pc=200000
[33989094711] [[35mTRACE[0m] [kernel::task::loader] [CPU0] Segment: vaddr=200000 exec=true
[33994064016] [[35mTRACE[0m] [kernel::task::loader] [CPU0]   COPIED at 0x201420: [0b, 00, 00, 00, be, 01, 00, 00]
[34001357973] [[35mTRACE[0m] [kernel::task::loader] [CPU0] Segment: vaddr=20c000 exec=false
[34003301013] [[35mTRACE[0m] [kernel::task::loader] [CPU0] Segment: vaddr=20f000 exec=false
[34007284377] [[34mDEBUG[0m] [kernel::task::loader] [CPU0] LOADER: TLS block: tp=0x210000 filesz=0 memsz=0 align=1
[34016933643] [[34mDEBUG[0m] [kernel] [CPU0] [kernel:start] scheduler-entry step='load_init_module' elapsed_ticks=46889304 elapsed_us=23444 total_ticks=1004331603 total_us=502165
[34018594302] [[34mDEBUG[0m] [kernel] [CPU0] Warning: Module registry page overflow, truncating list.
[34019441808] [[34mDEBUG[0m] [kernel] [CPU0] [kernel:start] scheduler-entry step='prepare_boot_registry' elapsed_ticks=1791174 elapsed_us=895 total_ticks=1006852242 total_us=503426
[34020289941] [[34mDEBUG[0m] [kernel] [CPU0] [kernel:start] scheduler-entry step='map_boot_registry' elapsed_ticks=152823 elapsed_us=76 total_ticks=1007702355 total_us=503851
[34024779327] [[34mDEBUG[0m] [kernel] [CPU0] [kernel:start] scheduler-entry step='activate_init_aspace' elapsed_ticks=410388 elapsed_us=205 total_ticks=1012135245 total_us=506067
[34025677521] [[34mDEBUG[0m] [kernel] [CPU0] Spawning sprout with registry at 0x600000...
[34026725964] [[34mDEBUG[0m] [kernel] [CPU0] Spawning init process...
[34033566666] [[34mDEBUG[0m] [bran::arch::x86_64::task] [CPU0] INIT KERNEL CTX: entry=0xffffffff800532f0 kstack_top=0xffffffffb006a7c0 arg=0xffffffffb0020a20
[34047341889] [[34mDEBUG[0m] [kernel::sched] [CPU0] REGISTRY: Applying 1 deferred inserts
[34049479992] [[34mDEBUG[0m] [kernel::sched] [CPU0] REGISTRY: Inserting TID=5
[34050048945] [[34mDEBUG[0m] [kernel::sched] [CPU0] REGISTRY: Inserts applied
[34050643011] [[34mDEBUG[0m] [kernel] [CPU0] [kernel:start] scheduler-entry step='spawn_init_task' elapsed_ticks=24007170 elapsed_us=12003 total_ticks=1038045690 total_us=519022
[34051463556] [[32mINFO [0m] [kernel::boot_progress] [CPU0] boot_progress: milestone="Spawning Sprout"
[34187348448] [[34mDEBUG[0m] [kernel::sched::lifecycle] [CPU0] SCHED: early-boot bringup complete; resuming steady-state SMP scheduling
[34188013761] [[34mDEBUG[0m] [kernel] [CPU0] [kernel:start] scheduler-entry step='end_bringup' elapsed_ticks=1029468 elapsed_us=514 total_ticks=1175424195 total_us=587712
[34188656007] [[32mINFO [0m] [kernel::boot_progress] [CPU0] boot_progress: milestone="Entering Scheduler"
[34440180555] [[32mINFO [0m] [kernel] [CPU0] [kernel:start] scheduler-entry total elapsed_ticks=1427347746 elapsed_us=713673
[34440927015] [[32mINFO [0m] [kernel] [CPU0] Entering scheduler loop.
[34458504564] [[34mDEBUG[0m] [kernel::sched::spawn] [CPU0] USER_TRAMPOLINE: PC=0x200000 SP=0x800000 ARG0=0x600000
[34459522053] [[34mDEBUG[0m] [bran::arch::x86_64] [CPU0] ENTER_USER: TID=5 entry_pc=200000 user_sp=800000
[34503862701] [[35mTRACE[0m] [kernel::sched] [CPU0] SCHED-DBG: cpus_online=4
[34512663702] [[35mTRACE[0m] [kernel::sched] [CPU0] SCHED-DBG: cpu=0 curr=Some(5) runq=1 runq_avg=2 runq_samples=1 ctxsw=1 idle2busy=0 tick=1 ipi=0 enq=3 deq=1 wake=0 lock_miss=0 lock_pending=0 lock_blocked=0
[34514749929] [[35mTRACE[0m] [kernel::sched] [CPU0] SCHED-DBG: cpu=1 curr=Some(2) runq=0 runq_avg=0 runq_samples=37 ctxsw=0 idle2busy=0 tick=33 ipi=0 enq=1 deq=0 wake=0 lock_miss=0 lock_pending=0 lock_blocked=0
[34515667428] [[35mTRACE[0m] [kernel::sched] [CPU0] SCHED-DBG: cpu=2 curr=Some(3) runq=0 runq_avg=0 runq_samples=38 ctxsw=0 idle2busy=0 tick=32 ipi=0 enq=1 deq=0 wake=0 lock_miss=0 lock_pending=0 lock_blocked=0
[34516433259] [[35mTRACE[0m] [kernel::sched] [CPU0] SCHED-DBG: cpu=3 curr=Some(4) runq=0 runq_avg=0 runq_samples=37 ctxsw=0 idle2busy=0 tick=32 ipi=0 enq=1 deq=0 wake=0 lock_miss=0 lock_pending=0 lock_blocked=0
[34526914059] [[34mDEBUG[0m] [kernel::syscall::handlers::process] [CPU0] sys_auxv_get: tid=5 buf_len=0
[34532211318] [[34mDEBUG[0m] [kernel::syscall::handlers::process] [CPU0] sys_auxv_get: tid=5 buf_len=20
[34544164380] [[32mINFO [0m] [sprout] [CPU0] SPROUT: ENTERING MAIN (arg0=6291456)
[34546173387] [[34mDEBUG[0m] [sprout] [CPU0] [sprout] whoami: cs=0x2b ss=0x23 cpl=3 rsp=0x7fef70 rip=0x2038e5 rflags=0x202
[34547905689] [[32mINFO [0m] [sprout] [CPU0] SPROUT: v0.4.1 [REBUILT] starting (Supervisor Mode)...
[34549269777] [[34mDEBUG[0m] [sprout] [CPU0] SPROUT: About to create Supervisor...
[34550450286] [[34mDEBUG[0m] [sprout] [CPU0] SPROUT: Listing /bin directory...
[34552856316] [[35mTRACE[0m] [kernel::syscall::handlers::vfs] [CPU0] VFS: sys_fs_open path='/bin' tid=5
[34610474547] [[35mTRACE[0m] [kernel::syscall::handlers::vfs] [CPU0] sys_fs_close: fd=3
[34617477213] [[32mINFO [0m] [sprout::supervisor] [CPU0] SPROUT: Initializing Supervisor...
[34621093122] [[34mDEBUG[0m] [sprout::supervisor] [CPU0] SPROUT: Parsed command line: '    '
[34622623002] [[35mTRACE[0m] [kernel::syscall::handlers::vfs] [CPU0] VFS: sys_fs_open path='/dev/cmdline' tid=5
[34628790471] [[35mTRACE[0m] [kernel::vfs::devfs] [CPU0] devfs: cmdline read offset=0 len=1024
[34631127630] [[34mDEBUG[0m] [sprout::supervisor] [CPU0] SPROUT: Parsed command line: 'loglevel=5'
[34632369321] [[35mTRACE[0m] [kernel::syscall::handlers::vfs] [CPU0] sys_fs_close: fd=3
[34660386585] [[34mDEBUG[0m] [sprout] [CPU0] SPROUT: Supervisor created, calling run_forever...
[34662152976] [[32mINFO [0m] [sprout::supervisor] [CPU0] SPROUT: Supervisor session started (FULL PIPELINE MODE)
[34671277014] [[32mINFO [0m] [sprout::supervisor] [CPU0] SPROUT: Launching serial shell...
[34672762410] [[32mINFO [0m] [sprout::pipelines] [CPU0] SPROUT: Setting up serial shell on /dev/console...
[34674154317] [[35mTRACE[0m] [kernel::syscall::handlers::vfs] [CPU0] VFS: sys_fs_open path='/run/sprout/shell' tid=5
[34679188599] [[35mTRACE[0m] [kernel::syscall::handlers::vfs] [CPU0] VFS: sys_fs_open path='/etc/default/shell' tid=5
[34681492362] [[35mTRACE[0m] [kernel::syscall::handlers::vfs] [CPU0] VFS: sys_fs_open path='/bin/sh' tid=5
[34685330724] [[35mTRACE[0m] [kernel::syscall::handlers::vfs] [CPU0] sys_fs_close: fd=3
[34686915681] [[35mTRACE[0m] [kernel::syscall::handlers::vfs] [CPU0] VFS: sys_fs_open path='/dev/console' tid=5
[34689531063] [[35mTRACE[0m] [kernel::syscall::handlers::vfs] [CPU0] VFS: sys_fs_open path='/dev/console' tid=5
[34691926566] [[35mTRACE[0m] [kernel::syscall::handlers::vfs] [CPU0] VFS: sys_fs_open path='/dev/console' tid=5
[34719404379] [[34mDEBUG[0m] [kernel::sched::spawn] [CPU0] SPAWN: page cache miss for '/bin/sh', caching 127864 bytes
[34724225052] [[34mDEBUG[0m] [kernel::task::loader] [CPU0] LOADER: Loading module 'sh' (len=127864, base=0x200000)
[34724796249] [[35mTRACE[0m] [kernel::task::loader] [CPU0]   Header: [7f, 45, 4c, 46, 02, 01, 01, 00, 00, 00, 00, 00, 00, 00, 00, 00]
[34726473969] [[34mDEBUG[0m] [kernel::task::loader] [CPU0] LOADER: ELF info: entry=200000, min_vaddr=200000, bias=0, entry_pc=200000
[34727305635] [[35mTRACE[0m] [kernel::task::loader] [CPU0] Segment: vaddr=200000 exec=true
[34730153370] [[35mTRACE[0m] [kernel::task::loader] [CPU0]   COPIED at 0x201420: [0f, 84, 32, 06, 00, 00, 48, 8b]
[34749375276] [[35mTRACE[0m] [kernel::task::loader] [CPU0] Segment: vaddr=214000 exec=false
[34752041577] [[35mTRACE[0m] [kernel::task::loader] [CPU0] Segment: vaddr=217000 exec=false
[34753828032] [[34mDEBUG[0m] [kernel::task::loader] [CPU0] LOADER: TLS block: tp=0x218000 filesz=0 memsz=0 align=1
[34760488785] [[34mDEBUG[0m] [kernel::sched::spawn] [CPU0] SPAWN_FROM_PATH: Starting Phase 1 for /bin/sh
[34761783309] [[34mDEBUG[0m] [bran::arch::x86_64::task] [CPU0] INIT KERNEL CTX: entry=0xffffffff800532f0 kstack_top=0xffffffffb00a3b60 arg=0xffffffffb0074380
[34764887421] [[34mDEBUG[0m] [kernel::sched::spawn] [CPU0] SPAWN_FROM_PATH: Phase 1 complete, ID=6, applying inserts
[34765478550] [[34mDEBUG[0m] [kernel::sched] [CPU0] REGISTRY: Applying 1 deferred inserts
[34765989720] [[34mDEBUG[0m] [kernel::sched] [CPU0] REGISTRY: Inserting TID=6
[34766616489] [[34mDEBUG[0m] [kernel::sched] [CPU0] REGISTRY: Inserts applied
[34767282693] [[34mDEBUG[0m] [kernel::sched::spawn] [CPU0] SPAWN_FROM_PATH: Inserts applied, entering Phase 2
[34781392305] [[34mDEBUG[0m] [kernel::sched::spawn] [CPU0] SETUP_STDIO: stdin=Fd(3) stdout=Fd(4) stderr=Fd(5)
[34794104466] [[34mDEBUG[0m] [kernel::sched::spawn] [CPU0] SPAWN_FROM_PATH: Phase 2 complete, waking task 6
[34801868937] [[34mDEBUG[0m] [kernel::sched::spawn] [CPU0] SPAWN_FROM_PATH: Task 6 woken, restoring IRQs
[34802543952] [[34mDEBUG[0m] [kernel::sched::spawn] [CPU0] SPAWN_FROM_PATH: Done for /bin/sh
[34804083600] [[34mDEBUG[0m] [kernel::syscall::handlers::process] [CPU0] SYSCALL SPAWN_PROCESS_EX: name='/bin/sh' TID=6 PID=6
[34808346111] [[32mINFO [0m] [sprout::pipelines] [CPU0] SPROUT: Spawned serial shell '/bin/sh' (PID=6)
[34809901797] [[35mTRACE[0m] [kernel::syscall::handlers::vfs] [CPU0] sys_fs_close: fd=3
[34811481111] [[35mTRACE[0m] [kernel::syscall::handlers::vfs] [CPU0] sys_fs_close: fd=4
[34811608458] [[34mDEBUG[0m] [kernel::sched::spawn] [CPU3] USER_TRAMPOLINE: PC=0x200000 SP=0x800000 ARG0=0x0
[34812354192] [[34mDEBUG[0m] [bran::arch::x86_64] [CPU3] ENTER_USER: TID=6 entry_pc=200000 user_sp=800000
[34814511105] [[35mTRACE[0m] [kernel::syscall::handlers::vfs] [CPU0] sys_fs_close: fd=5
[34815082302] [[34mDEBUG[0m] [kernel::syscall::handlers::process] [CPU3] sys_auxv_get: tid=6 buf_len=0
[34816222650] [[34mDEBUG[0m] [kernel::syscall::handlers::process] [CPU3] sys_auxv_get: tid=6 buf_len=100
[34818131271] [[32mINFO [0m] [sprout::supervisor] [CPU0] SPROUT: Serial shell launched; yielding 50ms so the prompt can take the foreground
[34818759822] [[32mINFO [0m] [sh] [CPU3] SH: starting v0.1.0-debug
[34821413055] [[35mTRACE[0m] [kernel::syscall::handlers::vfs] [CPU3] VFS: sys_fs_open path='/run/motd' tid=6
[34823882940] [[35mTRACE[0m] [kernel::syscall::handlers::vfs] [CPU3] VFS: sys_fs_open path='/etc/motd' tid=6
[34826641443] [[35mTRACE[0m] [kernel::syscall::handlers::vfs] [CPU3] sys_fs_close: fd=6
[34826883498] [[34mDEBUG[0m] [kernel] [CPU0] deferred_bootfb_gradient elapsed_ticks=19404
[34832889234] [[35mTRACE[0m] [kernel::vfs::devfs] [CPU3] vfs: /dev/console write by PID=6 len=610
[1;32m
        .-.
       /   \        [1;36mTHING-OS[1;32m
      |     |       [0;36m"People, places, things."[1;32m
       \   /        
        `-'        
       /   \        v0.1  ���  
      |     |       2026-04-16
       \   /
        `-'
[0m
[2m--------------------------------------------------------------[0m
[1m sprout has taken root. the system is awake.[0m

  try:
    [36mls /bin[0m       browse available shoots
    [36mps[0m            observe living processes
    [36mcat /version[0m  inspect the genome

[2m--------------------------------------------------------------[0m
[34837907907] [[35mTRACE[0m] [kernel::syscall::handlers::vfs] [CPU3] VFS: sys_fs_open path='/etc/profile' tid=6
[34861627845] [[35mTRACE[0m] [kernel::syscall::handlers::vfs] [CPU3] sys_fs_close: fd=6
[34869553554] [[35mTRACE[0m] [kernel::vfs::devfs] [CPU3] vfs: /dev/console write by PID=6 len=97
[1;95mTHING[0m[1;96m-OS[0m [2;94m[[0m[1;95mBOOT[0m[2;94m][0m [1;93m/[0m [1;96m>[0m [34875211008] [[35mTRACE[0m] [kernel::vfs::devfs] [CPU3] vfs: /dev/console write by PID=6 len=6
[?25h[34876746036] [[35mTRACE[0m] [kernel::vfs::devfs] [CPU3] vfs: /dev/console read by PID=6 len=1
[34983637887] [[32mINFO [0m] [sprout::supervisor] [CPU0] SPROUT: Continuing supervisor startup
[34986277227] [[32mINFO [0m] [sprout::supervisor] [CPU0] SPROUT: Spawning cambium for driver discovery...
[34990238085] [[34mDEBUG[0m] [kernel::task::loader] [CPU0] LOADER: Loading module '/bin/cambium' (len=144760, base=0x200000)
[34990823076] [[35mTRACE[0m] [kernel::task::loader] [CPU0]   Header: [7f, 45, 4c, 46, 02, 01, 01, 00, 00, 00, 00, 00, 00, 00, 00, 00]
[34991813208] [[34mDEBUG[0m] [kernel::task::loader] [CPU0] LOADER: ELF info: entry=200000, min_vaddr=200000, bias=0, entry_pc=200000
[34992384933] [[35mTRACE[0m] [kernel::task::loader] [CPU0] Segment: vaddr=200000 exec=true
[34994459709] [[35mTRACE[0m] [kernel::task::loader] [CPU0]   COPIED at 0x201420: [8d, 3c, f0, 48, 83, c7, 70, 48]
[35008904634] [[35mTRACE[0m] [kernel::task::loader] [CPU0] Segment: vaddr=217000 exec=false
[35010605190] [[35mTRACE[0m] [kernel::task::loader] [CPU0] Segment: vaddr=21a000 exec=false
[35011792233] [[34mDEBUG[0m] [kernel::task::loader] [CPU0] LOADER: TLS block: tp=0x21b000 filesz=0 memsz=0 align=1
[35021179512] [[34mDEBUG[0m] [bran::arch::x86_64::task] [CPU0] INIT KERNEL CTX: entry=0xffffffff800532f0 kstack_top=0xffffffffb00bd5c0 arg=0xffffffffb00ad1e0
[35022768165] [[34mDEBUG[0m] [kernel::sched] [CPU0] REGISTRY: Applying 1 deferred inserts
[35023274451] [[34mDEBUG[0m] [kernel::sched] [CPU0] REGISTRY: Inserting TID=7
[35023792188] [[34mDEBUG[0m] [kernel::sched] [CPU0] REGISTRY: Inserts applied
[35030093703] [[34mDEBUG[0m] [kernel::sched::spawn] [CPU0] SCHED: TID 7 → task '/bin/cambium' (pid=7 from boot module)
[35037006444] [[34mDEBUG[0m] [sprout::supervisor] [CPU0] SPROUT: Spawned cambium (PID=7)
[35037167946] [[34mDEBUG[0m] [kernel::sched::spawn] [CPU1] USER_TRAMPOLINE: PC=0x200000 SP=0x800000 ARG0=0x0
[35038072476] [[34mDEBUG[0m] [bran::arch::x86_64] [CPU1] ENTER_USER: TID=7 entry_pc=200000 user_sp=800000
[35039112372] [[34mDEBUG[0m] [kernel::syscall::handlers::process] [CPU1] sys_auxv_get: tid=7 buf_len=0
[35039979876] [[32mINFO [0m] [sprout::pipelines] [CPU0] SPROUT: Skipping early /hosts mount; mesocarp is disabled in init
[35040160353] [[34mDEBUG[0m] [kernel::syscall::handlers::process] [CPU1] sys_auxv_get: tid=7 buf_len=100
[35042690430] [[32mINFO [0m] [cambium] [CPU1] CAMBIUM: main started
[35043871929] [[34mDEBUG[0m] [sprout::supervisor] [CPU0] SPROUT: Deferring netd until /dev/net/virtio0/rx is ready...
[35045587434] [[34mDEBUG[0m] [sprout::supervisor] [CPU0] SPROUT: Waiting for /dev/net/virtio0/rx before spawning netd...
[35047180872] [[32mINFO [0m] [sprout::supervisor] [CPU0] SPROUT: Starting full pipeline (graphics + input)
[35048606703] [[32mINFO [0m] [sprout::supervisor] [CPU0] SPROUT: Entering supervisor service loop (tick=100ms)
[35050115100] [[35mTRACE[0m] [sprout::supervisor] [CPU0] SPROUT: Supervisor tick...
[35051345241] [[35mTRACE[0m] [sprout::supervisor] [CPU0] SPROUT: Loop iteration: spawn_bristle_if_needed
[35063027307] [[34mDEBUG[0m] [kernel::sched::spawn] [CPU0] SPAWN: page cache miss for '/bin/bristle', caching 68744 bytes
[35066276124] [[34mDEBUG[0m] [kernel::task::loader] [CPU0] LOADER: Loading module 'bristle' (len=68744, base=0x200000)
[35066825211] [[35mTRACE[0m] [kernel::task::loader] [CPU0]   Header: [7f, 45, 4c, 46, 02, 01, 01, 00, 00, 00, 00, 00, 00, 00, 00, 00]
[35067539463] [[32mINFO [0m] [cambium] [CPU1] CAMBIUM: starting device discovery manager (daemon mode)
[35067788514] [[34mDEBUG[0m] [kernel::task::loader] [CPU0] LOADER: ELF info: entry=200000, min_vaddr=200000, bias=0, entry_pc=200000
[35068491018] [[35mTRACE[0m] [kernel::task::loader] [CPU0] Segment: vaddr=200000 exec=true
[35068640211] [[35mTRACE[0m] [kernel::syscall::handlers::vfs] [CPU1] VFS: sys_fs_open path='/drivers' tid=7
[35070678390] [[35mTRACE[0m] [kernel::task::loader] [CPU0]   COPIED at 0x201420: [cc, fc, ff, ff, 45, 31, ff, e9]
[35071629054] [[35mTRACE[0m] [kernel::syscall::handlers::vfs] [CPU1] sys_fs_readdir: fd=3 len=4096
[35073242391] [[35mTRACE[0m] [kernel::syscall::handlers::vfs] [CPU1] sys_fs_readdir: natural phase begin offset=0
[35082621948] [[35mTRACE[0m] [kernel::task::loader] [CPU0] Segment: vaddr=209000 exec=false
[35083889511] [[35mTRACE[0m] [kernel::task::loader] [CPU0] Segment: vaddr=20b000 exec=false
[35084980722] [[34mDEBUG[0m] [kernel::task::loader] [CPU0] LOADER: TLS block: tp=0x20c000 filesz=0 memsz=0 align=1
[35089213698] [[34mDEBUG[0m] [kernel::sched::spawn] [CPU0] SPAWN_FROM_PATH: Starting Phase 1 for /bin/bristle
[35089786215] [[34mDEBUG[0m] [bran::arch::x86_64::task] [CPU0] INIT KERNEL CTX: entry=0xffffffff800532f0 kstack_top=0xffffffffb00e90a0 arg=0xffffffffb00c6980
[35091104895] [[34mDEBUG[0m] [kernel::sched::spawn] [CPU0] SPAWN_FROM_PATH: Phase 1 complete, ID=8, applying inserts
[35091610653] [[34mDEBUG[0m] [kernel::sched] [CPU0] REGISTRY: Applying 1 deferred inserts
[35092094994] [[34mDEBUG[0m] [kernel::sched] [CPU0] REGISTRY: Inserting TID=8
[35092600290] [[34mDEBUG[0m] [kernel::sched] [CPU0] REGISTRY: Inserts applied
[35093031501] [[34mDEBUG[0m] [kernel::sched::spawn] [CPU0] SPAWN_FROM_PATH: Inserts applied, entering Phase 2
[35094575340] [[34mDEBUG[0m] [kernel::sched::spawn] [CPU0] SETUP_STDIO: stdin=Null stdout=Inherit stderr=Inherit
[35098954605] [[34mDEBUG[0m] [kernel::sched::spawn] [CPU0] SPAWN_FROM_PATH: Phase 2 complete, waking task 8
[35100329814] [[34mDEBUG[0m] [kernel::sched::spawn] [CPU0] SPAWN_FROM_PATH: Task 8 woken, restoring IRQs
[35100289653] [[35mTRACE[0m] [kernel::syscall::handlers::vfs] [CPU1] sys_fs_close: fd=3
[35100866691] [[34mDEBUG[0m] [kernel::sched::spawn] [CPU0] SPAWN_FROM_PATH: Done for /bin/bristle
[35101558701] [[34mDEBUG[0m] [kernel::syscall::handlers::process] [CPU0] SYSCALL SPAWN_PROCESS_EX: name='/bin/bristle' TID=8 PID=8
[35102557974] [[34mDEBUG[0m] [kernel::sched::spawn] [CPU2] USER_TRAMPOLINE: PC=0x200000 SP=0x800000 ARG0=0x0
[35103376572] [[34mDEBUG[0m] [bran::arch::x86_64] [CPU2] ENTER_USER: TID=8 entry_pc=200000 user_sp=800000
[35104441383] [[34mDEBUG[0m] [kernel::syscall::handlers::process] [CPU2] sys_auxv_get: tid=8 buf_len=0
[35105127420] [[35mTRACE[0m] [kernel::syscall::handlers::vfs] [CPU1] VFS: sys_fs_open path='/drivers/ahci_disk' tid=7
[35107419369] [[34mDEBUG[0m] [kernel::syscall::handlers::process] [CPU2] sys_auxv_get: tid=8 buf_len=100
[35121651972] [[32mINFO [0m] [sprout::pipelines] [CPU0] SPROUT: Spawned bristle (PID=8)
[35122596894] [[35mTRACE[0m] [kernel::syscall::handlers::vfs] [CPU2] VFS: sys_fs_open path='/session/active_ui' tid=8
[35125294314] [[35mTRACE[0m] [sprout::supervisor] [CPU0] SPROUT: Loop iteration: spawn_display_if_needed
[35126753607] [[32mINFO [0m] [sprout::supervisor] [CPU0] SPROUT: Starting display pipeline setup
[35128238706] [[32mINFO [0m] [sprout::pipelines] [CPU0] SPROUT: Probing /dev/fb0 for boot framebuffer metadata
[35129774724] [[35mTRACE[0m] [kernel::syscall::handlers::vfs] [CPU0] VFS: sys_fs_open path='/dev/fb0' tid=5
[35130568044] [[34mDEBUG[0m] [kernel::syscall::handlers::vfs] [CPU0] sys_fs_open: path='/dev/fb0' len=8 flags=0x0
[35130611208] [[35mTRACE[0m] [kernel::syscall::handlers::vfs] [CPU2] sys_fs_close: fd=3
[35131921935] [[35mTRACE[0m] [kernel::vfs::devfs] [CPU0] devfs: lookup entry path='fb0' len=3
[35132945529] [[34mDEBUG[0m] [kernel::vfs::devfs] [CPU0] devfs: dynamic registry hit path='fb0'
[35133926982] [[35mTRACE[0m] [bristle] [CPU2] bristle: active_ui set to 'bloom'
[35134788414] [[34mDEBUG[0m] [kernel::syscall::handlers::vfs] [CPU0] sys_fs_open: resolved node for /dev/fb0 mode=0o20666 size=32 ino=4
[35135624304] [[34mDEBUG[0m] [kernel::syscall::handlers::vfs] [CPU0] sys_fs_open: process info present for /dev/fb0
[35136425643] [[34mDEBUG[0m] [kernel::syscall::handlers::vfs] [CPU0] sys_fs_open: handle_table.open('/dev/fb0') -> 3
[35138893746] [[35mTRACE[0m] [kernel::syscall::handlers::vfs] [CPU2] VFS: sys_fs_open path='/run/bristle/pid' tid=8
[35146047420] [[35mTRACE[0m] [kernel::vfs::devfs] [CPU0] FbNode::read: off=0 n=32 buf_len=32 total=32
[35147728374] [[35mTRACE[0m] [kernel::syscall::handlers::vfs] [CPU0] sys_fs_close: fd=3
[35149822851] [[32mINFO [0m] [sprout::pipelines] [CPU0] SPROUT: /dev/fb0 ready width=1920 height=1080 stride=7680 format=2
[35151576801] [[35mTRACE[0m] [kernel::syscall::handlers::vfs] [CPU0] VFS: sys_fs_open path='/drivers/display_virtio_gpu' tid=5
[35154309168] [[35mTRACE[0m] [kernel::syscall::handlers::vfs] [CPU0] sys_fs_close: fd=3
[35155867098] [[32mINFO [0m] [sprout::pipelines] [CPU0] SPROUT: Selected display driver '/drivers/display_virtio_gpu'
[35157474561] [[32mINFO [0m] [sprout::pipelines] [CPU0] SPROUT: Creating display request port
[35161340280] [[34mDEBUG[0m] [kernel::ipc] [CPU0] CREATE_PORT: capacity=4096
[35162909958] [[34mDEBUG[0m] [kernel::ipc] [CPU0] CREATE_PORT: appended id=PortId(0)
[35163185838] [[35mTRACE[0m] [kernel::syscall::handlers::vfs] [CPU2] sys_fs_close: fd=3
[35164492638] [[32mINFO [0m] [bristle] [CPU2] bristle: published pid 8 to /run/bristle/pid
[35165941404] [[34mDEBUG[0m] [kernel::ipc] [CPU2] CREATE_PORT: capacity=4096
[35166720468] [[34mDEBUG[0m] [kernel::ipc] [CPU2] CREATE_PORT: appended id=PortId(1)
[35168980506] [[34mDEBUG[0m] [kernel::ipc::handles] [CPU0] ALLOC_HANDLE: handle=1 port_id=PortId(0) mode=Write
[35168996082] [[34mDEBUG[0m] [kernel::ipc::handles] [CPU2] ALLOC_HANDLE: handle=1 port_id=PortId(1) mode=Write
[35171092176] [[34mDEBUG[0m] [kernel::ipc::handles] [CPU2] ALLOC_HANDLE: handle=2 port_id=PortId(1) mode=Read
[35171100789] [[34mDEBUG[0m] [kernel::ipc::handles] [CPU0] ALLOC_HANDLE: handle=2 port_id=PortId(0) mode=Read
[35172401451] [[34mDEBUG[0m] [kernel::ipc] [CPU2] CREATE_PORT: capacity=4096
[35172766992] [[34mDEBUG[0m] [kernel::ipc] [CPU2] CREATE_PORT: appended id=PortId(2)
[35174221863] [[34mDEBUG[0m] [kernel::ipc::handles] [CPU2] ALLOC_HANDLE: handle=3 port_id=PortId(2) mode=Write
[35174994525] [[34mDEBUG[0m] [kernel::ipc::handles] [CPU2] ALLOC_HANDLE: handle=4 port_id=PortId(2) mode=Read
[35181421836] [[35mTRACE[0m] [kernel::syscall::handlers::vfs] [CPU2] VFS: sys_fs_open path='/run/bristle/kbd_in' tid=8
[35183170341] [[32mINFO [0m] [sprout::pipelines] [CPU0] SPROUT: Creating display response port
[35184884130] [[34mDEBUG[0m] [kernel::ipc] [CPU0] CREATE_PORT: capacity=4096
[35185402428] [[34mDEBUG[0m] [kernel::ipc] [CPU0] CREATE_PORT: appended id=PortId(3)
[35185956531] [[34mDEBUG[0m] [kernel::ipc::handles] [CPU0] ALLOC_HANDLE: handle=3 port_id=PortId(3) mode=Write
[35185941318] [[35mTRACE[0m] [kernel::syscall::handlers::vfs] [CPU2] sys_fs_close: fd=3
[35186695665] [[34mDEBUG[0m] [kernel::ipc::handles] [CPU0] ALLOC_HANDLE: handle=4 port_id=PortId(3) mode=Read
[35189716485] [[35mTRACE[0m] [kernel::syscall::handlers::vfs] [CPU2] VFS: sys_fs_open path='/run/bristle/mouse_in' tid=8
[35192009160] [[32mINFO [0m] [sprout::pipelines] [CPU0] SPROUT: Creating display bootstrap memfd
[35193707637] [[35mTRACE[0m] [kernel::syscall::handlers::vfs] [CPU2] sys_fs_close: fd=3
[35195105715] [[32mINFO [0m] [bristle] [CPU2] bristle: published device handles kbd_in=1 mouse_in=3
[35195941737] [[35mTRACE[0m] [kernel::syscall::handlers::vfs] [CPU2] VFS: sys_fs_open path='/proc/self/inbox' tid=8
[35201685288] [[32mINFO [0m] [sprout::pipelines] [CPU0] SPROUT: Mapping display bootstrap memfd
[35203234011] [[34mDEBUG[0m] [kernel::handle::bridge] [CPU2] BRIDGE: handle=2 -> fd=4 node=0xffffffffb00d8bd0 port=0xffffffffb00d8570
[35205853848] [[34mDEBUG[0m] [kernel::handle::bridge] [CPU2] BRIDGE: handle=4 -> fd=5 node=0xffffffffb00d8c70 port=0xffffffffb00d86f0
[35207551005] [[32mINFO [0m] [bristle] [CPU2] bristle: online (kbd_tok=Some(WaitToken(2)), mouse_tok=Some(WaitToken(3)))
[35209119165] [[32mINFO [0m] [sprout::pipelines] [CPU0] SPROUT: Launching display driver '/drivers/display_virtio_gpu' (boot_fd=3, bind_id=322371585)
[35232575598] [[34mDEBUG[0m] [kernel::sched::spawn] [CPU0] SPAWN: page cache miss for '/drivers/display_virtio_gpu', caching 187560 bytes
[35233731984] [[34mDEBUG[0m] [kernel::task::loader] [CPU0] LOADER: Loading module 'display_virtio_gpu' (len=187560, base=0x200000)
[35234289717] [[35mTRACE[0m] [kernel::task::loader] [CPU0]   Header: [7f, 45, 4c, 46, 02, 01, 01, 03, 00, 00, 00, 00, 00, 00, 00, 00]
[35235312156] [[34mDEBUG[0m] [kernel::task::loader] [CPU0] LOADER: ELF info: entry=200000, min_vaddr=200000, bias=0, entry_pc=200000
[35236083003] [[35mTRACE[0m] [kernel::task::loader] [CPU0] Segment: vaddr=200000 exec=true
[35243222124] [[35mTRACE[0m] [kernel::task::loader] [CPU0]   COPIED at 0x201420: [48, b9, ff, ff, ff, ff, ff, ff]
[35256497232] [[35mTRACE[0m] [kernel::task::loader] [CPU0] Segment: vaddr=21e000 exec=false
[35262473103] [[35mTRACE[0m] [kernel::task::loader] [CPU0] Segment: vaddr=223000 exec=false
[35264146698] [[34mDEBUG[0m] [kernel::task::loader] [CPU0] LOADER: TLS block: tp=0x225000 filesz=0 memsz=0 align=1
[35268066768] [[34mDEBUG[0m] [kernel::sched::spawn] [CPU0] SPAWN_FROM_PATH: Starting Phase 1 for /drivers/display_virtio_gpu
[35269060035] [[34mDEBUG[0m] [bran::arch::x86_64::task] [CPU0] INIT KERNEL CTX: entry=0xffffffff800532f0 kstack_top=0xffffffffb0237500 arg=0xffffffffb02272e0
[35275235655] [[34mDEBUG[0m] [kernel::sched::spawn] [CPU0] SPAWN_FROM_PATH: Phase 1 complete, ID=9, applying inserts
[35275900836] [[34mDEBUG[0m] [kernel::sched] [CPU0] REGISTRY: Applying 1 deferred inserts
[35276386959] [[34mDEBUG[0m] [kernel::sched] [CPU0] REGISTRY: Inserting TID=9
[35276890638] [[34mDEBUG[0m] [kernel::sched] [CPU0] REGISTRY: Inserts applied
[35277343893] [[34mDEBUG[0m] [kernel::sched::spawn] [CPU0] SPAWN_FROM_PATH: Inserts applied, entering Phase 2
[35279086623] [[34mDEBUG[0m] [kernel::sched::spawn] [CPU0] SETUP_STDIO: stdin=Null stdout=Inherit stderr=Inherit
[35282596008] [[34mDEBUG[0m] [kernel::sched::spawn] [CPU0] SPAWN_FROM_PATH: Phase 2 complete, waking task 9
[35283532845] [[34mDEBUG[0m] [kernel::sched::spawn] [CPU0] SPAWN_FROM_PATH: Task 9 woken, restoring IRQs
[35284026855] [[34mDEBUG[0m] [kernel::sched::spawn] [CPU0] SPAWN_FROM_PATH: Done for /drivers/display_virtio_gpu
[35284555614] [[34mDEBUG[0m] [kernel::syscall::handlers::process] [CPU0] SYSCALL SPAWN_PROCESS_EX: name='/drivers/display_virtio_gpu' TID=9 PID=9
[35287348899] [[34mDEBUG[0m] [kernel::sched::spawn] [CPU3] USER_TRAMPOLINE: PC=0x200000 SP=0x800000 ARG0=0x3
[35287842480] [[34mDEBUG[0m] [bran::arch::x86_64] [CPU3] ENTER_USER: TID=9 entry_pc=200000 user_sp=800000
[35288782848] [[34mDEBUG[0m] [kernel::syscall::handlers::process] [CPU3] sys_auxv_get: tid=9 buf_len=0
[35289836571] [[34mDEBUG[0m] [kernel::syscall::handlers::process] [CPU3] sys_auxv_get: tid=9 buf_len=100
[35293195509] [[32mINFO [0m] [display_virtio_gpu] [CPU3] display_virtio_gpu: starting v0.4.1 (boot_arg=3)
[35294185278] [[34mDEBUG[0m] [display_virtio_gpu] [CPU3] display_virtio_gpu: Starting VFS-native VirtIO GPU driver...
[35295218376] [[34mDEBUG[0m] [display_virtio_gpu] [CPU3] display_virtio_gpu: boot_arg=3
[35296327407] [[34mDEBUG[0m] [display_virtio_gpu] [CPU3] display_virtio_gpu: Mapping bootstrap memfd 3 size=4096...
[35298285528] [[34mDEBUG[0m] [display_virtio_gpu] [CPU3] display_virtio_gpu: vm_map success at 0x400000001000
[35299495077] [[34mDEBUG[0m] [display_virtio_gpu] [CPU3] display_virtio_gpu: Recovered handles: req_read=2, resp_write=3, svc=0, id=322371585
[35300063865] [[32mINFO [0m] [sprout::supervisor] [CPU0] SPROUT: Display pipeline initialized (backend=virtio_gpu)
[35300498310] [[34mDEBUG[0m] [display_virtio_gpu] [CPU3] display_virtio_gpu: starting (drv_req_r=2, drv_resp_w=3, svc=0, id=322371585)
[35302979679] [[35mTRACE[0m] [display_virtio_gpu] [CPU3] display_virtio_gpu: Scanning /sys/devices for PCI GPU...
[35303667036] [[35mTRACE[0m] [kernel::syscall::handlers::vfs] [CPU3] VFS: sys_fs_open path='/sys/devices' tid=9
[35304867741] [[34mDEBUG[0m] [kernel::vfs::sysfs] [CPU3] sysfs: lookup path='devices'
[35305276809] [[35mTRACE[0m] [sprout::supervisor] [CPU0] SPROUT: Loop iteration: spawn_bloom_if_ready
[35307233016] [[34mDEBUG[0m] [sprout::supervisor] [CPU0] SPROUT: Checking if bloom is ready to spawn (/dev/display/card0 mounted=false, service_ready=false)...
[35307898989] [[35mTRACE[0m] [kernel::syscall::handlers::vfs] [CPU3] sys_fs_readdir: fd=4 len=4096
[35308817577] [[35mTRACE[0m] [kernel::syscall::handlers::vfs] [CPU3] sys_fs_readdir: natural phase begin offset=0
[35310781473] [[34mDEBUG[0m] [sprout::supervisor] [CPU0] SPROUT: display card not ready for bloom yet
[35312606571] [[35mTRACE[0m] [sprout::supervisor] [CPU0] SPROUT: Loop iteration: spawn_wayland_hello_if_ready
[35313184137] [[35mTRACE[0m] [kernel::vfs::sysfs] [CPU3] sysfs: readdir found 13 slots
[35314626138] [[35mTRACE[0m] [sprout::supervisor] [CPU0] SPROUT: Loop iteration: spawn_clock_if_ready
[35315704380] [[35mTRACE[0m] [kernel::vfs::sysfs] [CPU3] sysfs: readdir wrote 191 bytes
[35316214923] [[35mTRACE[0m] [sprout::supervisor] [CPU0] SPROUT: Loop iteration: spawn_leaf_if_ready
[35316903864] [[35mTRACE[0m] [kernel::syscall::handlers::vfs] [CPU3] sys_fs_close: fd=4
[35318653788] [[35mTRACE[0m] [sprout::supervisor] [CPU0] SPROUT: Loop iteration: tick complete
[35320031472] [[35mTRACE[0m] [kernel::syscall::handlers::vfs] [CPU0] VFS: sys_fs_open path='/proc/self/inbox' tid=5
[35323485813] [[34mDEBUG[0m] [sprout::supervisor] [CPU0] SPROUT: ServiceLoop waiting for next event...
[35339192592] [[35mTRACE[0m] [kernel::syscall::handlers::vfs] [CPU3] VFS: sys_fs_open path='/sys/devices/platform-fb000000/vendor' tid=9
[35340474576] [[34mDEBUG[0m] [kernel::vfs::sysfs] [CPU3] sysfs: lookup path='devices/platform-fb000000/vendor'
[35342886447] [[34mDEBUG[0m] [kernel::vfs::sysfs] [CPU3] sysfs: matched device file 'platform-fb000000/vendor'
[35345315148] [[35mTRACE[0m] [kernel::syscall::handlers::vfs] [CPU3] sys_fs_close: fd=4
[35347133151] [[35mTRACE[0m] [kernel::syscall::handlers::vfs] [CPU1] sys_fs_close: fd=3
[35347903833] [[35mTRACE[0m] [kernel::syscall::handlers::vfs] [CPU3] VFS: sys_fs_open path='/sys/devices/platform-fb000000/device' tid=9
[35348883174] [[34mDEBUG[0m] [kernel::vfs::sysfs] [CPU3] sysfs: lookup path='devices/platform-fb000000/device'
[35349750315] [[34mDEBUG[0m] [kernel::vfs::sysfs] [CPU3] sysfs: matched device file 'platform-fb000000/device'
[35351123280] [[35mTRACE[0m] [kernel::syscall::handlers::vfs] [CPU3] sys_fs_close: fd=4
[35352114336] [[35mTRACE[0m] [kernel::syscall::handlers::vfs] [CPU3] VFS: sys_fs_open path='/sys/devices/platform-fb000000/class' tid=9
[35353127568] [[34mDEBUG[0m] [kernel::vfs::sysfs] [CPU3] sysfs: lookup path='devices/platform-fb000000/class'
[35354265507] [[34mDEBUG[0m] [kernel::vfs::sysfs] [CPU3] sysfs: matched device file 'platform-fb000000/class'
[35355680877] [[32mINFO [0m] [cambium::catalog] [CPU1] DEVD CATALOG: registered driver '/drivers/ahci_disk' name='ahci_disk' class=Block kind='dev.storage.Ahci' start='thingos_driver_start_safe'
[35355840663] [[35mTRACE[0m] [kernel::syscall::handlers::vfs] [CPU3] sys_fs_close: fd=4
[35357029059] [[35mTRACE[0m] [kernel::syscall::handlers::vfs] [CPU3] VFS: sys_fs_open path='/sys/devices/pci-0000:00:00.0/vendor' tid=9
[35357176899] [[35mTRACE[0m] [kernel::syscall::handlers::vfs] [CPU1] VFS: sys_fs_open path='/drivers/ata_disk' tid=7
[35357917122] [[34mDEBUG[0m] [kernel::vfs::sysfs] [CPU3] sysfs: lookup path='devices/pci-0000:00:00.0/vendor'
[35358925008] [[34mDEBUG[0m] [kernel::vfs::sysfs] [CPU3] sysfs: matched device file 'pci-0000:00:00.0/vendor'
[35360525079] [[35mTRACE[0m] [kernel::syscall::handlers::vfs] [CPU3] sys_fs_close: fd=4
[35361232665] [[35mTRACE[0m] [kernel::syscall::handlers::vfs] [CPU3] VFS: sys_fs_open path='/sys/devices/pci-0000:00:00.0/device' tid=9
[35362345755] [[34mDEBUG[0m] [kernel::vfs::sysfs] [CPU3] sysfs: lookup path='devices/pci-0000:00:00.0/device'
[35363093007] [[34mDEBUG[0m] [kernel::vfs::sysfs] [CPU3] sysfs: matched device file 'pci-0000:00:00.0/device'
[35364421092] [[35mTRACE[0m] [kernel::syscall::handlers::vfs] [CPU3] sys_fs_close: fd=4
[35365274868] [[35mTRACE[0m] [kernel::syscall::handlers::vfs] [CPU3] VFS: sys_fs_open path='/sys/devices/pci-0000:00:00.0/class' tid=9
[35366271039] [[34mDEBUG[0m] [kernel::vfs::sysfs] [CPU3] sysfs: lookup path='devices/pci-0000:00:00.0/class'
[35367026145] [[34mDEBUG[0m] [kernel::vfs::sysfs] [CPU3] sysfs: matched device file 'pci-0000:00:00.0/class'
[35369960571] [[35mTRACE[0m] [kernel::syscall::handlers::vfs] [CPU3] sys_fs_close: fd=4
[35370864441] [[35mTRACE[0m] [kernel::syscall::handlers::vfs] [CPU3] VFS: sys_fs_open path='/sys/devices/pci-0000:00:01.0/vendor' tid=9
[35371912356] [[34mDEBUG[0m] [kernel::vfs::sysfs] [CPU3] sysfs: lookup path='devices/pci-0000:00:01.0/vendor'
[35372867211] [[34mDEBUG[0m] [kernel::vfs::sysfs] [CPU3] sysfs: matched device file 'pci-0000:00:01.0/vendor'
[35375437086] [[35mTRACE[0m] [kernel::syscall::handlers::vfs] [CPU3] sys_fs_close: fd=4
[35376285087] [[35mTRACE[0m] [kernel::syscall::handlers::vfs] [CPU3] VFS: sys_fs_open path='/sys/devices/pci-0000:00:01.0/device' tid=9
[35377331253] [[34mDEBUG[0m] [kernel::vfs::sysfs] [CPU3] sysfs: lookup path='devices/pci-0000:00:01.0/device'
[35378370555] [[34mDEBUG[0m] [kernel::vfs::sysfs] [CPU3] sysfs: matched device file 'pci-0000:00:01.0/device'
[35379867402] [[35mTRACE[0m] [kernel::syscall::handlers::vfs] [CPU3] sys_fs_close: fd=4
[35380698573] [[35mTRACE[0m] [kernel::syscall::handlers::vfs] [CPU3] VFS: sys_fs_open path='/sys/devices/pci-0000:00:01.0/class' tid=9
[35381723850] [[34mDEBUG[0m] [kernel::vfs::sysfs] [CPU3] sysfs: lookup path='devices/pci-0000:00:01.0/class'
[35382697779] [[34mDEBUG[0m] [kernel::vfs::sysfs] [CPU3] sysfs: matched device file 'pci-0000:00:01.0/class'
[35385093612] [[35mTRACE[0m] [kernel::syscall::handlers::vfs] [CPU3] sys_fs_close: fd=4
[35390585043] [[34mDEBUG[0m] [kernel::syscall::handlers::device] [CPU3] DEVICE: task 9 claimed device 'pci-0000:00:01.0' (handle 0)
[35391693084] [[35mTRACE[0m] [kernel::syscall::handlers::vfs] [CPU3] VFS: sys_fs_open path='/sys/devices/pci-0000:00:01.0/virtio/common_bar' tid=9
[35392790829] [[34mDEBUG[0m] [kernel::vfs::sysfs] [CPU3] sysfs: lookup path='devices/pci-0000:00:01.0/virtio/common_bar'
[35398673145] [[35mTRACE[0m] [kernel::syscall::handlers::vfs] [CPU3] sys_fs_close: fd=4
[35400784848] [[35mTRACE[0m] [kernel::syscall::handlers::vfs] [CPU3] VFS: sys_fs_open path='/sys/devices/pci-0000:00:01.0/virtio/common_offset' tid=9
[35402035350] [[34mDEBUG[0m] [kernel::vfs::sysfs] [CPU3] sysfs: lookup path='devices/pci-0000:00:01.0/virtio/common_offset'
[35405013336] [[35mTRACE[0m] [kernel::syscall::handlers::vfs] [CPU3] sys_fs_close: fd=4
[35406301590] [[35mTRACE[0m] [kernel::syscall::handlers::vfs] [CPU3] VFS: sys_fs_open path='/sys/devices/pci-0000:00:01.0/virtio/notify_bar' tid=9
[35407513185] [[34mDEBUG[0m] [kernel::vfs::sysfs] [CPU3] sysfs: lookup path='devices/pci-0000:00:01.0/virtio/notify_bar'
[35410510707] [[35mTRACE[0m] [kernel::syscall::handlers::vfs] [CPU3] sys_fs_close: fd=4
[35411525952] [[35mTRACE[0m] [kernel::syscall::handlers::vfs] [CPU3] VFS: sys_fs_open path='/sys/devices/pci-0000:00:01.0/virtio/notify_offset' tid=9
[35413997817] [[34mDEBUG[0m] [kernel::vfs::sysfs] [CPU3] sysfs: lookup path='devices/pci-0000:00:01.0/virtio/notify_offset'
[35416691871] [[35mTRACE[0m] [kernel::syscall::handlers::vfs] [CPU3] sys_fs_close: fd=4
[35417654514] [[35mTRACE[0m] [kernel::syscall::handlers::vfs] [CPU3] VFS: sys_fs_open path='/sys/devices/pci-0000:00:01.0/virtio/notify_multiplier' tid=9
[35418812385] [[34mDEBUG[0m] [kernel::vfs::sysfs] [CPU3] sysfs: lookup path='devices/pci-0000:00:01.0/virtio/notify_multiplier'
[35421408990] [[35mTRACE[0m] [kernel::syscall::handlers::vfs] [CPU3] sys_fs_close: fd=4
[35422627251] [[32mINFO [0m] [virtio_gpu] [CPU3] virtio_gpu: caps from sysfs - common BAR2 off=0x1000, notify BAR2 off=0x3000 mult=4
[35424832476] [[34mDEBUG[0m] [kernel::syscall::handlers::device] [CPU3] DEVICE: mapping BAR2 (phys=0xc000000000, size=0x4000) for task 9
[35427347076] [[34mDEBUG[0m] [kernel::syscall::handlers::device] [CPU3] DEVICE: Mapped BAR2 phys=0xc000000000 size=0x4000 -> virt=0x10000000
[35430152604] [[34mDEBUG[0m] [kernel::syscall::handlers::device] [CPU3] DEVICE: DMA alloc 1 pages phys=0x2332000 -> user_va=0x10004000
[35433539130] [[34mDEBUG[0m] [kernel::syscall::handlers::device] [CPU3] DEVICE: DMA alloc 1 pages phys=0x2333000 -> user_va=0x10005000
[35436370464] [[32mINFO [0m] [virtio_gpu] [CPU3] virtio_gpu: device features=0x30000002 virgl=false
[35440514439] [[34mDEBUG[0m] [kernel::syscall::handlers::device] [CPU3] DEVICE: DMA alloc 4 pages phys=0x2334000 -> user_va=0x10006000
[35445374349] [[34mDEBUG[0m] [kernel::syscall::handlers::device] [CPU3] DEVICE: DMA alloc 4 pages phys=0x2338000 -> user_va=0x1000a000
[35447417709] [[32mINFO [0m] [virtio_gpu] [CPU3] virtio_gpu: cursor queue (queue 1) configured
[35448516015] [[32mINFO [0m] [display_virtio_gpu] [CPU3] display_virtio_gpu: GPU initialized successfully
[35449344381] [[32mINFO [0m] [display_virtio_gpu] [CPU3] display_virtio_gpu: composition paths: gpu_opaque_copy=enabled cpu_alpha_blend=enabled
[35451434007] [[34mDEBUG[0m] [display_virtio_gpu] [CPU3] display_virtio_gpu: Virgl 3D not supported, using 2D only
[35452205250] [[35mTRACE[0m] [kernel::syscall::handlers::vfs] [CPU3] VFS: sys_fs_open path='/sys/firmware/framebuffer' tid=9
[35453193072] [[34mDEBUG[0m] [kernel::vfs::sysfs] [CPU3] sysfs: lookup path='firmware/framebuffer'
[35456051796] [[35mTRACE[0m] [kernel::syscall::handlers::vfs] [CPU3] sys_fs_close: fd=4
[35460924345] [[32mINFO [0m] [display_virtio_gpu] [CPU3] display_virtio_gpu: host scanout 1280x800 enabled=true (bootfb was 1920x1080)
[35461876131] [[34mDEBUG[0m] [display_virtio_gpu] [CPU3] display_virtio_gpu: creating frame pool 1x 1280x800 stride=5120 format=1
[35527097595] [[35mTRACE[0m] [kernel::syscall::handlers::vfs] [CPU1] sys_fs_close: fd=3
[35529408552] [[32mINFO [0m] [cambium::catalog] [CPU1] DEVD CATALOG: registered driver '/drivers/ata_disk' name='ata_disk' class=Block kind='dev.storage.Ide' start='thingos_driver_start_safe'
[35530429044] [[35mTRACE[0m] [kernel::syscall::handlers::vfs] [CPU1] VFS: sys_fs_open path='/drivers/chime' tid=7
[35636271462] [[35mTRACE[0m] [sprout::supervisor] [CPU0] SPROUT: Supervisor tick...
[35638212720] [[35mTRACE[0m] [sprout::supervisor] [CPU0] SPROUT: Loop iteration: spawn_bristle_if_needed
[35640089331] [[35mTRACE[0m] [sprout::supervisor] [CPU0] SPROUT: Loop iteration: spawn_display_if_needed
[35641528164] [[35mTRACE[0m] [sprout::supervisor] [CPU0] SPROUT: Loop iteration: spawn_bloom_if_ready
[35642932908] [[34mDEBUG[0m] [sprout::supervisor] [CPU0] SPROUT: Checking if bloom is ready to spawn (/dev/display/card0 mounted=false, service_ready=false)...
[35644727349] [[34mDEBUG[0m] [sprout::supervisor] [CPU0] SPROUT: display card not ready for bloom yet
[35646099852] [[35mTRACE[0m] [sprout::supervisor] [CPU0] SPROUT: Loop iteration: spawn_wayland_hello_if_ready
[35647548849] [[35mTRACE[0m] [sprout::supervisor] [CPU0] SPROUT: Loop iteration: spawn_clock_if_ready
[35648881983] [[35mTRACE[0m] [sprout::supervisor] [CPU0] SPROUT: Loop iteration: spawn_leaf_if_ready
[35650190169] [[35mTRACE[0m] [sprout::supervisor] [CPU0] SPROUT: Loop iteration: tick complete
[35651487102] [[34mDEBUG[0m] [sprout::supervisor] [CPU0] SPROUT: ServiceLoop waiting for next event...
[35664090495] [[34mDEBUG[0m] [kernel::syscall::handlers::memory] [CPU3] sys_vm_map: large backing file mapping offset=0 len=4096000 total_size=4096000
[35686133538] [[35mTRACE[0m] [kernel::syscall::handlers::vfs] [CPU1] sys_fs_close: fd=3
[35690541315] [[32mINFO [0m] [cambium::catalog] [CPU1] DEVD CATALOG: registered driver '/drivers/chime' name='chime' class=Audio kind='dev.sound.Chime' start='thingos_driver_start_safe'
[35692239495] [[35mTRACE[0m] [kernel::syscall::handlers::vfs] [CPU1] VFS: sys_fs_open path='/drivers/display_bootfb' tid=7
[35697716208] [[34mDEBUG[0m] [display_virtio_gpu] [CPU3] display_virtio_gpu: frame pool ready (1 buffer)
[35702515365] [[34mDEBUG[0m] [kernel::syscall::handlers::device] [CPU3] DEVICE: DMA alloc 16 pages phys=0x2725000 -> user_va=0x1000e000
[35704528332] [[32mINFO [0m] [display_virtio_gpu] [CPU3] display_virtio_gpu: cursor DMA buffer ready (16 pages at phys=0x2725000)
[35709826845] [[34mDEBUG[0m] [kernel::ipc] [CPU3] CREATE_PORT: capacity=65536
[35710725369] [[34mDEBUG[0m] [kernel::ipc] [CPU3] CREATE_PORT: appended id=PortId(4)
[35711904954] [[34mDEBUG[0m] [kernel::ipc::handles] [CPU3] ALLOC_HANDLE: handle=5 port_id=PortId(4) mode=Write
[35712695832] [[34mDEBUG[0m] [kernel::ipc::handles] [CPU3] ALLOC_HANDLE: handle=6 port_id=PortId(4) mode=Read
[35714378898] [[34mDEBUG[0m] [kernel::handle::bridge] [CPU3] BRIDGE: handle=5 -> fd=5 node=0xffffffffb00c6a10 port=0xffffffffb010a1f0
[35717077935] [[35mTRACE[0m] [kernel::syscall::handlers::vfs] [CPU3] VFS: sys_fs_open path='/proc/5/inbox' tid=9
[35745834201] [[35mTRACE[0m] [kernel::syscall::handlers::socket] [CPU3] SENDMSG: thing=6 data_len=44 caps_len=1 node=Pointer { addr: 0xffffffffb010a630, metadata: DynMetadata(0xffffffff802c7ed0) }
[35753199570] [[34mDEBUG[0m] [display_virtio_gpu] [CPU3] display_virtio_gpu: Sent MSG_BIND_READY (ID: 322371585)
[35754354075] [[34mDEBUG[0m] [display_virtio_gpu] [CPU3] display_virtio_gpu: Waiting for BIND_ASSIGNED...
[35762148147] [[35mTRACE[0m] [kernel::syscall::handlers::socket] [CPU0] RECVMSG: thing=4 data_len=44 caps_len=1 node=Pointer { addr: 0xffffffffb0240b10, metadata: DynMetadata(0xffffffff802c7ed0) }
[35769016536] [[34mDEBUG[0m] [sprout::supervisor] [CPU0] SPROUT: BIND_READY from instance_id=0x13370001
[35770705707] [[34mDEBUG[0m] [sprout::supervisor] [CPU0] SPROUT: Registering DISPLAY_CARD at /dev/display/card0 (handle=5)
[35779187433] [[34mDEBUG[0m] [kernel::ipc] [CPU0] CREATE_PORT: capacity=262400
[35779729656] [[34mDEBUG[0m] [kernel::ipc] [CPU0] CREATE_PORT: appended id=PortId(5)
[35781489579] [[34mDEBUG[0m] [kernel::ipc::handles] [CPU0] ALLOC_HANDLE: handle=7 port_id=PortId(5) mode=Write
[35786323320] [[34mDEBUG[0m] [kernel::syscall::handlers::vfs] [CPU0] vfs: mounted userland provider at /dev/display/card0 (flags: 0x0) port=0xffffffffb010a1f0
[35790725520] [[32mINFO [0m] [sprout::supervisor] [CPU0] SPROUT: Mounted /dev/display/card0 successfully
[35792760894] [[34mDEBUG[0m] [sprout::supervisor] [CPU0] SPROUT: Handshake complete — task 'display' marked ready
[35798476725] [[34mDEBUG[0m] [sprout::supervisor] [CPU0] SPROUT: Sent MSG_BIND_ASSIGNED to display pid 9 (res=Ok(()))
[35799870711] [[32mINFO [0m] [display_virtio_gpu] [CPU3] display_virtio_gpu: Sovereign registration COMPLETE. Assigned: /dev/display/card0
[35800036338] [[34mDEBUG[0m] [sprout::supervisor] [CPU0] SPROUT: ServiceLoop waiting for next event...
[35801158041] [[35mTRACE[0m] [kernel::syscall::handlers::socket] [CPU3] SENDMSG: thing=6 data_len=44 caps_len=0 node=Pointer { addr: 0xffffffffb010a630, metadata: DynMetadata(0xffffffff802c7ed0) }
[35802450354] [[34mDEBUG[0m] [display_virtio_gpu] [CPU3] display_virtio_gpu: Sent MSG_SERVICE_READY.
[35803384122] [[34mDEBUG[0m] [kernel::handle::bridge] [CPU3] BRIDGE: handle=2 -> fd=7 node=0xffffffffb00c6990 port=0xffffffffb00d83f0
[35804376267] [[34mDEBUG[0m] [kernel::handle::bridge] [CPU3] BRIDGE: handle=3 -> fd=8 node=0xffffffffb011b510 port=0xffffffffb00d8a10
[35805285879] [[34mDEBUG[0m] [kernel::handle::bridge] [CPU3] BRIDGE: handle=6 -> fd=9 node=0xffffffffb011b5d0 port=0xffffffffb010a1f0
[35807103057] [[32mINFO [0m] [display_virtio_gpu] [CPU3] display_virtio_gpu: VFS provider loop online
[35809567431] [[35mTRACE[0m] [kernel::syscall::handlers::socket] [CPU0] RECVMSG: thing=4 data_len=44 caps_len=0 node=Pointer { addr: 0xffffffffb0240b10, metadata: DynMetadata(0xffffffff802c7ed0) }
[35812466613] [[34mDEBUG[0m] [sprout::supervisor] [CPU0] SPROUT: SERVICE_READY from instance_id=0x13370001
[35814119616] [[34mDEBUG[0m] [sprout::supervisor] [CPU0] SPROUT: Service 'display' reported ready
[35815551783] [[32mINFO [0m] [sprout::supervisor] [CPU0] SPROUT: Display service is ready at /dev/display/card0
[35817052458] [[34mDEBUG[0m] [sprout::supervisor] [CPU0] SPROUT: ServiceLoop waiting for next event...
[35858242926] [[35mTRACE[0m] [kernel::syscall::handlers::vfs] [CPU1] sys_fs_close: fd=3
[35860500555] [[32mINFO [0m] [cambium::catalog] [CPU1] DEVD CATALOG: registered driver '/drivers/display_bootfb' name='display_bootfb' class=Display kind='dev.display.Gpu' start='thingos_driver_start_safe'
[35861459304] [[35mTRACE[0m] [kernel::syscall::handlers::vfs] [CPU1] VFS: sys_fs_open path='/drivers/display_virtio_gpu' tid=7
[36041507073] [[35mTRACE[0m] [kernel::syscall::handlers::vfs] [CPU1] sys_fs_close: fd=3
[36045005436] [[32mINFO [0m] [cambium::catalog] [CPU1] DEVD CATALOG: registered driver '/drivers/display_virtio_gpu' name='display_virtio_gpu' class=Display kind='dev.display.Gpu' start='thingos_driver_start_safe'
[36046226436] [[35mTRACE[0m] [kernel::syscall::handlers::vfs] [CPU1] VFS: sys_fs_open path='/drivers/hdaudio' tid=7
[36124716606] [[35mTRACE[0m] [sprout::supervisor] [CPU0] SPROUT: Supervisor tick...
[36126277968] [[35mTRACE[0m] [sprout::supervisor] [CPU0] SPROUT: Loop iteration: spawn_bristle_if_needed
[36127650405] [[35mTRACE[0m] [sprout::supervisor] [CPU0] SPROUT: Loop iteration: spawn_display_if_needed
[36128994297] [[35mTRACE[0m] [sprout::supervisor] [CPU0] SPROUT: Loop iteration: spawn_bloom_if_ready
[36130418775] [[34mDEBUG[0m] [sprout::supervisor] [CPU0] SPROUT: Checking if bloom is ready to spawn (/dev/display/card0 mounted=true, service_ready=true)...
[36133364784] [[34mDEBUG[0m] [kernel::task::loader] [CPU0] LOADER: Loading module '/bin/bloom' (len=577280, base=0x200000)
[36134031318] [[35mTRACE[0m] [kernel::task::loader] [CPU0]   Header: [7f, 45, 4c, 46, 02, 01, 01, 00, 00, 00, 00, 00, 00, 00, 00, 00]
[36135217074] [[34mDEBUG[0m] [kernel::task::loader] [CPU0] LOADER: ELF info: entry=200000, min_vaddr=200000, bias=0, entry_pc=200000
[36136087482] [[35mTRACE[0m] [kernel::task::loader] [CPU0] Segment: vaddr=200000 exec=true
[36138416952] [[35mTRACE[0m] [kernel::task::loader] [CPU0]   COPIED at 0x201420: [24, a0, 00, 00, 00, 0f, 10, 04]
[36191330175] [[35mTRACE[0m] [kernel::task::loader] [CPU0] Segment: vaddr=268000 exec=false
[36197119299] [[35mTRACE[0m] [kernel::task::loader] [CPU0] Segment: vaddr=273000 exec=false
[36200047554] [[34mDEBUG[0m] [kernel::task::loader] [CPU0] LOADER: TLS block: tp=0x277000 filesz=0 memsz=0 align=1
[36204179385] [[34mDEBUG[0m] [bran::arch::x86_64::task] [CPU0] INIT KERNEL CTX: entry=0xffffffff800532f0 kstack_top=0xffffffffb012bb80 arg=0xffffffffb00c6a20
[36205650228] [[34mDEBUG[0m] [kernel::sched] [CPU0] REGISTRY: Applying 1 deferred inserts
[36206157636] [[34mDEBUG[0m] [kernel::sched] [CPU0] REGISTRY: Inserting TID=10
[36206709429] [[34mDEBUG[0m] [kernel::sched] [CPU0] REGISTRY: Inserts applied
[36208428927] [[35mTRACE[0m] [kernel::syscall::handlers::vfs] [CPU1] sys_fs_close: fd=3
[36210504198] [[32mINFO [0m] [cambium::catalog] [CPU1] DEVD CATALOG: registered driver '/drivers/hdaudio' name='hdaudio' class=Audio kind='dev.sound.Hda' start='thingos_driver_start_safe'
[36210721239] [[34mDEBUG[0m] [kernel::sched::spawn] [CPU0] SCHED: TID 10 �� task '/bin/bloom' (pid=10 from boot module)
[36211470405] [[35mTRACE[0m] [kernel::syscall::handlers::vfs] [CPU1] VFS: sys_fs_open path='/drivers/hwrng' tid=7
[36221141847] [[32mINFO [0m] [sprout::supervisor] [CPU0] SPROUT: Spawned bloom (PID=10)
[36232219089] [[35mTRACE[0m] [sprout::supervisor] [CPU0] SPROUT: Loop iteration: spawn_wayland_hello_if_ready
[36232138371] [[34mDEBUG[0m] [kernel::sched::spawn] [CPU1] USER_TRAMPOLINE: PC=0x200000 SP=0x800000 ARG0=0x0
[36234713196] [[34mDEBUG[0m] [bran::arch::x86_64] [CPU1] ENTER_USER: TID=10 entry_pc=200000 user_sp=800000
[36235216215] [[35mTRACE[0m] [sprout::supervisor] [CPU0] SPROUT: Loop iteration: spawn_clock_if_ready
[36237735699] [[35mTRACE[0m] [sprout::supervisor] [CPU0] SPROUT: Loop iteration: spawn_leaf_if_ready
[36239361543] [[35mTRACE[0m] [sprout::supervisor] [CPU0] SPROUT: Loop iteration: tick complete
[36240671742] [[34mDEBUG[0m] [sprout::supervisor] [CPU0] SPROUT: ServiceLoop waiting for next event...
[36249862671] [[34mDEBUG[0m] [kernel::syscall::handlers::process] [CPU1] sys_auxv_get: tid=10 buf_len=0
[36251407137] [[34mDEBUG[0m] [kernel::syscall::handlers::process] [CPU1] sys_auxv_get: tid=10 buf_len=100
[36254128812] [[32mINFO [0m] [bloom] [CPU1] bloom: ENTERING MAIN
[36255170094] [[32mINFO [0m] [bloom] [CPU1] bloom: compositor service starting
[36257117292] [[34mDEBUG[0m] [bloom] [CPU1] bloom: connect try 0...
[36257944272] [[35mTRACE[0m] [kernel::syscall::handlers::vfs] [CPU1] VFS: sys_fs_open path='/dev/display/card0' tid=10
[36260230974] [[34mDEBUG[0m] [kernel::vfs::provider] [CPU1] VFS_RPC: request op=Lookup len=4 tid=10
[36293808639] [[35mTRACE[0m] [display_virtio_gpu] [CPU3] display_virtio_gpu: VFS RPC op=Lookup
[36295500780] [[35mTRACE[0m] [display_virtio_gpu] [CPU3] DISP: vfs_lookup path=''
[36297290997] [[35mTRACE[0m] [display_virtio_gpu] [CPU3] display_virtio_gpu: VFS RPC response begin op=Lookup req_id=1
[36301110450] [[35mTRACE[0m] [display_virtio_gpu] [CPU3] display_virtio_gpu: VFS RPC response sent op=Lookup req_id=1
[36381790665] [[34mDEBUG[0m] [kernel::vfs::provider] [CPU1] VFS_RPC: response op=Lookup id=1 -> OK(8)
[36398712537] [[34mDEBUG[0m] [kernel::vfs::provider] [CPU1] VFS_RPC: request op=DeviceCall len=48 tid=10
[36422738418] [[35mTRACE[0m] [display_virtio_gpu] [CPU3] display_virtio_gpu: VFS RPC op=DeviceCall
[36424476330] [[35mTRACE[0m] [display_virtio_gpu] [CPU3] DISP: DISPLAY_OP_GET_INFO requested
[36425411550] [[35mTRACE[0m] [display_virtio_gpu] [CPU3] DISP: Returning dimensions 1280x800
[36426561765] [[35mTRACE[0m] [display_virtio_gpu] [CPU3] display_virtio_gpu: VFS RPC response begin op=DeviceCall req_id=2
[36428785833] [[35mTRACE[0m] [display_virtio_gpu] [CPU3] display_virtio_gpu: VFS RPC response sent op=DeviceCall req_id=2
[36485286915] [[34mDEBUG[0m] [kernel::vfs::provider] [CPU1] VFS_RPC: response op=DeviceCall id=2 -> OK(48)
[36490792800] [[32mINFO [0m] [bloom] [CPU1] bloom: connected to /dev/display/card0 on try 0
[36509790537] [[32mINFO [0m] [bloom] [CPU1] bloom: output0 1280x800 @ 60000mHz
[36512497692] [[32mINFO [0m] [bloom] [CPU1] bloom: display driver does not support VBLANK
[36513450633] [[32mINFO [0m] [bloom] [CPU1] bloom: display driver supports linear dmabuf import
[36514284675] [[32mINFO [0m] [bloom] [CPU1] bloom: display driver supports GPU blit (hardware transfer/flush)
[36515189040] [[32mINFO [0m] [bloom] [CPU1] bloom: display driver supports direct scanout (zero-copy path to display)
[36515993151] [[32mINFO [0m] [bloom] [CPU1] bloom: display driver supports partial flush (damage regions)
[36516824520] [[32mINFO [0m] [bloom] [CPU1] bloom: display driver supports resource cache (pre-allocated buffer pool)
[36517513692] [[32mINFO [0m] [bloom] [CPU1] bloom: creating service port...
[36521560515] [[34mDEBUG[0m] [kernel::ipc] [CPU1] CREATE_PORT: capacity=65536
[36521953182] [[34mDEBUG[0m] [kernel::ipc] [CPU1] CREATE_PORT: appended id=PortId(6)
[36522483525] [[34mDEBUG[0m] [kernel::ipc::handles] [CPU1] ALLOC_HANDLE: handle=5 port_id=PortId(6) mode=Write
[36522996048] [[34mDEBUG[0m] [kernel::ipc::handles] [CPU1] ALLOC_HANDLE: handle=6 port_id=PortId(6) mode=Read
[36525653109] [[35mTRACE[0m] [kernel::syscall::handlers::vfs] [CPU1] VFS: sys_fs_open path='/services/bloom' tid=10
[36530021418] [[35mTRACE[0m] [kernel::syscall::handlers::vfs] [CPU1] sys_fs_close: fd=7
[36539713221] [[35mTRACE[0m] [kernel::syscall::handlers::vfs] [CPU1] VFS: sys_fs_open path='/session/wayland/components' tid=10
[36543482778] [[35mTRACE[0m] [kernel::syscall::handlers::vfs] [CPU1] sys_fs_close: fd=7
[36544614249] [[35mTRACE[0m] [kernel::syscall::handlers::vfs] [CPU1] VFS: sys_fs_open path='/session/wayland/status' tid=10
[36547857555] [[35mTRACE[0m] [kernel::syscall::handlers::vfs] [CPU1] sys_fs_close: fd=7
[36549302427] [[35mTRACE[0m] [kernel::syscall::handlers::vfs] [CPU1] VFS: sys_fs_open path='/lib/libpistil.so' tid=10
[36551100135] [[35mTRACE[0m] [sprout::supervisor] [CPU0] SPROUT: Supervisor tick...
[36552442707] [[35mTRACE[0m] [sprout::supervisor] [CPU0] SPROUT: Loop iteration: spawn_bristle_if_needed
[36553808280] [[35mTRACE[0m] [sprout::supervisor] [CPU0] SPROUT: Loop iteration: spawn_display_if_needed
[36555243945] [[35mTRACE[0m] [sprout::supervisor] [CPU0] SPROUT: Loop iteration: spawn_bloom_if_ready
[36556998324] [[35mTRACE[0m] [sprout::supervisor] [CPU0] SPROUT: Loop iteration: spawn_wayland_hello_if_ready
[36559137285] [[35mTRACE[0m] [sprout::supervisor] [CPU0] SPROUT: Loop iteration: spawn_clock_if_ready
[36560651391] [[35mTRACE[0m] [sprout::supervisor] [CPU0] SPROUT: Loop iteration: spawn_leaf_if_ready
[36562295154] [[35mTRACE[0m] [sprout::supervisor] [CPU0] SPROUT: Loop iteration: tick complete
[36563595816] [[34mDEBUG[0m] [sprout::supervisor] [CPU0] SPROUT: ServiceLoop waiting for next event...
[36768401307] [[35mTRACE[0m] [kernel::syscall::handlers::vfs] [CPU1] sys_fs_close: fd=7
[36813942198] [[35mTRACE[0m] [kernel::syscall::handlers::vfs] [CPU1] sys_fs_close: fd=3
[36816459867] [[32mINFO [0m] [cambium::catalog] [CPU1] DEVD CATALOG: registered driver '/drivers/hwrng' name='hwrng' class=Other kind='dev.rng.HwRng' start='_RNvCs7wlZbVUrQWf_5hwrng20thingos_driver_start'
[36817398486] [[35mTRACE[0m] [kernel::syscall::handlers::vfs] [CPU1] VFS: sys_fs_open path='/drivers/pci_stubd' tid=7
[36879218673] [[35mTRACE[0m] [sprout::supervisor] [CPU0] SPROUT: Supervisor tick...
[36881404659] [[35mTRACE[0m] [sprout::supervisor] [CPU0] SPROUT: Loop iteration: spawn_bristle_if_needed
[36883476069] [[35mTRACE[0m] [sprout::supervisor] [CPU0] SPROUT: Loop iteration: spawn_display_if_needed
[36885700302] [[35mTRACE[0m] [sprout::supervisor] [CPU0] SPROUT: Loop iteration: spawn_bloom_if_ready
[36888011391] [[35mTRACE[0m] [sprout::supervisor] [CPU0] SPROUT: Loop iteration: spawn_wayland_hello_if_ready
[36890759994] [[35mTRACE[0m] [sprout::supervisor] [CPU0] SPROUT: Loop iteration: spawn_clock_if_ready
[36892260669] [[35mTRACE[0m] [sprout::supervisor] [CPU0] SPROUT: Loop iteration: spawn_leaf_if_ready
[36893748738] [[35mTRACE[0m] [sprout::supervisor] [CPU0] SPROUT: Loop iteration: tick complete
[36895059366] [[34mDEBUG[0m] [sprout::supervisor] [CPU0] SPROUT: ServiceLoop waiting for next event...
[36965048868] [[35mTRACE[0m] [kernel::syscall::handlers::vfs] [CPU1] sys_fs_close: fd=3
[36966901323] [[32mINFO [0m] [cambium::catalog] [CPU1] DEVD CATALOG: registered driver '/drivers/pci_stubd' name='pci_stubd' class=Other kind='drv.PciStubd' start='thingos_driver_start_safe'
[36967760247] [[35mTRACE[0m] [kernel::syscall::handlers::vfs] [CPU1] VFS: sys_fs_open path='/drivers/ps2_kbd' tid=7
[37114513887] [[35mTRACE[0m] [kernel::syscall::handlers::vfs] [CPU1] sys_fs_close: fd=3
[37116479169] [[32mINFO [0m] [cambium::catalog] [CPU1] DEVD CATALOG: registered driver '/drivers/ps2_kbd' name='ps2_kbd' class=Input kind='drv.Ps2Keyboard' start='thingos_driver_start_safe'
[37117399572] [[35mTRACE[0m] [kernel::syscall::handlers::vfs] [CPU1] VFS: sys_fs_open path='/drivers/ps2_mouse' tid=7
[37207736676] [[35mTRACE[0m] [sprout::supervisor] [CPU0] SPROUT: Supervisor tick...
[37209233457] [[35mTRACE[0m] [sprout::supervisor] [CPU0] SPROUT: Loop iteration: spawn_bristle_if_needed
[37210625463] [[35mTRACE[0m] [sprout::supervisor] [CPU0] SPROUT: Loop iteration: spawn_display_if_needed
[37211987703] [[35mTRACE[0m] [sprout::supervisor] [CPU0] SPROUT: Loop iteration: spawn_bloom_if_ready
[37213376211] [[35mTRACE[0m] [sprout::supervisor] [CPU0] SPROUT: Loop iteration: spawn_wayland_hello_if_ready
[37214873784] [[35mTRACE[0m] [sprout::supervisor] [CPU0] SPROUT: Loop iteration: spawn_clock_if_ready
[37216502466] [[35mTRACE[0m] [sprout::supervisor] [CPU0] SPROUT: Loop iteration: spawn_leaf_if_ready
[37218163422] [[35mTRACE[0m] [sprout::supervisor] [CPU0] SPROUT: Loop iteration: tick complete
[37219469067] [[34mDEBUG[0m] [sprout::supervisor] [CPU0] SPROUT: ServiceLoop waiting for next event...
[37284208236] [[32mINFO [0m] [bloom::render] [CPU1] bloom: pistil background renderer loaded from /lib/libpistil.so
[37285203186] [[32mINFO [0m] [bloom::render] [CPU1] bloom: pistil font text renderer loaded with default /share/fonts/Inter-Regular.ttf
[37285941660] [[32mINFO [0m] [bloom::render] [CPU1] bloom: pistil symbol renderer loaded with /share/fonts/NotoSansSymbol2-Regular.ttf
[37286936181] [[35mTRACE[0m] [kernel::syscall::handlers::vfs] [CPU1] VFS: sys_fs_open path='/session/desktop/theme' tid=10
[37289126688] [[35mTRACE[0m] [kernel::syscall::handlers::vfs] [CPU1] VFS: sys_fs_open path='/session/desktop/theme' tid=10
[37292520540] [[35mTRACE[0m] [kernel::syscall::handlers::vfs] [CPU1] sys_fs_close: fd=7
[37294327026] [[32mINFO [0m] [bloom] [CPU1] bloom: initial theme configured Facet Frame
[37485055245] [[34mDEBUG[0m] [kernel::syscall::handlers::memory] [CPU1] sys_vm_map: large backing file mapping offset=0 len=4096000 total_size=4096000
[37522258752] [[34mDEBUG[0m] [kernel::vfs::provider] [CPU1] VFS_RPC: request op=DeviceCall len=96 tid=10
[37526267823] [[35mTRACE[0m] [kernel::syscall::handlers::vfs] [CPU1] sys_fs_close: fd=3
[37528342500] [[32mINFO [0m] [cambium::catalog] [CPU1] DEVD CATALOG: registered driver '/drivers/ps2_mouse' name='ps2_mouse' class=Input kind='drv.Ps2Mouse' start='thingos_driver_start_safe'
[37529466546] [[35mTRACE[0m] [kernel::syscall::handlers::vfs] [CPU1] VFS: sys_fs_open path='/drivers/rtc_cmos' tid=7
[37535430108] [[35mTRACE[0m] [sprout::supervisor] [CPU0] SPROUT: Supervisor tick...
[37536960252] [[35mTRACE[0m] [sprout::supervisor] [CPU0] SPROUT: Loop iteration: spawn_bristle_if_needed
[37538327706] [[35mTRACE[0m] [sprout::supervisor] [CPU0] SPROUT: Loop iteration: spawn_display_if_needed
[37539854352] [[35mTRACE[0m] [sprout::supervisor] [CPU0] SPROUT: Loop iteration: spawn_bloom_if_ready
[37541259954] [[35mTRACE[0m] [sprout::supervisor] [CPU0] SPROUT: Loop iteration: spawn_wayland_hello_if_ready
[37541408685] [[35mTRACE[0m] [display_virtio_gpu] [CPU3] display_virtio_gpu: VFS RPC op=DeviceCall
[37542592890] [[35mTRACE[0m] [display_virtio_gpu] [CPU3] DISP: DISPLAY_OP_IMPORT_BUFFER requested: memfd=10, size=1280x800
[37543675389] [[34mDEBUG[0m] [kernel::syscall::handlers::memory] [CPU3] sys_vm_map: large backing file mapping offset=0 len=4096000 total_size=4096000
[37546134351] [[35mTRACE[0m] [sprout::supervisor] [CPU0] SPROUT: Loop iteration: spawn_clock_if_ready
[37548322746] [[35mTRACE[0m] [sprout::supervisor] [CPU0] SPROUT: Loop iteration: spawn_leaf_if_ready
[37549864803] [[35mTRACE[0m] [sprout::supervisor] [CPU0] SPROUT: Loop iteration: tick complete
[37551348384] [[34mDEBUG[0m] [sprout::supervisor] [CPU0] SPROUT: ServiceLoop waiting for next event...
[37573595466] [[34mDEBUG[0m] [display_virtio_gpu] [CPU3] DISP: imported buffer as ID=1
[37574806764] [[35mTRACE[0m] [display_virtio_gpu] [CPU3] display_virtio_gpu: VFS RPC response begin op=DeviceCall req_id=3
[37576603878] [[35mTRACE[0m] [display_virtio_gpu] [CPU3] display_virtio_gpu: VFS RPC response sent op=DeviceCall req_id=3
[37612530318] [[34mDEBUG[0m] [kernel::vfs::provider] [CPU1] VFS_RPC: response op=DeviceCall id=3 -> OK(12)
[37614076302] [[34mDEBUG[0m] [bloom::display] [CPU1] bloom: imported buffer 1280x800 as ID=1
[37615233414] [[35mTRACE[0m] [kernel::syscall::handlers::vfs] [CPU1] VFS: sys_fs_open path='/session/desktop/wallpaper' tid=10
[37617614793] [[35mTRACE[0m] [kernel::syscall::handlers::vfs] [CPU1] VFS: sys_fs_open path='/session/desktop/wallpaper' tid=10
[37621150842] [[35mTRACE[0m] [kernel::syscall::handlers::vfs] [CPU1] sys_fs_close: fd=8
[37622418504] [[32mINFO [0m] [bloom] [CPU1] bloom: initial wallpaper configured /share/wallpapers/flower.png
[37631103543] [[35mTRACE[0m] [kernel::syscall::handlers::vfs] [CPU1] VFS: sys_fs_open path='/share/cursors/future/default.svg' tid=10
[37641637308] [[35mTRACE[0m] [kernel::syscall::handlers::vfs] [CPU1] sys_fs_close: fd=9
[37747883844] [[34mDEBUG[0m] [kernel::vfs::provider] [CPU1] VFS_RPC: request op=DeviceCall len=96 tid=10
[37771536660] [[35mTRACE[0m] [display_virtio_gpu] [CPU3] display_virtio_gpu: VFS RPC op=DeviceCall
[37772570253] [[35mTRACE[0m] [display_virtio_gpu] [CPU3] DISP: DISPLAY_OP_IMPORT_BUFFER requested: memfd=11, size=48x48
[37773939258] [[34mDEBUG[0m] [display_virtio_gpu] [CPU3] DISP: imported buffer as ID=2
[37775400267] [[35mTRACE[0m] [display_virtio_gpu] [CPU3] display_virtio_gpu: VFS RPC response begin op=DeviceCall req_id=4
[37777123890] [[35mTRACE[0m] [display_virtio_gpu] [CPU3] display_virtio_gpu: VFS RPC response sent op=DeviceCall req_id=4
[37824775296] [[34mDEBUG[0m] [kernel::vfs::provider] [CPU1] VFS_RPC: response op=DeviceCall id=4 -> OK(12)
[37827846639] [[34mDEBUG[0m] [bloom::display] [CPU1] bloom: imported buffer 48x48 as ID=2
[37829391699] [[32mINFO [0m] [bloom::render] [CPU1] bloom: cursor ready buffer=2 size=48x48 hotspot=11,6
[37834365261] [[34mDEBUG[0m] [kernel::ipc] [CPU1] CREATE_PORT: capacity=65536
[37835033313] [[34mDEBUG[0m] [kernel::ipc] [CPU1] CREATE_PORT: appended id=PortId(7)
[37836084528] [[34mDEBUG[0m] [kernel::ipc::handles] [CPU1] ALLOC_HANDLE: handle=7 port_id=PortId(7) mode=Write
[37836673182] [[34mDEBUG[0m] [kernel::ipc::handles] [CPU1] ALLOC_HANDLE: handle=8 port_id=PortId(7) mode=Read
[37842596319] [[32mINFO [0m] [bloom] [CPU1] bloom: watching wallpaper config /session/desktop/wallpaper
[37844684625] [[32mINFO [0m] [bloom] [CPU1] bloom: watching theme config /session/desktop/theme
[37846913577] [[34mDEBUG[0m] [kernel::handle::bridge] [CPU1] BRIDGE: handle=6 -> fd=11 node=0xffffffffb0137df0 port=0xffffffffb0136270
[37849255719] [[34mDEBUG[0m] [kernel::handle::bridge] [CPU1] BRIDGE: handle=8 -> fd=12 node=0xffffffffb01390b0 port=0xffffffffb0137ed0
[37851546513] [[35mTRACE[0m] [kernel::syscall::handlers::vfs] [CPU1] VFS: sys_fs_open path='/session/desktop/wallpaper' tid=10
[37853859153] [[35mTRACE[0m] [kernel::syscall::handlers::vfs] [CPU1] sys_fs_close: fd=13
[37855988379] [[35mTRACE[0m] [kernel::syscall::handlers::vfs] [CPU1] VFS: sys_fs_open path='/session/desktop/theme' tid=10
[37860500799] [[35mTRACE[0m] [kernel::syscall::handlers::vfs] [CPU1] sys_fs_close: fd=13
[37865126013] [[34mDEBUG[0m] [kernel::ipc] [CPU1] CREATE_PORT: capacity=65536
[37865790732] [[34mDEBUG[0m] [kernel::ipc] [CPU1] CREATE_PORT: appended id=PortId(8)
[37866313980] [[34mDEBUG[0m] [kernel::ipc::handles] [CPU1] ALLOC_HANDLE: handle=9 port_id=PortId(8) mode=Write
[37866903459] [[34mDEBUG[0m] [kernel::ipc::handles] [CPU1] ALLOC_HANDLE: handle=10 port_id=PortId(8) mode=Read
[37870665063] [[34mDEBUG[0m] [kernel::ipc] [CPU1] CREATE_PORT: capacity=65536
[37871181315] [[34mDEBUG[0m] [kernel::ipc] [CPU1] CREATE_PORT: appended id=PortId(9)
[37871783598] [[34mDEBUG[0m] [kernel::ipc::handles] [CPU1] ALLOC_HANDLE: handle=11 port_id=PortId(9) mode=Write
[37872413535] [[34mDEBUG[0m] [kernel::ipc::handles] [CPU1] ALLOC_HANDLE: handle=12 port_id=PortId(9) mode=Read
[37873725384] [[34mDEBUG[0m] [kernel::handle::bridge] [CPU1] BRIDGE: handle=10 -> fd=13 node=0xffffffffb00f93b0 port=0xffffffffb0139d70
[37875104256] [[34mDEBUG[0m] [kernel::handle::bridge] [CPU1] BRIDGE: handle=12 -> fd=14 node=0xffffffffb0137110 port=0xffffffffb013ab70
[37879505631] [[35mTRACE[0m] [sprout::supervisor] [CPU0] SPROUT: Supervisor tick...
[37880858334] [[35mTRACE[0m] [sprout::supervisor] [CPU0] SPROUT: Loop iteration: spawn_bristle_if_needed
[37882240638] [[35mTRACE[0m] [sprout::supervisor] [CPU0] SPROUT: Loop iteration: spawn_display_if_needed
[37883607399] [[35mTRACE[0m] [sprout::supervisor] [CPU0] SPROUT: Loop iteration: spawn_bloom_if_ready
[37885333134] [[34mDEBUG[0m] [kernel::sched::spawn] [CPU1] SCHED: Task 11 (user thread) assigned to CPU 2
[37903994238] [[34mDEBUG[0m] [kernel::sched] [CPU1] REGISTRY: Applying 1 deferred inserts
[37904655327] [[34mDEBUG[0m] [kernel::sched] [CPU1] REGISTRY: Inserting TID=11
[37905812274] [[34mDEBUG[0m] [kernel::sched] [CPU1] REGISTRY: Inserts applied
[37908074127] [[34mDEBUG[0m] [kernel::sched::spawn] [CPU1] SCHED: Sending post-unlock Resched IPI to CPU 2 for task 11
[37910226519] [[32mINFO [0m] [bloom] [CPU1] bloom: Wayland server thread spawned
[37912010202] [[32mINFO [0m] [bloom::loop_types] [CPU1] bloom: service loop started
[37912799859] [[32mINFO [0m] [bloom::loop_types] [CPU1] bloom: output0 1280x800 @ 60000mHz ready
[37913931693] [[32mINFO [0m] [bloom::wayland] [CPU2] wayland-server: starting
[37914703695] [[35mTRACE[0m] [kernel::syscall::handlers::vfs] [CPU2] VFS: sys_fs_open path='/proc/self/inbox' tid=11
[37915373859] [[35mTRACE[0m] [sprout::supervisor] [CPU0] SPROUT: Loop iteration: spawn_wayland_hello_if_ready
[37919947692] [[34mDEBUG[0m] [kernel::vfs::provider] [CPU1] VFS_RPC: request op=DeviceCall len=296 tid=10
[37922482818] [[35mTRACE[0m] [sprout::supervisor] [CPU0] SPROUT: Loop iteration: spawn_clock_if_ready
[37923750480] [[35mTRACE[0m] [kernel::syscall::handlers::vfs] [CPU1] sys_fs_close: fd=3
[37926689031] [[35mTRACE[0m] [sprout::supervisor] [CPU0] SPROUT: Loop iteration: spawn_leaf_if_ready
[37928065626] [[32mINFO [0m] [cambium::catalog] [CPU1] DEVD CATALOG: registered driver '/drivers/rtc_cmos' name='rtc_cmos' class=Other kind='dev.rtc.Cmos' start='thingos_driver_start_safe'
[37929457038] [[35mTRACE[0m] [kernel::syscall::handlers::vfs] [CPU1] VFS: sys_fs_open path='/drivers/rtl8168d' tid=7
[37930157067] [[35mTRACE[0m] [sprout::supervisor] [CPU0] SPROUT: Loop iteration: tick complete
[37930454133] [[32mINFO [0m] [bloom::wayland] [CPU2] wayland-server: listening on /run/wayland-0
[37931882307] [[32mINFO [0m] [bloom::wayland] [CPU2] wayland-server: advertising globals wl_compositor wl_shm xdg_wm_base wl_seat wl_output wl_subcompositor wl_data_device_manager zwp_linux_dmabuf_v1
[37938771552] [[34mDEBUG[0m] [sprout::supervisor] [CPU0] SPROUT: ServiceLoop waiting for next event...
[37940531112] [[35mTRACE[0m] [display_virtio_gpu] [CPU3] display_virtio_gpu: VFS RPC op=DeviceCall
[37942187448] [[35mTRACE[0m] [display_virtio_gpu] [CPU3] display_virtio_gpu: [batch 0] copy_rect using CPU
[37951848396] [[35mTRACE[0m] [display_virtio_gpu] [CPU3] display_virtio_gpu: [batch 0] alpha_blit using CPU
[37973535501] [[35mTRACE[0m] [display_virtio_gpu] [CPU3] display_virtio_gpu: VFS RPC response begin op=DeviceCall req_id=5
[37975890711] [[35mTRACE[0m] [display_virtio_gpu] [CPU3] display_virtio_gpu: VFS RPC response sent op=DeviceCall req_id=5
[38016941787] [[34mDEBUG[0m] [kernel::vfs::provider] [CPU1] VFS_RPC: response op=DeviceCall id=5 -> OK(8)
[38020597923] [[34mDEBUG[0m] [bloom::world] [CPU1] bloom: presented cursor buffer=2 at 629,394 size=48x48
[38022617424] [[32mINFO [0m] [bloom::loop_types] [CPU1] First frame rendered
[38099905701] [[35mTRACE[0m] [kernel::syscall::handlers::vfs] [CPU1] sys_fs_close: fd=3
[38102012685] [[32mINFO [0m] [cambium::catalog] [CPU1] DEVD CATALOG: registered driver '/drivers/rtl8168d' name='rtl8168d' class=Net kind='dev.net.Nic' start='thingos_driver_start_safe'
[38102953647] [[35mTRACE[0m] [kernel::syscall::handlers::vfs] [CPU1] VFS: sys_fs_open path='/drivers/virtio_netd' tid=7
[38261668104] [[35mTRACE[0m] [sprout::supervisor] [CPU0] SPROUT: Supervisor tick...
[38262357606] [[35mTRACE[0m] [kernel::syscall::handlers::vfs] [CPU1] sys_fs_close: fd=3
[38264803698] [[32mINFO [0m] [cambium::catalog] [CPU1] DEVD CATALOG: registered driver '/drivers/virtio_netd' name='virtio_netd' class=Net kind='dev.net.Nic' start='thingos_driver_start_safe'
[38264807955] [[35mTRACE[0m] [sprout::supervisor] [CPU0] SPROUT: Loop iteration: spawn_bristle_if_needed
[38265740502] [[35mTRACE[0m] [kernel::syscall::handlers::vfs] [CPU1] VFS: sys_fs_open path='/drivers/virtio_sound' tid=7
[38268743733] [[35mTRACE[0m] [sprout::supervisor] [CPU0] SPROUT: Loop iteration: spawn_display_if_needed
[38270355024] [[35mTRACE[0m] [sprout::supervisor] [CPU0] SPROUT: Loop iteration: spawn_bloom_if_ready
[38271705681] [[35mTRACE[0m] [sprout::supervisor] [CPU0] SPROUT: Loop iteration: spawn_wayland_hello_if_ready
[38274040200] [[34mDEBUG[0m] [kernel::task::loader] [CPU0] LOADER: Loading module '/bin/wayland_hello' (len=86696, base=0x200000)
[38274627996] [[35mTRACE[0m] [kernel::task::loader] [CPU0]   Header: [7f, 45, 4c, 46, 02, 01, 01, 00, 00, 00, 00, 00, 00, 00, 00, 00]
[38275639512] [[34mDEBUG[0m] [kernel::task::loader] [CPU0] LOADER: ELF info: entry=200000, min_vaddr=200000, bias=0, entry_pc=200000
[38276225790] [[35mTRACE[0m] [kernel::task::loader] [CPU0] Segment: vaddr=200000 exec=true
[38278252518] [[35mTRACE[0m] [kernel::task::loader] [CPU0]   COPIED at 0x201420: [24, 28, 48, 85, f6, 74, 0f, 48]
[38284165590] [[35mTRACE[0m] [kernel::task::loader] [CPU0] Segment: vaddr=20d000 exec=false
[38285372400] [[35mTRACE[0m] [kernel::task::loader] [CPU0] Segment: vaddr=20f000 exec=false
[38287069359] [[34mDEBUG[0m] [kernel::task::loader] [CPU0] LOADER: TLS block: tp=0x211000 filesz=0 memsz=0 align=1
[38291276067] [[34mDEBUG[0m] [bran::arch::x86_64::task] [CPU0] INIT KERNEL CTX: entry=0xffffffff800532f0 kstack_top=0xffffffffb01a5660 arg=0xffffffffb0136bc0
[38293012032] [[34mDEBUG[0m] [kernel::sched] [CPU0] REGISTRY: Applying 1 deferred inserts
[38293573230] [[34mDEBUG[0m] [kernel::sched] [CPU0] REGISTRY: Inserting TID=12
[38294139774] [[34mDEBUG[0m] [kernel::sched] [CPU0] REGISTRY: Inserts applied
[38307023040] [[34mDEBUG[0m] [kernel::sched::spawn] [CPU0] SCHED: TID 12 → task '/bin/wayland_hello' (pid=12 from boot module)
[38309449530] [[34mDEBUG[0m] [kernel::sched::spawn] [CPU3] USER_TRAMPOLINE: PC=0x200000 SP=0x800000 ARG0=0x0
[38310184968] [[34mDEBUG[0m] [bran::arch::x86_64] [CPU3] ENTER_USER: TID=12 entry_pc=200000 user_sp=800000
[38311382406] [[34mDEBUG[0m] [kernel::syscall::handlers::process] [CPU3] sys_auxv_get: tid=12 buf_len=0
[38314471635] [[32mINFO [0m] [sprout::supervisor] [CPU0] SPROUT: Spawned wayland_hello (PID=12)
[38317151730] [[35mTRACE[0m] [sprout::supervisor] [CPU0] SPROUT: Loop iteration: spawn_clock_if_ready
[38319307950] [[34mDEBUG[0m] [kernel::task::loader] [CPU0] LOADER: Loading module '/bin/clock' (len=83048, base=0x200000)
[38319918219] [[35mTRACE[0m] [kernel::task::loader] [CPU0]   Header: [7f, 45, 4c, 46, 02, 01, 01, 00, 00, 00, 00, 00, 00, 00, 00, 00]
[38320944519] [[34mDEBUG[0m] [kernel::task::loader] [CPU0] LOADER: ELF info: entry=200000, min_vaddr=200000, bias=0, entry_pc=200000
[38321571750] [[35mTRACE[0m] [kernel::task::loader] [CPU0] Segment: vaddr=200000 exec=true
[38323618608] [[35mTRACE[0m] [kernel::task::loader] [CPU0]   COPIED at 0x201420: [48, 83, c4, 58, c3, cc, cc, cc]
[38324156178] [[34mDEBUG[0m] [kernel::syscall::handlers::process] [CPU3] sys_auxv_get: tid=12 buf_len=100
[38328679389] [[35mTRACE[0m] [kernel::task::loader] [CPU0] Segment: vaddr=20c000 exec=false
[38329894185] [[35mTRACE[0m] [kernel::task::loader] [CPU0] Segment: vaddr=20e000 exec=false
[38331464391] [[34mDEBUG[0m] [kernel::task::loader] [CPU0] LOADER: TLS block: tp=0x210000 filesz=0 memsz=0 align=1
[38335628562] [[32mINFO [0m] [wayland_hello] [CPU3] wayland_hello: connected to /run/wayland-0
[38336359677] [[34mDEBUG[0m] [bran::arch::x86_64::task] [CPU0] INIT KERNEL CTX: entry=0xffffffff800532f0 kstack_top=0xffffffffb01ba660 arg=0xffffffffb013dd60
[38336658756] [[35mTRACE[0m] [kernel::syscall::handlers::vfs] [CPU3] VFS: sys_fs_open path='/lib/libpistil.so' tid=12
[38337895761] [[34mDEBUG[0m] [kernel::sched] [CPU0] REGISTRY: Applying 1 deferred inserts
[38338438149] [[34mDEBUG[0m] [kernel::sched] [CPU0] REGISTRY: Inserting TID=13
[38339041290] [[34mDEBUG[0m] [kernel::sched] [CPU0] REGISTRY: Inserts applied
[38342120124] [[34mDEBUG[0m] [bloom::wayland] [CPU2] wayland-server: new client fd=17
[38342533977] [[34mDEBUG[0m] [kernel::sched::spawn] [CPU0] SCHED: TID 13 → task '/bin/clock' (pid=13 from boot module)
[38355472815] [[34mDEBUG[0m] [kernel::sched::spawn] [CPU1] USER_TRAMPOLINE: PC=0x200000 SP=0x800000 ARG0=0x0
[38356254288] [[34mDEBUG[0m] [bran::arch::x86_64] [CPU1] ENTER_USER: TID=13 entry_pc=200000 user_sp=800000
[38357853567] [[34mDEBUG[0m] [kernel::syscall::handlers::process] [CPU1] sys_auxv_get: tid=13 buf_len=0
[38359120239] [[34mDEBUG[0m] [kernel::syscall::handlers::process] [CPU1] sys_auxv_get: tid=13 buf_len=100
[38363814819] [[32mINFO [0m] [clock] [CPU1] clock: running at low scheduler priority tid=13
[38363695722] [[32mINFO [0m] [sprout::supervisor] [CPU0] SPROUT: Spawned clock (PID=13)
[38367080697] [[32mINFO [0m] [clock] [CPU1] clock: connected to /run/wayland-0
[38367180555] [[35mTRACE[0m] [sprout::supervisor] [CPU0] SPROUT: Loop iteration: spawn_leaf_if_ready
[38367972093] [[35mTRACE[0m] [kernel::syscall::handlers::vfs] [CPU1] VFS: sys_fs_open path='/lib/libpistil.so' tid=13
[38371518174] [[34mDEBUG[0m] [kernel::task::loader] [CPU0] LOADER: Loading module '/bin/leaf' (len=97432, base=0x200000)
[38372162928] [[35mTRACE[0m] [kernel::task::loader] [CPU0]   Header: [7f, 45, 4c, 46, 02, 01, 01, 00, 00, 00, 00, 00, 00, 00, 00, 00]
[38373187512] [[34mDEBUG[0m] [kernel::task::loader] [CPU0] LOADER: ELF info: entry=200000, min_vaddr=200000, bias=0, entry_pc=200000
[38373795702] [[35mTRACE[0m] [kernel::task::loader] [CPU0] Segment: vaddr=200000 exec=true
[38375952285] [[35mTRACE[0m] [kernel::task::loader] [CPU0]   COPIED at 0x201420: [4e, 8b, 44, 24, 2c, 89, 44, 24]
[38385122853] [[35mTRACE[0m] [kernel::task::loader] [CPU0] Segment: vaddr=20f000 exec=false
[38386927161] [[35mTRACE[0m] [kernel::task::loader] [CPU0] Segment: vaddr=212000 exec=false
[38388187101] [[34mDEBUG[0m] [kernel::task::loader] [CPU0] LOADER: TLS block: tp=0x213000 filesz=0 memsz=0 align=1
[38392509309] [[34mDEBUG[0m] [bran::arch::x86_64::task] [CPU0] INIT KERNEL CTX: entry=0xffffffff800532f0 kstack_top=0xffffffffb01d5820 arg=0xffffffffb0145060
[38393997114] [[34mDEBUG[0m] [kernel::sched] [CPU0] REGISTRY: Applying 1 deferred inserts
[38394541482] [[34mDEBUG[0m] [kernel::sched] [CPU0] REGISTRY: Inserting TID=14
[38395135185] [[34mDEBUG[0m] [kernel::sched] [CPU0] REGISTRY: Inserts applied
[38398682883] [[34mDEBUG[0m] [kernel::sched::spawn] [CPU0] SCHED: TID 14 → task '/bin/leaf' (pid=14 from boot module)
[38402939553] [[34mDEBUG[0m] [kernel::sched::spawn] [CPU2] USER_TRAMPOLINE: PC=0x200000 SP=0x800000 ARG0=0x0
[38404000470] [[34mDEBUG[0m] [bran::arch::x86_64] [CPU2] ENTER_USER: TID=14 entry_pc=200000 user_sp=800000
[38413098999] [[34mDEBUG[0m] [kernel::syscall::handlers::process] [CPU2] sys_auxv_get: tid=14 buf_len=0
[38413279608] [[32mINFO [0m] [sprout::supervisor] [CPU0] SPROUT: Spawned leaf (PID=14)
[38415104904] [[34mDEBUG[0m] [kernel::syscall::handlers::process] [CPU2] sys_auxv_get: tid=14 buf_len=100
[38417672205] [[35mTRACE[0m] [sprout::supervisor] [CPU0] SPROUT: Loop iteration: tick complete
[38419393947] [[32mINFO [0m] [leaf::thingos_app] [CPU2] leaf: starting
[38419556043] [[34mDEBUG[0m] [sprout::supervisor] [CPU0] SPROUT: ServiceLoop waiting for next event...
[38420701176] [[35mTRACE[0m] [kernel::syscall::handlers::vfs] [CPU2] VFS: sys_fs_open path='/share/fonts/unifont.hex' tid=14
[38513458995] [[35mTRACE[0m] [kernel::syscall::handlers::vfs] [CPU1] sys_fs_close: fd=3
[38515864530] [[32mINFO [0m] [cambium::catalog] [CPU1] DEVD CATALOG: registered driver '/drivers/virtio_sound' name='virtio_sound' class=Audio kind='dev.sound.Virtio' start='thingos_driver_start_safe'
[38517916734] [[35mTRACE[0m] [kernel::syscall::handlers::vfs] [CPU1] VFS: sys_fs_open path='/drivers/xhci' tid=7
[38521851588] [[35mTRACE[0m] [kernel::sched] [CPU0] SCHED-DBG: cpus_online=4
[38523691206] [[35mTRACE[0m] [kernel::sched] [CPU0] SCHED-DBG: cpu=0 curr=Some(0) runq=0 runq_avg=1 runq_samples=219 ctxsw=28 idle2busy=0 tick=100 ipi=2 enq=223 deq=222 wake=12 lock_miss=0 lock_pending=0 lock_blocked=0
[38525070606] [[35mTRACE[0m] [kernel::sched] [CPU0] SCHED-DBG: cpu=1 curr=Some(7) runq=1 runq_avg=0 runq_samples=76 ctxsw=17 idle2busy=1 tick=95 ipi=7 enq=25 deq=23 wake=16 lock_miss=0 lock_pending=0 lock_blocked=0
[38526384798] [[35mTRACE[0m] [kernel::sched] [CPU0] SCHED-DBG: cpu=2 curr=Some(14) runq=0 runq_avg=0 runq_samples=179 ctxsw=15 idle2busy=7 tick=141 ipi=5 enq=12 deq=11 wake=16 lock_miss=0 lock_pending=0 lock_blocked=0
[38527687242] [[35mTRACE[0m] [kernel::sched] [CPU0] SCHED-DBG: cpu=3 curr=Some(12) runq=1 runq_avg=0 runq_samples=377 ctxsw=150 idle2busy=74 tick=138 ipi=68 enq=171 deq=169 wake=148 lock_miss=0 lock_pending=0 lock_blocked=0
[38632839465] [[35mTRACE[0m] [kernel::syscall::handlers::vfs] [CPU3] sys_fs_close: fd=7
[38702986443] [[32mINFO [0m] [wayland_hello] [CPU3] wayland_hello: pistil text renderer loaded with default /share/fonts/Inter-Regular.ttf
[38758957050] [[35mTRACE[0m] [sprout::supervisor] [CPU0] SPROUT: Supervisor tick...
[38761356447] [[35mTRACE[0m] [sprout::supervisor] [CPU0] SPROUT: Loop iteration: spawn_bristle_if_needed
[38764000704] [[35mTRACE[0m] [sprout::supervisor] [CPU0] SPROUT: Loop iteration: spawn_display_if_needed
[38766618165] [[35mTRACE[0m] [sprout::supervisor] [CPU0] SPROUT: Loop iteration: spawn_bloom_if_ready
[38769332415] [[35mTRACE[0m] [sprout::supervisor] [CPU0] SPROUT: Loop iteration: spawn_wayland_hello_if_ready
[38771652546] [[35mTRACE[0m] [sprout::supervisor] [CPU0] SPROUT: Loop iteration: spawn_clock_if_ready
[38773447977] [[35mTRACE[0m] [sprout::supervisor] [CPU0] SPROUT: Loop iteration: spawn_leaf_if_ready
[38775185328] [[35mTRACE[0m] [sprout::supervisor] [CPU0] SPROUT: Loop iteration: tick complete
[38776817244] [[34mDEBUG[0m] [sprout::supervisor] [CPU0] SPROUT: ServiceLoop waiting for next event...
[38843143482] [[35mTRACE[0m] [kernel::syscall::handlers::vfs] [CPU1] sys_fs_close: fd=7
[38901735972] [[32mINFO [0m] [clock] [CPU1] clock: pistil DSEG7 text renderer loaded with /share/fonts/DSEG7Classic-Regular.ttf
[38902785768] [[32mINFO [0m] [clock] [CPU1] clock: pistil generic text renderer loaded with /share/fonts/Inter-Regular.ttf
[38907676302] [[35mTRACE[0m] [kernel::syscall::handlers::vfs] [CPU1] VFS: sys_fs_open path='/run/bristle/pid' tid=10
[38911169418] [[35mTRACE[0m] [kernel::syscall::handlers::vfs] [CPU1] sys_fs_close: fd=18
[38913972702] [[34mDEBUG[0m] [kernel::ipc::handles] [CPU1] ALLOC_HANDLE: handle=5 port_id=PortId(7) mode=Write
[38915956431] [[32mINFO [0m] [bloom::services::input_service] [CPU1] bloom: registered bristle pointer sink
[38917403613] [[34mDEBUG[0m] [kernel::vfs::provider] [CPU1] VFS_RPC: request op=DeviceCall len=48 tid=10
[38919917751] [[35mTRACE[0m] [kernel::syscall::handlers::vfs] [CPU1] sys_fs_close: fd=3
[38921805120] [[32mINFO [0m] [cambium::catalog] [CPU1] DEVD CATALOG: registered driver '/drivers/xhci' name='xhci' class=Block kind='dev.usb.Xhci' start='thingos_driver_start_safe'
[38923464690] [[32mINFO [0m] [cambium::catalog] [CPU1] DEVD CATALOG: 15 driver(s) found
[38924327442] [[35mTRACE[0m] [kernel::syscall::handlers::vfs] [CPU1] VFS: sys_fs_open path='/sys/device_snapshot' tid=7
[38925349188] [[34mDEBUG[0m] [kernel::vfs::sysfs] [CPU1] sysfs: lookup path='device_snapshot'
[38930345916] [[35mTRACE[0m] [kernel::syscall::handlers::vfs] [CPU1] sys_fs_close: fd=3
[38935345383] [[34mDEBUG[0m] [cambium] [CPU1] CAMBIUM: discovered device slot=pci-0000:00:00.0 kind=pci_device vendor=0x8086 device=0x29c0 class=0x060000 present=true
[38937479361] [[34mDEBUG[0m] [cambium] [CPU1] CAMBIUM: discovered device slot=pci-0000:00:01.0 kind=pci_device vendor=0x1af4 device=0x1050 class=0x030000 present=true
[38939294988] [[34mDEBUG[0m] [cambium] [CPU1] CAMBIUM: discovered device slot=pci-0000:00:02.0 kind=pci_device vendor=0x1af4 device=0x1000 class=0x020000 present=true
[38940450384] [[34mDEBUG[0m] [cambium] [CPU1] CAMBIUM: isolation mode skipping driver '/drivers/virtio_netd' class=Net for pci-0000:00:02.0
[38941178529] [[34mDEBUG[0m] [cambium] [CPU1] CAMBIUM: discovered device slot=pci-0000:00:03.0 kind=pci_device vendor=0x1af4 device=0x1059 class=0x040100 present=true
[38942394645] [[34mDEBUG[0m] [cambium] [CPU1] CAMBIUM: isolation mode skipping driver '/drivers/virtio_sound' class=Audio for pci-0000:00:03.0
[38943076326] [[34mDEBUG[0m] [cambium] [CPU1] CAMBIUM: discovered device slot=pci-0000:00:1f.0 kind=pci_device vendor=0x8086 device=0x2918 class=0x060100 present=true
[38944510770] [[34mDEBUG[0m] [cambium] [CPU1] CAMBIUM: discovered device slot=pci-0000:00:1f.2 kind=pci_device vendor=0x8086 device=0x2922 class=0x010601 present=true
[38946203637] [[35mTRACE[0m] [kernel::syscall::handlers::vfs] [CPU1] VFS: sys_fs_open path='/sys/devices/pci-0000:00:1f.2/status' tid=7
[38947164597] [[34mDEBUG[0m] [kernel::vfs::sysfs] [CPU1] sysfs: lookup path='devices/pci-0000:00:1f.2/status'
[38948330454] [[34mDEBUG[0m] [kernel::vfs::sysfs] [CPU1] sysfs: matched device file 'pci-0000:00:1f.2/status'
[38949798723] [[35mTRACE[0m] [kernel::syscall::handlers::vfs] [CPU1] sys_fs_close: fd=3
[38963073204] [[34mDEBUG[0m] [kernel::sched::spawn] [CPU1] SPAWN: page cache miss for '/drivers/ahci_disk', caching 53784 bytes
[38964263217] [[34mDEBUG[0m] [kernel::task::loader] [CPU1] LOADER: Loading module 'ahci_disk' (len=53784, base=0x200000)
[38964862464] [[35mTRACE[0m] [kernel::task::loader] [CPU1]   Header: [7f, 45, 4c, 46, 02, 01, 01, 03, 00, 00, 00, 00, 00, 00, 00, 00]
[38965943346] [[34mDEBUG[0m] [kernel::task::loader] [CPU1] LOADER: ELF info: entry=200000, min_vaddr=200000, bias=0, entry_pc=200000
[38966596251] [[35mTRACE[0m] [kernel::task::loader] [CPU1] Segment: vaddr=200000 exec=true
[38968903281] [[35mTRACE[0m] [kernel::task::loader] [CPU1]   COPIED at 0x201420: [24, 0c, e8, 59, 0e, 00, 00, bf]
[38971874007] [[35mTRACE[0m] [kernel::task::loader] [CPU1] Segment: vaddr=207000 exec=false
[38972903178] [[35mTRACE[0m] [kernel::task::loader] [CPU1] Segment: vaddr=208000 exec=false
[38974009602] [[34mDEBUG[0m] [kernel::task::loader] [CPU1] LOADER: TLS block: tp=0x209000 filesz=0 memsz=0 align=1
[38983651113] [[34mDEBUG[0m] [kernel::sched::spawn] [CPU1] SPAWN: driver entrypoint override 'thingos_driver_start_safe' => VA 0x201000 + bias 0x0 = PC 0x201000
[38984926992] [[34mDEBUG[0m] [kernel::sched::spawn] [CPU1] SPAWN_FROM_PATH: Starting Phase 1 for /drivers/ahci_disk
[38989095519] [[34mDEBUG[0m] [bran::arch::x86_64::task] [CPU1] INIT KERNEL CTX: entry=0xffffffff800532f0 kstack_top=0xffffffffb0250b60 arg=0xffffffffb01dea00
[38991499437] [[34mDEBUG[0m] [kernel::sched::spawn] [CPU1] SPAWN_FROM_PATH: Phase 1 complete, ID=15, applying inserts
[38992277148] [[34mDEBUG[0m] [kernel::sched] [CPU1] REGISTRY: Applying 1 deferred inserts
[38992926225] [[34mDEBUG[0m] [kernel::sched] [CPU1] REGISTRY: Inserting TID=15
[38993837454] [[34mDEBUG[0m] [kernel::sched] [CPU1] REGISTRY: Inserts applied
[38994662718] [[34mDEBUG[0m] [kernel::sched::spawn] [CPU1] SPAWN_FROM_PATH: Inserts applied, entering Phase 2
[38996942787] [[34mDEBUG[0m] [kernel::sched::spawn] [CPU1] SETUP_STDIO: stdin=Inherit stdout=Inherit stderr=Inherit
[39001282782] [[34mDEBUG[0m] [kernel::sched::spawn] [CPU1] SPAWN_FROM_PATH: Phase 2 complete, waking task 15
[39003040032] [[34mDEBUG[0m] [kernel::sched::spawn] [CPU1] SPAWN_FROM_PATH: Task 15 woken, restoring IRQs
[39003810417] [[34mDEBUG[0m] [kernel::sched::spawn] [CPU1] SPAWN_FROM_PATH: Done for /drivers/ahci_disk
[39005069928] [[34mDEBUG[0m] [kernel::syscall::handlers::process] [CPU1] SYSCALL SPAWN_PROCESS_EX: name='/drivers/ahci_disk' TID=15 PID=15
[39007049598] [[34mDEBUG[0m] [kernel::sched::spawn] [CPU3] USER_TRAMPOLINE: PC=0x201000 SP=0x800000 ARG0=0x3
[39007767777] [[34mDEBUG[0m] [bran::arch::x86_64] [CPU3] ENTER_USER: TID=15 entry_pc=201000 user_sp=800000
[39009395337] [[34mDEBUG[0m] [kernel::syscall::handlers::process] [CPU3] sys_auxv_get: tid=15 buf_len=0
[39010703556] [[34mDEBUG[0m] [kernel::syscall::handlers::process] [CPU3] sys_auxv_get: tid=15 buf_len=100
[39010744938] [[34mDEBUG[0m] [cambium::spawn] [CPU1] CAMBIUM: launched driver /drivers/ahci_disk for pci-0000:00:1f.2 (entry='thingos_driver_start_safe', pid=15)
[39013145226] [[32mINFO [0m] [ahci_disk] [CPU3] AHCI: Starting AHCI VFS driver
[39013469385] [[34mDEBUG[0m] [cambium::spawn] [CPU1] CAMBIUM: sent DRIVER_READY to Sprout (pid=5) for driver pid=15
[39014511591] [[34mDEBUG[0m] [cambium] [CPU1] CAMBIUM: discovered device slot=pci-0000:00:1f.3 kind=pci_device vendor=0x8086 device=0x2930 class=0x0c0500 present=true
[39015495816] [[34mDEBUG[0m] [cambium] [CPU1] CAMBIUM: discovered device slot=isa-0070 kind=dev.rtc.Cmos vendor=0x0000 device=0x0000 class=0x000000 present=true
[39017564916] [[35mTRACE[0m] [kernel::syscall::handlers::vfs] [CPU1] VFS: sys_fs_open path='/sys/devices/isa-0070/status' tid=7
[39018901515] [[34mDEBUG[0m] [kernel::vfs::sysfs] [CPU1] sysfs: lookup path='devices/isa-0070/status'
[39020217456] [[34mDEBUG[0m] [kernel::vfs::sysfs] [CPU1] sysfs: matched device file 'isa-0070/status'
[39021882735] [[35mTRACE[0m] [kernel::syscall::handlers::vfs] [CPU1] sys_fs_close: fd=4
[39024991896] [[35mTRACE[0m] [kernel::syscall::handlers::socket] [CPU0] RECVMSG: thing=4 data_len=40 caps_len=0 node=Pointer { addr: 0xffffffffb0240b10, metadata: DynMetadata(0xffffffff802c7ed0) }
[39028951764] [[34mDEBUG[0m] [sprout::supervisor] [CPU0] SPROUT: DRIVER_READY from PID 15 — no matching ManagedTask (already exited?)
[39030284634] [[34mDEBUG[0m] [kernel::sched::spawn] [CPU1] SPAWN: page cache miss for '/drivers/rtc_cmos', caching 45904 bytes
[39031359840] [[34mDEBUG[0m] [kernel::task::loader] [CPU1] LOADER: Loading module 'rtc_cmos' (len=45904, base=0x200000)
[39031948659] [[35mTRACE[0m] [kernel::task::loader] [CPU1]   Header: [7f, 45, 4c, 46, 02, 01, 01, 03, 00, 00, 00, 00, 00, 00, 00, 00]
[39032955126] [[34mDEBUG[0m] [kernel::task::loader] [CPU1] LOADER: ELF info: entry=200000, min_vaddr=200000, bias=0, entry_pc=200000
[39033447585] [[35mTRACE[0m] [kernel::task::loader] [CPU1] Segment: vaddr=200000 exec=true
[39035855562] [[35mTRACE[0m] [kernel::task::loader] [CPU1]   COPIED at 0x201420: [0f, 84, ea, 03, 00, 00, b8, 00]
[39037335150] [[34mDEBUG[0m] [sprout::supervisor] [CPU0] SPROUT: ServiceLoop waiting for next event...
[39038184504] [[35mTRACE[0m] [kernel::task::loader] [CPU1] Segment: vaddr=206000 exec=false
[39039096393] [[35mTRACE[0m] [kernel::task::loader] [CPU1] Segment: vaddr=207000 exec=false
[39040115730] [[34mDEBUG[0m] [kernel::task::loader] [CPU1] LOADER: TLS block: tp=0x208000 filesz=0 memsz=0 align=1
[39044913072] [[34mDEBUG[0m] [kernel::sched::spawn] [CPU1] SPAWN: driver entrypoint override 'thingos_driver_start_safe' => VA 0x201000 + bias 0x0 = PC 0x201000
[39045946236] [[34mDEBUG[0m] [kernel::sched::spawn] [CPU1] SPAWN_FROM_PATH: Starting Phase 1 for /drivers/rtc_cmos
[39046794567] [[34mDEBUG[0m] [bran::arch::x86_64::task] [CPU1] INIT KERNEL CTX: entry=0xffffffff800532f0 kstack_top=0xffffffffb027bec0 arg=0xffffffffb01f5fc0
[39048236568] [[35mTRACE[0m] [display_virtio_gpu] [CPU3] display_virtio_gpu: VFS RPC op=DeviceCall
[39049094040] [[35mTRACE[0m] [display_virtio_gpu] [CPU3] DISP: DISPLAY_OP_GET_INFO requested
[39049260261] [[34mDEBUG[0m] [kernel::sched::spawn] [CPU1] SPAWN_FROM_PATH: Phase 1 complete, ID=16, applying inserts
[39049704771] [[35mTRACE[0m] [display_virtio_gpu] [CPU3] DISP: Returning dimensions 1280x800
[39050293755] [[34mDEBUG[0m] [kernel::sched] [CPU1] REGISTRY: Applying 1 deferred inserts
[39050906202] [[34mDEBUG[0m] [kernel::sched] [CPU1] REGISTRY: Inserting TID=16
[39051021405] [[35mTRACE[0m] [display_virtio_gpu] [CPU3] display_virtio_gpu: VFS RPC response begin op=DeviceCall req_id=6
[39051722787] [[34mDEBUG[0m] [kernel::sched] [CPU1] REGISTRY: Inserts applied
[39052685562] [[34mDEBUG[0m] [kernel::sched::spawn] [CPU1] SPAWN_FROM_PATH: Inserts applied, entering Phase 2
[39054053280] [[35mTRACE[0m] [display_virtio_gpu] [CPU3] display_virtio_gpu: VFS RPC response sent op=DeviceCall req_id=6
[39055958403] [[34mDEBUG[0m] [kernel::sched::spawn] [CPU1] SETUP_STDIO: stdin=Inherit stdout=Inherit stderr=Inherit
[39061051128] [[34mDEBUG[0m] [kernel::sched::spawn] [CPU1] SPAWN_FROM_PATH: Phase 2 complete, waking task 16
[39062947473] [[34mDEBUG[0m] [kernel::sched::spawn] [CPU1] SPAWN_FROM_PATH: Task 16 woken, restoring IRQs
[39063532497] [[34mDEBUG[0m] [kernel::sched::spawn] [CPU1] SPAWN_FROM_PATH: Done for /drivers/rtc_cmos
[39064362348] [[34mDEBUG[0m] [kernel::syscall::handlers::process] [CPU1] SYSCALL SPAWN_PROCESS_EX: name='/drivers/rtc_cmos' TID=16 PID=16
[39067144149] [[34mDEBUG[0m] [cambium::spawn] [CPU1] CAMBIUM: launched driver /drivers/rtc_cmos for isa-0070 (entry='thingos_driver_start_safe', pid=16)
[39069133983] [[34mDEBUG[0m] [cambium::spawn] [CPU1] CAMBIUM: sent DRIVER_READY to Sprout (pid=5) for driver pid=16
[39070008615] [[34mDEBUG[0m] [cambium] [CPU1] CAMBIUM: discovered device slot=isa-0060 kind=drv.Ps2Keyboard vendor=0x0000 device=0x0000 class=0x000000 present=true
[39070536978] [[34mDEBUG[0m] [kernel::syscall::handlers::device] [CPU3] DEVICE: task 15 claimed device 'pci-0000:00:1f.2' (handle 1)
[39070882983] [[35mTRACE[0m] [kernel::syscall::handlers::vfs] [CPU1] VFS: sys_fs_open path='/sys/devices/isa-0060/status' tid=7
[39072027390] [[34mDEBUG[0m] [kernel::vfs::sysfs] [CPU1] sysfs: lookup path='devices/isa-0060/status'
[39072509685] [[32mINFO [0m] [ahci_disk] [CPU3] AHCI: Claimed device /sys/devices/pci-0000:00:1f.2
[39073532190] [[34mDEBUG[0m] [kernel::syscall::handlers::device] [CPU3] DEVICE: mapping BAR5 (phys=0x80880000, size=0x1000) for task 15
[39073566642] [[34mDEBUG[0m] [kernel::vfs::sysfs] [CPU1] sysfs: matched device file 'isa-0060/status'
[39074619243] [[34mDEBUG[0m] [kernel::syscall::handlers::device] [CPU3] DEVICE: Mapped BAR5 phys=0x80880000 size=0x1000 -> virt=0x1001e000
[39075336267] [[35mTRACE[0m] [kernel::syscall::handlers::socket] [CPU0] RECVMSG: thing=4 data_len=40 caps_len=0 node=Pointer { addr: 0xffffffffb0240b10, metadata: DynMetadata(0xffffffff802c7ed0) }
[39076947855] [[34mDEBUG[0m] [kernel::syscall::handlers::device] [CPU3] DEVICE: DMA alloc 1 pages phys=0x3976000 -> user_va=0x1001f000
[39077200041] [[34mDEBUG[0m] [kernel::sched::spawn] [CPU1] USER_TRAMPOLINE: PC=0x201000 SP=0x800000 ARG0=0x4
[39077997519] [[34mDEBUG[0m] [bran::arch::x86_64] [CPU1] ENTER_USER: TID=16 entry_pc=201000 user_sp=800000
[39078995868] [[34mDEBUG[0m] [kernel::syscall::handlers::process] [CPU1] sys_auxv_get: tid=16 buf_len=0
[39080061009] [[34mDEBUG[0m] [kernel::syscall::handlers::process] [CPU1] sys_auxv_get: tid=16 buf_len=100
[39081920823] [[34mDEBUG[0m] [kernel::ipc] [CPU3] CREATE_PORT: capacity=65536
[39082553037] [[34mDEBUG[0m] [kernel::ipc] [CPU3] CREATE_PORT: appended id=PortId(10)
[39083519211] [[34mDEBUG[0m] [rtc_cmos] [CPU1] whoami: cs=0x2b ss=0x23 cpl=3 rsp=0x7ffef0 rip=0x201c27 rflags=0x206
[39083905377] [[34mDEBUG[0m] [kernel::ipc::handles] [CPU3] ALLOC_HANDLE: handle=1 port_id=PortId(10) mode=Write
[39084285207] [[34mDEBUG[0m] [rtc_cmos] [CPU1] Starting... arg=4
[39084959034] [[34mDEBUG[0m] [kernel::ipc::handles] [CPU3] ALLOC_HANDLE: handle=2 port_id=PortId(10) mode=Read
[39091320906] [[34mDEBUG[0m] [kernel::ipc] [CPU3] CREATE_PORT: capacity=262400
[39091710636] [[34mDEBUG[0m] [kernel::ipc] [CPU3] CREATE_PORT: appended id=PortId(11)
[39092213160] [[34mDEBUG[0m] [kernel::ipc::handles] [CPU3] ALLOC_HANDLE: handle=3 port_id=PortId(11) mode=Write
[39095392776] [[34mDEBUG[0m] [kernel::syscall::handlers::vfs] [CPU3] vfs: mounted userland provider at /dev/storage/atapi2 (flags: 0x0) port=0xffffffffb01f8a10
[39096345915] [[32mINFO [0m] [ahci_disk] [CPU3] AHCI: Mounted atapi2 at /dev/storage/atapi2
[39097061850] [[32mINFO [0m] [ahci_disk] [CPU3] AHCI: Provider loop online at /dev/storage/atapi2
[39100758972] [[34mDEBUG[0m] [sprout::supervisor] [CPU0] SPROUT: DRIVER_READY from PID 16 — no matching ManagedTask (already exited?)
[39102706566] [[34mDEBUG[0m] [sprout::supervisor] [CPU0] SPROUT: ServiceLoop waiting for next event...
[39105309111] [[35mTRACE[0m] [kernel::syscall::handlers::socket] [CPU2] RECVMSG: thing=3 data_len=22 caps_len=0 node=Pointer { addr: 0xffffffffb00d8d10, metadata: DynMetadata(0xffffffff802c7ed0) }
[39109038309] [[32mINFO [0m] [bristle] [CPU2] bristle: bloom sink registered (handle=5 mask=0x03)
[39111645573] [[34mDEBUG[0m] [kernel::syscall::handlers::device] [CPU1] DEVICE: task 16 claimed device 'isa-0070' (handle 2)
[39112968939] [[32mINFO [0m] [rtc_cmos] [CPU1] RTC: claimed /sys/devices/isa-0070 (handle=2)
[39132996144] [[32mINFO [0m] [rtc_cmos] [CPU1] RTC: 2026-05-01 23:20:29 = 1777677629 unix_secs
[39134152794] [[32mINFO [0m] [kernel::time] [CPU1] System clock anchored: unix_secs=1777677629, mono_ns=19566927930, offset=1777677609433072070ns
[39134919780] [[32mINFO [0m] [rtc_cmos] [CPU1] RTC: System clock anchored to 1777677629 unix_secs
[39135716895] [[34mDEBUG[0m] [rtc_cmos] [CPU1] RTC: Entering maintenance loop.
[39143931684] [[32mINFO [0m] [kernel::time] [CPU0] System clock tick: utc=2026-05-01 23:20:29.004248948 unix_secs=1777677629.004248948
[39155144094] [[34mDEBUG[0m] [kernel::vfs::provider] [CPU1] VFS_RPC: response op=DeviceCall id=6 -> OK(48)
[39160451286] [[35mTRACE[0m] [kernel::syscall::handlers::vfs] [CPU1] sys_fs_close: fd=5
[39173587794] [[34mDEBUG[0m] [kernel::sched::spawn] [CPU1] SPAWN: page cache miss for '/drivers/ps2_kbd', caching 72264 bytes
[39175160970] [[34mDEBUG[0m] [kernel::task::loader] [CPU1] LOADER: Loading module 'ps2_kbd' (len=72264, base=0x200000)
[39175792986] [[35mTRACE[0m] [kernel::task::loader] [CPU1]   Header: [7f, 45, 4c, 46, 02, 01, 01, 03, 00, 00, 00, 00, 00, 00, 00, 00]
[39176981844] [[34mDEBUG[0m] [kernel::task::loader] [CPU1] LOADER: ELF info: entry=200000, min_vaddr=200000, bias=0, entry_pc=200000
[39177935478] [[35mTRACE[0m] [kernel::task::loader] [CPU1] Segment: vaddr=200000 exec=true
[39180690714] [[35mTRACE[0m] [kernel::task::loader] [CPU1]   COPIED at 0x201420: [83, ff, 06, 77, 46, 48, 8d, 15]
[39185624841] [[35mTRACE[0m] [kernel::task::loader] [CPU1] Segment: vaddr=209000 exec=false
[39187788750] [[35mTRACE[0m] [kernel::task::loader] [CPU1] Segment: vaddr=20c000 exec=false
[39189569100] [[34mDEBUG[0m] [kernel::task::loader] [CPU1] LOADER: TLS block: tp=0x20d000 filesz=0 memsz=0 align=1
[39195680898] [[34mDEBUG[0m] [kernel::sched::spawn] [CPU1] SPAWN: driver entrypoint override 'thingos_driver_start_safe' => VA 0x201000 + bias 0x0 = PC 0x201000
[39196882164] [[34mDEBUG[0m] [kernel::sched::spawn] [CPU1] SPAWN_FROM_PATH: Starting Phase 1 for /drivers/ps2_kbd
[39198116859] [[34mDEBUG[0m] [bran::arch::x86_64::task] [CPU1] INIT KERNEL CTX: entry=0xffffffff800532f0 kstack_top=0xffffffffb02bbec0 arg=0xffffffffb01f9200
[39200495994] [[34mDEBUG[0m] [kernel::sched::spawn] [CPU1] SPAWN_FROM_PATH: Phase 1 complete, ID=17, applying inserts
[39201710691] [[34mDEBUG[0m] [kernel::sched] [CPU1] REGISTRY: Applying 1 deferred inserts
[39203265024] [[34mDEBUG[0m] [kernel::sched] [CPU1] REGISTRY: Inserting TID=17
[39204327129] [[34mDEBUG[0m] [kernel::sched] [CPU1] REGISTRY: Inserts applied
[39205029369] [[34mDEBUG[0m] [kernel::sched::spawn] [CPU1] SPAWN_FROM_PATH: Inserts applied, entering Phase 2
[39207082266] [[34mDEBUG[0m] [kernel::sched::spawn] [CPU1] SETUP_STDIO: stdin=Inherit stdout=Inherit stderr=Inherit
[39211470111] [[34mDEBUG[0m] [kernel::sched::spawn] [CPU1] SPAWN_FROM_PATH: Phase 2 complete, waking task 17
[39213642897] [[34mDEBUG[0m] [kernel::sched::spawn] [CPU1] SPAWN_FROM_PATH: Task 17 woken, restoring IRQs
[39214488852] [[34mDEBUG[0m] [kernel::sched::spawn] [CPU1] SPAWN_FROM_PATH: Done for /drivers/ps2_kbd
[39215119185] [[34mDEBUG[0m] [kernel::syscall::handlers::process] [CPU1] SYSCALL SPAWN_PROCESS_EX: name='/drivers/ps2_kbd' TID=17 PID=17
[39216955569] [[34mDEBUG[0m] [cambium::spawn] [CPU1] CAMBIUM: launched driver /drivers/ps2_kbd for isa-0060 (entry='thingos_driver_start_safe', pid=17)
[39218804163] [[34mDEBUG[0m] [cambium::spawn] [CPU1] CAMBIUM: sent DRIVER_READY to Sprout (pid=5) for driver pid=17
[39219660645] [[34mDEBUG[0m] [cambium] [CPU1] CAMBIUM: discovered device slot=isa-0064 kind=drv.Ps2Mouse vendor=0x0000 device=0x0000 class=0x000000 present=true
[39220507491] [[35mTRACE[0m] [kernel::syscall::handlers::vfs] [CPU1] VFS: sys_fs_open path='/sys/devices/isa-0064/status' tid=7
[39221511285] [[34mDEBUG[0m] [kernel::vfs::sysfs] [CPU1] sysfs: lookup path='devices/isa-0064/status'
[39223044927] [[34mDEBUG[0m] [kernel::vfs::sysfs] [CPU1] sysfs: matched device file 'isa-0064/status'
[39224494155] [[35mTRACE[0m] [kernel::syscall::handlers::vfs] [CPU1] sys_fs_close: fd=6
[39227920281] [[35mTRACE[0m] [kernel::syscall::handlers::socket] [CPU0] RECVMSG: thing=4 data_len=40 caps_len=0 node=Pointer { addr: 0xffffffffb0240b10, metadata: DynMetadata(0xffffffff802c7ed0) }
[39230938296] [[34mDEBUG[0m] [sprout::supervisor] [CPU0] SPROUT: DRIVER_READY from PID 17 — no matching ManagedTask (already exited?)
[39232648818] [[34mDEBUG[0m] [sprout::supervisor] [CPU0] SPROUT: ServiceLoop waiting for next event...
[39235303503] [[34mDEBUG[0m] [kernel::sched::spawn] [CPU1] SPAWN: page cache miss for '/drivers/ps2_mouse', caching 71096 bytes
[39236327097] [[34mDEBUG[0m] [kernel::task::loader] [CPU1] LOADER: Loading module 'ps2_mouse' (len=71096, base=0x200000)
[39236758374] [[35mTRACE[0m] [kernel::task::loader] [CPU1]   Header: [7f, 45, 4c, 46, 02, 01, 01, 03, 00, 00, 00, 00, 00, 00, 00, 00]
[39237683892] [[34mDEBUG[0m] [kernel::task::loader] [CPU1] LOADER: ELF info: entry=200000, min_vaddr=200000, bias=0, entry_pc=200000
[39238264857] [[35mTRACE[0m] [kernel::task::loader] [CPU1] Segment: vaddr=200000 exec=true
[39240468267] [[35mTRACE[0m] [kernel::task::loader] [CPU1]   COPIED at 0x201420: [83, f8, 02, 75, 1a, b8, 0b, 10]
[39246420774] [[35mTRACE[0m] [kernel::task::loader] [CPU1] Segment: vaddr=209000 exec=false
[39248379984] [[35mTRACE[0m] [kernel::task::loader] [CPU1] Segment: vaddr=20c000 exec=false
[39249785454] [[34mDEBUG[0m] [kernel::task::loader] [CPU1] LOADER: TLS block: tp=0x20d000 filesz=0 memsz=0 align=1
[39255924873] [[34mDEBUG[0m] [kernel::sched::spawn] [CPU1] SPAWN: driver entrypoint override 'thingos_driver_start_safe' => VA 0x201000 + bias 0x0 = PC 0x201000
[39256933221] [[34mDEBUG[0m] [kernel::sched::spawn] [CPU1] SPAWN_FROM_PATH: Starting Phase 1 for /drivers/ps2_mouse
[39258137391] [[34mDEBUG[0m] [bran::arch::x86_64::task] [CPU1] INIT KERNEL CTX: entry=0xffffffff800532f0 kstack_top=0xfff
[hunter] desktop ready; starting random actions in session 0025
fffffb0ae8e40 arg=0xffffffffb026bd60
[39265129761] [[34mDEBUG[0m] [kernel::sched::spawn] [CPU1] SPAWN_FROM_PATH: Phase 1 complete, ID=18, applying inserts
[39266082207] [[34mDEBUG[0m] [kernel::sched] [CPU1] REGISTRY: Applying 1 deferred inserts
[39266809626] [[34mDEBUG[0m] [kernel::sched] [CPU1] REGISTRY: Inserting TID=18
[39267974262] [[34mDEBUG[0m] [kernel::sched] [CPU1] REGISTRY: Inserts applied
[39269233608] [[34mDEBUG[0m] [kernel::sched::spawn] [CPU1] SPAWN_FROM_PATH: Inserts applied, entering Phase 2
[39271325643] [[34mDEBUG[0m] [kernel::sched::spawn] [CPU1] SETUP_STDIO: stdin=Inherit stdout=Inherit stderr=Inherit
[39275866608] [[34mDEBUG[0m] [kernel::sched::spawn] [CPU1] SPAWN_FROM_PATH: Phase 2 complete, waking task 18
[39277597821] [[34mDEBUG[0m] [kernel::sched::spawn] [CPU1] SPAWN_FROM_PATH: Task 18 woken, restoring IRQs
[39278198124] [[34mDEBUG[0m] [kernel::sched::spawn] [CPU1] SPAWN_FROM_PATH: Done for /drivers/ps2_mouse
[39278810538] [[34mDEBUG[0m] [kernel::syscall::handlers::process] [CPU1] SYSCALL SPAWN_PROCESS_EX: name='/drivers/ps2_mouse' TID=18 PID=18
[39278864064] [[34mDEBUG[0m] [kernel::sched::spawn] [CPU3] USER_TRAMPOLINE: PC=0x201000 SP=0x800000 ARG0=0x6
[39280111959] [[34mDEBUG[0m] [bran::arch::x86_64] [CPU3] ENTER_USER: TID=18 entry_pc=201000 user_sp=800000
[39282441891] [[34mDEBUG[0m] [cambium::spawn] [CPU1] CAMBIUM: launched driver /drivers/ps2_mouse for isa-0064 (entry='thingos_driver_start_safe', pid=18)
[39289625001] [[34mDEBUG[0m] [cambium::spawn] [CPU1] CAMBIUM: sent DRIVER_READY to Sprout (pid=5) for driver pid=18
[39290972754] [[34mDEBUG[0m] [cambium] [CPU1] CAMBIUM: discovered device slot=isa-01f0 kind=dev.storage.ata vendor=0x0000 device=0x0000 class=0x000000 present=true
[39293426172] [[35mTRACE[0m] [kernel::syscall::handlers::socket] [CPU0] RECVMSG: thing=4 data_len=40 caps_len=0 node=Pointer { addr: 0xffffffffb0240b10, metadata: DynMetadata(0xffffffff802c7ed0) }
[39294691293] [[35mTRACE[0m] [kernel::syscall::handlers::vfs] [CPU1] VFS: sys_fs_open path='/proc/17/job_observer' tid=7
[39296147847] [[34mDEBUG[0m] [kernel::syscall::handlers::process] [CPU3] sys_auxv_get: tid=18 buf_len=0
[39312900297] [[34mDEBUG[0m] [kernel::syscall::handlers::process] [CPU3] sys_auxv_get: tid=18 buf_len=100
[39318524520] [[34mDEBUG[0m] [sprout::supervisor] [CPU0] SPROUT: DRIVER_READY from PID 18 �� no matching ManagedTask (already exited?)
[39320072979] [[35mTRACE[0m] [kernel::syscall::handlers::vfs] [CPU1] sys_fs_close: fd=7
[39320595798] [[34mDEBUG[0m] [sprout::supervisor] [CPU0] SPROUT: ServiceLoop waiting for next event...
[39321635034] [[35mTRACE[0m] [kernel::syscall::handlers::vfs] [CPU1] VFS: sys_fs_open path='/proc/18/job_observer' tid=7
[39324549198] [[34mDEBUG[0m] [ps2_mouse] [CPU3] ps2_mouse: online — waiting for bristle pid
[39326551968] [[35mTRACE[0m] [kernel::syscall::handlers::vfs] [CPU3] VFS: sys_fs_open path='/run/bristle/pid' tid=18
[39329470224] [[35mTRACE[0m] [kernel::syscall::handlers::vfs] [CPU3] VFS: sys_fs_open path='/run/bristle/pid' tid=18
[39330162069] [[35mTRACE[0m] [kernel::syscall::handlers::vfs] [CPU1] sys_fs_close: fd=7
[39331536156] [[35mTRACE[0m] [kernel::syscall::handlers::vfs] [CPU1] VFS: sys_fs_open path='/proc/16/job_observer' tid=7
[39331978356] [[35mTRACE[0m] [kernel::syscall::handlers::vfs] [CPU3] sys_fs_close: fd=8
[39337521432] [[32mINFO [0m] [ps2_mouse] [CPU3] ps2_mouse: bristle pid=8
[39338376132] [[34mDEBUG[0m] [ps2_mouse] [CPU3] ps2_mouse: enabling aux port
[39341239278] [[35mTRACE[0m] [kernel::syscall::handlers::vfs] [CPU1] sys_fs_close: fd=7
[39342409788] [[35mTRACE[0m] [kernel::syscall::handlers::vfs] [CPU1] VFS: sys_fs_open path='/proc/15/job_observer' tid=7
[39350349126] [[35mTRACE[0m] [kernel::syscall::handlers::vfs] [CPU1] sys_fs_close: fd=7
[39351407865] [[35mTRACE[0m] [kernel::syscall::handlers::vfs] [CPU1] VFS: sys_fs_open path='/proc/self/inbox' tid=7
[39355560981] [[34mDEBUG[0m] [kernel::vfs::sysfs] [CPU1] sysfs: lookup path='devices'
[39362564010] [[35mTRACE[0m] [bran::arch::x86_64::idt] [CPU0] PS/2 byte received: 0x47 (is_aux=false)
[39364915161] [[34mDEBUG[0m] [bran::arch::x86_64::idt] [CPU0] PS/2 keyboard NMI fired (count=1)
[39365613177] [[35mTRACE[0m] [kernel::irq::ps2] [CPU3] PS/2 take_scancode: popped 0x47 (is_aux=false)
[39367223214] [[34mDEBUG[0m] [ps2_mouse] [CPU3] ps2_mouse: controller cfg already correct (0x47)
[39367869420] [[34mDEBUG[0m] [ps2_mouse] [CPU3] ps2_mouse: sending RESET (0xFF)
[39370607727] [[35mTRACE[0m] [bran::arch::x86_64::idt] [CPU0] PS/2 byte received: 0xfa (is_aux=true)
[39371271357] [[35mTRACE[0m] [kernel::irq::ps2] [CPU3] PS/2 take_scancode: popped 0xfa (is_aux=true)
[39371165592] [[35mTRACE[0m] [bran::arch::x86_64::idt] [CPU1] PS/2 byte received: 0xaa (is_aux=true)
[39371265483] [[35mTRACE[0m] [bran::arch::x86_64::idt] [CPU0] PS/2 byte received: 0x00 (is_aux=true)
[39372275613] [[34mDEBUG[0m] [ps2_mouse] [CPU3] ps2_mouse: reset ACK received (0xfa)
[39373903074] [[35mTRACE[0m] [kernel::irq::ps2] [CPU3] PS/2 take_scancode: popped 0xaa (is_aux=true)
[39375388998] [[35mTRACE[0m] [kernel::irq::ps2] [CPU3] PS/2 take_scancode: popped 0x00 (is_aux=true)
[39376629336] [[34mDEBUG[0m] [ps2_mouse] [CPU3] ps2_mouse: BAT passed (0xaa), ID 0x00 confirmed
[39377492880] [[34mDEBUG[0m] [ps2_mouse] [CPU3] ps2_mouse: requesting sample rate 60 Hz
[39387670575] [[35mTRACE[0m] [bran::arch::x86_64::idt] [CPU0] PS/2 byte received: 0xfa (is_aux=true)
[39389593188] [[35mTRACE[0m] [kernel::irq::ps2] [CPU3] PS/2 take_scancode: popped 0xfa (is_aux=true)
[39392399310] [[35mTRACE[0m] [bran::arch::x86_64::idt] [CPU0] PS/2 byte received: 0xfa (is_aux=true)
[39394252689] [[35mTRACE[0m] [kernel::irq::ps2] [CPU3] PS/2 take_scancode: popped 0xfa (is_aux=true)
[39395404818] [[32mINFO [0m] [ps2_mouse] [CPU3] ps2_mouse: sample rate set to 60 Hz
[39396963672] [[34mDEBUG[0m] [ps2_mouse] [CPU3] ps2_mouse: setting resolution (3)
[39399181734] [[35mTRACE[0m] [bran::arch::x86_64::idt] [CPU0] PS/2 byte received: 0xfa (is_aux=true)
[39401016303] [[35mTRACE[0m] [kernel::irq::ps2] [CPU3] PS/2 take_scancode: popped 0xfa (is_aux=true)
[39403457676] [[35mTRACE[0m] [bran::arch::x86_64::idt] [CPU0] PS/2 byte received: 0xfa (is_aux=true)
[39405350490] [[35mTRACE[0m] [kernel::irq::ps2] [CPU3] PS/2 take_scancode: popped 0xfa (is_aux=true)
[39415884387] [[35mTRACE[0m] [bran::arch::x86_64::idt] [CPU0] PS/2 byte received: 0xfa (is_aux=true)
[39416411463] [[35mTRACE[0m] [bran::arch::x86_64::idt] [CPU0] PS/2 byte received: 0x00 (is_aux=true)
[39416804064] [[35mTRACE[0m] [kernel::irq::ps2] [CPU3] PS/2 take_scancode: popped 0xfa (is_aux=true)
[39417544485] [[35mTRACE[0m] [bran::arch::x86_64::idt] [CPU0] PS/2 byte received: 0x03 (is_aux=true)
[39418538214] [[35mTRACE[0m] [bran::arch::x86_64::idt] [CPU0] PS/2 byte received: 0x3c (is_aux=true)
[39418678827] [[35mTRACE[0m] [kernel::irq::ps2] [CPU3] PS/2 take_scancode: popped 0x00 (is_aux=true)
[39420819768] [[35mTRACE[0m] [kernel::irq::ps2] [CPU3] PS/2 take_scancode: popped 0x03 (is_aux=true)
[39422240121] [[35mTRACE[0m] [kernel::irq::ps2] [CPU3] PS/2 take_scancode: popped 0x3c (is_aux=true)
[39423213621] [[34mDEBUG[0m] [ps2_mouse] [CPU3] ps2_mouse: status result = Some(0) Some(3) Some(60)
[39423889494] [[34mDEBUG[0m] [ps2_mouse] [CPU3] ps2_mouse: sending enable command (0xF4)
[39426209427] [[35mTRACE[0m] [bran::arch::x86_64::idt] [CPU0] PS/2 byte received: 0xfa (is_aux=true)
[39428193750] [[35mTRACE[0m] [kernel::irq::ps2] [CPU3] PS/2 take_scancode: popped 0xfa (is_aux=true)
[39429215232] [[34mDEBUG[0m] [ps2_mouse] [CPU3] ps2_mouse: enable ACK received (0xfa)
[39482932665] [[35mTRACE[0m] [kernel::syscall::handlers::vfs] [CPU1] VFS: sys_fs_open path='/session/desktop/wallpaper' tid=10
[39486038097] [[35mTRACE[0m] [kernel::syscall::handlers::vfs] [CPU1] sys_fs_close: fd=18
[39487060470] [[35mTRACE[0m] [kernel::syscall::handlers::vfs] [CPU1] VFS: sys_fs_open path='/session/desktop/wallpaper' tid=10
[39489390930] [[35mTRACE[0m] [kernel::syscall::handlers::vfs] [CPU1] sys_fs_close: fd=18
[39490738485] [[32mINFO [0m] [bloom::services::wallpaper] [CPU1] bloom: preparing background /share/wallpapers/flower.png
[39646629660] [[35mTRACE[0m] [sprout::supervisor] [CPU0] SPROUT: Supervisor tick...
[39648104232] [[35mTRACE[0m] [sprout::supervisor] [CPU0] SPROUT: Loop iteration: spawn_bristle_if_needed
[39649458651] [[35mTRACE[0m] [sprout::supervisor] [CPU0] SPROUT: Loop iteration: spawn_display_if_needed
[39650904744] [[35mTRACE[0m] [sprout::supervisor] [CPU0] SPROUT: Loop iteration: spawn_bloom_if_ready
[39652293483] [[35mTRACE[0m] [sprout::supervisor] [CPU0] SPROUT: Loop iteration: spawn_wayland_hello_if_ready
[39653813562] [[35mTRACE[0m] [sprout::supervisor] [CPU0] SPROUT: Loop iteration: spawn_clock_if_ready
[39655206360] [[35mTRACE[0m] [sprout::supervisor] [CPU0] SPROUT: Loop iteration: spawn_leaf_if_ready
[39656602359] [[35mTRACE[0m] [sprout::supervisor] [CPU0] SPROUT: Loop iteration: tick complete
[39657900843] [[34mDEBUG[0m] [sprout::supervisor] [CPU0] SPROUT: ServiceLoop waiting for next event...
[39692709012] [[34mDEBUG[0m] [kernel::syscall::handlers::memory] [CPU1] sys_vm_map: large backing file mapping offset=0 len=4096000 total_size=4096000
[39785327010] [[35mTRACE[0m] [kernel::syscall::handlers::vfs] [CPU1] VFS: sys_fs_open path='/share/wallpapers/flower.png' tid=10
[39975862740] [[35mTRACE[0m] [sprout::supervisor] [CPU0] SPROUT: Supervisor tick...
[39978379650] [[35mTRACE[0m] [sprout::supervisor] [CPU0] SPROUT: Loop iteration: spawn_bristle_if_needed
[39979796538] [[35mTRACE[0m] [sprout::supervisor] [CPU0] SPROUT: Loop iteration: spawn_display_if_needed
[39981356613] [[35mTRACE[0m] [sprout::supervisor] [CPU0] SPROUT: Loop iteration: spawn_bloom_if_ready
[39982861908] [[35mTRACE[0m] [sprout::supervisor] [CPU0] SPROUT: Loop iteration: spawn_wayland_hello_if_ready
[39984344796] [[35mTRACE[0m] [sprout::supervisor] [CPU0] SPROUT: Loop iteration: spawn_clock_if_ready
[39985705089] [[35mTRACE[0m] [sprout::supervisor] [CPU0] SPROUT: Loop iteration: spawn_leaf_if_ready
[39987155637] [[35mTRACE[0m] [sprout::supervisor] [CPU0] SPROUT: Loop iteration: tick complete
[39988534575] [[34mDEBUG[0m] [sprout::supervisor] [CPU0] SPROUT: ServiceLoop waiting for next event...
[40072454070] [[34mDEBUG[0m] [ps2_mouse] [CPU3] ps2_mouse: init done
[40075475352] [[34mDEBUG[0m] [kernel::syscall::handlers::device] [CPU3] DEVICE: task subscribed to vector 0x2c
[40076420703] [[34mDEBUG[0m] [ps2_mouse] [CPU3] ps2_mouse: subscribed to IRQ12 (vector 0x2c)
[40077335793] [[34mDEBUG[0m] [ps2_mouse] [CPU3] ps2_mouse: using IRQ-assisted loop (IRQ vector 0x2c, poll=4ms)
[40261754478] [[35mTRACE[0m] [kernel::syscall::handlers::vfs] [CPU1] sys_fs_close: fd=19
[40305219900] [[35mTRACE[0m] [sprout::supervisor] [CPU0] SPROUT: Supervisor tick...
[40307263293] [[35mTRACE[0m] [sprout::supervisor] [CPU0] SPROUT: Loop iteration: spawn_bristle_if_needed
[40308844092] [[35mTRACE[0m] [sprout::supervisor] [CPU0] SPROUT: Loop iteration: spawn_display_if_needed
[40312340772] [[35mTRACE[0m] [sprout::supervisor] [CPU0] SPROUT: Loop iteration: spawn_bloom_if_ready
[40314818577] [[35mTRACE[0m] [sprout::supervisor] [CPU0] SPROUT: Loop iteration: spawn_wayland_hello_if_ready
[40316498442] [[35mTRACE[0m] [sprout::supervisor] [CPU0] SPROUT: Loop iteration: spawn_clock_if_ready
[40318007796] [[35mTRACE[0m] [sprout::supervisor] [CPU0] SPROUT: Loop iteration: spawn_leaf_if_ready
[40319620308] [[35mTRACE[0m] [sprout::supervisor] [CPU0] SPROUT: Loop iteration: tick complete
[40321143621] [[34mDEBUG[0m] [sprout::supervisor] [CPU0] SPROUT: ServiceLoop waiting for next event...
[40634469315] [[35mTRACE[0m] [sprout::supervisor] [CPU0] SPROUT: Supervisor tick...
[40635977250] [[35mTRACE[0m] [sprout::supervisor] [CPU0] SPROUT: Loop iteration: spawn_bristle_if_needed
[40637382192] [[35mTRACE[0m] [sprout::supervisor] [CPU0] SPROUT: Loop iteration: spawn_display_if_needed
[40638757995] [[35mTRACE[0m] [sprout::supervisor] [CPU0] SPROUT: Loop iteration: spawn_bloom_if_ready
[40640257284] [[35mTRACE[0m] [sprout::supervisor] [CPU0] SPROUT: Loop iteration: spawn_wayland_hello_if_ready
[40641964407] [[35mTRACE[0m] [sprout::supervisor] [CPU0] SPROUT: Loop iteration: spawn_clock_if_ready
[40643515704] [[35mTRACE[0m] [sprout::supervisor] [CPU0] SPROUT: Loop iteration: spawn_leaf_if_ready
[40645011132] [[35mTRACE[0m] [sprout::supervisor] [CPU0] SPROUT: Loop iteration: tick complete
[40646492073] [[34mDEBUG[0m] [sprout::supervisor] [CPU0] SPROUT: ServiceLoop waiting for next event...
[40817056104] [[35mTRACE[0m] [kernel::syscall::handlers::vfs] [CPU2] sys_fs_close: fd=6
[40836234549] [[34mDEBUG[0m] [kernel::sched::spawn] [CPU2] USER_TRAMPOLINE: PC=0x201000 SP=0x800000 ARG0=0x5
[40837037175] [[34mDEBUG[0m] [bran::arch::x86_64] [CPU2] ENTER_USER: TID=17 entry_pc=201000 user_sp=800000
[40838227584] [[34mDEBUG[0m] [kernel::syscall::handlers::process] [CPU2] sys_auxv_get: tid=17 buf_len=0
[40839558771] [[34mDEBUG[0m] [kernel::syscall::handlers::process] [CPU2] sys_auxv_get: tid=17 buf_len=100
[40842165408] [[34mDEBUG[0m] [ps2_kbd] [CPU2] ps2_kbd: online — waiting for bristle pid
[40843075482] [[35mTRACE[0m] [kernel::syscall::handlers::vfs] [CPU2] VFS: sys_fs_open path='/run/bristle/pid' tid=17
[40845537183] [[35mTRACE[0m] [kernel::syscall::handlers::vfs] [CPU2] VFS: sys_fs_open path='/run/bristle/pid' tid=17
[40847852298] [[35mTRACE[0m] [kernel::syscall::handlers::vfs] [CPU2] sys_fs_close: fd=7
[40850342247] [[32mINFO [0m] [ps2_kbd] [CPU2] ps2_kbd: bristle pid=8
[40851553182] [[34mDEBUG[0m] [kernel::syscall::handlers::device] [CPU2] DEVICE: task subscribed to vector 0x21
[40852669836] [[34mDEBUG[0m] [ps2_kbd] [CPU2] ps2_kbd: subscribed to IRQ1 (vector 0x21)
[40853331816] [[34mDEBUG[0m] [ps2_kbd] [CPU2] ps2_kbd: using interrupt-driven loop (IRQ vector 0x21)

[hunter] running random action
[40963081038] [[35mTRACE[0m] [sprout::supervisor] [CPU0] SPROUT: Supervisor tick...
[40964603196] [[35mTRACE[0m] [sprout::supervisor] [CPU0] SPROUT: Loop iteration: spawn_bristle_if_needed
[40966183632] [[35mTRACE[0m] [sprout::supervisor] [CPU0] SPROUT: Loop iteration: spawn_display_if_needed
[40967551911] [[35mTRACE[0m] [sprout::supervisor] [CPU0] SPROUT: Loop iteration: spawn_bloom_if_ready
[40968973353] [[35mTRACE[0m] [sprout::supervisor] [CPU0] SPROUT: Loop iteration: spawn_wayland_hello_if_ready
[40970450070] [[35mTRACE[0m] [sprout::supervisor] [CPU0] SPROUT: Loop iteration: spawn_clock_if_ready
[40971860358] [[35mTRACE[0m] [sprout::supervisor] [CPU0] SPROUT: Loop iteration: spawn_leaf_if_ready
[40973214249] [[35mTRACE[0m] [sprout::supervisor] [CPU0] SPROUT: Loop iteration: tick complete
[40974661530] [[34mDEBUG[0m] [sprout::supervisor] [CPU0] SPROUT: ServiceLoop waiting for next event...
[40986103653] [[32mINFO [0m] [wayland_hello] [CPU3] wayland_hello: using zwp_linux_dmabuf_v1 buffers
[40988277627] [[32mINFO [0m] [wayland_hello] [CPU3] wayland_hello: bound wp_presentation
[40994201358] [[32mINFO [0m] [wayland_hello] [CPU3] wayland_hello: wl_region smoke test: create+add+set_opaque+destroy
[40997146311] [[32mINFO [0m] [wayland_hello] [CPU3] wayland_hello: wl_region smoke test: create+add+set_input+destroy
[41015272848] [[35mTRACE[0m] [bran::arch::x86_64::idt] [CPU0] PS/2 byte received: 0x18 (is_aux=true)
[41015946477] [[35mTRACE[0m] [bran::arch::x86_64::idt] [CPU0] PS/2 byte received: 0x81 (is_aux=true)
[41016441510] [[35mTRACE[0m] [bran::arch::x86_64::idt] [CPU0] PS/2 byte received: 0x7f (is_aux=true)
[41016930966] [[35mTRACE[0m] [bran::arch::x86_64::idt] [CPU0] PS/2 byte received: 0x18 (is_aux=true)
[41017447647] [[35mTRACE[0m] [bran::arch::x86_64::idt] [CPU0] PS/2 byte received: 0x81 (is_aux=true)
[41017947696] [[35mTRACE[0m] [bran::arch::x86_64::idt] [CPU0] PS/2 byte received: 0x7f (is_aux=true)
[41018408244] [[35mTRACE[0m] [bran::arch::x86_64::idt] [CPU0] PS/2 byte received: 0x18 (is_aux=true)
[41018859849] [[35mTRACE[0m] [bran::arch::x86_64::idt] [CPU0] PS/2 byte received: 0x81 (is_aux=true)
[41019319506] [[35mTRACE[0m] [bran::arch::x86_64::idt] [CPU0] PS/2 byte received: 0x7f (is_aux=true)
[41019772530] [[35mTRACE[0m] [bran::arch::x86_64::idt] [CPU0] PS/2 byte received: 0x18 (is_aux=true)
[41020235421] [[35mTRACE[0m] [bran::arch::x86_64::idt] [CPU0] PS/2 byte received: 0x81 (is_aux=true)
[41020745205] [[35mTRACE[0m] [bran::arch::x86_64::idt] [CPU0] PS/2 byte received: 0x7f (is_aux=true)
[41021241822] [[35mTRACE[0m] [bran::arch::x86_64::idt] [CPU0] PS/2 byte received: 0x18 (is_aux=true)
[41021695473] [[35mTRACE[0m] [bran::arch::x86_64::idt] [CPU0] PS/2 byte received: 0x81 (is_aux=true)
[41022153150] [[35mTRACE[0m] [bran::arch::x86_64::idt] [CPU0] PS/2 byte received: 0x7f (is_aux=true)
[41029985205] [[35mTRACE[0m] [kernel::irq::ps2] [CPU3] PS/2 take_scancode: popped 0x18 (is_aux=true)
[41031719949] [[35mTRACE[0m] [kernel::irq::ps2] [CPU3] PS/2 take_scancode: popped 0x81 (is_aux=true)
[41033129049] [[35mTRACE[0m] [kernel::irq::ps2] [CPU3] PS/2 take_scancode: popped 0x7f (is_aux=true)
[41045192661] [[35mTRACE[0m] [kernel::irq::ps2] [CPU3] PS/2 take_scancode: popped 0x18 (is_aux=true)
[41047278624] [[35mTRACE[0m] [kernel::irq::ps2] [CPU3] PS/2 take_scancode: popped 0x81 (is_aux=true)
[41048765835] [[35mTRACE[0m] [kernel::irq::ps2] [CPU3] PS/2 take_scancode: popped 0x7f (is_aux=true)
[41050202886] [[35mTRACE[0m] [kernel::irq::ps2] [CPU3] PS/2 take_scancode: popped 0x18 (is_aux=true)
[41051621688] [[35mTRACE[0m] [kernel::irq::ps2] [CPU3] PS/2 take_scancode: popped 0x81 (is_aux=true)
[41053060422] [[35mTRACE[0m] [kernel::irq::ps2] [CPU3] PS/2 take_scancode: popped 0x7f (is_aux=true)
[41054657721] [[35mTRACE[0m] [kernel::irq::ps2] [CPU3] PS/2 take_scancode: popped 0x18 (is_aux=true)
[41056225155] [[35mTRACE[0m] [kernel::irq::ps2] [CPU3] PS/2 take_scancode: popped 0x81 (is_aux=true)
[41068065126] [[35mTRACE[0m] [kernel::irq::ps2] [CPU3] PS/2 take_scancode: popped 0x7f (is_aux=true)
[41069750436] [[35mTRACE[0m] [kernel::irq::ps2] [CPU3] PS/2 take_scancode: popped 0x18 (is_aux=true)
[41071324437] [[35mTRACE[0m] [kernel::irq::ps2] [CPU3] PS/2 take_scancode: popped 0x81 (is_aux=true)
[41072793828] [[35mTRACE[0m] [kernel::irq::ps2] [CPU3] PS/2 take_scancode: popped 0x7f (is_aux=true)
[41243491311] [[34mDEBUG[0m] [bloom::wayland::dispatch] [CPU2] wayland-server: sending us-intl XKB keymap to keyboard obj=8 size=8755
[41244841473] [[35mTRACE[0m] [kernel::syscall::handlers::socket] [CPU2] SENDMSG: thing=17 data_len=16 caps_len=1 node=Pointer { addr: 0xffffffffb0144b70, metadata: DynMetadata(0xffffffff802da510) }
[41249099628] [[35mTRACE[0m] [kernel::syscall::handlers::vfs] [CPU2] sys_fs_close: fd=19
[41252206578] [[34mDEBUG[0m] [kernel::ipc] [CPU2] CREATE_PORT: capacity=64
[41252753586] [[34mDEBUG[0m] [kernel::ipc] [CPU2] CREATE_PORT: appended id=PortId(12)
[41253547698] [[34mDEBUG[0m] [kernel::ipc::handles] [CPU2] ALLOC_HANDLE: handle=13 port_id=PortId(12) mode=Write
[41254011678] [[34mDEBUG[0m] [kernel::ipc::handles] [CPU2] ALLOC_HANDLE: handle=14 port_id=PortId(12) mode=Read
[41288736984] [[35mTRACE[0m] [bran::arch::x86_64::idt] [CPU0] PS/2 byte received: 0x18 (is_aux=true)
[41289382563] [[35mTRACE[0m] [bran::arch::x86_64::idt] [CPU0] PS/2 byte received: 0x81 (is_aux=true)
[41289874329] [[35mTRACE[0m] [bran::arch::x86_64::idt] [CPU0] PS/2 byte received: 0x7f (is_aux=true)
[41290644549] [[35mTRACE[0m] [bran::arch::x86_64::idt] [CPU0] PS/2 byte received: 0x18 (is_aux=true)
[41291362596] [[35mTRACE[0m] [bran::arch::x86_64::idt] [CPU0] PS/2 byte received: 0x81 (is_aux=true)
[41291702958] [[35mTRACE[0m] [kernel::irq::ps2] [CPU3] PS/2 take_scancode: popped 0x18 (is_aux=true)
[41291833770] [[35mTRACE[0m] [bran::arch::x86_64::idt] [CPU0] PS/2 byte received: 0x7f (is_aux=true)
[41292536802] [[35mTRACE[0m] [bran::arch::x86_64::idt] [CPU0] PS/2 byte received: 0x18 (is_aux=true)
[41293033617] [[35mTRACE[0m] [bran::arch::x86_64::idt] [CPU0] PS/2 byte received: 0x81 (is_aux=true)
[41293346985] [[35mTRACE[0m] [kernel::irq::ps2] [CPU3] PS/2 take_scancode: popped 0x81 (is_aux=true)
[41293511589] [[35mTRACE[0m] [bran::arch::x86_64::idt] [CPU0] PS/2 byte received: 0x7f (is_aux=true)
[41294240592] [[35mTRACE[0m] [bran::arch::x86_64::idt] [CPU0] PS/2 byte received: 0x18 (is_aux=true)
[41294787699] [[35mTRACE[0m] [bran::arch::x86_64::idt] [CPU0] PS/2 byte received: 0x7f (is_aux=true)
[41294866470] [[35mTRACE[0m] [kernel::irq::ps2] [CPU3] PS/2 take_scancode: popped 0x7f (is_aux=true)
[41294584815] [[35mTRACE[0m] [bran::arch::x86_64::idt] [CPU2] PS/2 byte received: 0x81 (is_aux=true)
[41295396219] [[35mTRACE[0m] [bran::arch::x86_64::idt] [CPU0] PS/2 byte received: 0x18 (is_aux=true)
[41296023615] [[35mTRACE[0m] [bran::arch::x86_64::idt] [CPU0] PS/2 byte received: 0x81 (is_aux=true)
[41296443210] [[35mTRACE[0m] [kernel::irq::ps2] [CPU3] PS/2 take_scancode: popped 0x18 (is_aux=true)
[41296505217] [[35mTRACE[0m] [bran::arch::x86_64::idt] [CPU0] PS/2 byte received: 0x7f (is_aux=true)
[41297958240] [[35mTRACE[0m] [kernel::irq::ps2] [CPU3] PS/2 take_scancode: popped 0x81 (is_aux=true)
[41299419018] [[35mTRACE[0m] [kernel::irq::ps2] [CPU3] PS/2 take_scancode: popped 0x7f (is_aux=true)
[41301252729] [[35mTRACE[0m] [kernel::irq::ps2] [CPU3] PS/2 take_scancode: popped 0x18 (is_aux=true)
[41303144850] [[35mTRACE[0m] [kernel::irq::ps2] [CPU3] PS/2 take_scancode: popped 0x81 (is_aux=true)
[41303480724] [[35mTRACE[0m] [ps2_kbd] [CPU2] ps2_kbd: yield on AUX data (mouse packet)
[41304641103] [[35mTRACE[0m] [kernel::irq::ps2] [CPU3] PS/2 take_scancode: popped 0x7f (is_aux=true)
[41306287605] [[35mTRACE[0m] [kernel::irq::ps2] [CPU3] PS/2 take_scancode: popped 0x18 (is_aux=true)
[41307875037] [[35mTRACE[0m] [kernel::irq::ps2] [CPU3] PS/2 take_scancode: popped 0x7f (is_aux=true)
[41309194740] [[35mTRACE[0m] [kernel::irq::ps2] [CPU3] PS/2 take_scancode: popped 0x81 (is_aux=true)
[41310502530] [[35mTRACE[0m] [kernel::irq::ps2] [CPU3] PS/2 take_scancode: popped 0x81 (is_aux=true)
[41311887408] [[35mTRACE[0m] [kernel::irq::ps2] [CPU3] PS/2 take_scancode: popped 0x7f (is_aux=true)
[41323791168] [[35mTRACE[0m] [sprout::supervisor] [CPU0] SPROUT: Supervisor tick...
[41325321741] [[35mTRACE[0m] [sprout::supervisor] [CPU0] SPROUT: Loop iteration: spawn_bristle_if_needed
[41327106018] [[35mTRACE[0m] [sprout::supervisor] [CPU0] SPROUT: Loop iteration: spawn_display_if_needed
[41328837297] [[35mTRACE[0m] [sprout::supervisor] [CPU0] SPROUT: Loop iteration: spawn_bloom_if_ready
[41330595042] [[35mTRACE[0m] [sprout::supervisor] [CPU0] SPROUT: Loop iteration: spawn_wayland_hello_if_ready
[41332732485] [[35mTRACE[0m] [sprout::supervisor] [CPU0] SPROUT: Loop iteration: spawn_clock_if_ready
[41334421689] [[35mTRACE[0m] [sprout::supervisor] [CPU0] SPROUT: Loop iteration: spawn_leaf_if_ready
[41336054892] [[35mTRACE[0m] [sprout::supervisor] [CPU0] SPROUT: Loop iteration: tick complete
[41337733833] [[34mDEBUG[0m] [sprout::supervisor] [CPU0] SPROUT: ServiceLoop waiting for next event...
[41562813468] [[35mTRACE[0m] [bran::arch::x86_64::idt] [CPU0] PS/2 byte received: 0x19 (is_aux=true)
[41563619922] [[35mTRACE[0m] [bran::arch::x86_64::idt] [CPU0] PS/2 byte received: 0x81 (is_aux=true)
[41564121258] [[35mTRACE[0m] [bran::arch::x86_64::idt] [CPU0] PS/2 byte received: 0x7f (is_aux=true)
[41564595336] [[35mTRACE[0m] [bran::arch::x86_64::idt] [CPU0] PS/2 byte received: 0x19 (is_aux=true)
[41565057798] [[35mTRACE[0m] [bran::arch::x86_64::idt] [CPU0] PS/2 byte received: 0x81 (is_aux=true)
[41565506829] [[35mTRACE[0m] [bran::arch::x86_64::idt] [CPU0] PS/2 byte received: 0x7f (is_aux=true)
[41565954408] [[35mTRACE[0m] [bran::arch::x86_64::idt] [CPU0] PS/2 byte received: 0x19 (is_aux=true)
[41566410699] [[35mTRACE[0m] [bran::arch::x86_64::idt] [CPU0] PS/2 byte received: 0x81 (is_aux=true)
[41566864350] [[35mTRACE[0m] [bran::arch::x86_64::idt] [CPU0] PS/2 byte received: 0x7f (is_aux=true)
[41567318826] [[35mTRACE[0m] [bran::arch::x86_64::idt] [CPU0] PS/2 byte received: 0x19 (is_aux=true)
[41567802870] [[35mTRACE[0m] [bran::arch::x86_64::idt] [CPU0] PS/2 byte received: 0x81 (is_aux=true)
[41568254178] [[35mTRACE[0m] [bran::arch::x86_64::idt] [CPU0] PS/2 byte received: 0x7f (is_aux=true)
[41568720666] [[35mTRACE[0m] [bran::arch::x86_64::idt] [CPU0] PS/2 byte received: 0x19 (is_aux=true)
[41569221573] [[35mTRACE[0m] [bran::arch::x86_64::idt] [CPU0] PS/2 byte received: 0x81 (is_aux=true)
[41569675455] [[35mTRACE[0m] [bran::arch::x86_64::idt] [CPU0] PS/2 byte received: 0x7f (is_aux=true)
[41574111282] [[35mTRACE[0m] [kernel::irq::ps2] [CPU3] PS/2 take_scancode: popped 0x19 (is_aux=true)
[41575601595] [[35mTRACE[0m] [kernel::irq::ps2] [CPU3] PS/2 take_scancode: popped 0x81 (is_aux=true)
[41577061152] [[35mTRACE[0m] [kernel::irq::ps2] [CPU3] PS/2 take_scancode: popped 0x7f (is_aux=true)
[41578387224] [[35mTRACE[0m] [kernel::irq::ps2] [CPU3] PS/2 take_scancode: popped 0x19 (is_aux=true)
[41579668284] [[35mTRACE[0m] [kernel::irq::ps2] [CPU3] PS/2 take_scancode: popped 0x81 (is_aux=true)
[41590167663] [[35mTRACE[0m] [kernel::irq::ps2] [CPU3] PS/2 take_scancode: popped 0x7f (is_aux=true)
[41591818620] [[35mTRACE[0m] [kernel::irq::ps2] [CPU3] PS/2 take_scancode: popped 0x19 (is_aux=true)
[41593341273] [[35mTRACE[0m] [kernel::irq::ps2] [CPU3] PS/2 take_scancode: popped 0x81 (is_aux=true)
[41594830959] [[35mTRACE[0m] [kernel::irq::ps2] [CPU3] PS/2 take_scancode: popped 0x7f (is_aux=true)
[41596291968] [[35mTRACE[0m] [kernel::irq::ps2] [CPU3] PS/2 take_scancode: popped 0x19 (is_aux=true)
[41597872734] [[35mTRACE[0m] [kernel::irq::ps2] [CPU3] PS/2 take_scancode: popped 0x81 (is_aux=true)
[41599324833] [[35mTRACE[0m] [kernel::irq::ps2] [CPU3] PS/2 take_scancode: popped 0x7f (is_aux=true)
[41600827092] [[35mTRACE[0m] [kernel::irq::ps2] [CPU3] PS/2 take_scancode: popped 0x19 (is_aux=true)
[41602317471] [[35mTRACE[0m] [kernel::irq::ps2] [CPU3] PS/2 take_scancode: popped 0x81 (is_aux=true)
[41603827122] [[35mTRACE[0m] [kernel::irq::ps2] [CPU3] PS/2 take_scancode: popped 0x7f (is_aux=true)
[41653260297] [[35mTRACE[0m] [sprout::supervisor] [CPU0] SPROUT: Supervisor tick...
[41654940360] [[35mTRACE[0m] [sprout::supervisor] [CPU0] SPROUT: Loop iteration: spawn_bristle_if_needed
[41656557129] [[35mTRACE[0m] [sprout::supervisor] [CPU0] SPROUT: Loop iteration: spawn_display_if_needed
[41657955438] [[35mTRACE[0m] [sprout::supervisor] [CPU0] SPROUT: Loop iteration: spawn_bloom_if_ready
[41659394898] [[35mTRACE[0m] [sprout::supervisor] [CPU0] SPROUT: Loop iteration: spawn_wayland_hello_if_ready
[41661042192] [[35mTRACE[0m] [sprout::supervisor] [CPU0] SPROUT: Loop iteration: spawn_clock_if_ready
[41662481553] [[35mTRACE[0m] [sprout::supervisor] [CPU0] SPROUT: Loop iteration: spawn_leaf_if_ready
[41663868180] [[35mTRACE[0m] [sprout::supervisor] [CPU0] SPROUT: Loop iteration: tick complete
[41665284111] [[34mDEBUG[0m] [sprout::supervisor] [CPU0] SPROUT: ServiceLoop waiting for next event...
[41837383467] [[35mTRACE[0m] [bran::arch::x86_64::idt] [CPU0] PS/2 byte received: 0x18 (is_aux=true)
[41838162564] [[35mTRACE[0m] [bran::arch::x86_64::idt] [CPU0] PS/2 byte received: 0x81 (is_aux=true)
[41838694524] [[35mTRACE[0m] [bran::arch::x86_64::idt] [CPU0] PS/2 byte received: 0x7f (is_aux=true)
[41839212855] [[35mTRACE[0m] [bran::arch::x86_64::idt] [CPU0] PS/2 byte received: 0x18 (is_aux=true)
[41839837710] [[35mTRACE[0m] [bran::arch::x86_64::idt] [CPU0] PS/2 byte received: 0x81 (is_aux=true)
[41840333898] [[35mTRACE[0m] [bran::arch::x86_64::idt] [CPU0] PS/2 byte received: 0x7f (is_aux=true)
[41840863746] [[35mTRACE[0m] [bran::arch::x86_64::idt] [CPU0] PS/2 byte received: 0x18 (is_aux=true)
[41841365478] [[35mTRACE[0m] [bran::arch::x86_64::idt] [CPU0] PS/2 byte received: 0x81 (is_aux=true)
[41841846057] [[35mTRACE[0m] [bran::arch::x86_64::idt] [CPU0] PS/2 byte received: 0x7f (is_aux=true)
[41842330233] [[35mTRACE[0m] [bran::arch::x86_64::idt] [CPU0] PS/2 byte received: 0x18 (is_aux=true)
[41842825596] [[35mTRACE[0m] [bran::arch::x86_64::idt] [CPU0] PS/2 byte received: 0x81 (is_aux=true)
[41843314953] [[35mTRACE[0m] [bran::arch::x86_64::idt] [CPU0] PS/2 byte received: 0x7f (is_aux=true)
[41843803848] [[35mTRACE[0m] [bran::arch::x86_64::idt] [CPU0] PS/2 byte received: 0x18 (is_aux=true)
[41844339537] [[35mTRACE[0m] [bran::arch::x86_64::idt] [CPU0] PS/2 byte received: 0x81 (is_aux=true)
[41844833844] [[35mTRACE[0m] [bran::arch::x86_64::idt] [CPU0] PS/2 byte received: 0x7f (is_aux=true)
[41850428664] [[35mTRACE[0m] [kernel::irq::ps2] [CPU3] PS/2 take_scancode: popped 0x18 (is_aux=true)
[41852155686] [[35mTRACE[0m] [kernel::irq::ps2] [CPU3] PS/2 take_scancode: popped 0x81 (is_aux=true)
[41853646956] [[35mTRACE[0m] [kernel::irq::ps2] [CPU3] PS/2 take_scancode: popped 0x7f (is_aux=true)
[41855417868] [[35mTRACE[0m] [kernel::irq::ps2] [CPU3] PS/2 take_scancode: popped 0x18 (is_aux=true)
[41856968472] [[35mTRACE[0m] [kernel::irq::ps2] [CPU3] PS/2 take_scancode: popped 0x81 (is_aux=true)
[41858502873] [[35mTRACE[0m] [kernel::irq::ps2] [CPU3] PS/2 take_scancode: popped 0x7f (is_aux=true)
[41859952992] [[35mTRACE[0m] [kernel::irq::ps2] [CPU3] PS/2 take_scancode: popped 0x18 (is_aux=true)
[41861359782] [[35mTRACE[0m] [kernel::irq::ps2] [CPU3] PS/2 take_scancode: popped 0x81 (is_aux=true)
[41862651732] [[35mTRACE[0m] [kernel::irq::ps2] [CPU3] PS/2 take_scancode: popped 0x7f (is_aux=true)
[41864269722] [[35mTRACE[0m] [kernel::irq::ps2] [CPU3] PS/2 take_scancode: popped 0x18 (is_aux=true)
[41865949950] [[35mTRACE[0m] [kernel::irq::ps2] [CPU3] PS/2 take_scancode: popped 0x81 (is_aux=true)
[41867693901] [[35mTRACE[0m] [kernel::irq::ps2] [CPU3] PS/2 take_scancode: popped 0x7f (is_aux=true)
[41869499463] [[35mTRACE[0m] [kernel::irq::ps2] [CPU3] PS/2 take_scancode: popped 0x18 (is_aux=true)
[41871003570] [[35mTRACE[0m] [kernel::irq::ps2] [CPU3] PS/2 take_scancode: popped 0x81 (is_aux=true)
[41873195232] [[35mTRACE[0m] [kernel::irq::ps2] [CPU3] PS/2 take_scancode: popped 0x7f (is_aux=true)
[42014214726] [[35mTRACE[0m] [sprout::supervisor] [CPU0] SPROUT: Supervisor tick...
[42017587425] [[35mTRACE[0m] [sprout::supervisor] [CPU0] SPROUT: Loop iteration: spawn_bristle_if_needed
[42019271085] [[35mTRACE[0m] [sprout::supervisor] [CPU0] SPROUT: Loop iteration: spawn_display_if_needed
[42020903364] [[35mTRACE[0m] [sprout::supervisor] [CPU0] SPROUT: Loop iteration: spawn_bloom_if_ready
[42022586430] [[35mTRACE[0m] [sprout::supervisor] [CPU0] SPROUT: Loop iteration: spawn_wayland_hello_if_ready
[42024277053] [[35mTRACE[0m] [sprout::supervisor] [CPU0] SPROUT: Loop iteration: spawn_clock_if_ready
[42026012754] [[35mTRACE[0m] [sprout::supervisor] [CPU0] SPROUT: Loop iteration: spawn_leaf_if_ready
[42027775251] [[35mTRACE[0m] [sprout::supervisor] [CPU0] SPROUT: Loop iteration: tick complete
[42029489601] [[34mDEBUG[0m] [sprout::supervisor] [CPU0] SPROUT: ServiceLoop waiting for next event...
[42087089715] [[34mDEBUG[0m] [kernel::vfs::provider] [CPU1] VFS_RPC: request op=DeviceCall len=96 tid=10
[42118573233] [[35mTRACE[0m] [display_virtio_gpu] [CPU3] display_virtio_gpu: VFS RPC op=DeviceCall
[42119511852] [[35mTRACE[0m] [display_virtio_gpu] [CPU3] DISP: DISPLAY_OP_IMPORT_BUFFER requested: memfd=12, size=1280x800
[42120284745] [[34mDEBUG[0m] [kernel::syscall::handlers::memory] [CPU3] sys_vm_map: large backing file mapping offset=0 len=4096000 total_size=4096000
[42154732719] [[34mDEBUG[0m] [display_virtio_gpu] [CPU3] DISP: imported buffer as ID=3
[42155836008] [[35mTRACE[0m] [display_virtio_gpu] [CPU3] display_virtio_gpu: VFS RPC response begin op=DeviceCall req_id=7
[42157911246] [[35mTRACE[0m] [display_virtio_gpu] [CPU3] display_virtio_gpu: VFS RPC response sent op=DeviceCall req_id=7
[42161719380] [[34mDEBUG[0m] [kernel::vfs::provider] [CPU1] VFS_RPC: response op=DeviceCall id=7 -> OK(12)
[42163031955] [[34mDEBUG[0m] [bloom::display] [CPU1] bloom: imported buffer 1280x800 as ID=3
[42164975688] [[34mDEBUG[0m] [kernel::vfs::provider] [CPU1] VFS_RPC: request op=DeviceCall len=52 tid=10
[42167849526] [[35mTRACE[0m] [display_virtio_gpu] [CPU3] display_virtio_gpu: VFS RPC op=DeviceCall
[42169901895] [[35mTRACE[0m] [display_virtio_gpu] [CPU3] DISP: DISPLAY_OP_RELEASE_BUFFER requested: id=1 size=4096000
[42198109734] [[35mTRACE[0m] [kernel::syscall::handlers::vfs] [CPU3] sys_fs_close: fd=10
[42199918629] [[35mTRACE[0m] [display_virtio_gpu] [CPU3] display_virtio_gpu: VFS RPC response begin op=DeviceCall req_id=8
[42202929780] [[35mTRACE[0m] [display_virtio_gpu] [CPU3] display_virtio_gpu: VFS RPC response sent op=DeviceCall req_id=8
[42207913539] [[34mDEBUG[0m] [kernel::vfs::provider] [CPU1] VFS_RPC: response op=DeviceCall id=8 -> OK(8)
[42286189176] [[34mDEBUG[0m] [kernel::vfs::provider] [CPU1] VFS_RPC: request op=DeviceCall len=48 tid=10
[42315815586] [[35mTRACE[0m] [display_virtio_gpu] [CPU3] display_virtio_gpu: VFS RPC op=DeviceCall
[42317163801] [[35mTRACE[0m] [display_virtio_gpu] [CPU3] DISP: DISPLAY_OP_GET_INFO requested
[42318050643] [[35mTRACE[0m] [display_virtio_gpu] [CPU3] DISP: Returning dimensions 1280x800
[42318684441] [[35mTRACE[0m] [display_virtio_gpu] [CPU3] display_virtio_gpu: VFS RPC response begin op=DeviceCall req_id=9
[42321023118] [[35mTRACE[0m] [display_virtio_gpu] [CPU3] display_virtio_gpu: VFS RPC response sent op=DeviceCall req_id=9
[42326526099] [[34mDEBUG[0m] [kernel::vfs::provider] [CPU1] VFS_RPC: response op=DeviceCall id=9 -> OK(48)
[42333133260] [[32mINFO [0m] [bloom::services::wayland_cmd] [CPU1] bloom: registered titlebar drag zone surface=1 height=28 frame=6
[42334110390] [[34mDEBUG[0m] [bloom::services::wayland_cmd] [CPU1] wayland-cmd: created surface bloom_id=1
[42337306077] [[34mDEBUG[0m] [kernel::vfs::provider] [CPU1] VFS_RPC: request op=DeviceCall len=296 tid=10
[42342192915] [[34mDEBUG[0m] [kernel::handle::bridge] [CPU2] BRIDGE: handle=13 -> fd=19 node=0xffffffffb0145330 port=0xffffffffb02bde10
[42343472160] [[35mTRACE[0m] [kernel::syscall::handlers::vfs] [CPU2] sys_fs_close: fd=19
[42345547926] [[34mDEBUG[0m] [kernel::handle::bridge] [CPU2] BRIDGE: handle=14 -> fd=19 node=0xffffffffb0145330 port=0xffffffffb02bde10
[42346342731] [[35mTRACE[0m] [kernel::syscall::handlers::vfs] [CPU2] sys_fs_close: fd=19
[42351598245] [[34mDEBUG[0m] [bloom::wayland::dispatch] [CPU2] wayland-server: wl_compositor create_region id=40
[42354534453] [[34mDEBUG[0m] [bloom::wayland::dispatch] [CPU2] wayland-server: wl_region obj=40 add x=0 y=0 w=480 h=320 rects=1
[42356059086] [[34mDEBUG[0m] [bloom::wayland::dispatch] [CPU2] wayland-server: wl_region obj=40 destroyed
[42357063771] [[34mDEBUG[0m] [bloom::wayland::dispatch] [CPU2] wayland-server: wl_compositor create_region id=40
[42358171185] [[34mDEBUG[0m] [bloom::wayland::dispatch] [CPU2] wayland-server: wl_region obj=40 add x=0 y=0 w=480 h=320 rects=1
[42359323050] [[34mDEBUG[0m] [bloom::wayland::dispatch] [CPU2] wayland-server: wl_region obj=40 destroyed
[42361378356] [[34mDEBUG[0m] [bloom::wayland::dispatch] [CPU2] wayland-server: xdg_surface obj=11 created for surface=1
[42363965490] [[32mINFO [0m] [bloom::wayland::dispatch] [CPU2] wayland-server: xdg_toplevel obj=12 assigned to xdg_surface=11
[42364133295] [[35mTRACE[0m] [sprout::supervisor] [CPU0] SPROUT: Supervisor tick...
[42365106795] [[34mDEBUG[0m] [bloom::wayland::dispatch] [CPU2] wayland-server: surface 1 titlebar height 28 frame 6
[42366690861] [[35mTRACE[0m] [display_virtio_gpu] [CPU3] display_virtio_gpu: VFS RPC op=DeviceCall
[42368052474] [[35mTRACE[0m] [display_virtio_gpu] [CPU3] display_virtio_gpu: [batch 0] copy_rect using CPU
[42368689209] [[34mDEBUG[0m] [bloom::wayland::dispatch] [CPU2] wayland-server: xdg_surface.configure serial=1 sent to obj=11
[42371191962] [[34mDEBUG[0m] [bloom::wayland::dispatch] [CPU2] wayland-server: xdg_toplevel obj=12 title="Thing-OS Wayland Lab"
[42373874367] [[34mDEBUG[0m] [bloom::wayland::dispatch] [CPU2] wayland-server: xdg_toplevel obj=12 app_id="thingos.wayland_hello"
[42374472162] [[35mTRACE[0m] [sprout::supervisor] [CPU0] SPROUT: Loop iteration: spawn_bristle_if_needed
[42375875652] [[34mDEBUG[0m] [bloom::wayland::dispatch] [CPU2] wayland-server: wl_surface obj=10 commit opaque_region=None
[42376956633] [[34mDEBUG[0m] [bloom::wayland::dispatch] [CPU2] wayland-server: wl_surface obj=10 commit input_region=None
[42378863604] [[35mTRACE[0m] [sprout::supervisor] [CPU0] SPROUT: Loop iteration: spawn_display_if_needed
[42380313525] [[35mTRACE[0m] [sprout::supervisor] [CPU0] SPROUT: Loop iteration: spawn_bloom_if_ready
[42381696621] [[35mTRACE[0m] [sprout::supervisor] [CPU0] SPROUT: Loop iteration: spawn_wayland_hello_if_ready
[42383123112] [[35mTRACE[0m] [sprout::supervisor] [CPU0] SPROUT: Loop iteration: spawn_clock_if_ready
[42384560064] [[35mTRACE[0m] [sprout::supervisor] [CPU0] SPROUT: Loop iteration: spawn_leaf_if_ready
[42385881087] [[35mTRACE[0m] [sprout::supervisor] [CPU0] SPROUT: Loop iteration: tick complete
[42387143106] [[34mDEBUG[0m] [sprout::supervisor] [CPU0] SPROUT: ServiceLoop waiting for next event...
[42422530755] [[35mTRACE[0m] [kernel::syscall::handlers::socket] [CPU3] SENDMSG: thing=6 data_len=76 caps_len=1 node=Pointer { addr: 0xffffffffb0143750, metadata: DynMetadata(0xffffffff802d9c58) }
[42428892528] [[34mDEBUG[0m] [pistil::font] [CPU3] pistil: opening font /share/fonts/Inter-Regular.ttf
[42429942489] [[35mTRACE[0m] [kernel::syscall::handlers::vfs] [CPU3] VFS: sys_fs_open path='/share/fonts/Inter-Regular.ttf' tid=12
[42432684030] [[34mDEBUG[0m] [pistil::font] [CPU3] pistil: stat font /share/fonts/Inter-Regular.ttf
[42434692971] [[34mDEBUG[0m] [pistil::font] [CPU3] pistil: reading font 876576 bytes from /share/fonts/Inter-Regular.ttf
[42436702011] [[35mTRACE[0m] [kernel::syscall::handlers::socket] [CPU2] RECVMSG: thing=17 data_len=76 caps_len=1 node=Pointer { addr: 0xffffffffb0144b70, metadata: DynMetadata(0xffffffff802da510) }
[42440648778] [[32mINFO [0m] [bloom::wayland::dispatch] [CPU2] wayland-server: imported dmabuf wl_buffer=111 480x320 format=0x34325241
[42676989762] [[34mDEBUG[0m] [pistil::font] [CPU3] pistil: font read returned 876576 of 876576 bytes
[42677943627] [[35mTRACE[0m] [kernel::syscall::handlers::vfs] [CPU3] sys_fs_close: fd=8
[42678902607] [[34mDEBUG[0m] [pistil::font] [CPU3] pistil: parsing font /share/fonts/Inter-Regular.ttf
[42699670596] [[35mTRACE[0m] [sprout::supervisor] [CPU0] SPROUT: Supervisor tick...
[42701735670] [[35mTRACE[0m] [sprout::supervisor] [CPU0] SPROUT: Loop iteration: spawn_bristle_if_needed
[42703362636] [[35mTRACE[0m] [sprout::supervisor] [CPU0] SPROUT: Loop iteration: spawn_display_if_needed
[42704790249] [[35mTRACE[0m] [sprout::supervisor] [CPU0] SPROUT: Loop iteration: spawn_bloom_if_ready
[42706123251] [[35mTRACE[0m] [sprout::supervisor] [CPU0] SPROUT: Loop iteration: spawn_wayland_hello_if_ready
[42707495523] [[35mTRACE[0m] [sprout::supervisor] [CPU0] SPROUT: Loop iteration: spawn_clock_if_ready
[42708990588] [[35mTRACE[0m] [sprout::supervisor] [CPU0] SPROUT: Loop iteration: spawn_leaf_if_ready
[42710371275] [[35mTRACE[0m] [sprout::supervisor] [CPU0] SPROUT: Loop iteration: tick complete
[42711680946] [[34mDEBUG[0m] [sprout::supervisor] [CPU0] SPROUT: ServiceLoop waiting for next event...
[42776791101] [[35mTRACE[0m] [display_virtio_gpu] [CPU3] display_virtio_gpu: [batch 0] alpha_blit using CPU
[42780103278] [[35mTRACE[0m] [display_virtio_gpu] [CPU3] display_virtio_gpu: VFS RPC response begin op=DeviceCall req_id=10
[42782085423] [[35mTRACE[0m] [display_virtio_gpu] [CPU3] display_virtio_gpu: VFS RPC response sent op=DeviceCall req_id=10
[42786404463] [[34mDEBUG[0m] [kernel::vfs::provider] [CPU1] VFS_RPC: response op=DeviceCall id=10 -> OK(8)
[42788628234] [[35mTRACE[0m] [bloom::frame_clock] [CPU1] bloom: frame interval 2382863258ns (target 16666666ns)
[42789651168] [[34mDEBUG[0m] [kernel::vfs::provider] [CPU1] VFS_RPC: request op=DeviceCall len=48 tid=10
[42792039675] [[35mTRACE[0m] [display_virtio_gpu] [CPU3] display_virtio_gpu: VFS RPC op=DeviceCall
[42793241832] [[35mTRACE[0m] [display_virtio_gpu] [CPU3] DISP: DISPLAY_OP_GET_INFO requested
[42793829958] [[35mTRACE[0m] [display_virtio_gpu] [CPU3] DISP: Returning dimensions 1280x800
[42794394060] [[35mTRACE[0m] [display_virtio_gpu] [CPU3] display_virtio_gpu: VFS RPC response begin op=DeviceCall req_id=11
[42795856719] [[35mTRACE[0m] [display_virtio_gpu] [CPU3] display_virtio_gpu: VFS RPC response sent op=DeviceCall req_id=11
[42798204504] [[34mDEBUG[0m] [kernel::vfs::provider] [CPU1] VFS_RPC: response op=DeviceCall id=11 -> OK(48)
[42801838464] [[34mDEBUG[0m] [bloom::services::wayland_cmd] [CPU1] bloom: registered titlebar drag zone surface=1 height=28 frame=6
[42830550741] [[34mDEBUG[0m] [kernel::vfs::provider] [CPU1] VFS_RPC: request op=DeviceCall len=296 tid=10
[42865522458] [[34mDEBUG[0m] [bloom::wayland] [CPU2] wayland-server: new client fd=20
[42920012850] [[35mTRACE[0m] [kernel::syscall::handlers::vfs] [CPU1] VFS: sys_fs_open path='/etc/locale.conf' tid=13
[42924580116] [[35mTRACE[0m] [kernel::syscall::handlers::vfs] [CPU1] sys_fs_close: fd=7
[42946152678] [[34mDEBUG[0m] [kernel::ipc] [CPU2] CREATE_PORT: capacity=64
[42946784100] [[34mDEBUG[0m] [kernel::ipc] [CPU2] CREATE_PORT: appended id=PortId(13)
[42947330481] [[34mDEBUG[0m] [kernel::ipc::handles] [CPU2] ALLOC_HANDLE: handle=15 port_id=PortId(13) mode=Write
[42947863365] [[34mDEBUG[0m] [kernel::ipc::handles] [CPU2] ALLOC_HANDLE: handle=16 port_id=PortId(13) mode=Read
[43006458264] [[35mTRACE[0m] [display_virtio_gpu] [CPU3] display_virtio_gpu: VFS RPC op=DeviceCall
[43007399952] [[35mTRACE[0m] [display_virtio_gpu] [CPU3] display_virtio_gpu: [batch 0] copy_rect using CPU
[43015232766] [[35mTRACE[0m] [display_virtio_gpu] [CPU3] display_virtio_gpu: [batch 0] alpha_blit using CPU
[43017785382] [[35mTRACE[0m] [display_virtio_gpu] [CPU3] display_virtio_gpu: VFS RPC response begin op=DeviceCall req_id=12
[43019658033] [[35mTRACE[0m] [display_virtio_gpu] [CPU3] display_virtio_gpu: VFS RPC response sent op=DeviceCall req_id=12
[43023626085] [[34mDEBUG[0m] [kernel::vfs::provider] [CPU1] VFS_RPC: response op=DeviceCall id=12 -> OK(8)
[43025558631] [[35mTRACE[0m] [bloom::frame_clock] [CPU1] bloom: frame interval 118667538ns (target 16666666ns)
[43028799198] [[35mTRACE[0m] [sprout::supervisor] [CPU0] SPROUT: Supervisor tick...
[43029252552] [[32mINFO [0m] [bloom::services::wayland_cmd] [CPU1] bloom: registered titlebar drag zone surface=2 height=28 frame=6
[43030144641] [[34mDEBUG[0m] [bloom::services::wayland_cmd] [CPU1] wayland-cmd: created surface bloom_id=2
[43032358611] [[35mTRACE[0m] [sprout::supervisor] [CPU0] SPROUT: Loop iteration: spawn_bristle_if_needed
[43033970100] [[35mTRACE[0m] [sprout::supervisor] [CPU0] SPROUT: Loop iteration: spawn_display_if_needed
[43035590928] [[35mTRACE[0m] [sprout::supervisor] [CPU0] SPROUT: Loop iteration: spawn_bloom_if_ready
[43037031543] [[35mTRACE[0m] [sprout::supervisor] [CPU0] SPROUT: Loop iteration: spawn_wayland_hello_if_ready
[43037497239] [[34mDEBUG[0m] [kernel::handle::bridge] [CPU2] BRIDGE: handle=15 -> fd=21 node=0xffffffffb01377d0 port=0xffffffffb01df490
[43038228783] [[35mTRACE[0m] [sprout::supervisor] [CPU0] SPROUT: Loop iteration: spawn_clock_if_ready
[43039024116] [[35mTRACE[0m] [kernel::syscall::handlers::vfs] [CPU2] sys_fs_close: fd=21
[43040268117] [[34mDEBUG[0m] [kernel::handle::bridge] [CPU2] BRIDGE: handle=16 -> fd=21 node=0xffffffffb01377d0 port=0xffffffffb01df490
[43040814432] [[35mTRACE[0m] [kernel::syscall::handlers::vfs] [CPU2] sys_fs_close: fd=21
[43041649035] [[34mDEBUG[0m] [bloom::wayland::dispatch] [CPU2] wayland-server: xdg_surface obj=11 created for surface=2
[43042349658] [[32mINFO [0m] [bloom::wayland::dispatch] [CPU2] wayland-server: xdg_toplevel obj=12 assigned to xdg_surface=11
[43043042460] [[34mDEBUG[0m] [bloom::wayland::dispatch] [CPU2] wayland-server: surface 2 titlebar height 28 frame 6
[43045263360] [[34mDEBUG[0m] [bloom::wayland::dispatch] [CPU2] wayland-server: xdg_surface.configure serial=1 sent to obj=11
[43045770240] [[35mTRACE[0m] [sprout::supervisor] [CPU0] SPROUT: Loop iteration: spawn_leaf_if_ready
[43046752947] [[34mDEBUG[0m] [bloom::wayland::dispatch] [CPU2] wayland-server: xdg_toplevel obj=12 title="Clock"
[43047849075] [[34mDEBUG[0m] [bloom::wayland::dispatch] [CPU2] wayland-server: xdg_toplevel obj=12 app_id="thingos.clock"
[43049208675] [[34mDEBUG[0m] [bloom::services::wayland_cmd] [CPU1] bloom: registered titlebar drag zone surface=2 height=28 frame=6
[43049761755] [[35mTRACE[0m] [sprout::supervisor] [CPU0] SPROUT: Loop iteration: tick complete
[43051800264] [[34mDEBUG[0m] [sprout::supervisor] [CPU0] SPROUT: ServiceLoop waiting for next event...
[43061081217] [[34mDEBUG[0m] [kernel::vfs::provider] [CPU1] VFS_RPC: request op=DeviceCall len=296 tid=10
[43355918199] [[35mTRACE[0m] [sprout::supervisor] [CPU0] SPROUT: Supervisor tick...
[43357534737] [[35mTRACE[0m] [sprout::supervisor] [CPU0] SPROUT: Loop iteration: spawn_bristle_if_needed
[43359150450] [[35mTRACE[0m] [sprout::supervisor] [CPU0] SPROUT: Loop iteration: spawn_display_if_needed
[43360924299] [[35mTRACE[0m] [sprout::supervisor] [CPU0] SPROUT: Loop iteration: spawn_bloom_if_ready
[43362427020] [[35mTRACE[0m] [sprout::supervisor] [CPU0] SPROUT: Loop iteration: spawn_wayland_hello_if_ready
[43364054712] [[35mTRACE[0m] [sprout::supervisor] [CPU0] SPROUT: Loop iteration: spawn_clock_if_ready
[43365509352] [[35mTRACE[0m] [sprout::supervisor] [CPU0] SPROUT: Loop iteration: spawn_leaf_if_ready
[43366985310] [[35mTRACE[0m] [sprout::supervisor] [CPU0] SPROUT: Loop iteration: tick complete
[43368330489] [[34mDEBUG[0m] [sprout::supervisor] [CPU0] SPROUT: ServiceLoop waiting for next event...
[43418055351] [[32mINFO [0m] [leaf::thingos_app] [CPU2] leaf: loaded 127011 glyphs from /share/fonts/unifont.hex
[43422298194] [[34mDEBUG[0m] [kernel::sched::spawn] [CPU2] SPAWN: page cache hit for '/bin/sh'
[43423708713] [[34mDEBUG[0m] [kernel::task::loader] [CPU2] LOADER: Loading module 'sh' (len=127864, base=0x200000)
[43424264334] [[35mTRACE[0m] [kernel::task::loader] [CPU2]   Header: [7f, 45, 4c, 46, 02, 01, 01, 00, 00, 00, 00, 00, 00, 00, 00, 00]
[43426856583] [[34mDEBUG[0m] [kernel::task::loader] [CPU2] LOADER: ELF info: entry=200000, min_vaddr=200000, bias=0, entry_pc=200000
[43427880177] [[35mTRACE[0m] [kernel::task::loader] [CPU2] Segment: vaddr=200000 exec=true
[43430566905] [[35mTRACE[0m] [kernel::task::loader] [CPU2]   COPIED at 0x201420: [0f, 84, 32, 06, 00, 00, 48, 8b]
[43440819840] [[35mTRACE[0m] [kernel::task::loader] [CPU2] Segment: vaddr=214000 exec=false
[43443594216] [[35mTRACE[0m] [kernel::task::loader] [CPU2] Segment: vaddr=217000 exec=false
[43445280780] [[34mDEBUG[0m] [kernel::task::loader] [CPU2] LOADER: TLS block: tp=0x218000 filesz=0 memsz=0 align=1
[43450108746] [[34mDEBUG[0m] [kernel::sched::spawn] [CPU2] SPAWN_FROM_PATH: Starting Phase 1 for /bin/sh
[43451042316] [[34mDEBUG[0m] [bran::arch::x86_64::task] [CPU2] INIT KERNEL CTX: entry=0xffffffff800532f0 kstack_top=0xffffffffb02cf660 arg=0xffffffffb02bcb40
[43453341393] [[34mDEBUG[0m] [kernel::sched::spawn] [CPU2] SPAWN_FROM_PATH: Phase 1 complete, ID=19, applying inserts
[43453994100] [[34mDEBUG[0m] [kernel::sched] [CPU2] REGISTRY: Applying 1 deferred inserts
[43454515962] [[34mDEBUG[0m] [kernel::sched] [CPU2] REGISTRY: Inserting TID=19
[43455130620] [[34mDEBUG[0m] [kernel::sched] [CPU2] REGISTRY: Inserts applied
[43455655683] [[34mDEBUG[0m] [kernel::sched::spawn] [CPU2] SPAWN_FROM_PATH: Inserts applied, entering Phase 2
[43458959874] [[34mDEBUG[0m] [kernel::sched::spawn] [CPU2] SETUP_STDIO: stdin=Pipe stdout=Pipe stderr=Pipe
[43472758791] [[34mDEBUG[0m] [kernel::sched::spawn] [CPU2] SPAWN_FROM_PATH: Phase 2 complete, waking task 19
[43475310285] [[34mDEBUG[0m] [kernel::sched::spawn] [CPU2] SPAWN_FROM_PATH: Task 19 woken, restoring IRQs
[43475919795] [[34mDEBUG[0m] [kernel::sched::spawn] [CPU2] SPAWN_FROM_PATH: Done for /bin/sh
[43476749712] [[34mDEBUG[0m] [kernel::syscall::handlers::process] [CPU2] SYSCALL SPAWN_PROCESS_EX: name='/bin/sh' TID=19 PID=19
[43478204418] [[34mDEBUG[0m] [kernel::sched::spawn] [CPU1] USER_TRAMPOLINE: PC=0x200000 SP=0x800000 ARG0=0x0
[43479181020] [[34mDEBUG[0m] [bran::arch::x86_64] [CPU1] ENTER_USER: TID=19 entry_pc=200000 user_sp=800000
[43480473762] [[34mDEBUG[0m] [kernel::syscall::handlers::process] [CPU1] sys_auxv_get: tid=19 buf_len=0
[43481637672] [[34mDEBUG[0m] [kernel::syscall::handlers::process] [CPU1] sys_auxv_get: tid=19 buf_len=100
[43485902295] [[32mINFO [0m] [sh] [CPU1] SH: starting v0.1.0-debug
[43485967041] [[32mINFO [0m] [leaf::thingos_app] [CPU2] leaf: spawned shell pid=19
[43487189295] [[32mINFO [0m] [leaf::thingos_app] [CPU2] leaf: pipe-backed shell input uses local echo
[43487399637] [[35mTRACE[0m] [kernel::syscall::handlers::vfs] [CPU1] VFS: sys_fs_open path='/run/motd' tid=19
[43490007099] [[35mTRACE[0m] [kernel::syscall::handlers::vfs] [CPU1] VFS: sys_fs_open path='/etc/motd' tid=19
[43490482134] [[32mINFO [0m] [leaf::thingos_app] [CPU2] leaf: connected to /run/wayland-0
[43492597071] [[35mTRACE[0m] [kernel::syscall::handlers::vfs] [CPU1] sys_fs_close: fd=6
[43495702404] [[35mTRACE[0m] [kernel::ipc::pipe] [CPU1] PIPE_ENQUEUE: tail=610 len=610 n=610
[43497246606] [[35mTRACE[0m] [kernel::syscall::handlers::vfs] [CPU1] VFS: sys_fs_open path='/etc/profile' tid=19
[43530000690] [[35mTRACE[0m] [display_virtio_gpu] [CPU3] display_virtio_gpu: VFS RPC op=DeviceCall
[43530964026] [[35mTRACE[0m] [display_virtio_gpu] [CPU3] display_virtio_gpu: [batch 0] copy_rect using CPU
[43532316630] [[35mTRACE[0m] [kernel::syscall::handlers::vfs] [CPU1] sys_fs_close: fd=6
[43536106251] [[35mTRACE[0m] [kernel::ipc::pipe] [CPU1] PIPE_ENQUEUE: tail=707 len=707 n=97
[43539093840] [[35mTRACE[0m] [display_virtio_gpu] [CPU3] display_virtio_gpu: [batch 0] alpha_blit using CPU
[43540401036] [[35mTRACE[0m] [display_virtio_gpu] [CPU3] display_virtio_gpu: VFS RPC response begin op=DeviceCall req_id=13
[43542871944] [[35mTRACE[0m] [display_virtio_gpu] [CPU3] display_virtio_gpu: VFS RPC response sent op=DeviceCall req_id=13
[43545271539] [[34mDEBUG[0m] [kernel::vfs::provider] [CPU1] VFS_RPC: response op=DeviceCall id=13 -> OK(8)
[43546586754] [[35mTRACE[0m] [bloom::frame_clock] [CPU1] bloom: frame interval 260535049ns (target 16666666ns)
[43547463729] [[34mDEBUG[0m] [kernel::vfs::provider] [CPU1] VFS_RPC: request op=DeviceCall len=48 tid=10
[43553337234] [[35mTRACE[0m] [display_virtio_gpu] [CPU3] display_virtio_gpu: VFS RPC op=DeviceCall
[43554530712] [[35mTRACE[0m] [display_virtio_gpu] [CPU3] DISP: DISPLAY_OP_GET_INFO requested
[43555274928] [[35mTRACE[0m] [display_virtio_gpu] [CPU3] DISP: Returning dimensions 1280x800
[43555856652] [[35mTRACE[0m] [display_virtio_gpu] [CPU3] display_virtio_gpu: VFS RPC response begin op=DeviceCall req_id=14
[43686481080] [[35mTRACE[0m] [sprout::supervisor] [CPU0] SPROUT: Supervisor tick...
[43688109861] [[35mTRACE[0m] [sprout::supervisor] [CPU0] SPROUT: Loop iteration: spawn_bristle_if_needed
[43689312117] [[34mDEBUG[0m] [bloom::wayland] [CPU2] wayland-server: new client fd=21
[43689828963] [[35mTRACE[0m] [sprout::supervisor] [CPU0] SPROUT: Loop iteration: spawn_display_if_needed
[43691932581] [[35mTRACE[0m] [sprout::supervisor] [CPU0] SPROUT: Loop iteration: spawn_bloom_if_ready
[43693245321] [[35mTRACE[0m] [sprout::supervisor] [CPU0] SPROUT: Loop iteration: spawn_wayland_hello_if_ready
[43694659635] [[35mTRACE[0m] [sprout::supervisor] [CPU0] SPROUT: Loop iteration: spawn_clock_if_ready
[43696169121] [[35mTRACE[0m] [sprout::supervisor] [CPU0] SPROUT: Loop iteration: spawn_leaf_if_ready
[43697460972] [[35mTRACE[0m] [sprout::supervisor] [CPU0] SPROUT: Loop iteration: tick complete
[43698734904] [[34mDEBUG[0m] [sprout::supervisor] [CPU0] SPROUT: ServiceLoop waiting for next event...
[43770756051] [[34mDEBUG[0m] [bloom::wayland::dispatch] [CPU2] wayland-server: sending us-intl XKB keymap to keyboard obj=7 size=8755
[43771796508] [[35mTRACE[0m] [kernel::syscall::handlers::socket] [CPU2] SENDMSG: thing=21 data_len=16 caps_len=1 node=Pointer { addr: 0xffffffffb02dc130, metadata: DynMetadata(0xffffffff802da510) }
[43772657082] [[35mTRACE[0m] [kernel::syscall::handlers::vfs] [CPU2] sys_fs_close: fd=22
[43773960219] [[34mDEBUG[0m] [kernel::ipc] [CPU2] CREATE_PORT: capacity=64
[43774421427] [[34mDEBUG[0m] [kernel::ipc] [CPU2] CREATE_PORT: appended id=PortId(14)
[43774941474] [[34mDEBUG[0m] [kernel::ipc::handles] [CPU2] ALLOC_HANDLE: handle=17 port_id=PortId(14) mode=Write
[43775377305] [[34mDEBUG[0m] [kernel::ipc::handles] [CPU2] ALLOC_HANDLE: handle=18 port_id=PortId(14) mode=Read
[43788586446] [[35mTRACE[0m] [kernel::syscall::handlers::socket] [CPU1] SENDMSG: thing=6 data_len=16 caps_len=1 node=Pointer { addr: 0xffffffffb01451b0, metadata: DynMetadata(0xffffffff802d9c58) }
[43793673495] [[34mDEBUG[0m] [pistil::font] [CPU1] pistil: opening font /share/fonts/DSEG7Classic-Regular.ttf
[43794603402] [[35mTRACE[0m] [kernel::syscall::handlers::vfs] [CPU1] VFS: sys_fs_open path='/share/fonts/DSEG7Classic-Regular.ttf' tid=13
[43796909607] [[34mDEBUG[0m] [pistil::font] [CPU1] pistil: stat font /share/fonts/DSEG7Classic-Regular.ttf
[43798788264] [[34mDEBUG[0m] [pistil::font] [CPU1] pistil: reading font 23272 bytes from /share/fonts/DSEG7Classic-Regular.ttf
[43809404298] [[34mDEBUG[0m] [pistil::font] [CPU1] pistil: font read returned 23272 of 23272 bytes
[43810470429] [[35mTRACE[0m] [kernel::syscall::handlers::vfs] [CPU1] sys_fs_close: fd=8
[43813388322] [[34mDEBUG[0m] [pistil::font] [CPU1] pistil: parsing font /share/fonts/DSEG7Classic-Regular.ttf
[43853810616] [[34mDEBUG[0m] [pistil::font] [CPU1] pistil: parsed font /share/fonts/DSEG7Classic-Regular.ttf
[43879252362] [[34mDEBUG[0m] [pistil::font] [CPU1] pistil: opening font /share/fonts/Inter-Regular.ttf
[43880429901] [[35mTRACE[0m] [kernel::syscall::handlers::vfs] [CPU1] VFS: sys_fs_open path='/share/fonts/Inter-Regular.ttf' tid=13
[43883729439] [[34mDEBUG[0m] [pistil::font] [CPU1] pistil: stat font /share/fonts/Inter-Regular.ttf
[43885168602] [[34mDEBUG[0m] [pistil::font] [CPU1] pistil: reading font 876576 bytes from /share/fonts/Inter-Regular.ttf
[44014575396] [[35mTRACE[0m] [sprout::supervisor] [CPU0] SPROUT: Supervisor tick...
[44016193716] [[35mTRACE[0m] [sprout::supervisor] [CPU0] SPROUT: Loop iteration: spawn_bristle_if_needed
[44017767618] [[35mTRACE[0m] [sprout::supervisor] [CPU0] SPROUT: Loop iteration: spawn_display_if_needed
[44019286509] [[35mTRACE[0m] [sprout::supervisor] [CPU0] SPROUT: Loop iteration: spawn_bloom_if_ready
[44020749366] [[35mTRACE[0m] [sprout::supervisor] [CPU0] SPROUT: Loop iteration: spawn_wayland_hello_if_ready
[44022196713] [[35mTRACE[0m] [sprout::supervisor] [CPU0] SPROUT: Loop iteration: spawn_clock_if_ready
[44023480215] [[35mTRACE[0m] [sprout::supervisor] [CPU0] SPROUT: Loop iteration: spawn_leaf_if_ready
[44024883045] [[35mTRACE[0m] [sprout::supervisor] [CPU0] SPROUT: Loop iteration: tick complete
[44026532022] [[34mDEBUG[0m] [sprout::supervisor] [CPU0] SPROUT: ServiceLoop waiting for next event...
[44118758079] [[34mDEBUG[0m] [pistil::font] [CPU1] pistil: font read returned 876576 of 876576 bytes
[44119631886] [[35mTRACE[0m] [kernel::syscall::handlers::vfs] [CPU1] sys_fs_close: fd=8
[44120514933] [[34mDEBUG[0m] [pistil::font] [CPU1] pistil: parsing font /share/fonts/Inter-Regular.ttf
[44131280160] [[34mDEBUG[0m] [pistil::font] [CPU3] pistil: parsed font /share/fonts/Inter-Regular.ttf
[44175595200] [[35mTRACE[0m] [display_virtio_gpu] [CPU3] display_virtio_gpu: VFS RPC response sent op=DeviceCall req_id=14
[44183614794] [[34mDEBUG[0m] [kernel::vfs::provider] [CPU1] VFS_RPC: response op=DeviceCall id=14 -> OK(48)
[44187629607] [[32mINFO [0m] [bloom::services::wayland_cmd] [CPU1] bloom: registered titlebar drag zone surface=3 height=28 frame=6
[44188517736] [[34mDEBUG[0m] [bloom::services::wayland_cmd] [CPU1] wayland-cmd: created surface bloom_id=3
[44190731871] [[34mDEBUG[0m] [kernel::vfs::provider] [CPU1] VFS_RPC: request op=DeviceCall len=48 tid=10
[44192955213] [[34mDEBUG[0m] [kernel::handle::bridge] [CPU2] BRIDGE: handle=17 -> fd=22 node=0xffffffffb02bc7d0 port=0xffffffffb02de670
[44194192482] [[35mTRACE[0m] [kernel::syscall::handlers::vfs] [CPU2] sys_fs_close: fd=22
[44195882412] [[34mDEBUG[0m] [kernel::handle::bridge] [CPU2] BRIDGE: handle=18 -> fd=22 node=0xffffffffb02bc7d0 port=0xffffffffb02de670
[44198571780] [[35mTRACE[0m] [kernel::syscall::handlers::vfs] [CPU2] sys_fs_close: fd=22
[44200177989] [[34mDEBUG[0m] [bloom::wayland::dispatch] [CPU2] wayland-server: xdg_surface obj=11 created for surface=3
[44201565177] [[32mINFO [0m] [bloom::wayland::dispatch] [CPU2] wayland-server: xdg_toplevel obj=12 assigned to xdg_surface=11
[44202841881] [[34mDEBUG[0m] [bloom::wayland::dispatch] [CPU2] wayland-server: surface 3 titlebar height 28 frame 6
[44206053474] [[34mDEBUG[0m] [bloom::wayland::dispatch] [CPU2] wayland-server: xdg_surface.configure serial=1 sent to obj=11
[44208062613] [[34mDEBUG[0m] [bloom::wayland::dispatch] [CPU2] wayland-server: xdg_toplevel obj=12 title="Leaf"
[44209882266] [[34mDEBUG[0m] [bloom::wayland::dispatch] [CPU2] wayland-server: xdg_toplevel obj=12 app_id="thingos.leaf"
[44256333462] [[35mTRACE[0m] [display_virtio_gpu] [CPU3] display_virtio_gpu: VFS RPC op=DeviceCall
[44257623267] [[35mTRACE[0m] [display_virtio_gpu] [CPU3] DISP: DISPLAY_OP_GET_INFO requested
[44258428797] [[35mTRACE[0m] [display_virtio_gpu] [CPU3] DISP: Returning dimensions 1280x800
[44259049164] [[35mTRACE[0m] [display_virtio_gpu] [CPU3] display_virtio_gpu: VFS RPC response begin op=DeviceCall req_id=15
[44260471398] [[35mTRACE[0m] [display_virtio_gpu] [CPU3] display_virtio_gpu: VFS RPC response sent op=DeviceCall req_id=15
[44291829945] [[34mDEBUG[0m] [kernel::syscall::handlers::memory] [CPU2] sys_vm_map: large backing file mapping offset=0 len=1400832 total_size=1400832
[44320310298] [[35mTRACE[0m] [kernel::syscall::handlers::socket] [CPU2] SENDMSG: thing=9 data_len=16 caps_len=1 node=Pointer { addr: 0xffffffffb02bdfd0, metadata: DynMetadata(0xffffffff802d9c58) }
[44342098647] [[34mDEBUG[0m] [kernel::vfs::provider] [CPU1] VFS_RPC: response op=DeviceCall id=15 -> OK(48)
[44348761710] [[35mTRACE[0m] [kernel::syscall::handlers::socket] [CPU2] RECVMSG: thing=21 data_len=16 caps_len=1 node=Pointer { addr: 0xffffffffb02dc130, metadata: DynMetadata(0xffffffff802da510) }
[44349903642] [[35mTRACE[0m] [kernel::syscall::handlers::vfs] [CPU1] VFS: sys_fs_open path='/session/wayland/components' tid=10
[44352963105] [[35mTRACE[0m] [kernel::syscall::handlers::vfs] [CPU1] sys_fs_close: fd=23
[44353814802] [[35mTRACE[0m] [kernel::syscall::handlers::vfs] [CPU1] VFS: sys_fs_open path='/session/wayland/status' tid=10
[44356027254] [[35mTRACE[0m] [kernel::syscall::handlers::vfs] [CPU1] sys_fs_close: fd=23
[44358462456] [[35mTRACE[0m] [kernel::syscall::handlers::vfs] [CPU1] VFS: sys_fs_open path='/session/wayland/surfaces/index' tid=10
[44361402261] [[35mTRACE[0m] [sprout::supervisor] [CPU0] SPROUT: Supervisor tick...
[44361771828] [[35mTRACE[0m] [kernel::syscall::handlers::vfs] [CPU1] sys_fs_close: fd=23
[44362891914] [[35mTRACE[0m] [kernel::syscall::handlers::vfs] [CPU1] VFS: sys_fs_open path='/session/wayland/windows/index' tid=10
[44365328073] [[35mTRACE[0m] [kernel::syscall::handlers::vfs] [CPU1] sys_fs_close: fd=23
[44365912635] [[35mTRACE[0m] [sprout::supervisor] [CPU0] SPROUT: Loop iteration: spawn_bristle_if_needed
[44366329491] [[35mTRACE[0m] [kernel::syscall::handlers::vfs] [CPU1] VFS: sys_fs_open path='/session/wayland/events/latest' tid=10
[44369202240] [[35mTRACE[0m] [kernel::syscall::handlers::vfs] [CPU1] sys_fs_close: fd=23
[44372764194] [[34mDEBUG[0m] [bloom::services::wayland_cmd] [CPU1] bloom: registered titlebar drag zone surface=3 height=28 frame=6
[44374209297] [[34mDEBUG[0m] [kernel::vfs::provider] [CPU1] VFS_RPC: request op=DeviceCall len=296 tid=10
[44379640041] [[35mTRACE[0m] [sprout::supervisor] [CPU0] SPROUT: Loop iteration: spawn_display_if_needed
[44381129661] [[34mDEBUG[0m] [bloom::wayland::dispatch] [CPU2] wayland-server: xdg_surface.ack_configure serial=1 accepted
[44382464742] [[34mDEBUG[0m] [bloom::wayland::dispatch] [CPU2] wayland-server: wl_surface obj=10 registered frame callback cb=1000
[44383641258] [[34mDEBUG[0m] [bloom::wayland::dispatch] [CPU2] wayland-server: surface 3 ready for mapping
[44386648713] [[35mTRACE[0m] [sprout::supervisor] [CPU0] SPROUT: Loop iteration: spawn_bloom_if_ready
[44388803448] [[35mTRACE[0m] [sprout::supervisor] [CPU0] SPROUT: Loop iteration: spawn_wayland_hello_if_ready
[44390545848] [[35mTRACE[0m] [sprout::supervisor] [CPU0] SPROUT: Loop iteration: spawn_clock_if_ready
[44391651678] [[35mTRACE[0m] [display_virtio_gpu] [CPU3] display_virtio_gpu: VFS RPC op=DeviceCall
[44392779651] [[35mTRACE[0m] [display_virtio_gpu] [CPU3] display_virtio_gpu: [batch 0] copy_rect using CPU
[44395231287] [[35mTRACE[0m] [sprout::supervisor] [CPU0] SPROUT: Loop iteration: spawn_leaf_if_ready
[44397321507] [[35mTRACE[0m] [sprout::supervisor] [CPU0] SPROUT: Loop iteration: tick complete
[44399287086] [[34mDEBUG[0m] [sprout::supervisor] [CPU0] SPROUT: ServiceLoop waiting for next event...
[44401966488] [[35mTRACE[0m] [display_virtio_gpu] [CPU3] display_virtio_gpu: [batch 0] alpha_blit using CPU
[44403995493] [[35mTRACE[0m] [display_virtio_gpu] [CPU3] display_virtio_gpu: VFS RPC response begin op=DeviceCall req_id=16
[44406994203] [[35mTRACE[0m] [display_virtio_gpu] [CPU3] display_virtio_gpu: VFS RPC response sent op=DeviceCall req_id=16
[44410150983] [[34mDEBUG[0m] [kernel::vfs::provider] [CPU1] VFS_RPC: response op=DeviceCall id=16 -> OK(8)
[44411742870] [[35mTRACE[0m] [bloom::frame_clock] [CPU1] bloom: frame interval 432547253ns (target 16666666ns)
[44415393396] [[34mDEBUG[0m] [kernel::vfs::provider] [CPU1] VFS_RPC: request op=DeviceCall len=96 tid=10
[44418784476] [[35mTRACE[0m] [display_virtio_gpu] [CPU3] display_virtio_gpu: VFS RPC op=DeviceCall
[44419646865] [[35mTRACE[0m] [display_virtio_gpu] [CPU3] DISP: DISPLAY_OP_IMPORT_BUFFER requested: memfd=10, size=760x460
[44420356134] [[34mDEBUG[0m] [kernel::syscall::handlers::memory] [CPU3] sys_vm_map: large backing file mapping offset=0 len=1400832 total_size=1400832
[44434477890] [[34mDEBUG[0m] [display_virtio_gpu] [CPU3] DISP: imported buffer as ID=4
[44435820495] [[35mTRACE[0m] [display_virtio_gpu] [CPU3] display_virtio_gpu: VFS RPC response begin op=DeviceCall req_id=17
[44438799240] [[35mTRACE[0m] [display_virtio_gpu] [CPU3] display_virtio_gpu: VFS RPC response sent op=DeviceCall req_id=17
[44442043767] [[34mDEBUG[0m] [kernel::vfs::provider] [CPU1] VFS_RPC: response op=DeviceCall id=17 -> OK(12)
[44443520022] [[34mDEBUG[0m] [bloom::display] [CPU1] bloom: imported buffer 760x460 as ID=4
[44523138990] [[34mDEBUG[0m] [kernel::syscall::handlers::memory] [CPU1] sys_vm_map: large backing file mapping offset=0 len=1409024 total_size=1409024
[44713991520] [[35mTRACE[0m] [sprout::supervisor] [CPU0] SPROUT: Supervisor tick...
[44715660660] [[35mTRACE[0m] [sprout::supervisor] [CPU0] SPROUT: Loop iteration: spawn_bristle_if_needed
[44717062863] [[35mTRACE[0m] [sprout::supervisor] [CPU0] SPROUT: Loop iteration: spawn_display_if_needed
[44718402168] [[35mTRACE[0m] [sprout::supervisor] [CPU0] SPROUT: Loop iteration: spawn_bloom_if_ready
[44720027385] [[35mTRACE[0m] [sprout::supervisor] [CPU0] SPROUT: Loop iteration: spawn_wayland_hello_if_ready
[44721701277] [[35mTRACE[0m] [sprout::supervisor] [CPU0] SPROUT: Loop iteration: spawn_clock_if_ready
[44723250297] [[35mTRACE[0m] [sprout::supervisor] [CPU0] SPROUT: Loop iteration: spawn_leaf_if_ready
[44724683652] [[35mTRACE[0m] [sprout::supervisor] [CPU0] SPROUT: Loop iteration: tick complete
[44726261184] [[34mDEBUG[0m] [sprout::supervisor] [CPU0] SPROUT: ServiceLoop waiting for next event...
[44915276274] [[34mDEBUG[0m] [bloom::wayland::dispatch] [CPU2] wayland-server: xdg_surface.ack_configure serial=1 accepted
[44916551031] [[34mDEBUG[0m] [bloom::wayland::dispatch] [CPU2] wayland-server: wl_surface obj=10 registered frame callback cb=1000
[44917967721] [[34mDEBUG[0m] [bloom::wayland::dispatch] [CPU2] wayland-server: wp_presentation.feedback surface_obj=10 fb=1001
[44918650425] [[34mDEBUG[0m] [bloom::wayland::dispatch] [CPU2] wayland-server: surface 1 ready for mapping
[44920486710] [[34mDEBUG[0m] [kernel::ipc] [CPU2] CREATE_PORT: capacity=64
[44920872249] [[34mDEBUG[0m] [kernel::ipc] [CPU2] CREATE_PORT: appended id=PortId(15)
[44921367480] [[34mDEBUG[0m] [kernel::ipc::handles] [CPU2] ALLOC_HANDLE: handle=19 port_id=PortId(15) mode=Write
[44921811462] [[34mDEBUG[0m] [kernel::ipc::handles] [CPU2] ALLOC_HANDLE: handle=20 port_id=PortId(15) mode=Read
[45041612484] [[35mTRACE[0m] [sprout::supervisor] [CPU0] SPROUT: Supervisor tick...
[45043153683] [[35mTRACE[0m] [sprout::supervisor] [CPU0] SPROUT: Loop iteration: spawn_bristle_if_needed
[45044933868] [[35mTRACE[0m] [sprout::supervisor] [CPU0] SPROUT: Loop iteration: spawn_display_if_needed
[45047409561] [[35mTRACE[0m] [sprout::supervisor] [CPU0] SPROUT: Loop iteration: spawn_bloom_if_ready
[45049098732] [[35mTRACE[0m] [sprout::supervisor] [CPU0] SPROUT: Loop iteration: spawn_wayland_hello_if_ready
[45050690487] [[35mTRACE[0m] [sprout::supervisor] [CPU0] SPROUT: Loop iteration: spawn_clock_if_ready
[45052091007] [[35mTRACE[0m] [sprout::supervisor] [CPU0] SPROUT: Loop iteration: spawn_leaf_if_ready
[45053484135] [[35mTRACE[0m] [sprout::supervisor] [CPU0] SPROUT: Loop iteration: tick complete
[45054847002] [[34mDEBUG[0m] [sprout::supervisor] [CPU0] SPROUT: ServiceLoop waiting for next event...
[45063791421] [[34mDEBUG[0m] [kernel::vfs::provider] [CPU1] VFS_RPC: request op=DeviceCall len=96 tid=10
[45077526945] [[35mTRACE[0m] [display_virtio_gpu] [CPU3] display_virtio_gpu: VFS RPC op=DeviceCall
[45078435831] [[35mTRACE[0m] [display_virtio_gpu] [CPU3] DISP: DISPLAY_OP_IMPORT_BUFFER requested: memfd=13, size=762x462
[45079105995] [[34mDEBUG[0m] [kernel::syscall::handlers::memory] [CPU3] sys_vm_map: large backing file mapping offset=0 len=1409024 total_size=1409024
[45089471988] [[34mDEBUG[0m] [display_virtio_gpu] [CPU3] DISP: imported buffer as ID=5
[45090292401] [[35mTRACE[0m] [display_virtio_gpu] [CPU3] display_virtio_gpu: VFS RPC response begin op=DeviceCall req_id=18
[45092067966] [[35mTRACE[0m] [display_virtio_gpu] [CPU3] display_virtio_gpu: VFS RPC response sent op=DeviceCall req_id=18
[45095642130] [[34mDEBUG[0m] [kernel::vfs::provider] [CPU1] VFS_RPC: response op=DeviceCall id=18 -> OK(12)
[45097559991] [[34mDEBUG[0m] [bloom::display] [CPU1] bloom: imported buffer 762x462 as ID=5
[45098678460] [[32mINFO [0m] [bloom::render] [CPU1] bloom: flat window overlays ready surface=3 size=762x462
[45161524188] [[32mINFO [0m] [kernel::time] [CPU0] System clock tick: utc=2026-05-01 23:20:32.013735593 unix_secs=1777677632.013735593
[45175398840] [[34mDEBUG[0m] [kernel::syscall::handlers::memory] [CPU1] sys_vm_map: large backing file mapping offset=0 len=1409024 total_size=1409024
[45220468953] [[34mDEBUG[0m] [kernel::vfs::provider] [CPU1] VFS_RPC: request op=DeviceCall len=96 tid=10
[45243831765] [[35mTRACE[0m] [display_virtio_gpu] [CPU3] display_virtio_gpu: VFS RPC op=DeviceCall
[45244857306] [[35mTRACE[0m] [display_virtio_gpu] [CPU3] DISP: DISPLAY_OP_IMPORT_BUFFER requested: memfd=14, size=762x462
[45245515953] [[34mDEBUG[0m] [kernel::syscall::handlers::memory] [CPU3] sys_vm_map: large backing file mapping offset=0 len=1409024 total_size=1409024
[45255816969] [[34mDEBUG[0m] [display_virtio_gpu] [CPU3] DISP: imported buffer as ID=6
[45256665168] [[35mTRACE[0m] [display_virtio_gpu] [CPU3] display_virtio_gpu: VFS RPC response begin op=DeviceCall req_id=19
[45258999687] [[35mTRACE[0m] [display_virtio_gpu] [CPU3] display_virtio_gpu: VFS RPC response sent op=DeviceCall req_id=19
[45263152737] [[34mDEBUG[0m] [kernel::vfs::provider] [CPU1] VFS_RPC: response op=DeviceCall id=19 -> OK(12)
[45264483429] [[34mDEBUG[0m] [bloom::display] [CPU1] bloom: imported buffer 762x462 as ID=6
[45265348656] [[32mINFO [0m] [bloom::render] [CPU1] bloom: flat window overlays ready surface=3 size=762x462
[45286520136] [[34mDEBUG[0m] [pistil::font] [CPU1] pistil: opening font /share/fonts/Inter-Regular.ttf
[45287508981] [[35mTRACE[0m] [kernel::syscall::handlers::vfs] [CPU1] VFS: sys_fs_open path='/share/fonts/Inter-Regular.ttf' tid=10
[45289943919] [[34mDEBUG[0m] [pistil::font] [CPU1] pistil: stat font /share/fonts/Inter-Regular.ttf
[45291919365] [[34mDEBUG[0m] [pistil::font] [CPU1] pistil: reading font 876576 bytes from /share/fonts/Inter-Regular.ttf
[45370136163] [[35mTRACE[0m] [sprout::supervisor] [CPU0] SPROUT: Supervisor tick...
[45371589912] [[35mTRACE[0m] [sprout::supervisor] [CPU0] SPROUT: Loop iteration: spawn_bristle_if_needed
[45373162659] [[35mTRACE[0m] [sprout::supervisor] [CPU0] SPROUT: Loop iteration: spawn_display_if_needed
[45374609610] [[35mTRACE[0m] [sprout::supervisor] [CPU0] SPROUT: Loop iteration: spawn_bloom_if_ready
[45376079430] [[35mTRACE[0m] [sprout::supervisor] [CPU0] SPROUT: Loop iteration: spawn_wayland_hello_if_ready
[45377650428] [[35mTRACE[0m] [sprout::supervisor] [CPU0] SPROUT: Loop iteration: spawn_clock_if_ready
[45379044480] [[35mTRACE[0m] [sprout::supervisor] [CPU0] SPROUT: Loop iteration: spawn_leaf_if_ready
[45380507700] [[35mTRACE[0m] [sprout::supervisor] [CPU0] SPROUT: Loop iteration: tick complete
[45381872415] [[34mDEBUG[0m] [sprout::supervisor] [CPU0] SPROUT: ServiceLoop waiting for next event...
[45697610541] [[35mTRACE[0m] [sprout::supervisor] [CPU0] SPROUT: Supervisor tick...
[45699078150] [[35mTRACE[0m] [sprout::supervisor] [CPU0] SPROUT: Loop iteration: spawn_bristle_if_needed
[45700466889] [[35mTRACE[0m] [sprout::supervisor] [CPU0] SPROUT: Loop iteration: spawn_display_if_needed
[45701976375] [[35mTRACE[0m] [sprout::supervisor] [CPU0] SPROUT: Loop iteration: spawn_bloom_if_ready
[45703403229] [[35mTRACE[0m] [sprout::supervisor] [CPU0] SPROUT: Loop iteration: spawn_wayland_hello_if_ready
[45705035211] [[35mTRACE[0m] [sprout::supervisor] [CPU0] SPROUT: Loop iteration: spawn_clock_if_ready
[45706540011] [[35mTRACE[0m] [sprout::supervisor] [CPU0] SPROUT: Loop iteration: spawn_leaf_if_ready
[45708155559] [[35mTRACE[0m] [sprout::supervisor] [CPU0] SPROUT: Loo
[hunter] running random action
p iteration: tick complete
[45709486482] [[34mDEBUG[0m] [sprout::supervisor] [CPU0] SPROUT: ServiceLoop waiting for next event...
[45720888180] [[34mDEBUG[0m] [pistil::font] [CPU1] pistil: font read returned 876576 of 876576 bytes
[45721712817] [[35mTRACE[0m] [kernel::syscall::handlers::vfs] [CPU1] sys_fs_close: fd=25
[45722807328] [[34mDEBUG[0m] [pistil::font] [CPU1] pistil: parsing font /share/fonts/Inter-Regular.ttf
[45773077119] [[35mTRACE[0m] [bran::arch::x86_64::idt] [CPU0] PS/2 byte received: 0x18 (is_aux=true)
[45773808366] [[35mTRACE[0m] [bran::arch::x86_64::idt] [CPU0] PS/2 byte received: 0x81 (is_aux=true)
[45774338412] [[35mTRACE[0m] [bran::arch::x86_64::idt] [CPU0] PS/2 byte received: 0x7f (is_aux=true)
[45774867930] [[35mTRACE[0m] [bran::arch::x86_64::idt] [CPU0] PS/2 byte received: 0x18 (is_aux=true)
[45775347189] [[35mTRACE[0m] [bran::arch::x86_64::idt] [CPU0] PS/2 byte received: 0x81 (is_aux=true)
[45775822884] [[35mTRACE[0m] [bran::arch::x86_64::idt] [CPU0] PS/2 byte received: 0x7f (is_aux=true)
[45776272740] [[35mTRACE[0m] [bran::arch::x86_64::idt] [CPU0] PS/2 byte received: 0x18 (is_aux=true)
[45776732100] [[35mTRACE[0m] [bran::arch::x86_64::idt] [CPU0] PS/2 byte received: 0x81 (is_aux=true)
[45777241752] [[35mTRACE[0m] [bran::arch::x86_64::idt] [CPU0] PS/2 byte received: 0x7f (is_aux=true)
[45777711606] [[35mTRACE[0m] [bran::arch::x86_64::idt] [CPU0] PS/2 byte received: 0x18 (is_aux=true)
[45778187862] [[35mTRACE[0m] [bran::arch::x86_64::idt] [CPU0] PS/2 byte received: 0x81 (is_aux=true)
[45778641876] [[35mTRACE[0m] [bran::arch::x86_64::idt] [CPU0] PS/2 byte received: 0x7f (is_aux=true)
[45779104140] [[35mTRACE[0m] [bran::arch::x86_64::idt] [CPU0] PS/2 byte received: 0x18 (is_aux=true)
[45779565612] [[35mTRACE[0m] [bran::arch::x86_64::idt] [CPU0] PS/2 byte received: 0x81 (is_aux=true)
[45780029988] [[35mTRACE[0m] [bran::arch::x86_64::idt] [CPU0] PS/2 byte received: 0x7f (is_aux=true)
[45784029621] [[35mTRACE[0m] [kernel::irq::ps2] [CPU3] PS/2 take_scancode: popped 0x18 (is_aux=true)
[45785627217] [[35mTRACE[0m] [kernel::irq::ps2] [CPU3] PS/2 take_scancode: popped 0x81 (is_aux=true)
[45787190460] [[35mTRACE[0m] [kernel::irq::ps2] [CPU3] PS/2 take_scancode: popped 0x7f (is_aux=true)
[45788890422] [[35mTRACE[0m] [kernel::irq::ps2] [CPU3] PS/2 take_scancode: popped 0x18 (is_aux=true)
[45801010596] [[35mTRACE[0m] [kernel::irq::ps2] [CPU3] PS/2 take_scancode: popped 0x81 (is_aux=true)
[45802644162] [[35mTRACE[0m] [kernel::irq::ps2] [CPU3] PS/2 take_scancode: popped 0x7f (is_aux=true)
[45804175857] [[35mTRACE[0m] [kernel::irq::ps2] [CPU3] PS/2 take_scancode: popped 0x18 (is_aux=true)
[45805701183] [[35mTRACE[0m] [kernel::irq::ps2] [CPU3] PS/2 take_scancode: popped 0x81 (is_aux=true)
[45807172323] [[35mTRACE[0m] [kernel::irq::ps2] [CPU3] PS/2 take_scancode: popped 0x7f (is_aux=true)
[45808609143] [[35mTRACE[0m] [kernel::irq::ps2] [CPU3] PS/2 take_scancode: popped 0x18 (is_aux=true)
[45810075564] [[35mTRACE[0m] [kernel::irq::ps2] [CPU3] PS/2 take_scancode: popped 0x81 (is_aux=true)
[45811574556] [[35mTRACE[0m] [kernel::irq::ps2] [CPU3] PS/2 take_scancode: popped 0x7f (is_aux=true)
[45813006723] [[35mTRACE[0m] [kernel::irq::ps2] [CPU3] PS/2 take_scancode: popped 0x18 (is_aux=true)
[45814486047] [[35mTRACE[0m] [kernel::irq::ps2] [CPU3] PS/2 take_scancode: popped 0x81 (is_aux=true)
[45816021504] [[35mTRACE[0m] [kernel::irq::ps2] [CPU3] PS/2 take_scancode: popped 0x7f (is_aux=true)
[45978968244] [[34mDEBUG[0m] [pistil::font] [CPU1] pistil: parsed font /share/fonts/Inter-Regular.ttf
[46026981990] [[35mTRACE[0m] [sprout::supervisor] [CPU0] SPROUT: Supervisor tick...
[46029650997] [[35mTRACE[0m] [sprout::supervisor] [CPU0] SPROUT: Loop iteration: spawn_bristle_if_needed
[46031313570] [[35mTRACE[0m] [sprout::supervisor] [CPU0] SPROUT: Loop iteration: spawn_display_if_needed
[46032863481] [[35mTRACE[0m] [sprout::supervisor] [CPU0] SPROUT: Loop iteration: spawn_bloom_if_ready
[46034279973] [[35mTRACE[0m] [sprout::supervisor] [CPU0] SPROUT: Loop iteration: spawn_wayland_hello_if_ready
[46035745338] [[35mTRACE[0m] [sprout::supervisor] [CPU0] SPROUT: Loop iteration: spawn_clock_if_ready
[46037271423] [[35mTRACE[0m] [sprout::supervisor] [CPU0] SPROUT: Loop iteration: spawn_leaf_if_ready
[46038734478] [[35mTRACE[0m] [sprout::supervisor] [CPU0] SPROUT: Loop iteration: tick complete
[46040197137] [[34mDEBUG[0m] [sprout::supervisor] [CPU0] SPROUT: ServiceLoop waiting for next event...
[46044066486] [[35mTRACE[0m] [bran::arch::x86_64::idt] [CPU0] PS/2 byte received: 0x18 (is_aux=true)
[46044705960] [[35mTRACE[0m] [bran::arch::x86_64::idt] [CPU0] PS/2 byte received: 0x81 (is_aux=true)
[46045181589] [[35mTRACE[0m] [bran::arch::x86_64::idt] [CPU0] PS/2 byte received: 0x7f (is_aux=true)
[46045643985] [[35mTRACE[0m] [bran::arch::x86_64::idt] [CPU0] PS/2 byte received: 0x18 (is_aux=true)
[46046123013] [[35mTRACE[0m] [bran::arch::x86_64::idt] [CPU0] PS/2 byte received: 0x81 (is_aux=true)
[46046588445] [[35mTRACE[0m] [bran::arch::x86_64::idt] [CPU0] PS/2 byte received: 0x7f (is_aux=true)
[46047094203] [[35mTRACE[0m] [bran::arch::x86_64::idt] [CPU0] PS/2 byte received: 0x18 (is_aux=true)
[46047553365] [[35mTRACE[0m] [bran::arch::x86_64::idt] [CPU0] PS/2 byte received: 0x81 (is_aux=true)
[46048022328] [[35mTRACE[0m] [bran::arch::x86_64::idt] [CPU0] PS/2 byte received: 0x7f (is_aux=true)
[46048478322] [[35mTRACE[0m] [bran::arch::x86_64::idt] [CPU0] PS/2 byte received: 0x18 (is_aux=true)
[46048976193] [[35mTRACE[0m] [bran::arch::x86_64::idt] [CPU0] PS/2 byte received: 0x81 (is_aux=true)
[46049499375] [[35mTRACE[0m] [bran::arch::x86_64::idt] [CPU0] PS/2 byte received: 0x7f (is_aux=true)
[46049998236] [[35mTRACE[0m] [bran::arch::x86_64::idt] [CPU0] PS/2 byte received: 0x18 (is_aux=true)
[46050495084] [[35mTRACE[0m] [bran::arch::x86_64::idt] [CPU0] PS/2 byte received: 0x81 (is_aux=true)
[46050968502] [[35mTRACE[0m] [bran::arch::x86_64::idt] [CPU0] PS/2 byte received: 0x7f (is_aux=true)
[46055581473] [[35mTRACE[0m] [kernel::irq::ps2] [CPU3] PS/2 take_scancode: popped 0x18 (is_aux=true)
[46057872927] [[35mTRACE[0m] [kernel::irq::ps2] [CPU3] PS/2 take_scancode: popped 0x81 (is_aux=true)
[46059327798] [[35mTRACE[0m] [kernel::irq::ps2] [CPU3] PS/2 take_scancode: popped 0x7f (is_aux=true)
[46060642782] [[35mTRACE[0m] [kernel::irq::ps2] [CPU3] PS/2 take_scancode: popped 0x18 (is_aux=true)
[46062053037] [[35mTRACE[0m] [kernel::irq::ps2] [CPU3] PS/2 take_scancode: popped 0x81 (is_aux=true)
[46063524111] [[35mTRACE[0m] [kernel::irq::ps2] [CPU3] PS/2 take_scancode: popped 0x7f (is_aux=true)
[46065050856] [[35mTRACE[0m] [kernel::irq::ps2] [CPU3] PS/2 take_scancode: popped 0x18 (is_aux=true)
[46066315713] [[35mTRACE[0m] [kernel::irq::ps2] [CPU3] PS/2 take_scancode: popped 0x81 (is_aux=true)
[46067594727] [[35mTRACE[0m] [kernel::irq::ps2] [CPU3] PS/2 take_scancode: popped 0x7f (is_aux=true)
[46068920898] [[35mTRACE[0m] [kernel::irq::ps2] [CPU3] PS/2 take_scancode: popped 0x18 (is_aux=true)
[46070237268] [[35mTRACE[0m] [kernel::irq::ps2] [CPU3] PS/2 take_scancode: popped 0x81 (is_aux=true)
[46073116287] [[35mTRACE[0m] [kernel::irq::ps2] [CPU3] PS/2 take_scancode: popped 0x7f (is_aux=true)
[46074582741] [[35mTRACE[0m] [kernel::irq::ps2] [CPU3] PS/2 take_scancode: popped 0x18 (is_aux=true)
[46077050217] [[35mTRACE[0m] [kernel::irq::ps2] [CPU3] PS/2 take_scancode: popped 0x81 (is_aux=true)
[46078499742] [[35mTRACE[0m] [kernel::irq::ps2] [CPU3] PS/2 take_scancode: popped 0x7f (is_aux=true)
[46316115615] [[35mTRACE[0m] [bran::arch::x86_64::idt] [CPU0] PS/2 byte received: 0x19 (is_aux=true)
[46316940648] [[35mTRACE[0m] [bran::arch::x86_64::idt] [CPU0] PS/2 byte received: 0x81 (is_aux=true)
[46317528873] [[35mTRACE[0m] [bran::arch::x86_64::idt] [CPU0] PS/2 byte received: 0x7f (is_aux=true)
[46318004073] [[35mTRACE[0m] [bran::arch::x86_64::idt] [CPU0] PS/2 byte received: 0x19 (is_aux=true)
[46318514253] [[35mTRACE[0m] [bran::arch::x86_64::idt] [CPU0] PS/2 byte received: 0x81 (is_aux=true)
[46318945299] [[35mTRACE[0m] [bran::arch::x86_64::idt] [CPU3] PS/2 byte received: 0x7f (is_aux=true)
[46319064825] [[35mTRACE[0m] [bran::arch::x86_64::idt] [CPU0] PS/2 byte received: 0x19 (is_aux=true)
[46319622987] [[35mTRACE[0m] [bran::arch::x86_64::idt] [CPU3] PS/2 byte received: 0x81 (is_aux=true)
[46319842338] [[35mTRACE[0m] [bran::arch::x86_64::idt] [CPU0] PS/2 byte received: 0x7f (is_aux=true)
[46320145179] [[35mTRACE[0m] [bran::arch::x86_64::idt] [CPU3] PS/2 byte received: 0x19 (is_aux=true)
[46320585630] [[35mTRACE[0m] [bran::arch::x86_64::idt] [CPU0] PS/2 byte received: 0x81 (is_aux=true)
[46320685521] [[35mTRACE[0m] [bran::arch::x86_64::idt] [CPU3] PS/2 byte received: 0x7f (is_aux=true)
[46321237380] [[35mTRACE[0m] [bran::arch::x86_64::idt] [CPU0] PS/2 byte received: 0x19 (is_aux=true)
[46321338030] [[35mTRACE[0m] [bran::arch::x86_64::idt] [CPU3] PS/2 byte received: 0x81 (is_aux=true)
[46321883091] [[35mTRACE[0m] [bran::arch::x86_64::idt] [CPU0] PS/2 byte received: 0x7f (is_aux=true)
[46325754288] [[35mTRACE[0m] [ps2_kbd] [CPU2] ps2_kbd: yield on AUX data (mouse packet)
[46327648422] [[35mTRACE[0m] [kernel::irq::ps2] [CPU3] PS/2 take_scancode: popped 0x19 (is_aux=true)
[46329006504] [[35mTRACE[0m] [kernel::irq::ps2] [CPU3] PS/2 take_scancode: popped 0x81 (is_aux=true)
[46330515132] [[35mTRACE[0m] [kernel::irq::ps2] [CPU3] PS/2 take_scancode: popped 0x7f (is_aux=true)
[46341684213] [[35mTRACE[0m] [kernel::irq::ps2] [CPU3] PS/2 take_scancode: popped 0x19 (is_aux=true)
[46343235675] [[35mTRACE[0m] [kernel::irq::ps2] [CPU3] PS/2 take_scancode: popped 0x81 (is_aux=true)
[46344777468] [[35mTRACE[0m] [kernel::irq::ps2] [CPU3] PS/2 take_scancode: popped 0x7f (is_aux=true)
[46346269794] [[35mTRACE[0m] [kernel::irq::ps2] [CPU3] PS/2 take_scancode: popped 0x19 (is_aux=true)
[46350257547] [[35mTRACE[0m] [sprout::supervisor] [CPU0] SPROUT: Supervisor tick...
[46351546197] [[35mTRACE[0m] [sprout::supervisor] [CPU0] SPROUT: Loop iteration: spawn_bristle_if_needed
[46352912166] [[35mTRACE[0m] [sprout::supervisor] [CPU0] SPROUT: Loop iteration: spawn_display_if_needed
[46354426503] [[35mTRACE[0m] [sprout::supervisor] [CPU0] SPROUT: Loop iteration: spawn_bloom_if_ready
[46355761650] [[35mTRACE[0m] [sprout::supervisor] [CPU0] SPROUT: Loop iteration: spawn_wayland_hello_if_ready
[46355887941] [[35mTRACE[0m] [kernel::irq::ps2] [CPU3] PS/2 take_scancode: popped 0x81 (is_aux=true)
[46357634631] [[35mTRACE[0m] [kernel::irq::ps2] [CPU3] PS/2 take_scancode: popped 0x7f (is_aux=true)
[46358007795] [[35mTRACE[0m] [sprout::supervisor] [CPU0] SPROUT: Loop iteration: spawn_clock_if_ready
[46359170154] [[35mTRACE[0m] [kernel::irq::ps2] [CPU3] PS/2 take_scancode: popped 0x19 (is_aux=true)
[46359683667] [[35mTRACE[0m] [sprout::supervisor] [CPU0] SPROUT: Loop iteration: spawn_leaf_if_ready
[46360878729] [[35mTRACE[0m] [kernel::irq::ps2] [CPU3] PS/2 take_scancode: popped 0x81 (is_aux=true)
[46362721350] [[35mTRACE[0m] [kernel::irq::ps2] [CPU3] PS/2 take_scancode: popped 0x7f (is_aux=true)
[46363233642] [[35mTRACE[0m] [sprout::supervisor] [CPU0] SPROUT: Loop iteration: tick complete
[46364210805] [[35mTRACE[0m] [kernel::irq::ps2] [CPU3] PS/2 take_scancode: popped 0x19 (is_aux=true)
[46365505065] [[35mTRACE[0m] [kernel::irq::ps2] [CPU3] PS/2 take_scancode: popped 0x81 (is_aux=true)
[46366062237] [[34mDEBUG[0m] [sprout::supervisor] [CPU0] SPROUT: ServiceLoop waiting for next event...
[46367088471] [[35mTRACE[0m] [kernel::irq::ps2] [CPU3] PS/2 take_scancode: popped 0x7f (is_aux=true)
[46589163357] [[35mTRACE[0m] [bran::arch::x86_64::idt] [CPU0] PS/2 byte received: 0x19 (is_aux=true)
[46589590608] [[35mTRACE[0m] [bran::arch::x86_64::idt] [CPU2] PS/2 byte received: 0x81 (is_aux=true)
[46590052971] [[35mTRACE[0m] [bran::arch::x86_64::idt] [CPU0] PS/2 byte received: 0x7f (is_aux=true)
[46591091052] [[35mTRACE[0m] [bran::arch::x86_64::idt] [CPU0] PS/2 byte received: 0x81 (is_aux=true)
[46591050462] [[35mTRACE[0m] [bran::arch::x86_64::idt] [CPU2] PS/2 byte received: 0x19 (is_aux=true)
[46591616115] [[35mTRACE[0m] [bran::arch::x86_64::idt] [CPU0] PS/2 byte received: 0x7f (is_aux=true)
[46592440158] [[35mTRACE[0m] [bran::arch::x86_64::idt] [CPU0] PS/2 byte received: 0x81 (is_aux=true)
[46592304891] [[35mTRACE[0m] [bran::arch::x86_64::idt] [CPU2] PS/2 byte received: 0x19 (is_aux=true)
[46592978817] [[35mTRACE[0m] [bran::arch::x86_64::idt] [CPU0] PS/2 byte received: 0x7f (is_aux=true)
[46593787053] [[35mTRACE[0m] [bran::arch::x86_64::idt] [CPU0] PS/2 byte received: 0x81 (is_aux=true)
[46593636738] [[35mTRACE[0m] [bran::arch::x86_64::idt] [CPU2] PS/2 byte received: 0x19 (is_aux=true)
[46594295814] [[35mTRACE[0m] [bran::arch::x86_64::idt] [CPU0] PS/2 byte received: 0x7f (is_aux=true)
[46594777977] [[35mTRACE[0m] [bran::arch::x86_64::idt] [CPU2] PS/2 byte received: 0x19 (is_aux=true)
[46595182425] [[35mTRACE[0m] [bran::arch::x86_64::idt] [CPU0] PS/2 byte received: 0x81 (is_aux=true)
[46595277036] [[35mTRACE[0m] [bran::arch::x86_64::idt] [CPU2] PS/2 byte received: 0x7f (is_aux=true)
[46599491994] [[35mTRACE[0m] [kernel::irq::ps2] [CPU3] PS/2 take_scancode: popped 0x19 (is_aux=true)
[46599601191] [[35mTRACE[0m] [ps2_kbd] [CPU2] ps2_kbd: yield on AUX data (mouse packet)
[46601246571] [[35mTRACE[0m] [kernel::irq::ps2] [CPU3] PS/2 take_scancode: popped 0x81 (is_aux=true)
[46602531129] [[35mTRACE[0m] [kernel::irq::ps2] [CPU3] PS/2 take_scancode: popped 0x7f (is_aux=true)
[46603911024] [[35mTRACE[0m] [kernel::irq::ps2] [CPU3] PS/2 take_scancode: popped 0x81 (is_aux=true)
[46605362760] [[35mTRACE[0m] [kernel::irq::ps2] [CPU3] PS/2 take_scancode: popped 0x19 (is_aux=true)
[46606893993] [[35mTRACE[0m] [kernel::irq::ps2] [CPU3] PS/2 take_scancode: popped 0x7f (is_aux=true)
[46608477894] [[35mTRACE[0m] [kernel::irq::ps2] [CPU3] PS/2 take_scancode: popped 0x81 (is_aux=true)
[46610036979] [[35mTRACE[0m] [kernel::irq::ps2] [CPU3] PS/2 take_scancode: popped 0x19 (is_aux=true)
[46611534453] [[35mTRACE[0m] [kernel::irq::ps2] [CPU3] PS/2 take_scancode: popped 0x7f (is_aux=true)
[46612865706] [[35mTRACE[0m] [kernel::irq::ps2] [CPU3] PS/2 take_scancode: popped 0x81 (is_aux=true)
[46614230520] [[35mTRACE[0m] [kernel::irq::ps2] [CPU3] PS/2 take_scancode: popped 0x19 (is_aux=true)
[46616780265] [[35mTRACE[0m] [kernel::irq::ps2] [CPU3] PS/2 take_scancode: popped 0x7f (is_aux=true)
[46626310698] [[35mTRACE[0m] [kernel::irq::ps2] [CPU3] PS/2 take_scancode: popped 0x19 (is_aux=true)
[46628080290] [[35mTRACE[0m] [kernel::irq::ps2] [CPU3] PS/2 take_scancode: popped 0x81 (is_aux=true)
[46629569382] [[35mTRACE[0m] [kernel::irq::ps2] [CPU3] PS/2 take_scancode: popped 0x7f (is_aux=true)
[46685950212] [[35mTRACE[0m] [sprout::supervisor] [CPU0] SPROUT: Supervisor tick...
[46687382940] [[35mTRACE[0m] [sprout::supervisor] [CPU0] SPROUT: Loop iteration: spawn_bristle_if_needed
[46690561599] [[35mTRACE[0m] [sprout::supervisor] [CPU0] SPROUT: Loop iteration: spawn_display_if_needed
[46693791705] [[35mTRACE[0m] [sprout::supervisor] [CPU0] SPROUT: Loop iteration: spawn_bloom_if_ready
[46695320925] [[35mTRACE[0m] [sprout::supervisor] [CPU0] SPROUT: Loop iteration: spawn_wayland_hello_if_ready
[46696889910] [[35mTRACE[0m] [sprout::supervisor] [CPU0] SPROUT: Loop iteration: spawn_clock_if_ready
[46698235551] [[35mTRACE[0m] [sprout::supervisor] [CPU0] SPROUT: Loop iteration: spawn_leaf_if_ready
[46699629537] [[35mTRACE[0m] [sprout::supervisor] [CPU0] SPROUT: Loop iteration: tick complete
[46701093846] [[34mDEBUG[0m] [sprout::supervisor] [CPU0] SPROUT: ServiceLoop waiting for next event...
[46747886229] [[35mTRACE[0m] [bran::arch::x86_64::idt] [CPU0] PS/2 byte received: 0x19 (is_aux=true)
[46748604507] [[35mTRACE[0m] [bran::arch::x86_64::idt] [CPU0] PS/2 byte received: 0x81 (is_aux=true)
[46748956056] [[35mTRACE[0m] [kernel::irq::ps2] [CPU3] PS/2 take_scancode: popped 0x19 (is_aux=true)
[46749476103] [[35mTRACE[0m] [bran::arch::x86_64::idt] [CPU0] PS/2 byte received: 0x7f (is_aux=true)
[46750408056] [[35mTRACE[0m] [bran::arch::x86_64::idt] [CPU0] PS/2 byte received: 0x19 (is_aux=true)
[46750568106] [[35mTRACE[0m] [kernel::irq::ps2] [CPU3] PS/2 take_scancode: popped 0x81 (is_aux=true)
[46751608860] [[35mTRACE[0m] [bran::arch::x86_64::idt] [CPU0] PS/2 byte received: 0x81 (is_aux=true)
[46752599124] [[35mTRACE[0m] [kernel::irq::ps2] [CPU3] PS/2 take_scancode: popped 0x7f (is_aux=true)
[46752550713] [[35mTRACE[0m] [bran::arch::x86_64::idt] [CPU0] PS/2 byte received: 0x7f (is_aux=true)
[46753310076] [[35mTRACE[0m] [bran::arch::x86_64::idt] [CPU0] PS/2 byte received: 0x19 (is_aux=true)
[46753764387] [[35mTRACE[0m] [bran::arch::x86_64::idt] [CPU0] PS/2 byte received: 0x81 (is_aux=true)
[46754039046] [[35mTRACE[0m] [kernel::irq::ps2] [CPU3] PS/2 take_scancode: popped 0x19 (is_aux=true)
[46754537016] [[35mTRACE[0m] [bran::arch::x86_64::idt] [CPU0] PS/2 byte received: 0x19 (is_aux=true)
[46754300967] [[35mTRACE[0m] [bran::arch::x86_64::idt] [CPU2] PS/2 byte received: 0x7f (is_aux=true)
[46755049803] [[35mTRACE[0m] [bran::arch::x86_64::idt] [CPU0] PS/2 byte received: 0x81 (is_aux=true)
[46755582027] [[35mTRACE[0m] [kernel::irq::ps2] [CPU3] PS/2 take_scancode: popped 0x81 (is_aux=true)
[46756141410] [[35mTRACE[0m] [bran::arch::x86_64::idt] [CPU0] PS/2 byte received: 0x19 (is_aux=true)
[46755972582] [[35mTRACE[0m] [bran::arch::x86_64::idt] [CPU2] PS/2 byte received: 0x7f (is_aux=true)
[46756662546] [[35mTRACE[0m] [bran::arch::x86_64::idt] [CPU0] PS/2 byte received: 0x81 (is_aux=true)
[46757076498] [[35mTRACE[0m] [bran::arch::x86_64::idt] [CPU2] PS/2 byte received: 0x7f (is_aux=true)
[46757059899] [[35mTRACE[0m] [kernel::irq::ps2] [CPU3] PS/2 take_scancode: popped 0x7f (is_aux=true)
[46759090719] [[35mTRACE[0m] [kernel::irq::ps2] [CPU3] PS/2 take_scancode: popped 0x19 (is_aux=true)
[46760162856] [[35mTRACE[0m] [ps2_kbd] [CPU2] ps2_kbd: yield on AUX data (mouse packet)
[46760792166] [[35mTRACE[0m] [kernel::irq::ps2] [CPU3] PS/2 take_scancode: popped 0x81 (is_aux=true)
[46762359600] [[35mTRACE[0m] [kernel::irq::ps2] [CPU3] PS/2 take_scancode: popped 0x19 (is_aux=true)
[46763689335] [[35mTRACE[0m] [kernel::irq::ps2] [CPU3] PS/2 take_scancode: popped 0x7f (is_aux=true)
[46765077249] [[35mTRACE[0m] [kernel::irq::ps2] [CPU3] PS/2 take_scancode: popped 0x81 (is_aux=true)
[46766374314] [[35mTRACE[0m] [kernel::irq::ps2] [CPU3] PS/2 take_scancode: popped 0x19 (is_aux=true)
[46767745002] [[35mTRACE[0m] [kernel::irq::ps2] [CPU3] PS/2 take_scancode: popped 0x7f (is_aux=true)
[46769146413] [[35mTRACE[0m] [kernel::irq::ps2] [CPU3] PS/2 take_scancode: popped 0x81 (is_aux=true)
[46770425922] [[35mTRACE[0m] [kernel::irq::ps2] [CPU3] PS/2 take_scancode: popped 0x7f (is_aux=true)
[46906662396] [[35mTRACE[0m] [bran::arch::x86_64::idt] [CPU0] PS/2 byte received: 0x19 (is_aux=true)
[46907158386] [[35mTRACE[0m] [bran::arch::x86_64::idt] [CPU0] PS/2 byte received: 0x81 (is_aux=true)
[46907551284] [[35mTRACE[0m] [bran::arch::x86_64::idt] [CPU0] PS/2 byte received: 0x19 (is_aux=true)
[46907537259] [[35mTRACE[0m] [bran::arch::x86_64::idt] [CPU1] PS/2 byte received: 0x7f (is_aux=true)
[46907928738] [[35mTRACE[0m] [bran::arch::x86_64::idt] [CPU0] PS/2 byte received: 0x81 (is_aux=true)
[46908262797] [[35mTRACE[0m] [bran::arch::x86_64::idt] [CPU1] PS/2 byte received: 0x7f (is_aux=true)
[46908306027] [[35mTRACE[0m] [bran::arch::x86_64::idt] [CPU0] PS/2 byte received: 0x19 (is_aux=true)
[46908736677] [[35mTRACE[0m] [bran::arch::x86_64::idt] [CPU0] PS/2 byte received: 0x81 (is_aux=true)
[46908790797] [[35mTRACE[0m] [bran::arch::x86_64::idt] [CPU1] PS/2 byte received: 0x7f (is_aux=true)
[46909141158] [[35mTRACE[0m] [bran::arch::x86_64::idt] [CPU0] PS/2 byte received: 0x19 (is_aux=true)
[46909246593] [[35mTRACE[0m] [bran::arch::x86_64::idt] [CPU1] PS/2 byte received: 0x81 (is_aux=true)
[46909540854] [[35mTRACE[0m] [bran::arch::x86_64::idt] [CPU0] PS/2 byte received: 0x7f (is_aux=true)
[46909638006] [[35mTRACE[0m] [bran::arch::x86_64::idt] [CPU1] PS/2 byte received: 0x19 (is_aux=true)
[46909944972] [[35mTRACE[0m] [bran::arch::x86_64::idt] [CPU0] PS/2 byte received: 0x81 (is_aux=true)
[46910060670] [[35mTRACE[0m] [bran::arch::x86_64::idt] [CPU1] PS/2 byte received: 0x7f (is_aux=true)
[46916345949] [[35mTRACE[0m] [ps2_kbd] [CPU2] ps2_kbd: yield on AUX data (mouse packet)
[46918385514] [[35mTRACE[0m] [kernel::irq::ps2] [CPU3] PS/2 take_scancode: popped 0x19 (is_aux=true)
[46921026669] [[35mTRACE[0m] [kernel::irq::ps2] [CPU3] PS/2 take_scancode: popped 0x81 (is_aux=true)
[46922321589] [[35mTRACE[0m] [kernel::irq::ps2] [CPU3] PS/2 take_scancode: popped 0x19 (is_aux=true)
[46923661950] [[35mTRACE[0m] [kernel::irq::ps2] [CPU3] PS/2 take_scancode: popped 0x7f (is_aux=true)
[46925051250] [[35mTRACE[0m] [kernel::irq::ps2] [CPU3] PS/2 take_scancode: popped 0x81 (is_aux=true)
[46926355971] [[35mTRACE[0m] [kernel::irq::ps2] [CPU3] PS/2 take_scancode: popped 0x19 (is_aux=true)
[46927900338] [[35mTRACE[0m] [kernel::irq::ps2] [CPU3] PS/2 take_scancode: popped 0x7f (is_aux=true)
[46929464307] [[35mTRACE[0m] [kernel::irq::ps2] [CPU3] PS/2 take_scancode: popped 0x81 (is_aux=true)
[46930783614] [[35mTRACE[0m] [kernel::irq::ps2] [CPU3] PS/2 take_scancode: popped 0x7f (is_aux=true)
[46932136614] [[35mTRACE[0m] [kernel::irq::ps2] [CPU3] PS/2 take_scancode: popped 0x19 (is_aux=true)
[46933463346] [[35mTRACE[0m] [kernel::irq::ps2] [CPU3] PS/2 take_scancode: popped 0x81 (is_aux=true)
[46934788230] [[35mTRACE[0m] [kernel::irq::ps2] [CPU3] PS/2 take_scancode: popped 0x7f (is_aux=true)
[46936139184] [[35mTRACE[0m] [kernel::irq::ps2] [CPU3] PS/2 take_scancode: popped 0x19 (is_aux=true)
[46937586003] [[35mTRACE[0m] [kernel::irq::ps2] [CPU3] PS/2 take_scancode: popped 0x81 (is_aux=true)
[46939108359] [[35mTRACE[0m] [kernel::irq::ps2] [CPU3] PS/2 take_scancode: popped 0x7f (is_aux=true)
[47014493427] [[35mTRACE[0m] [sprout::supervisor] [CPU0] SPROUT: Supervisor tick...
[47016090693] [[35mTRACE[0m] [sprout::supervisor] [CPU0] SPROUT: Loop iteration: spawn_bristle_if_needed
[47017757160] [[35mTRACE[0m] [sprout::supervisor] [CPU0] SPROUT: Loop iteration: spawn_display_if_needed
[47019343173] [[35mTRACE[0m] [sprout::supervisor] [CPU0] SPROUT: Loop iteration: spawn_bloom_if_ready
[47020760589] [[35mTRACE[0m] [sprout::supervisor] [CPU0] SPROUT: Loop iteration: spawn_wayland_hello_if_ready
[47022435306] [[35mTRACE[0m] [sprout::supervisor] [CPU0] SPROUT: Loop iteration: spawn_clock_if_ready
[47023987626] [[35mTRACE[0m] [sprout::supervisor] [CPU0] SPROUT: Loop iteration: spawn_leaf_if_ready
[47025530739] [[35mTRACE[0m] [sprout::supervisor] [CPU0] SPROUT: Loop iteration: tick complete
[47027028543] [[34mDEBUG[0m] [sprout::supervisor] [CPU0] SPROUT: ServiceLoop waiting for next event...
[47064421866] [[35mTRACE[0m] [bran::arch::x86_64::idt] [CPU0] PS/2 byte received: 0x19 (is_aux=true)
[47065728633] [[35mTRACE[0m] [bran::arch::x86_64::idt] [CPU0] PS/2 byte received: 0x81 (is_aux=true)
[47066763942] [[35mTRACE[0m] [bran::arch::x86_64::idt] [CPU0] PS/2 byte received: 0x7f (is_aux=true)
[47067737772] [[35mTRACE[0m] [bran::arch::x86_64::idt] [CPU0] PS/2 byte received: 0x19 (is_aux=true)
[47068759452] [[35mTRACE[0m] [bran::arch::x86_64::idt] [CPU0] PS/2 byte received: 0x81 (is_aux=true)
[47069414106] [[35mTRACE[0m] [bran::arch::x86_64::idt] [CPU0] PS/2 byte received: 0x7f (is_aux=true)
[47069880429] [[35mTRACE[0m] [bran::arch::x86_64::idt] [CPU0] PS/2 byte received: 0x19 (is_aux=true)
[47070340845] [[35mTRACE[0m] [bran::arch::x86_64::idt] [CPU0] PS/2 byte received: 0x81 (is_aux=true)
[47070827991] [[35mTRACE[0m] [bran::arch::x86_64::idt] [CPU0] PS/2 byte received: 0x7f (is_aux=true)
[47071358664] [[35mTRACE[0m] [bran::arch::x86_64::idt] [CPU0] PS/2 byte received: 0x19 (is_aux=true)
[47071407669] [[35mTRACE[0m] [bran::arch::x86_64::idt] [CPU1] PS/2 byte received: 0x81 (is_aux=true)
[47071879767] [[35mTRACE[0m] [bran::arch::x86_64::idt] [CPU0] PS/2 byte received: 0x7f (is_aux=true)
[47072433903] [[35mTRACE[0m] [bran::arch::x86_64::idt] [CPU1] PS/2 byte received: 0x19 (is_aux=true)
[47072535774] [[35mTRACE[0m] [bran::arch::x86_64::idt] [CPU0] PS/2 byte received: 0x81 (is_aux=true)
[47073016914] [[35mTRACE[0m] [bran::arch::x86_64::idt] [CPU1] PS/2 byte received: 0x7f (is_aux=true)
[47078168808] [[35mTRACE[0m] [kernel::irq::ps2] [CPU3] PS/2 take_scancode: popped 0x19 (is_aux=true)
[47079762510] [[35mTRACE[0m] [kernel::irq::ps2] [CPU3] PS/2 take_scancode: popped 0x81 (is_aux=true)
[47081055219] [[35mTRACE[0m] [ps2_kbd] [CPU2] ps2_kbd: yield on AUX data (mouse packet)
[47081376078] [[35mTRACE[0m] [kernel::irq::ps2] [CPU3] PS/2 take_scancode: popped 0x7f (is_aux=true)
[47083115970] [[35mTRACE[0m] [kernel::irq::ps2] [CPU3] PS/2 take_scancode: popped 0x19 (is_aux=true)
[47084680896] [[35mTRACE[0m] [kernel::irq::ps2] [CPU3] PS/2 take_scancode: popped 0x81 (is_aux=true)
[47086414056] [[35mTRACE[0m] [kernel::irq::ps2] [CPU3] PS/2 take_scancode: popped 0x7f (is_aux=true)
[47087800353] [[35mTRACE[0m] [kernel::irq::ps2] [CPU3] PS/2 take_scancode: popped 0x19 (is_aux=true)
[47089268127] [[35mTRACE[0m] [kernel::irq::ps2] [CPU3] PS/2 take_scancode: popped 0x81 (is_aux=true)
[47090846847] [[35mTRACE[0m] [kernel::irq::ps2] [CPU3] PS/2 take_scancode: popped 0x7f (is_aux=true)
[47092326963] [[35mTRACE[0m] [kernel::irq::ps2] [CPU3] PS/2 take_scancode: popped 0x19 (is_aux=true)
[47093790579] [[35mTRACE[0m] [kernel::irq::ps2] [CPU3] PS/2 take_scancode: popped 0x81 (is_aux=true)
[47095275018] [[35mTRACE[0m] [kernel::irq::ps2] [CPU3] PS/2 take_scancode: popped 0x7f (is_aux=true)
[47096775066] [[35mTRACE[0m] [kernel::irq::ps2] [CPU3] PS/2 take_scancode: popped 0x19 (is_aux=true)
[47098297917] [[35mTRACE[0m] [kernel::irq::ps2] [CPU3] PS/2 take_scancode: popped 0x81 (is_aux=true)
[47099786679] [[35mTRACE[0m] [kernel::irq::ps2] [CPU3] PS/2 take_scancode: popped 0x7f (is_aux=true)
[47119311987] [[34mDEBUG[0m] [pistil::font] [CPU1] pistil: parsed font /share/fonts/Inter-Regular.ttf
[47129179812] [[34mDEBUG[0m] [kernel::vfs::provider] [CPU1] VFS_RPC: request op=DeviceCall len=536 tid=10
[47147874774] [[35mTRACE[0m] [display_virtio_gpu] [CPU3] display_virtio_gpu: VFS RPC op=DeviceCall
[47148810126] [[35mTRACE[0m] [display_virtio_gpu] [CPU3] display_virtio_gpu: [batch 0] copy_rect using CPU
[47157017226] [[35mTRACE[0m] [display_virtio_gpu] [CPU3] display_virtio_gpu: [batch 0] copy_rect using CPU
[47160571161] [[35mTRACE[0m] [display_virtio_gpu] [CPU3] display_virtio_gpu: [batch 0] alpha_blit using CPU
[47179525206] [[35mTRACE[0m] [display_virtio_gpu] [CPU3] display_virtio_gpu: [batch 0] alpha_blit using CPU
[47197935939] [[35mTRACE[0m] [display_virtio_gpu] [CPU3] display_virtio_gpu: [batch 0] alpha_blit using CPU
[47200534458] [[35mTRACE[0m] [display_virtio_gpu] [CPU3] display_virtio_gpu: VFS RPC response begin op=DeviceCall req_id=20
[47202672792] [[35mTRACE[0m] [display_virtio_gpu] [CPU3] display_virtio_gpu: VFS RPC response sent op=DeviceCall req_id=20
[47207030508] [[34mDEBUG[0m] [kernel::vfs::provider] [CPU1] VFS_RPC: response op=DeviceCall id=20 -> OK(8)
[47210559924] [[35mTRACE[0m] [bloom::frame_clock] [CPU1] bloom: frame interval 1399432485ns (target 16666666ns)
[47211977934] [[34mDEBUG[0m] [kernel::vfs::provider] [CPU1] VFS_RPC: request op=DeviceCall len=48 tid=10
[47221734582] [[35mTRACE[0m] [bran::arch::x86_64::idt] [CPU0] PS/2 byte received: 0x18 (is_aux=true)
[47222924232] [[35mTRACE[0m] [bran::arch::x86_64::idt] [CPU0] PS/2 byte received: 0x81 (is_aux=true)
[47223881892] [[35mTRACE[0m] [bran::arch::x86_64::idt] [CPU0] PS/2 byte received: 0x7f (is_aux=true)
[47224959375] [[35mTRACE[0m] [bran::arch::x86_64::idt] [CPU0] PS/2 byte received: 0x18 (is_aux=true)
[47225886312] [[35mTRACE[0m] [bran::arch::x86_64::idt] [CPU0] PS/2 byte received: 0x81 (is_aux=true)
[47226909741] [[35mTRACE[0m] [bran::arch::x86_64::idt] [CPU0] PS/2 byte received: 0x7f (is_aux=true)
[47227457508] [[35mTRACE[0m] [bran::arch::x86_64::idt] [CPU0] PS/2 byte received: 0x18 (is_aux=true)
[47227929441] [[35mTRACE[0m] [bran::arch::x86_64::idt] [CPU0] PS/2 byte received: 0x81 (is_aux=true)
[47228410218] [[35mTRACE[0m] [bran::arch::x86_64::idt] [CPU0] PS/2 byte received: 0x7f (is_aux=true)
[47228888322] [[35mTRACE[0m] [bran::arch::x86_64::idt] [CPU0] PS/2 byte received: 0x18 (is_aux=true)
[47229359331] [[35mTRACE[0m] [bran::arch::x86_64::idt] [CPU0] PS/2 byte received: 0x81 (is_aux=true)
[47229847830] [[35mTRACE[0m] [bran::arch::x86_64::idt] [CPU0] PS/2 byte received: 0x7f (is_aux=true)
[47230309170] [[35mTRACE[0m] [bran::arch::x86_64::idt] [CPU0] PS/2 byte received: 0x18 (is_aux=true)
[47230765791] [[35mTRACE[0m] [bran::arch::x86_64::idt] [CPU0] PS/2 byte received: 0x81 (is_aux=true)
[47231211357] [[35mTRACE[0m] [bran::arch::x86_64::idt] [CPU0] PS/2 byte received: 0x7f (is_aux=true)
[47235558447] [[35mTRACE[0m] [kernel::irq::ps2] [CPU3] PS/2 take_scancode: popped 0x18 (is_aux=true)
[47236961310] [[35mTRACE[0m] [kernel::irq::ps2] [CPU3] PS/2 take_scancode: popped 0x81 (is_aux=true)
[47251291890] [[35mTRACE[0m] [display_virtio_gpu] [CPU3] display_virtio_gpu: VFS RPC op=DeviceCall
[47252535396] [[35mTRACE[0m] [display_virtio_gpu] [CPU3] DISP: DISPLAY_OP_GET_INFO requested
[47253309741] [[35mTRACE[0m] [display_virtio_gpu] [CPU3] DISP: Returning dimensions 1280x800
[47253915489] [[35mTRACE[0m] [display_virtio_gpu] [CPU3] display_virtio_gpu: VFS RPC response begin op=DeviceCall req_id=21
[47255850312] [[35mTRACE[0m] [display_virtio_gpu] [CPU3] display_virtio_gpu: VFS RPC response sent op=DeviceCall req_id=21
[47258480742] [[34mDEBUG[0m] [kernel::vfs::provider] [CPU1] VFS_RPC: response op=DeviceCall id=21 -> OK(48)
[47265938841] [[35mTRACE[0m] [kernel::syscall::handlers::vfs] [CPU1] VFS: sys_fs_open path='/session/wayland/components' tid=10
[47266811823] [[35mTRACE[0m] [kernel::irq::ps2] [CPU3] PS/2 take_scancode: popped 0x7f (is_aux=true)
[47268634050] [[35mTRACE[0m] [kernel::irq::ps2] [CPU3] PS/2 take_scancode: popped 0x18 (is_aux=true)
[47270931609] [[35mTRACE[0m] [kernel::irq::ps2] [CPU3] PS/2 take_scancode: popped 0x81 (is_aux=true)
[47271201912] [[35mTRACE[0m] [kernel::syscall::handlers::vfs] [CPU1] sys_fs_close: fd=25
[47272832376] [[35mTRACE[0m] [kernel::syscall::handlers::vfs] [CPU1] VFS: sys_fs_open path='/session/wayland/status' tid=10
[47275879200] [[35mTRACE[0m] [kernel::syscall::handlers::vfs] [CPU1] sys_fs_close: fd=25
[47277307770] [[35mTRACE[0m] [kernel::syscall::handlers::vfs] [CPU1] VFS: sys_fs_open path='/session/wayland/surfaces/index' tid=10
[47279970606] [[35mTRACE[0m] [kernel::syscall::handlers::vfs] [CPU1] sys_fs_close: fd=25
[47281731354] [[35mTRACE[0m] [kernel::syscall::handlers::vfs] [CPU1] VFS: sys_fs_open path='/session/wayland/windows/index' tid=10
[47282563779] [[35mTRACE[0m] [kernel::irq::ps2] [CPU3] PS/2 take_scancode: popped 0x7f (is_aux=true)
[47284382178] [[35mTRACE[0m] [kernel::irq::ps2] [CPU3] PS/2 take_scancode: popped 0x18 (is_aux=true)
[47285116527] [[35mTRACE[0m] [kernel::syscall::handlers::vfs] [CPU1] sys_fs_close: fd=25
[47285934894] [[35mTRACE[0m] [kernel::irq::ps2] [CPU3] PS/2 take_scancode: popped 0x81 (is_aux=true)
[47286866517] [[35mTRACE[0m] [kernel::syscall::handlers::vfs] [CPU1] VFS: sys_fs_open path='/session/wayland/events/latest' tid=10
[47287378545] [[35mTRACE[0m] [kernel::irq::ps2] [CPU3] PS/2 take_scancode: popped 0x7f (is_aux=true)
[47290291620] [[35mTRACE[0m] [kernel::irq::ps2] [CPU3] PS/2 take_scancode: popped 0x18 (is_aux=true)
[47291189517] [[35mTRACE[0m] [kernel::syscall::handlers::vfs] [CPU1] sys_fs_close: fd=25
[47292021348] [[35mTRACE[0m] [kernel::irq::ps2] [CPU3] PS/2 take_scancode: popped 0x81 (is_aux=true)
[47293587858] [[35mTRACE[0m] [kernel::irq::ps2] [CPU3] PS/2 take_scancode: popped 0x7f (is_aux=true)
[47295175125] [[35mTRACE[0m] [kernel::irq::ps2] [CPU3] PS/2 take_scancode: popped 0x18 (is_aux=true)
[47295484170] [[34mDEBUG[0m] [kernel::vfs::provider] [CPU1] VFS_RPC: request op=DeviceCall len=96 tid=10
[47296872150] [[35mTRACE[0m] [kernel::irq::ps2] [CPU3] PS/2 take_scancode: popped 0x81 (is_aux=true)
[47298237030] [[35mTRACE[0m] [kernel::irq::ps2] [CPU3] PS/2 take_scancode: popped 0x7f (is_aux=true)
[47308995558] [[35mTRACE[0m] [display_virtio_gpu] [CPU3] display_virtio_gpu: VFS RPC op=DeviceCall
[47309879628] [[35mTRACE[0m] [display_virtio_gpu] [CPU3] DISP: DISPLAY_OP_IMPORT_BUFFER requested: memfd=15, size=480x320
[47316213417] [[34mDEBUG[0m] [display_virtio_gpu] [CPU3] DISP: imported buffer as ID=7
[47317013667] [[35mTRACE[0m] [display_virtio_gpu] [CPU3] display_virtio_gpu: VFS RPC response begin op=DeviceCall req_id=22
[47318628786] [[35mTRACE[0m] [display_virtio_gpu] [CPU3] display_virtio_gpu: VFS RPC response sent op=DeviceCall req_id=22
[47322628353] [[34mDEBUG[0m] [kernel::vfs::provider] [CPU1] VFS_RPC: response op=DeviceCall id=22 -> OK(12)
[47324104641] [[34mDEBUG[0m] [bloom::display] [CPU1] bloom: imported buffer 480x320 as ID=7
[47327402958] [[32mINFO [0m] [bloom::services::wayland_cmd] [CPU1] bloom: registered titlebar drag zone surface=4 height=28 frame=6
[47328690090] [[34mDEBUG[0m] [bloom::services::wayland_cmd] [CPU1] wayland-cmd: created surface bloom_id=4
[47333205084] [[34mDEBUG[0m] [kernel::handle::bridge] [CPU2] BRIDGE: handle=19 -> fd=25 node=0xffffffffb013d910 port=0xffffffffb02e03b0
[47334421992] [[35mTRACE[0m] [kernel::syscall::handlers::vfs] [CPU2] sys_fs_close: fd=25
[47336182542] [[34mDEBUG[0m] [kernel::handle::bridge] [CPU2] BRIDGE: handle=20 -> fd=25 node=0xffffffffb013d910 port=0xffffffffb02e03b0
[47337321768] [[35mTRACE[0m] [kernel::syscall::handlers::vfs] [CPU2] sys_fs_close: fd=25
[47341858905] [[34mDEBUG[0m] [bloom::wayland::dispatch] [CPU2] wayland-server: xdg_surface obj=21 created for surface=4
[47347364658] [[32mINFO [0m] [bloom::wayland::dispatch] [CPU2] wayland-server: xdg_popup obj=23 assigned to xdg_surface=21
[47349415872] [[34mDEBUG[0m] [bloom::wayland::dispatch] [CPU2] wayland-server: xdg_popup.configure obj=23 x=-6 y=-6 width=160 height=96
[47353566282] [[34mDEBUG[0m] [bloom::wayland::dispatch] [CPU2] wayland-server: xdg_surface.configure serial=2 sent to obj=21
[47368660086] [[35mTRACE[0m] [bloom::wayland] [CPU2] wayland-server: frame callback done surface=3 ts=23604ms callbacks=1
[47369587848] [[35mTRACE[0m] [sprout::supervisor] [CPU0] SPROUT: Supervisor tick...
[47371956819] [[35mTRACE[0m] [kernel::syscall::handlers::socket] [CPU2] RECVMSG: thing=20 data_len=16 caps_len=1 node=Pointer { addr: 0xffffffffb0145290, metadata: DynMetadata(0xffffffff802da510) }
[47375434095] [[35mTRACE[0m] [sprout::supervisor] [CPU0] SPROUT: Loop iteration: spawn_bristle_if_needed
[47376591768] [[34mDEBUG[0m] [bloom::wayland::dispatch] [CPU2] wayland-server: xdg_surface.ack_configure serial=1 accepted
[47377273284] [[34mDEBUG[0m] [bloom::wayland::dispatch] [CPU2] wayland-server: wl_surface obj=10 registered frame callback cb=1000
[47377965492] [[34mDEBUG[0m] [bloom::wayland::dispatch] [CPU2] wayland-server: surface 2 ready for mapping
[47382902655] [[35mTRACE[0m] [sprout::supervisor] [CPU0] SPROUT: Loop iteration: spawn_display_if_needed
[47385562026] [[35mTRACE[0m] [sprout::supervisor] [CPU0] SPROUT: Loop iteration: spawn_bloom_if_ready
[47388052668] [[35mTRACE[0m] [sprout::supervisor] [CPU0] SPROUT: Loop iteration: spawn_wayland_hello_if_ready
[47388945615] [[35mTRACE[0m] [kernel::syscall::handlers::socket] [CPU3] SENDMSG: thing=6 data_len=76 caps_len=1 node=Pointer { addr: 0xffffffffb0143750, metadata: DynMetadata(0xffffffff802d9c58) }
[47390505855] [[34mDEBUG[0m] [kernel::vfs::provider] [CPU1] VFS_RPC: request op=DeviceCall len=96 tid=10
[47391403983] [[35mTRACE[0m] [sprout::supervisor] [CPU0] SPROUT: Loop iteration: spawn_clock_if_ready
[47396013852] [[35mTRACE[0m] [sprout::supervisor] [CPU0] SPROUT: Loop iteration: spawn_leaf_if_ready
[47400342495] [[35mTRACE[0m] [sprout::supervisor] [CPU0] SPROUT: Loop iteration: tick complete
[47401966491] [[34mDEBUG[0m] [sprout::supervisor] [CPU0] SPROUT: ServiceLoop waiting for next event...
[47403536103] [[35mTRACE[0m] [kernel::syscall::handlers::socket] [CPU2] RECVMSG: thing=17 data_len=76 caps_len=1 node=Pointer { addr: 0xffffffffb0144b70, metadata: DynMetadata(0xffffffff802da510) }
[47406242895] [[32mINFO [0m] [bloom::wayland::dispatch] [CPU2] wayland-server: imported dmabuf wl_buffer=121 160x96 format=0x34325241
[47410039215] [[35mTRACE[0m] [display_virtio_gpu] [CPU3] display_virtio_gpu: VFS RPC op=DeviceCall
[47411017071] [[35mTRACE[0m] [display_virtio_gpu] [CPU3] DISP: DISPLAY_OP_IMPORT_BUFFER requested: memfd=16, size=482x322
[47411722611] [[34mDEBUG[0m] [bloom::wayland::dispatch] [CPU2] wayland-server: xdg_surface.ack_configure serial=2 accepted
[47416354689] [[34mDEBUG[0m] [display_virtio_gpu] [CPU3] DISP: imported buffer as ID=8
[47416817052] [[34mDEBUG[0m] [bloom::wayland::dispatch] [CPU2] wayland-server: wl_surface obj=10 registered frame callback cb=1001
[47417204538] [[35mTRACE[0m] [display_virtio_gpu] [CPU3] display_virtio_gpu: VFS RPC response begin op=DeviceCall req_id=23
[47419184175] [[35mTRACE[0m] [display_virtio_gpu] [CPU3] display_virtio_gpu: VFS RPC response sent op=DeviceCall req_id=23
[47423402895] [[34mDEBUG[0m] [kernel::vfs::provider] [CPU1] VFS_RPC: response op=DeviceCall id=23 -> OK(12)
[47424514269] [[34mDEBUG[0m] [bloom::display] [CPU1] bloom: imported buffer 482x322 as ID=8
[47425254393] [[32mINFO [0m] [bloom::render] [CPU1] bloom: flat window overlays ready surface=1 size=482x322
[47438031861] [[34mDEBUG[0m] [bloom::wayland::dispatch] [CPU2] wayland-server: wl_surface obj=20 registered frame callback cb=1002
[47440961931] [[34mDEBUG[0m] [bloom::wayland::dispatch] [CPU2] wayland-server: wp_presentation.feedback surface_obj=20 fb=1003
[47442289158] [[34mDEBUG[0m] [bloom::wayland::dispatch] [CPU2] wayland-server: surface 4 ready for mapping
[47485607928] [[34mDEBUG[0m] [kernel::vfs::provider] [CPU1] VFS_RPC: request op=DeviceCall len=96 tid=10
[47516146458] [[35mTRACE[0m] [display_virtio_gpu] [CPU3] display_virtio_gpu: VFS RPC op=DeviceCall
[47517072999] [[35mTRACE[0m] [display_virtio_gpu] [CPU3] DISP: DISPLAY_OP_IMPORT_BUFFER requested: memfd=17, size=482x322
[47522107248] [[34mDEBUG[0m] [display_virtio_gpu] [CPU3] DISP: imported buffer as ID=9
[47522937297] [[35mTRACE[0m] [display_virtio_gpu] [CPU3] display_virtio_gpu: VFS RPC response begin op=DeviceCall req_id=24
[47524533969] [[35mTRACE[0m] [display_virtio_gpu] [CPU3] display_virtio_gpu: VFS RPC response sent op=DeviceCall req_id=24
[47528463873] [[34mDEBUG[0m] [kernel::vfs::provider] [CPU1] VFS_RPC: response op=DeviceCall id=24 -> OK(12)
[47530366290] [[34mDEBUG[0m] [bloom::display] [CPU1] bloom: imported buffer 482x322 as ID=9
[47531109549] [[32mINFO [0m] [bloom::render] [CPU1] bloom: flat window overlays ready surface=1 size=482x322
[47546729868] [[34mDEBUG[0m] [kernel::vfs::provider] [CPU1] VFS_RPC: request op=DeviceCall len=776 tid=10
[47577797388] [[35mTRACE[0m] [display_virtio_gpu] [CPU3] display_virtio_gpu: VFS RPC op=DeviceCall
[47578736733] [[35mTRACE[0m] [display_virtio_gpu] [CPU3] display_virtio_gpu: [batch 0] copy_rect using CPU
[47586445203] [[35mTRACE[0m] [display_virtio_gpu] [CPU3] display_virtio_gpu: [batch 0] copy_rect using CPU
[47589921819] [[35mTRACE[0m] [display_virtio_gpu] [CPU3] display_virtio_gpu: [batch 0] alpha_blit using CPU
[47610467157] [[35mTRACE[0m] [display_virtio_gpu] [CPU3] display_virtio_gpu: [batch 0] alpha_blit using CPU
[47626137900] [[35mTRACE[0m] [display_virtio_gpu] [CPU3] display_virtio_gpu: [batch 0] copy_rect using CPU
[47628393219] [[35mTRACE[0m] [display_virtio_gpu] [CPU3] display_virtio_gpu: [batch 0] alpha_blit using CPU
[47639918634] [[35mTRACE[0m] [display_virtio_gpu] [CPU3] display_virtio_gpu: [batch 0] alpha_blit using CPU
[47647055082] [[35mTRACE[0m] [display_virtio_gpu] [CPU3] display_virtio_gpu: [batch 0] alpha_blit using CPU
[47649163188] [[35mTRACE[0m] [display_virtio_gpu] [CPU3] display_virtio_gpu: VFS RPC response begin op=DeviceCall req_id=25
[47652331386] [[35mTRACE[0m] [display_virtio_gpu] [CPU3] display_virtio_gpu: VFS RPC response sent op=DeviceCall req_id=25
[47655349071] [[34mDEBUG[0m] [kernel::vfs::provider] [CPU1] VFS_RPC: response op=DeviceCall id=25 -> OK(8)
[47658159582] [[35mTRACE[0m] [bloom::frame_clock] [CPU1] bloom: frame interval 223809118ns (target 16666666ns)
[47662869606] [[34mDEBUG[0m] [kernel::vfs::provider] [CPU1] VFS_RPC: request op=DeviceCall len=96 tid=10
[47664401169] [[35mTRACE[0m] [bloom::wayland] [CPU2] wayland-server: frame callback done surface=3 ts=23828ms callbacks=1
[47666344341] [[35mTRACE[0m] [bloom::wayland] [CPU2] wayland-server: frame callback done surface=1 ts=23828ms callbacks=1
[47668347771] [[35mTRACE[0m] [bloom::wayland] [CPU2] wayland-server: wp_presentation_feedback.presented surface=1 ts_ns=23832602640 feedbacks=1
[47670266556] [[32mINFO [0m] [wayland_hello] [CPU3] wayland_hello: frame callback done object=1000 data=23828
[47671973943] [[32mINFO [0m] [wayland_hello] [CPU3] wayland_hello: wp_presentation_feedback.presented object=1001 tv=23.832602640 refresh_ns=16666666 seq=0
[47710312683] [[35mTRACE[0m] [display_virtio_gpu] [CPU3] display_virtio_gpu: VFS RPC op=DeviceCall
[47711109171] [[35mTRACE[0m] [display_virtio_gpu] [CPU3] DISP: DISPLAY_OP_IMPORT_BUFFER requested: memfd=18, size=520x220
[47715215988] [[34mDEBUG[0m] [display_virtio_gpu] [CPU3] DISP: imported buffer as ID=10
[47715986604] [[35mTRACE[0m] [display_virtio_gpu] [CPU3] display_virtio_gpu: VFS RPC response begin op=DeviceCall req_id=26
[47717705310] [[35mTRACE[0m] [display_virtio_gpu] [CPU3] display_virtio_gpu: VFS RPC response sent op=DeviceCall req_id=26
[47720952675] [[34mDEBUG[0m] [kernel::vfs::provider] [CPU1] VFS_RPC: response op=DeviceCall id=26 -> OK(12)
[47722666827] [[34mDEBUG[0m] [bloom::display] [CPU1] bloom: imported buffer 520x220 as ID=10
[47724852219] [[34mDEBUG[0m] [kernel::vfs::provider] [CPU1] VFS_RPC: request op=DeviceCall len=96 tid=10
[47728278939] [[35mTRACE[0m] [display_virtio_gpu] [CPU3] display_virtio_gpu: VFS RPC op=DeviceCall
[47729372955] [[35mTRACE[0m] [display_virtio_gpu] [CPU3] DISP: DISPLAY_OP_IMPORT_BUFFER requested: memfd=19, size=760x460
[47730226929] [[34mDEBUG[0m] [kernel::syscall::handlers::memory] [CPU3] sys_vm_map: large backing file mapping offset=0 len=1400832 total_size=1400832
[47734748193] [[35mTRACE[0m] [sprout::supervisor] [CPU0] SPROUT: Supervisor tick...
[47736429576] [[35mTRACE[0m] [sprout::supervisor] [CPU0] SPROUT: Loop iteration: spawn_bristle_if_needed
[47738131980] [[35mTRACE[0m] [sprout::supervisor] [CPU0] SPROUT: Loop iteration: spawn_display_if_needed
[47739732348] [[35mTRACE[0m] [sprout::supervisor] [CPU0] SPROUT: Loop iteration: spawn_bloom_if_ready
[47741488641] [[35mTRACE[0m] [sprout::supervisor] [CPU0] SPROUT: Loop iteration: spawn_wayland_hello_if_ready
[47743159365] [[35mTRACE[0m] [sprout::supervisor] [CPU0] SPROUT: Loop iteration: spawn_clock_if_ready
[47744874573] [[35mTRACE[0m] [sprout::supervisor] [CPU0] SPROUT: Loop iteration: spawn_leaf_if_ready
[47746483257] [[35mTRACE[0m] [sprout::supervisor] [CPU0] SPROUT: Loop iteration: tick complete
[47748051615] [[34mDEBUG[0m] [sprout::supervisor] [CPU0] SPROUT: ServiceLoop waiting for next event...
[47755738866] [[34mDEBUG[0m] [display_virtio_gpu] [CPU3] DISP: imported buffer as ID=11
[47756698968] [[35mTRACE[0m] [display_virtio_gpu] [CPU3] display_virtio_gpu: VFS RPC response begin op=DeviceCall req_id=27
[47758560168] [[35mTRACE[0m] [display_virtio_gpu] [CPU3] display_virtio_gpu: VFS RPC response sent op=DeviceCall req_id=27
[47763813141] [[34mDEBUG[0m] [kernel::vfs::provider] [CPU1] VFS_RPC: response op=DeviceCall id=27 -> OK(12)
[47766880095] [[34mDEBUG[0m] [bloom::display] [CPU1] bloom: imported buffer 760x460 as ID=11
[47768310315] [[34mDEBUG[0m] [kernel::vfs::provider] [CPU1] VFS_RPC: request op=DeviceCall len=52 tid=10
[47773257741] [[35mTRACE[0m] [display_virtio_gpu] [CPU3] display_virtio_gpu: VFS RPC op=DeviceCall
[47774239128] [[35mTRACE[0m] [display_virtio_gpu] [CPU3] DISP: DISPLAY_OP_RELEASE_BUFFER requested: id=4 size=1398400
[47782161669] [[35mTRACE[0m] [kernel::syscall::handlers::vfs] [CPU3] sys_fs_close: fd=10
[47783463948] [[35mTRACE[0m] [display_virtio_gpu] [CPU3] display_virtio_gpu: VFS RPC response begin op=DeviceCall req_id=28
[47785342209] [[35mTRACE[0m] [display_virtio_gpu] [CPU3] display_virtio_gpu: VFS RPC response sent op=DeviceCall req_id=28
[47789255943] [[34mDEBUG[0m] [kernel::vfs::provider] [CPU1] VFS_RPC: response op=DeviceCall id=28 -> OK(8)
[47793639531] [[34mDEBUG[0m] [kernel::vfs::provider] [CPU1] VFS_RPC: request op=DeviceCall len=96 tid=10
[47842241733] [[35mTRACE[0m] [display_virtio_gpu] [CPU3] display_virtio_gpu: VFS RPC op=DeviceCall
[47843222823] [[35mTRACE[0m] [display_virtio_gpu] [CPU3] DISP: DISPLAY_OP_IMPORT_BUFFER requested: memfd=10, size=160x96
[47844786165] [[34mDEBUG[0m] [display_virtio_gpu] [CPU3] DISP: imported buffer as ID=12
[47845571928] [[35mTRACE[0m] [display_virtio_gpu] [CPU3] display_virtio_gpu: VFS RPC response begin op=DeviceCall req_id=29
[47847300996] [[35mTRACE[0m] [display_virtio_gpu] [CPU3] display_virtio_gpu: VFS RPC response sent op=DeviceCall req_id=29
[47851868922] [[34mDEBUG[0m] [kernel::vfs::provider] [CPU1] VFS_RPC: response op=DeviceCall id=29 -> OK(12)
[47853065799] [[34mDEBUG[0m] [bloom::display] [CPU1] bloom: imported buffer 160x96 as ID=12
[47904187056] [[34mDEBUG[0m] [kernel::vfs::provider] [CPU1] VFS_RPC: request op=DeviceCall len=96 tid=10
[47910103758] [[35mTRACE[0m] [display_virtio_gpu] [CPU3] display_virtio_gpu: VFS RPC op=DeviceCall
[47910981558] [[35mTRACE[0m] [display_virtio_gpu] [CPU3] DISP: DISPLAY_OP_IMPORT_BUFFER requested: memfd=20, size=522x222
[47915173713] [[34mDEBUG[0m] [display_virtio_gpu] [CPU3] DISP: imported buffer as ID=13
[47916004950] [[35mTRACE[0m] [display_virtio_gpu] [CPU3] display_virtio_gpu: VFS RPC response begin op=DeviceCall req_id=30
[47917704021] [[35mTRACE[0m] [display_virtio_gpu] [CPU3] display_virtio_gpu: VFS RPC response sent op=DeviceCall req_id=30
[47922001479] [[34mDEBUG[0m] [kernel::vfs::provider] [CPU1] VFS_RPC: response op=DeviceCall id=30 -> OK(12)
[47932052421] [[34mDEBUG[0m] [bloom::display] [CPU1] bloom: imported buffer 522x222 as ID=13
[47932820991] [[32mINFO [0m] [bloom::render] [CPU1] bloom: flat window overlays ready surface=2 size=522x222
[47949477741] [[34mDEBUG[0m] [kernel::vfs::provider] [CPU1] VFS_RPC: request op=DeviceCall len=96 tid=10
[47967790827] [[35mTRACE[0m] [display_virtio_gpu] [CPU3] display_virtio_gpu: VFS RPC op=DeviceCall
[47968671102] [[35mTRACE[0m] [display_virtio_gpu] [CPU3] DISP: DISPLAY_OP_IMPORT_BUFFER requested: memfd=21, size=162x98
[47969969784] [[34mDEBUG[0m] [display_virtio_gpu] [CPU3] DISP: imported buffer as ID=14
[47971446897] [[35mTRACE[0m] [display_virtio_gpu] [CPU3] display_virtio_gpu: VFS RPC response begin op=DeviceCall req_id=31
[47974248630] [[35mTRACE[0m] [display_virtio_gpu] [CPU3] display_virtio_gpu: VFS RPC response sent op=DeviceCall req_id=31
[47978530611] [[34mDEBUG[0m] [kernel::vfs::provider] [CPU1] VFS_RPC: response op=DeviceCall id=31 -> OK(12)
[47979710262] [[34mDEBUG[0m] [bloom::display] [CPU1] bloom: imported buffer 162x98 as ID=14
[47980488501] [[32mINFO [0m] [bloom::render] [CPU1] bloom: flat window overlays ready surface=4 size=162x98
[48028063017] [[34mDEBUG[0m] [kernel::vfs::provider] [CPU1] VFS_RPC: request op=DeviceCall len=96 tid=10
[48067525902] [[35mTRACE[0m] [sprout::supervisor] [CPU0] SPROUT: Supervisor tick...
[48068932560] [[35mTRACE[0m] [sprout::supervisor] [CPU0] SPROUT: Loop iteration: spawn_bristle_if_needed
[48070735845] [[35mTRACE[0m] [sprout::supervisor] [CPU0] SPROUT: Loop iteration: spawn_display_if_needed
[48072174942] [[35mTRACE[0m] [sprout::supervisor] [CPU0] SPROUT: Loop iteration: spawn_bloom_if_ready
[48072596682] [[35mTRACE[0m] [display_virtio_gpu] [CPU3] display_virtio_gpu: VFS RPC op=DeviceCall
[48073283709] [[35mTRACE[0m] [display_virtio_gpu] [CPU3] DISP: DISPLAY_OP_IMPORT_BUFFER requested: memfd=22, size=522x222
[48073827021] [[35mTRACE[0m] [sprout::supervisor] [CPU0] SPROUT: Loop iteration: spawn_wayland_hello_if_ready
[48076728546] [[35mTRACE[0m] [sprout::supervisor] [CPU0] SPROUT: Loop iteration: spawn_clock_if_ready
[48077761380] [[34mDEBUG[0m] [display_virtio_gpu] [CPU3] DISP: imported buffer as ID=15
[48078250935] [[35mTRACE[0m] [sprout::supervisor] [CPU0] SPROUT: Loop iteration: spawn_leaf_if_ready
[48078742470] [[35mTRACE[0m] [display_virtio_gpu] [CPU3] display_virtio_gpu: VFS RPC response begin op=DeviceCall req_id=32
[48080405472] [[35mTRACE[0m] [display_virtio_gpu] [CPU3] display_virtio_gpu: VFS RPC response sent op=DeviceCall req_id=32
[48080949741] [[35mTRACE[0m] [sprout::supervisor] [CPU0] SPROUT: Loop iteration: tick complete
[48083215488] [[34mDEBUG[0m] [sprout::supervisor] [CPU0] SPROUT: ServiceLoop waiting for next event...
[48084106158] [[34mDEBUG[0m] [kernel::vfs::provider] [CPU1] VFS_RPC: response op=DeviceCall id=32 -> OK(12)
[48085599936] [[34mDEBUG[0m] [bloom::display] [CPU1] bloom: imported buffer 522x222 as ID=15
[48086745630] [[32mINFO [0m] [bloom::render] [CPU1] bloom: flat window overlays ready surface=2 size=522x222
[48107129631] [[34mDEBUG[0m] [kernel::vfs::provider] [CPU1] VFS_RPC: request op=DeviceCall len=96 tid=10
[48138108447] [[35mTRACE[0m] [display_virtio_gpu] [CPU3] display_virtio_gpu: VFS RPC op=DeviceCall
[48139122801] [[35mTRACE[0m] [display_virtio_gpu] [CPU3] DISP: DISPLAY_OP_IMPORT_BUFFER requested: memfd=23, size=162x98
[48140712543] [[34mDEBUG[0m] [display_virtio_gpu] [CPU3] DISP: imported buffer as ID=16
[48141484842] [[35mTRACE[0m] [display_virtio_gpu] [CPU3] display_virtio_gpu: VFS RPC response begin op=DeviceCall req_id=33
[48143322315] [[35mTRACE[0m] [display_virtio_gpu] [CPU3] display_virtio_gpu: VFS RPC response sent op=DeviceCall req_id=33
[48146946177] [[34mDEBUG[0m] [kernel::vfs::provider] [CPU1] VFS_RPC: response op=DeviceCall id=33 -> OK(12)
[48148037124] [[34mDEBUG[0m] [bloom::display] [CPU1] bloom: imported buffer 162x98 as ID=16
[48148939410] [[32mINFO [0m] [bloom::render] [CPU1] bloom: flat window overlays ready surface=4 size=162x98
[48184146318] [[34mDEBUG[0m] [kernel::vfs::provider] [CPU1] VFS_RPC: request op=DeviceCall len=1256 tid=10
[48204878040] [[35mTRACE[0m] [display_virtio_gpu] [CPU3] display_virtio_gpu: VFS RPC op=DeviceCall
[48205977633] [[35mTRACE[0m] [display_virtio_gpu] [CPU3] display_virtio_gpu: [batch 0] copy_rect using CPU
[48213849354] [[35mTRACE[0m] [display_virtio_gpu] [CPU3] display_virtio_gpu: [batch 0] copy_rect using CPU
[48217486350] [[35mTRACE[0m] [display_virtio_gpu] [CPU3] display_virtio_gpu: [batch 0] alpha_blit using CPU
[48239315619] [[35mTRACE[0m] [display_virtio_gpu] [CPU3] display_virtio_gpu: [batch 0] alpha_blit using CPU
[48255814563] [[35mTRACE[0m] [display_virtio_gpu] [CPU3] display_virtio_gpu: [batch 0] copy_rect using CPU
[48258032493] [[35mTRACE[0m] [display_virtio_gpu] [CPU3] display_virtio_gpu: [batch 0] alpha_blit using CPU
[48270195402] [[35mTRACE[0m] [display_virtio_gpu] [CPU3] display_virtio_gpu: [batch 0] alpha_blit using CPU
[48277766757] [[35mTRACE[0m] [display_virtio_gpu] [CPU3] display_virtio_gpu: [batch 0] copy_rect using CPU
[48279565191] [[35mTRACE[0m] [display_virtio_gpu] [CPU3] display_virtio_gpu: [batch 0] alpha_blit using CPU
[48285219774] [[35mTRACE[0m] [display_virtio_gpu] [CPU3] display_virtio_gpu: [batch 0] alpha_blit using CPU
[48296177985] [[35mTRACE[0m] [display_virtio_gpu] [CPU3] display_virtio_gpu: [batch 0] copy_rect using CPU
[48297307872] [[35mTRACE[0m] [display_virtio_gpu] [CPU3] display_virtio_gpu: [batch 0] alpha_blit using CPU
[48298663941] [[35mTRACE[0m] [display_virtio_gpu] [CPU3] display_virtio_gpu: [batch 0] alpha_blit using CPU
[48300038061] [[35mTRACE[0m] [display_virtio_gpu] [CPU3] display_virtio_gpu: [batch 0] alpha_blit using CPU
[48302191014] [[35mTRACE[0m] [display_virtio_gpu] [CPU3] display_virtio_gpu: VFS RPC response begin op=DeviceCall req_id=34
[48304051257] [[35mTRACE[0m] [display_virtio_gpu] [CPU3] display_virtio_gpu: VFS RPC response sent op=DeviceCall req_id=34
[48306770523] [[34mDEBUG[0m] [kernel::vfs::provider] [CPU1] VFS_RPC: response op=DeviceCall id=34 -> OK(8)
[48310143948] [[35mTRACE[0m] [bloom::frame_clock] [CPU1] bloom: frame interval 325980518ns (target 16666666ns)
[48311379567] [[34mDEBUG[0m] [kernel::vfs::provider] [CPU1] VFS_RPC: request op=DeviceCall len=48 tid=10
[48312729432] [[35mTRACE[0m] [bloom::wayland] [CPU2] wayland-server: frame callback done surface=2 ts=24153ms callbacks=1
[48314794770] [[35mTRACE[0m] [bloom::wayland] [CPU2] wayland-server: frame callback done surface=4 ts=24153ms callbacks=1
[48315974487] [[35mTRACE[0m] [bloom::wayland] [CPU2] wayland-server: wp_presentation_feedback.presented surface=4 ts_ns=24156749380 feedbacks=1
[48317544561] [[32mINFO [0m] [wayland_hello] [CPU3] wayland_hello: frame callback done object=1002 data=24153
[48318379560] [[32mINFO [0m] [wayland_hello] [CPU3] wayland_hello: wp_presentation_feedback.presented object=1003 tv=24.156749380 refresh_ns=16666666 seq=1
[48331117857] [[35mTRACE[0m] [display_virtio_gpu] [CPU3] display_virtio_gpu: VFS RPC op=DeviceCall
[48332363112] [[35mTRACE[0m] [display_virtio_gpu] [CPU3] DISP: DISPLAY_OP_GET_INFO requested
[48332962656] [[35mTRACE[0m] [display_virtio_gpu] [CPU3] DISP: Returning dimensions 1280x800
[48333518409] [[35mTRACE[0m] [display_virtio_gpu] [CPU3] display_virtio_gpu: VFS RPC response begin op=DeviceCall req_id=35
[48335004102] [[35mTRACE[0m] [display_virtio_gpu] [CPU3] display_virtio_gpu: VFS RPC response sent op=DeviceCall req_id=35
[48338464779] [[34mDEBUG[0m] [kernel::vfs::provider] [CPU1] VFS_RPC: response op=DeviceCall id=35 -> OK(48)
[48397486962] [[35mTRACE[0m] [sprout::supervisor] [CPU0] SPROUT: Supervisor tick...
[48399103863] [[35mTRACE[0m] [sprout::supervisor] [CPU0] SPROUT: Loop iteration: spawn_bristle_if_needed
[48400544742] [[35mTRACE[0m] [sprout::supervisor] [CPU0] SPROUT: Loop iteration: spawn_display_if_needed
[48401892099] [[35mTRACE[0m] [sprout::supervisor] [CPU0] SPROUT: Loop iteration: spawn_bloom_if_ready
[48403313244] [[35mTRACE[0m] [sprout::supervisor] [CPU0] SPROUT: Loop iteration: spawn_wayland_hello_if_ready
[48404788674] [[35mTRACE[0m] [sprout::supervisor] [CPU0] SPROUT: Loop iteration: spawn_clock_if_ready
[48406165863] [[35mTRACE[0m] [sprout::supervisor] [CPU0] SPROUT: Loop iteration: spawn_leaf_if_ready
[48407533284] [[35mTRACE[0m] [sprout::supervisor] [CPU0] SPROUT: Loop iteration: tick complete
[48408874602] [[34mDEBUG[0m] [sprout::supervisor] [CPU0] SPROUT: ServiceLoop waiting for next event...
[48725677176] [[35mTRACE[0m] [sprout::supervisor] [CPU0] SPROUT: Supervisor tick...
[48727169106] [[35mTRACE[0m] [sprout::supervisor] [CPU0] SPROUT: Loop iteration: spawn_bristle_if_needed
[48728712285] [[35mTRACE[0m] [sprout::supervisor] [CPU0] SPROUT: Loop iteration: spawn_display_if_needed
[48730228932] [[35mTRACE[0m] [sprout::supervisor] [CPU0] SPROUT: Loop iteration: spawn_bloom_if_ready
[48731615163] [[35mTRACE[0m] [sprout::supervisor] [CPU0] SPROUT: Loop iteration: spawn_wayland_hello_if_ready
[48733185303] [[35mTRACE[0m] [sprout::supervisor] [CPU0] SPROUT: Loop iteration: spawn_clock_if_ready
[48734624499] [[35mTRACE[0m] [sprout::supervisor] [CPU0] SPROUT: Loop iteration: spawn_leaf_if_ready
[48736046832] [[35mTRACE[0m] [sprout::supervisor] [CPU0] SPROUT: Loop iteration: tick complete
[48737433195] [[34mDEBUG[0m] [sprout::supervisor] [CPU0] SPROUT: ServiceLoop waiting for next event...
[49054220556] [[35mTRACE[0m] [sprout::supervisor] [CPU0] SPROUT: Supervisor tick...
[49055742120] [[35mTRACE[0m] [sprout::supervisor] [CPU0] SPROUT: Loop iteration: spawn_bristle_if_needed
[49057339782] [[35mTRACE[0m] [sprout::supervisor] [CPU0] SPROUT: Loop iteration: spawn_display_if_needed
[49058846562] [[35mTRACE[0m] [sprout::supervisor] [CPU0] SPROUT: Loop iteration: spawn_bloom_if_ready
[49060276287] [[35mTRACE[0m] [sprout::supervisor] [CPU0] SPROUT: Loop iteration: spawn_wayland_hello_if_ready
[49061786268] [[35mTRACE[0m] [sprout::supervisor] [CPU0] SPROUT: Loop iteration: spawn_clock_if_ready
[49063162203] [[35mTRACE[0m] [sprout::supervisor] [CPU0] SPROUT: Loop iteration: spawn_leaf_if_ready
[49064527743] [[35mTRACE[0m] [sprout::supervisor] [CPU0] SPROUT: Loop iteration: tick complete
[49065890478] [[34mDEBUG[0m] [sprout::supervisor] [CPU0] SPROUT: ServiceLoop waiting for next event...
[49120570587] [[34mDEBUG[0m] [kernel::vfs::provider] [CPU1] VFS_RPC: request op=DeviceCall len=48 tid=10
[49125459999] [[35mTRACE[0m] [display_virtio_gpu] [CPU3] display_virtio_gpu: VFS RPC op=DeviceCall
[49126818774] [[35mTRACE[0m] [display_virtio_gpu] [CPU3] DISP: DISPLAY_OP_GET_INFO requested
[49127565234] [[35mTRACE[0m] [display_virtio_gpu] [CPU3] DISP: Returning dimensions 1280x800
[49128281928] [[35mTRACE[0m] [display_virtio_gpu] [CPU3] display_virtio_gpu: VFS RPC response begin op=DeviceCall req_id=36
[49130118444] [[35mTRACE[0m] [display_virtio_gpu] [CPU3] display_virtio_gpu: VFS RPC response sent op=DeviceCall req_id=36
[49132389471] [[34mDEBUG[0m] [kernel::vfs::provider] [CPU1] VFS_RPC: response op=DeviceCall id=36 -> OK(48)
[49383988434] [[35mTRACE[0m] [sprout::supervisor] [CPU0] SPROUT: Supervisor tick...
[49386209994] [[35mTRACE[0m] [sprout::supervisor] [CPU0] SPROUT: Loop iteration: spawn_bristle_if_needed
[49388672883] [[35mTRACE[0m] [sprout::supervisor] [CPU0] SPROUT: Loop iteration: spawn_display_if_needed
[49390282623] [[35mTRACE[0m] [sprout::supervisor] [CPU0] SPROUT: Loop iteration: spawn_bloom_if_ready
[49391654235] [[35mTRACE[0m] [sprout::supervisor] [CPU0] SPROUT: Loop iteration: spawn_wayland_hello_if_ready
[49393141083] [[35mTRACE[0m] [sprout::supervisor] [CPU0] SPROUT: Loop iteration: spawn_clock_if_ready
[49394543055] [[35mTRACE[0m] [sprout::supervisor] [CPU0] SPROUT: Loop iteration: spawn_leaf_if_ready
[49396020300] [[35mTRACE[0m] [sprout::supervisor] [CPU0] SPROUT: Loop iteration: tick complete
[49397364786] [[34mDEBUG[0m] [sprout::supervisor] [CPU0] SPROUT: ServiceLoop waiting for next event...
[49454323611] [[35mTRACE[0m] [kernel::syscall::handlers::vfs] [CPU1] VFS: sys_fs_open path='/session/wayland/components' tid=10
[49456707003] [[35mTRACE[0m] [kernel::syscall::handlers::vfs] [CPU1] sys_fs_close: fd=33
[49457654400] [[35mTRACE[0m] [kernel::syscall::handlers::vfs] [CPU1] VFS: sys_fs_open path='/session/wayland/status' tid=10
[49459710366] [[35mTRACE[0m] [kernel::syscall::handlers::vfs] [CPU1] sys_fs_close: fd=33
[49460571897] [[35mTRACE[0m] [kernel::syscall::handlers::vfs] [CPU1] VFS: sys_fs_open path='/session/wayland/surfaces/index' tid=10
[49462760127] [[35mTRACE[0m] [kernel::syscall::handlers::vfs] [CPU1] sys_fs_close: fd=33
[49463945487] [[35mTRACE[0m] [kernel::syscall::handlers::vfs] [CPU1] VFS: sys_fs_open path='/session/wayland/windows/index' tid=10
[49465980927] [[35mTRACE[0m] [kernel::syscall::handlers::vfs] [CPU1] sys_fs_close: fd=33
[49466712438] [[35mTRACE[0m] [kernel::syscall::handlers::vfs] [CPU1] VFS: sys_fs_open path='/session/wayland/events/latest' tid=10
[49469592282] [[35mTRACE[0m] [kernel::syscall::handlers::vfs] [CPU1] sys_fs_close: fd=33
[49711371303] [[35mTRACE[0m] [sprout::supervisor] [CPU0] SPROUT: Supervisor tick...
[49713926394] [[35mTRACE[0m] [sprout::supervisor] [CPU0] SPROUT: Loop iteration: spawn_bristle_if_needed
[49715346054] [[35mTRACE[0m] [sprout::supervisor] [CPU0] SPROUT: Loop iteration: spawn_display_if_needed
[49717686645] [[35mTRACE[0m] [sprout::supervisor] [CPU0] SPROUT: Loop iteration: spawn_bloom_if_ready
[49719099837] [[35mTRACE[0m] [sprout::supervisor] [CPU0] SPROUT: Loop iteration: spawn_wayland_hello_if_ready
[49720644897] [[35mTRACE[0m] [sprout::supervisor] [CPU0] SPROUT: Loop iteration: spawn_clock_if_ready
[49722042810] [[35mTRACE[0m] [sprout::supervisor] [CPU0] SPROUT: Loop iteration: spawn_leaf_if_ready
[49723476561] [[35mTRACE[0m] [sprout::supervisor] [CPU0] SPROUT: Loop iteration: tick complete
[49724780655] [[34mDEBUG[0m] [sprout::supervisor] [CPU0] SPROUT: ServiceLoop waiting for next event...
[49744993353] [[34mDEBUG[0m] [kernel::vfs::provider] [CPU1] VFS_RPC: request op=DeviceCall len=48 tid=10
[49750258338] [[35mTRACE[0m] [display_virtio_gpu] [CPU3] display_virtio_gpu: VFS RPC op=DeviceCall
[49751472474] [[35mTRACE[0m] [display_virtio_gpu] [CPU3] DISP: DISPLAY_OP_GET_INFO requested
[49752217086] [[35mTRACE[0m] [display_virtio_gpu] [CPU3] DISP: Returning dimensions 1280x800
[49752984633] [[35mTRACE[0m] [display_virtio_gpu] [CPU3] display_virtio_gpu: VFS RPC response begin op=DeviceCall req_id=37
[49754756238] [[35mTRACE[0m] [display_virtio_gpu] [CPU3] display_virtio_gpu: VFS RPC response sent op=DeviceCall req_id=37
[49757956380] [[34mDEBUG[0m] [kernel::vfs::provider] [CPU1] VFS_RPC: response op=DeviceCall id=37 -> OK(48)
[49972353354] [[35mTRACE[0m] [ps2_mouse] [CPU3] ps2_mouse: irq_wakes=12 poll_timeouts=244 last_drain_bytes=0
[50041241217] [[35mTRACE[0m] [sprout::supervisor] [CPU0] SPROUT: Supervisor tick...
[50042905770] [[35mTRACE[0m] [sprout::supervisor] [CPU0] SPROUT: Loop iteration: spawn_bristle_if_needed
[50045032290] [[35mTRACE[0m] [sprout::supervisor] [CPU0] SPROUT: Loop iteration: spawn_display_if_needed
[50047204878] [[35mTRACE[0m] [sprout::supervisor] [CPU0] SPROUT: Loop iteration: spawn_bloom_if_ready
[50048592363] [[35mTRACE[0m] [sprout::supervisor] [CPU0] SPROUT: Loop iteration: spawn_wayland_hello_if_ready
[50050515735] [[35mTRACE[0m] [sprout::supervisor] [CPU0] SPROUT: Loop iteration: spawn_clock_if_ready
[50052234111] [[35mTRACE[0m] [sprout::supervisor] [CPU0] SPROUT: Loop iteration: spawn_leaf_if_ready
[50053621101] [[35mTRACE[0m] [sprout::supervisor] [CPU0] SPROUT: Loop iteration: tick complete
[50054931960] [[34mDEBUG[0m] [sprout::supervisor] [CPU0] SPROUT: ServiceLoop waiting for next event...
[50369922603] [[35mTRACE[0m] [sprout::supervisor] [CPU0] SPROUT: Supervisor tick...
[50371359885] [[35mTRACE[0m] [sprout::supervisor] [CPU0] SPROUT: Loop iteration: spawn_bristle_if_needed
[50372898312] [[35mTRACE[0m] [sprout::supervisor] [CPU0] SPROUT: Loop iteration: spawn_display_if_needed
[50374244415] [[35mTRACE[0m] [sprout::supervisor] [CPU0] SPROUT: Loop iteration: spawn_bloom_if_ready
[50375622792] [[35mTRACE[0m] [sprout::supervisor] [CPU0] SPROUT: Loop iteration: spawn_wayland_hello_if_ready
[50377051857] [[35mTRACE[0m] [sprout::supervisor] [CPU0] SPROUT: Loop iteration: spawn_clock_if_ready
[50378411028] [[35mTRACE[0m] [sprout::supervisor] [CPU0] SPROUT: Loop iteration: spawn_leaf_if_ready
[50379753369] [[35mTRACE[0m] [sprout::supervisor] [CPU0] SPROUT: Loop iteration: tick complete
[50381067330] [[34mDEBUG[0m] [sprout::supervisor] [CPU0] SPROUT: ServiceLoop waiting for next event...
[50567391798] [[34mDEBUG[0m] [kernel::vfs::provider] [CPU1] VFS_RPC: request op=DeviceCall len=48 tid=10
[50572099545] [[35mTRACE[0m] [display_virtio_gpu] [CPU3] display_virtio_gpu: VFS RPC op=DeviceCall
[50573492772] [[35mTRACE[0m] [display_virtio_gpu] [CPU3] DISP: DISPLAY_OP_GET_INFO requested
[50574250617] [[35mTRACE[0m] [display_virtio_gpu] [CPU3] DISP: Returning dimensions 1280x800
[50574982953] [[35mTRACE[0m] [display_virtio_gpu] [CPU3] display_virtio_gpu: VFS RPC response begin op=DeviceCall req_id=38
[50577863292] [[35mTRACE[0m] [display_virtio_gpu] [CPU3] display_virtio_gpu: VFS RPC response sent op=DeviceCall req_id=38
[50581055481] [[34mDEBUG[0m] [kernel::vfs::provider] [CPU1] VFS_RPC: response op=DeviceCall id=38 -> OK(48)
[50701235970] [[35mTRACE[0m] [sprout::supervisor] [CPU0] SPROUT: Supervisor tick...
[50703851418] [[35mTRACE[0m] [sprout::supervisor] [CPU0] SPROUT: Loop iteration: spawn_bristle_if_needed
[50706081195] [[35mTRACE[0m] [sprout::supervisor] [CPU0] SPROUT: Loop iteration: spawn_display_if_needed
[50708241177] [[35mTRACE[0m] [sprout::supervisor] [CPU0] SPROUT: Loop iteration: spawn_bloom_if_ready
[50710326150] [[35mTRACE[0m] [sprout::supervisor] [CPU0] SPROUT: Loop iteration: spawn_wayland_hello_if_ready
[50719049832] [[35mTRACE[0m] [sprout::supervisor] [CPU0] SPROUT: Loop iteration: spawn_clock_if_ready
[50723224266] [[35mTRACE[0m] [sprout::supervisor] [CPU0] SPROUT: Loop iteration: spawn_leaf_if_ready
[50725835655] [[35mTRACE[0m] [sprout::supervisor] [CPU0] SPROUT: Loop iteration: tick complete
[50727944916] [[34mDEBUG[0m] [sprout::supervisor] [CPU0] SPROUT: ServiceLoop waiting for next event...
[51060542346] [[35mTRACE[0m] [sprout::supervisor] [CPU0] SPROUT: Supervisor tick...
[51062958078] [[35mTRACE[0m] [sprout::supervisor] [CPU0] SPROUT: Loop iteration: spawn_bristle_if_needed
[51065263920] [[35mTRACE[0m] [sprout::supervisor] [CPU0] SPROUT: Loop iteration: spawn_display_if_needed
[51067359156] [[35mTRACE[0m] [sprout::supervisor] [CPU0] SPROUT: Loop iteration: spawn_bloom_if_ready
[51069398490] [[35mTRACE[0m] [sprout::supervisor] [CPU0] SPROUT: Loop iteration: spawn_wayland_hello_if_ready
[51071289258] [[35mTRACE[0m] [sprout::supervisor] [CPU0] SPROUT: Loop iteration: spawn_clock_if_ready
[51072683871] [[35mTRACE[0m] [sprout::supervisor] [CPU0] SPROUT: Loop iteration: spawn_leaf_if_ready
[51074102376] [[35mTRACE[0m] [sprout::supervisor] [CPU0] SPROUT: Loop iteration: tick complete
[51075471249] [[34mDEBUG[0m] [sprout::supervisor] [CPU0] SPROUT: ServiceLoop waiting for next event...
[51180209091] [[32mINFO [0m] [kernel::time] [CPU0] System clock tick: utc=2026-05-01 23:20:35.023120136 unix_secs=1777677635.023120136
[51389001378] [[34mDEBUG[0m] [kernel::vfs::provider] [CPU1] VFS_RPC: request op=DeviceCall len=48 tid=10
[51391233465] [[35mTRACE[0m] [sprout::supervisor] [CPU0] SPROUT: Supervisor tick...
[51392611017] [[35mTRACE[0m] [sprout::supervisor] [CPU0] SPROUT: Loop iteration: spawn_bristle_if_needed
[51394016652] [[35mTRACE[0m] [display_virtio_gpu] [CPU3] display_virtio_gpu: VFS RPC op=DeviceCall
[51394912833] [[35mTRACE[0m] [display_virtio_gpu] [CPU3] DISP: DISPLAY_OP_GET_INFO requested
[51395554551] [[35mTRACE[0m] [display_virtio_gpu] [CPU3] DISP: Returning dimensions 1280x800
[51396153105] [[35mTRACE[0m] [display_virtio_gpu] [CPU3] display_virtio_gpu: VFS RPC response begin op=DeviceCall req_id=39
[51396343383] [[35mTRACE[0m] [sprout::supervisor] [CPU0] SPROUT: Loop iteration: spawn_display_if_needed
[51397879401] [[35mTRACE[0m] [display_virtio_gpu] [CPU3] display_virtio_gpu: VFS RPC response sent op=DeviceCall req_id=39
[51400939359] [[35mTRACE[0m] [sprout::supervisor] [CPU0] SPROUT: Loop iteration: spawn_bloom_if_ready
[51401787723] [[34mDEBUG[0m] [kernel::vfs::provider] [CPU1] VFS_RPC: response op=DeviceCall id=39 -> OK(48)
[51403127820] [[35mTRACE[0m] [sprout::supervisor] [CPU0] SPROUT: Loop iteration: spawn_wayland_hello_if_ready
[51404602491] [[35mTRACE[0m] [sprout::supervisor] [CPU0] SPROUT: Loop iteration: spawn_clock_if_ready
[51406140324] [[35mTRACE[0m] [sprout::supervisor] [CPU0] SPROUT: Loop iteration: spawn_leaf_if_ready
[51407455539] [[35mTRACE[0m] [sprout::supervisor] [CPU0] SPROUT: Loop iteration: tick complete
[51408768939] [[34mDEBUG[0m] [sprout::supervisor] [CPU0] SPROUT: ServiceLoop waiting for next event...
[51750666990] [[35mTRACE[0m] [sprout::supervisor] [CPU0] SPROUT: Supervisor tick...
[51754007811] [[35mTRACE[0m] [sprout::supervisor] [CPU0] SPROUT: Loop iteration: spawn_bristle_if_needed
[51757097766] [[35mTRACE[0m] [sprout::supervisor] [CPU0] SPROUT: Loop iteration: spawn_display_if_needed
[51758589795] [[35mTRACE[0m] [sprout::supervisor] [CPU0] SPROUT: Loop iteration: spawn_bloom_if_ready
[51760032192] [[35mTRACE[0m] [sprout::supervisor] [CPU0] SPROUT: Loop iteration: spawn_wayland_hello_if_ready
[51761526597] [[35mTRACE[0m] [sprout::supervisor] [CPU0] SPROUT: Loop iteration: spawn_clock_if_ready
[51763142541] [[35mTRACE[0m] [sprout::supervisor] [CPU0] SPROUT: Loop iteration: spawn_leaf_if_ready
[51764505309] [[35mTRACE[0m] [sprout::supervisor] [CPU0] SPROUT: Loop iteration: tick complete
[51765853755] [[34mDEBUG[0m] [sprout::supervisor] [CPU0] SPROUT: ServiceLoop waiting for next event...

[hunter] running random action
[52039958289] [[35mTRACE[0m] [bran::arch::x86_64::idt] [CPU0] PS/2 byte received: 0x18 (is_aux=true)
[52040677227] [[35mTRACE[0m] [bran::arch::x86_64::idt] [CPU0] PS/2 byte received: 0x81 (is_aux=true)
[52041143748] [[35mTRACE[0m] [bran::arch::x86_64::idt] [CPU0] PS/2 byte received: 0x7f (is_aux=true)
[52041679404] [[35mTRACE[0m] [bran::arch::x86_64::idt] [CPU0] PS/2 byte received: 0x81 (is_aux=true)
[52041661617] [[35mTRACE[0m] [bran::arch::x86_64::idt] [CPU3] PS/2 byte received: 0x18 (is_aux=true)
[52042316502] [[35mTRACE[0m] [bran::arch::x86_64::idt] [CPU0] PS/2 byte received: 0x7f (is_aux=true)
[52042477839] [[35mTRACE[0m] [bran::arch::x86_64::idt] [CPU3] PS/2 byte received: 0x18 (is_aux=true)
[52042927761] [[35mTRACE[0m] [bran::arch::x86_64::idt] [CPU0] PS/2 byte received: 0x81 (is_aux=true)
[52043041908] [[35mTRACE[0m] [bran::arch::x86_64::idt] [CPU3] PS/2 byte received: 0x7f (is_aux=true)
[52043568951] [[35mTRACE[0m] [bran::arch::x86_64::idt] [CPU0] PS/2 byte received: 0x18 (is_aux=true)
[52043679996] [[35mTRACE[0m] [bran::arch::x86_64::idt] [CPU3] PS/2 byte received: 0x81 (is_aux=true)
[52044231723] [[35mTRACE[0m] [bran::arch::x86_64::idt] [CPU0] PS/2 byte received: 0x7f (is_aux=true)
[52044326202] [[35mTRACE[0m] [bran::arch::x86_64::idt] [CPU3] PS/2 byte received: 0x18 (is_aux=true)
[52044874827] [[35mTRACE[0m] [bran::arch::x86_64::idt] [CPU0] PS/2 byte received: 0x81 (is_aux=true)
[52045000293] [[35mTRACE[0m] [bran::arch::x86_64::idt] [CPU3] PS/2 byte received: 0x7f (is_aux=true)
[52057867785] [[35mTRACE[0m] [kernel::irq::ps2] [CPU3] PS/2 take_scancode: popped 0x18 (is_aux=true)
[52060162407] [[35mTRACE[0m] [kernel::irq::ps2] [CPU3] PS/2 take_scancode: popped 0x81 (is_aux=true)
[52060067499] [[35mTRACE[0m] [ps2_kbd] [CPU2] ps2_kbd: yield on AUX data (mouse packet)
[52062718290] [[35mTRACE[0m] [kernel::irq::ps2] [CPU3] PS/2 take_scancode: popped 0x7f (is_aux=true)
[52064362812] [[35mTRACE[0m] [kernel::irq::ps2] [CPU3] PS/2 take_scancode: popped 0x81 (is_aux=true)
[52065847086] [[35mTRACE[0m] [kernel::irq::ps2] [CPU3] PS/2 take_scancode: popped 0x18 (is_aux=true)
[52067323968] [[35mTRACE[0m] [kernel::irq::ps2] [CPU3] PS/2 take_scancode: popped 0x7f (is_aux=true)
[52068860811] [[35mTRACE[0m] [kernel::irq::ps2] [CPU3] PS/2 take_scancode: popped 0x18 (is_aux=true)
[52070369637] [[35mTRACE[0m] [kernel::irq::ps2] [CPU3] PS/2 take_scancode: popped 0x81 (is_aux=true)
[52071993468] [[35mTRACE[0m] [kernel::irq::ps2] [CPU3] PS/2 take_scancode: popped 0x7f (is_aux=true)
[52073520642] [[35mTRACE[0m] [kernel::irq::ps2] [CPU3] PS/2 take_scancode: popped 0x18 (is_aux=true)
[52073915850] [[35mTRACE[0m] [sprout::supervisor] [CPU0] SPROUT: Supervisor tick...
[52076179584] [[35mTRACE[0m] [sprout::supervisor] [CPU0] SPROUT: Loop iteration: spawn_bristle_if_needed
[52076507637] [[35mTRACE[0m] [kernel::irq::ps2] [CPU3] PS/2 take_scancode: popped 0x81 (is_aux=true)
[52078089294] [[35mTRACE[0m] [kernel::irq::ps2] [CPU3] PS/2 take_scancode: popped 0x7f (is_aux=true)
[52078293432] [[35mTRACE[0m] [sprout::supervisor] [CPU0] SPROUT: Loop iteration: spawn_display_if_needed
[52079552052] [[35mTRACE[0m] [kernel::irq::ps2] [CPU3] PS/2 take_scancode: popped 0x18 (is_aux=true)
[52080035139] [[35mTRACE[0m] [sprout::supervisor] [CPU0] SPROUT: Loop iteration: spawn_bloom_if_ready
[52080982008] [[35mTRACE[0m] [kernel::irq::ps2] [CPU3] PS/2 take_scancode: popped 0x81 (is_aux=true)
[52082296365] [[35mTRACE[0m] [kernel::irq::ps2] [CPU3] PS/2 take_scancode: popped 0x7f (is_aux=true)
[52085226699] [[35mTRACE[0m] [sprout::supervisor] [CPU0] SPROUT: Loop iteration: spawn_wayland_hello_if_ready
[52086656061] [[35mTRACE[0m] [sprout::supervisor] [CPU0] SPROUT: Loop iteration: spawn_clock_if_ready
[52087994442] [[35mTRACE[0m] [sprout::supervisor] [CPU0] SPROUT: Loop iteration: spawn_leaf_if_ready
[52089312693] [[35mTRACE[0m] [sprout::supervisor] [CPU0] SPROUT: Loop iteration: tick complete
[52090594743] [[34mDEBUG[0m] [sprout::supervisor] [CPU0] SPROUT: ServiceLoop waiting for next event...
[52212010422] [[34mDEBUG[0m] [kernel::vfs::provider] [CPU1] VFS_RPC: request op=DeviceCall len=48 tid=10
[52216683684] [[35mTRACE[0m] [display_virtio_gpu] [CPU3] display_virtio_gpu: VFS RPC op=DeviceCall
[52217872080] [[35mTRACE[0m] [display_virtio_gpu] [CPU3] DISP: DISPLAY_OP_GET_INFO requested
[52218460074] [[35mTRACE[0m] [display_virtio_gpu] [CPU3] DISP: Returning dimensions 1280x800
[52219033680] [[35mTRACE[0m] [display_virtio_gpu] [CPU3] display_virtio_gpu: VFS RPC response begin op=DeviceCall req_id=40
[52221070374] [[35mTRACE[0m] [display_virtio_gpu] [CPU3] display_virtio_gpu: VFS RPC response sent op=DeviceCall req_id=40
[52223419941] [[34mDEBUG[0m] [kernel::vfs::provider] [CPU1] VFS_RPC: response op=DeviceCall id=40 -> OK(48)
[52313404275] [[35mTRACE[0m] [bran::arch::x86_64::idt] [CPU0] PS/2 byte received: 0x18 (is_aux=true)
[52314830007] [[35mTRACE[0m] [bran::arch::x86_64::idt] [CPU0] PS/2 byte received: 0x81 (is_aux=true)
[52315934352] [[35mTRACE[0m] [bran::arch::x86_64::idt] [CPU0] PS/2 byte received: 0x7f (is_aux=true)
[52316953788] [[35mTRACE[0m] [bran::arch::x86_64::idt] [CPU0] PS/2 byte received: 0x18 (is_aux=true)
[52318063215] [[35mTRACE[0m] [bran::arch::x86_64::idt] [CPU0] PS/2 byte received: 0x81 (is_aux=true)
[52318599366] [[35mTRACE[0m] [bran::arch::x86_64::idt] [CPU0] PS/2 byte received: 0x7f (is_aux=true)
[52319049057] [[35mTRACE[0m] [bran::arch::x86_64::idt] [CPU0] PS/2 byte received: 0x18 (is_aux=true)
[52319484657] [[35mTRACE[0m] [bran::arch::x86_64::idt] [CPU0] PS/2 byte received: 0x81 (is_aux=true)
[52319952366] [[35mTRACE[0m] [bran::arch::x86_64::idt] [CPU0] PS/2 byte received: 0x7f (is_aux=true)
[52320432450] [[35mTRACE[0m] [bran::arch::x86_64::idt] [CPU0] PS/2 byte received: 0x18 (is_aux=true)
[52320902238] [[35mTRACE[0m] [bran::arch::x86_64::idt] [CPU0] PS/2 byte received: 0x81 (is_aux=true)
[52321369155] [[35mTRACE[0m] [bran::arch::x86_64::idt] [CPU0] PS/2 byte received: 0x7f (is_aux=true)
[52321834488] [[35mTRACE[0m] [bran::arch::x86_64::idt] [CPU0] PS/2 byte received: 0x18 (is_aux=true)
[52322292528] [[35mTRACE[0m] [bran::arch::x86_64::idt] [CPU0] PS/2 byte received: 0x81 (is_aux=true)
[52322739942] [[35mTRACE[0m] [bran::arch::x86_64::idt] [CPU0] PS/2 byte received: 0x7f (is_aux=true)
[52326661035] [[35mTRACE[0m] [kernel::irq::ps2] [CPU3] PS/2 take_scancode: popped 0x18 (is_aux=true)
[52328218107] [[35mTRACE[0m] [kernel::irq::ps2] [CPU3] PS/2 take_scancode: popped 0x81 (is_aux=true)
[52329561768] [[35mTRACE[0m] [kernel::irq::ps2] [CPU3] PS/2 take_scancode: popped 0x7f (is_aux=true)
[52330943280] [[35mTRACE[0m] [kernel::irq::ps2] [CPU3] PS/2 take_scancode: popped 0x18 (is_aux=true)
[52333326738] [[35mTRACE[0m] [kernel::irq::ps2] [CPU3] PS/2 take_scancode: popped 0x81 (is_aux=true)
[52334617467] [[35mTRACE[0m] [kernel::irq::ps2] [CPU3] PS/2 take_scancode: popped 0x7f (is_aux=true)
[52336052604] [[35mTRACE[0m] [kernel::irq::ps2] [CPU3] PS/2 take_scancode: popped 0x18 (is_aux=true)
[52337365278] [[35mTRACE[0m] [kernel::irq::ps2] [CPU3] PS/2 take_scancode: popped 0x81 (is_aux=true)
[52347208122] [[35mTRACE[0m] [kernel::irq::ps2] [CPU3] PS/2 take_scancode: popped 0x7f (is_aux=true)
[52348790307] [[35mTRACE[0m] [kernel::irq::ps2] [CPU3] PS/2 take_scancode: popped 0x18 (is_aux=true)
[52350319263] [[35mTRACE[0m] [kernel::irq::ps2] [CPU3] PS/2 take_scancode: popped 0x81 (is_aux=true)
[52352629923] [[35mTRACE[0m] [kernel::irq::ps2] [CPU3] PS/2 take_scancode: popped 0x7f (is_aux=true)
[52354111359] [[35mTRACE[0m] [kernel::irq::ps2] [CPU3] PS/2 take_scancode: popped 0x18 (is_aux=true)
[52355614410] [[35mTRACE[0m] [kernel::irq::ps2] [CPU3] PS/2 take_scancode: popped 0x81 (is_aux=true)
[52357160097] [[35mTRACE[0m] [kernel::irq::ps2] [CPU3] PS/2 take_scancode: popped 0x7f (is_aux=true)
[52409542086] [[35mTRACE[0m] [sprout::supervisor] [CPU0] SPROUT: Supervisor tick...
[52411049625] [[35mTRACE[0m] [sprout::supervisor] [CPU0] SPROUT: Loop iteration: spawn_bristle_if_needed
[52412693817] [[35mTRACE[0m] [sprout::supervisor] [CPU0] SPROUT: Loop iteration: spawn_display_if_needed
[52414117932] [[35mTRACE[0m] [sprout::supervisor] [CPU0] SPROUT: Loop iteration: spawn_bloom_if_ready
[52415450670] [[35mTRACE[0m] [sprout::supervisor] [CPU0] SPROUT: Loop iteration: spawn_wayland_hello_if_ready
[52416930357] [[35mTRACE[0m] [sprout::supervisor] [CPU0] SPROUT: Loop iteration: spawn_clock_if_ready
[52418322825] [[35mTRACE[0m] [sprout::supervisor] [CPU0] SPROUT: Loop iteration: spawn_leaf_if_ready
[52419718395] [[35mTRACE[0m] [sprout::supervisor] [CPU0] SPROUT: Loop iteration: tick complete
[52422252630] [[34mDEBUG[0m] [sprout::supervisor] [CPU0] SPROUT: ServiceLoop waiting for next event...
[52587857718] [[35mTRACE[0m] [bran::arch::x86_64::idt] [CPU0] PS/2 byte received: 0x19 (is_aux=true)
[52589299884] [[35mTRACE[0m] [bran::arch::x86_64::idt] [CPU0] PS/2 byte received: 0x81 (is_aux=true)
[52590398190] [[35mTRACE[0m] [bran::arch::x86_64::idt] [CPU0] PS/2 byte received: 0x7f (is_aux=true)
[52591141020] [[35mTRACE[0m] [bran::arch::x86_64::idt] [CPU0] PS/2 byte received: 0x19 (is_aux=true)
[52591676577] [[35mTRACE[0m] [bran::arch::x86_64::idt] [CPU0] PS/2 byte received: 0x81 (is_aux=true)
[52592124387] [[35mTRACE[0m] [bran::arch::x86_64::idt] [CPU0] PS/2 byte received: 0x7f (is_aux=true)
[52592572791] [[35mTRACE[0m] [bran::arch::x86_64::idt] [CPU0] PS/2 byte received: 0x19 (is_aux=true)
[52593109371] [[35mTRACE[0m] [bran::arch::x86_64::idt] [CPU0] PS/2 byte received: 0x7f (is_aux=true)
[52593029808] [[35mTRACE[0m] [bran::arch::x86_64::idt] [CPU1] PS/2 byte received: 0x81 (is_aux=true)
[52593595593] [[35mTRACE[0m] [bran::arch::x86_64::idt] [CPU0] PS/2 byte received: 0x19 (is_aux=true)
[52594517811] [[35mTRACE[0m] [bran::arch::x86_64::idt] [CPU0] PS/2 byte received: 0x81 (is_aux=true)
[52594561569] [[35mTRACE[0m] [bran::arch::x86_64::idt] [CPU1] PS/2 byte received: 0x7f (is_aux=true)
[52595030004] [[35mTRACE[0m] [bran::arch::x86_64::idt] [CPU0] PS/2 byte received: 0x19 (is_aux=true)
[52595333736] [[35mTRACE[0m] [bran::arch::x86_64::idt] [CPU1] PS/2 byte received: 0x81 (is_aux=true)
[52595798145] [[35mTRACE[0m] [bran::arch::x86_64::idt] [CPU0] PS/2 byte received: 0x7f (is_aux=true)
[52600403394] [[35mTRACE[0m] [ps2_kbd] [CPU2] ps2_kbd: yield on AUX data (mouse packet)
[52602290928] [[35mTRACE[0m] [kernel::irq::ps2] [CPU3] PS/2 take_scancode: popped 0x19 (is_aux=true)
[52603948188] [[35mTRACE[0m] [kernel::irq::ps2] [CPU3] PS/2 take_scancode: popped 0x81 (is_aux=true)
[52605296436] [[35mTRACE[0m] [kernel::irq::ps2] [CPU3] PS/2 take_scancode: popped 0x7f (is_aux=true)
[52606814469] [[35mTRACE[0m] [kernel::irq::ps2] [CPU3] PS/2 take_scancode: popped 0x19 (is_aux=true)
[52608093318] [[35mTRACE[0m] [kernel::irq::ps2] [CPU3] PS/2 take_scancode: popped 0x81 (is_aux=true)
[52609522680] [[35mTRACE[0m] [kernel::irq::ps2] [CPU3] PS/2 take_scancode: popped 0x7f (is_aux=true)
[52610858553] [[35mTRACE[0m] [kernel::irq::ps2] [CPU3] PS/2 take_scancode: popped 0x19 (is_aux=true)
[52612425327] [[35mTRACE[0m] [kernel::irq::ps2] [CPU3] PS/2 take_scancode: popped 0x7f (is_aux=true)
[52613887590] [[35mTRACE[0m] [kernel::irq::ps2] [CPU3] PS/2 take_scancode: popped 0x19 (is_aux=true)
[52615494030] [[35mTRACE[0m] [kernel::irq::ps2] [CPU3] PS/2 take_scancode: popped 0x81 (is_aux=true)
[52616952135] [[35mTRACE[0m] [kernel::irq::ps2] [CPU3] PS/2 take_scancode: popped 0x81 (is_aux=true)
[52618413540] [[35mTRACE[0m] [kernel::irq::ps2] [CPU3] PS/2 take_scancode: popped 0x7f (is_aux=true)
[52619887056] [[35mTRACE[0m] [kernel::irq::ps2] [CPU3] PS/2 take_scancode: popped 0x19 (is_aux=true)
[52621403340] [[35mTRACE[0m] [kernel::irq::ps2] [CPU3] PS/2 take_scancode: popped 0x81 (is_aux=true)
[52622878572] [[35mTRACE[0m] [kernel::irq::ps2] [CPU3] PS/2 take_scancode: popped 0x7f (is_aux=true)
[52737717483] [[35mTRACE[0m] [sprout::supervisor] [CPU0] SPROUT: Supervisor tick...
[52739133117] [[35mTRACE[0m] [sprout::supervisor] [CPU0] SPROUT: Loop iteration: spawn_bristle_if_needed
[52741744308] [[35mTRACE[0m] [sprout::supervisor] [CPU0] SPROUT: Loop iteration: spawn_display_if_needed
[52744966659] [[35mTRACE[0m] [sprout::supervisor] [CPU0] SPROUT: Loop iteration: spawn_bloom_if_ready
[52746398430] [[35mTRACE[0m] [sprout::supervisor] [CPU0] SPROUT: Loop iteration: spawn_wayland_hello_if_ready
[52747937187] [[35mTRACE[0m] [sprout::supervisor] [CPU0] SPROUT: Loop iteration: spawn_clock_if_ready
[52749303354] [[35mTRACE[0m] [sprout::supervisor] [CPU0] SPROUT: Loop iteration: spawn_leaf_if_ready
[52750856961] [[35mTRACE[0m] [sprout::supervisor] [CPU0] SPROUT: Loop iteration: tick complete
[52752298104] [[34mDEBUG[0m] [sprout::supervisor] [CPU0] SPROUT: ServiceLoop waiting for next event...
[52862161770] [[35mTRACE[0m] [bran::arch::x86_64::idt] [CPU0] PS/2 byte received: 0x19 (is_aux=true)
[52863189225] [[35mTRACE[0m] [bran::arch::x86_64::idt] [CPU0] PS/2 byte received: 0x81 (is_aux=true)
[52863714486] [[35mTRACE[0m] [bran::arch::x86_64::idt] [CPU0] PS/2 byte received: 0x7f (is_aux=true)
[52864292580] [[35mTRACE[0m] [bran::arch::x86_64::idt] [CPU0] PS/2 byte received: 0x81 (is_aux=true)
[52864155960] [[35mTRACE[0m] [bran::arch::x86_64::idt] [CPU3] PS/2 byte received: 0x19 (is_aux=true)
[52864800285] [[35mTRACE[0m] [bran::arch::x86_64::idt] [CPU0] PS/2 byte received: 0x7f (is_aux=true)
[52865322675] [[35mTRACE[0m] [bran::arch::x86_64::idt] [CPU3] PS/2 byte received: 0x19 (is_aux=true)
[52865485629] [[35mTRACE[0m] [bran::arch::x86_64::idt] [CPU0] PS/2 byte received: 0x81 (is_aux=true)
[52866070785] [[35mTRACE[0m] [bran::arch::x86_64::idt] [CPU3] PS/2 byte received: 0x7f (is_aux=true)
[52866208296] [[35mTRACE[0m] [bran::arch::x86_64::idt] [CPU0] PS/2 byte received: 0x19 (is_aux=true)
[52866819291] [[35mTRACE[0m] [bran::arch::x86_64::idt] [CPU3] PS/2 byte received: 0x81 (is_aux=true)
[52866975513] [[35mTRACE[0m] [bran::arch::x86_64::idt] [CPU0] PS/2 byte received: 0x7f (is_aux=true)
[52867541694] [[35mTRACE[0m] [bran::arch::x86_64::idt] [CPU3] PS/2 byte received: 0x19 (is_aux=true)
[52867689930] [[35mTRACE[0m] [bran::arch::x86_64::idt] [CPU0] PS/2 byte received: 0x81 (is_aux=true)
[52868287725] [[35mTRACE[0m] [bran::arch::x86_64::idt] [CPU3] PS/2 byte received: 0x7f (is_aux=true)
[52893770556] [[35mTRACE[0m] [ps2_kbd] [CPU2] ps2_kbd: yield on AUX data (mouse packet)
[52893949680] [[35mTRACE[0m] [kernel::irq::ps2] [CPU3] PS/2 take_scancode: popped 0x19 (is_aux=true)
[52897639971] [[35mTRACE[0m] [kernel::irq::ps2] [CPU3] PS/2 take_scancode: popped 0x81 (is_aux=true)
[52914931905] [[35mTRACE[0m] [kernel::irq::ps2] [CPU3] PS/2 take_scancode: popped 0x7f (is_aux=true)
[52917866463] [[35mTRACE[0m] [kernel::irq::ps2] [CPU3] PS/2 take_scancode: popped 0x81 (is_aux=true)
[52920405219] [[35mTRACE[0m] [kernel::irq::ps2] [CPU3] PS/2 take_scancode: popped 0x19 (is_aux=true)
[52922740035] [[35mTRACE[0m] [kernel::irq::ps2] [CPU3] PS/2 take_scancode: popped 0x7f (is_aux=true)
[52925492565] [[35mTRACE[0m] [kernel::irq::ps2] [CPU3] PS/2 take_scancode: popped 0x19 (is_aux=true)
[52943841951] [[35mTRACE[0m] [kernel::irq::ps2] [CPU3] PS/2 take_scancode: popped 0x81 (is_aux=true)
[52946929299] [[35mTRACE[0m] [kernel::irq::ps2] [CPU3] PS/2 take_scancode: popped 0x7f (is_aux=true)
[52949585997] [[35mTRACE[0m] [kernel::irq::ps2] [CPU3] PS/2 take_scancode: popped 0x19 (is_aux=true)
[52952182404] [[35mTRACE[0m] [kernel::irq::ps2] [CPU3] PS/2 take_scancode: popped 0x81 (is_aux=true)
[52954701921] [[35mTRACE[0m] [kernel::irq::ps2] [CPU3] PS/2 take_scancode: popped 0x7f (is_aux=true)
[52957366770] [[35mTRACE[0m] [kernel::irq::ps2] [CPU3] PS/2 take_scancode: popped 0x19 (is_aux=true)
[52961258658] [[35mTRACE[0m] [kernel::irq::ps2] [CPU3] PS/2 take_scancode: popped 0x81 (is_aux=true)
[52964805861] [[35mTRACE[0m] [kernel::irq::ps2] [CPU3] PS/2 take_scancode: popped 0x7f (is_aux=true)
[53017685523] [[35mTRACE[0m] [bran::arch::x86_64::idt] [CPU0] PS/2 byte received: 0x19 (is_aux=true)
[53018757891] [[35mTRACE[0m] [bran::arch::x86_64::idt] [CPU0] PS/2 byte received: 0x81 (is_aux=true)
[53019432411] [[35mTRACE[0m] [bran::arch::x86_64::idt] [CPU0] PS/2 byte received: 0x7f (is_aux=true)
[53020066902] [[35mTRACE[0m] [bran::arch::x86_64::idt] [CPU0] PS/2 byte received: 0x19 (is_aux=true)
[53020392546] [[35mTRACE[0m] [bran::arch::x86_64::idt] [CPU1] PS/2 byte received: 0x81 (is_aux=true)
[53020798908] [[35mTRACE[0m] [bran::arch::x86_64::idt] [CPU0] PS/2 byte received: 0x7f (is_aux=true)
[53021453694] [[35mTRACE[0m] [bran::arch::x86_64::idt] [CPU1] PS/2 byte received: 0x19 (is_aux=true)
[53021680437] [[35mTRACE[0m] [bran::arch::x86_64::idt] [CPU0] PS/2 byte received: 0x81 (is_aux=true)
[53021976183] [[35mTRACE[0m] [bran::arch::x86_64::idt] [CPU1] PS/2 byte received: 0x7f (is_aux=true)
[53022733632] [[35mTRACE[0m] [bran::arch::x86_64::idt] [CPU1] PS/2 byte received: 0x81 (is_aux=true)
[53022650736] [[35mTRACE[0m] [bran::arch::x86_64::idt] [CPU0] PS/2 byte received: 0x19 (is_aux=true)
[53023299351] [[35mTRACE[0m] [bran::arch::x86_64::idt] [CPU1] PS/2 byte received: 0x7f (is_aux=true)
[53023823028] [[35mTRACE[0m] [bran::arch::x86_64::idt] [CPU1] PS/2 byte received: 0x81 (is_aux=true)
[53023728681] [[35mTRACE[0m] [bran::arch::x86_64::idt] [CPU0] PS/2 byte received: 0x19 (is_aux=true)
[53024333340] [[35mTRACE[0m] [bran::arch::x86_64::idt] [CPU1] PS/2 byte received: 0x7f (is_aux=true)
[53032308747] [[35mTRACE[0m] [ps2_kbd] [CPU2] ps2_kbd: yield on AUX data (mouse packet)
[53047778916] [[35mTRACE[0m] [kernel::irq::ps2] [CPU3] PS/2 take_scancode: popped 0x19 (is_aux=true)
[53050785084] [[35mTRACE[0m] [kernel::irq::ps2] [CPU3] PS/2 take_scancode: popped 0x81 (is_aux=true)
[53053454586] [[35mTRACE[0m] [kernel::irq::ps2] [CPU3] PS/2 take_scancode: popped 0x7f (is_aux=true)
[53056204707] [[35mTRACE[0m] [kernel::irq::ps2] [CPU3] PS/2 take_scancode: popped 0x19 (is_aux=true)
[53058623838] [[34mDEBUG[0m] [kernel::vfs::provider] [CPU1] VFS_RPC: request op=DeviceCall len=48 tid=10
[53062566315] [[35mTRACE[0m] [sprout::supervisor] [CPU0] SPROUT: Supervisor tick...
[53064968682] [[35mTRACE[0m] [sprout::supervisor] [CPU0] SPROUT: Loop iteration: spawn_bristle_if_needed
[53065836417] [[35mTRACE[0m] [kernel::irq::ps2] [CPU3] PS/2 take_scancode: popped 0x81 (is_aux=true)
[53066746854] [[35mTRACE[0m] [sprout::supervisor] [CPU0] SPROUT: Loop iteration: spawn_display_if_needed
[53068767741] [[35mTRACE[0m] [kernel::irq::ps2] [CPU3] PS/2 take_scancode: popped 0x7f (is_aux=true)
[53071187070] [[35mTRACE[0m] [kernel::irq::ps2] [CPU3] PS/2 take_scancode: popped 0x19 (is_aux=true)
[53073600690] [[35mTRACE[0m] [kernel::irq::ps2] [CPU3] PS/2 take_scancode: popped 0x81 (is_aux=true)
[53074348668] [[35mTRACE[0m] [sprout::supervisor] [CPU0] SPROUT: Loop iteration: spawn_bloom_if_ready
[53076308670] [[35mTRACE[0m] [kernel::irq::ps2] [CPU3] PS/2 take_scancode: popped 0x7f (is_aux=true)
[53078348268] [[35mTRACE[0m] [sprout::supervisor] [CPU0] SPROUT: Loop iteration: spawn_wayland_hello_if_ready
[53078634147] [[35mTRACE[0m] [kernel::irq::ps2] [CPU3] PS/2 take_scancode: popped 0x81 (is_aux=true)
[53080774989] [[35mTRACE[0m] [sprout::supervisor] [CPU0] SPROUT: Loop iteration: spawn_clock_if_ready
[53081213856] [[35mTRACE[0m] [kernel::irq::ps2] [CPU3] PS/2 take_scancode: popped 0x19 (is_aux=true)
[53081839569] [[35mTRACE[0m] [sprout::supervisor] [CPU0] SPROUT: Loop iteration: spawn_leaf_if_ready
[53083784589] [[35mTRACE[0m] [kernel::irq::ps2] [CPU3] PS/2 take_scancode: popped 0x7f (is_aux=true)
[53084403009] [[35mTRACE[0m] [sprout::supervisor] [CPU0] SPROUT: Loop iteration: tick complete
[53086297638] [[35mTRACE[0m] [kernel::irq::ps2] [CPU3] PS/2 take_scancode: popped 0x81 (is_aux=true)
[53086501545] [[34mDEBUG[0m] [sprout::supervisor] [CPU0] SPROUT: ServiceLoop waiting for next event...
[53088858504] [[35mTRACE[0m] [kernel::irq::ps2] [CPU3] PS/2 take_scancode: popped 0x19 (is_aux=true)
[53091529491] [[35mTRACE[0m] [kernel::irq::ps2] [CPU3] PS/2 take_scancode: popped 0x7f (is_aux=true)
[53104152849] [[35mTRACE[0m] [display_virtio_gpu] [CPU3] display_virtio_gpu: VFS RPC op=DeviceCall
[53105717016] [[35mTRACE[0m] [display_virtio_gpu] [CPU3] DISP: DISPLAY_OP_GET_INFO requested
[53106863964] [[35mTRACE[0m] [display_virtio_gpu] [CPU3] DISP: Returning dimensions 1280x800
[53108775588] [[35mTRACE[0m] [display_virtio_gpu] [CPU3] display_virtio_gpu: VFS RPC response begin op=DeviceCall req_id=41
[53111765883] [[35mTRACE[0m] [display_virtio_gpu] [CPU3] display_virtio_gpu: VFS RPC response sent op=DeviceCall req_id=41
[53115729051] [[34mDEBUG[0m] [kernel::vfs::provider] [CPU1] VFS_RPC: response op=DeviceCall id=41 -> OK(48)
[53175569667] [[35mTRACE[0m] [bran::arch::x86_64::idt] [CPU0] PS/2 byte received: 0x19 (is_aux=true)
[53176619331] [[35mTRACE[0m] [bran::arch::x86_64::idt] [CPU0] PS/2 byte received: 0x81 (is_aux=true)
[53177426214] [[35mTRACE[0m] [bran::arch::x86_64::idt] [CPU0] PS/2 byte received: 0x7f (is_aux=true)
[53178229335] [[35mTRACE[0m] [bran::arch::x86_64::idt] [CPU0] PS/2 byte received: 0x19 (is_aux=true)
[53179017243] [[35mTRACE[0m] [bran::arch::x86_64::idt] [CPU0] PS/2 byte received: 0x81 (is_aux=true)
[53179781226] [[35mTRACE[0m] [bran::arch::x86_64::idt] [CPU0] PS/2 byte received: 0x7f (is_aux=true)
[53180593422] [[35mTRACE[0m] [bran::arch::x86_64::idt] [CPU0] PS/2 byte received: 0x19 (is_aux=true)
[53181426012] [[35mTRACE[0m] [bran::arch::x86_64::idt] [CPU0] PS/2 byte received: 0x81 (is_aux=true)
[53182194747] [[35mTRACE[0m] [bran::arch::x86_64::idt] [CPU0] PS/2 byte received: 0x7f (is_aux=true)
[53183025291] [[35mTRACE[0m] [bran::arch::x86_64::idt] [CPU0] PS/2 byte received: 0x19 (is_aux=true)
[53183813232] [[35mTRACE[0m] [bran::arch::x86_64::idt] [CPU0] PS/2 byte received: 0x81 (is_aux=true)
[53184747396] [[35mTRACE[0m] [bran::arch::x86_64::idt] [CPU0] PS/2 byte received: 0x7f (is_aux=true)
[53184917016] [[35mTRACE[0m] [bran::arch::x86_64::idt] [CPU1] PS/2 byte received: 0x19 (is_aux=true)
[53186160027] [[35mTRACE[0m] [bran::arch::x86_64::idt] [CPU0] PS/2 byte received: 0x81 (is_aux=true)
[53186467125] [[35mTRACE[0m] [bran::arch::x86_64::idt] [CPU1] PS/2 byte received: 0x7f (is_aux=true)
[53191205694] [[35mTRACE[0m] [kernel::irq::ps2] [CPU3] PS/2 take_scancode: popped 0x19 (is_aux=true)
[53193136161] [[35mTRACE[0m] [kernel::irq::ps2] [CPU3] PS/2 take_scancode: popped 0x81 (is_aux=true)
[53193468174] [[35mTRACE[0m] [ps2_kbd] [CPU2] ps2_kbd: yield on AUX data (mouse packet)
[53195747088] [[35mTRACE[0m] [kernel::irq::ps2] [CPU3] PS/2 take_scancode: popped 0x7f (is_aux=true)
[53197357257] [[35mTRACE[0m] [kernel::irq::ps2] [CPU3] PS/2 take_scancode: popped 0x19 (is_aux=true)
[53198697321] [[35mTRACE[0m] [kernel::irq::ps2] [CPU3] PS/2 take_scancode: popped 0x81 (is_aux=true)
[53200010952] [[35mTRACE[0m] [kernel::irq::ps2] [CPU3] PS/2 take_scancode: popped 0x7f (is_aux=true)
[53201445000] [[35mTRACE[0m] [kernel::irq::ps2] [CPU3] PS/2 take_scancode: popped 0x19 (is_aux=true)
[53202833409] [[35mTRACE[0m] [kernel::irq::ps2] [CPU3] PS/2 take_scancode: popped 0x81 (is_aux=true)
[53204174694] [[35mTRACE[0m] [kernel::irq::ps2] [CPU3] PS/2 take_scancode: popped 0x7f (is_aux=true)
[53205682959] [[35mTRACE[0m] [kernel::irq::ps2] [CPU3] PS/2 take_scancode: popped 0x19 (is_aux=true)
[53207176605] [[35mTRACE[0m] [kernel::irq::ps2] [CPU3] PS/2 take_scancode: popped 0x81 (is_aux=true)
[53208666126] [[35mTRACE[0m] [kernel::irq::ps2] [CPU3] PS/2 take_scancode: popped 0x7f (is_aux=true)
[53210173731] [[35mTRACE[0m] [kernel::irq::ps2] [CPU3] PS/2 take_scancode: popped 0x19 (is_aux=true)
[53211526368] [[35mTRACE[0m] [kernel::irq::ps2] [CPU3] PS/2 take_scancode: popped 0x81 (is_aux=true)
[53213046381] [[35mTRACE[0m] [kernel::irq::ps2] [CPU3] PS/2 take_scancode: popped 0x7f (is_aux=true)
[53334886638] [[35mTRACE[0m] [bran::arch::x86_64::idt] [CPU0] PS/2 byte received: 0x19 (is_aux=true)
[53335622406] [[35mTRACE[0m] [bran::arch::x86_64::idt] [CPU0] PS/2 byte received: 0x81 (is_aux=true)
[53336124963] [[35mTRACE[0m] [bran::arch::x86_64::idt] [CPU0] PS/2 byte received: 0x7f (is_aux=true)
[53336608149] [[35mTRACE[0m] [bran::arch::x86_64::idt] [CPU0] PS/2 byte received: 0x19 (is_aux=true)
[53337084702] [[35mTRACE[0m] [bran::arch::x86_64::idt] [CPU0] PS/2 byte received: 0x81 (is_aux=true)
[53337526341] [[35mTRACE[0m] [bran::arch::x86_64::idt] [CPU0] PS/2 byte received: 0x7f (is_aux=true)
[53337979563] [[35mTRACE[0m] [bran::arch::x86_64::idt] [CPU0] PS/2 byte received: 0x19 (is_aux=true)
[53338427736] [[35mTRACE[0m] [bran::arch::x86_64::idt] [CPU0] PS/2 byte received: 0x81 (is_aux=true)
[53338872576] [[35mTRACE[0m] [bran::arch::x86_64::idt] [CPU0] PS/2 byte received: 0x7f (is_aux=true)
[53339317713] [[35mTRACE[0m] [bran::arch::x86_64::idt] [CPU0] PS/2 byte received: 0x19 (is_aux=true)
[53339805849] [[35mTRACE[0m] [bran::arch::x86_64::idt] [CPU0] PS/2 byte received: 0x81 (is_aux=true)
[53340267585] [[35mTRACE[0m] [bran::arch::x86_64::idt] [CPU0] PS/2 byte received: 0x7f (is_aux=true)
[53340724074] [[35mTRACE[0m] [bran::arch::x86_64::idt] [CPU0] PS/2 byte received: 0x19 (is_aux=true)
[53341180332] [[35mTRACE[0m] [bran::arch::x86_64::idt] [CPU0] PS/2 byte received: 0x81 (is_aux=true)
[53341620255] [[35mTRACE[0m] [bran::arch::x86_64::idt] [CPU0] PS/2 byte received: 0x7f (is_aux=true)
[53346004140] [[35mTRACE[0m] [kernel::irq::ps2] [CPU3] PS/2 take_scancode: popped 0x19 (is_aux=true)
[53347580649] [[35mTRACE[0m] [kernel::irq::ps2] [CPU3] PS/2 take_scancode: popped 0x81 (is_aux=true)
[53348928534] [[35mTRACE[0m] [kernel::irq::ps2] [CPU3] PS/2 take_scancode: popped 0x7f (is_aux=true)
[53350421784] [[35mTRACE[0m] [kernel::irq::ps2] [CPU3] PS/2 take_scancode: popped 0x19 (is_aux=true)
[53351810721] [[35mTRACE[0m] [kernel::irq::ps2] [CPU3] PS/2 take_scancode: popped 0x81 (is_aux=true)
[53353497846] [[35mTRACE[0m] [kernel::irq::ps2] [CPU3] PS/2 take_scancode: popped 0x7f (is_aux=true)
[53354856984] [[35mTRACE[0m] [kernel::irq::ps2] [CPU3] PS/2 take_scancode: popped 0x19 (is_aux=true)
[53367123315] [[35mTRACE[0m] [kernel::irq::ps2] [CPU3] PS/2 take_scancode: popped 0x81 (is_aux=true)
[53368784040] [[35mTRACE[0m] [kernel::irq::ps2] [CPU3] PS/2 take_scancode: popped 0x7f (is_aux=true)
[53370300324] [[35mTRACE[0m] [kernel::irq::ps2] [CPU3] PS/2 take_scancode: popped 0x19 (is_aux=true)
[53371746615] [[35mTRACE[0m] [kernel::irq::ps2] [CPU3] PS/2 take_scancode: popped 0x81 (is_aux=true)
[53373231252] [[35mTRACE[0m] [kernel::irq::ps2] [CPU3] PS/2 take_scancode: popped 0x7f (is_aux=true)
[53374677180] [[35mTRACE[0m] [kernel::irq::ps2] [CPU3] PS/2 take_scancode: popped 0x19 (is_aux=true)
[53376143766] [[35mTRACE[0m] [kernel::irq::ps2] [CPU3] PS/2 take_scancode: popped 0x81 (is_aux=true)
[53377593885] [[35mTRACE[0m] [kernel::irq::ps2] [CPU3] PS/2 take_scancode: popped 0x7f (is_aux=true)
[53428927860] [[35mTRACE[0m] [sprout::supervisor] [CPU0] SPROUT: Supervisor tick...
[53430301815] [[35mTRACE[0m] [sprout::supervisor] [CPU0] SPROUT: Loop iteration: spawn_bristle_if_needed
[53431870140] [[35mTRACE[0m] [sprout::supervisor] [CPU0] SPROUT: Loop iteration: spawn_display_if_needed
[53433254952] [[35mTRACE[0m] [sprout::supervisor] [CPU0] SPROUT: Loop iteration: spawn_bloom_if_ready
[53434605081] [[35mTRACE[0m] [sprout::supervisor] [CPU0] SPROUT: Loop iteration: spawn_wayland_hello_if_ready
[53436093942] [[35mTRACE[0m] [sprout::supervisor] [CPU0] SPROUT: Loop iteration: spawn_clock_if_ready
[53437482912] [[35mTRACE[0m] [sprout::supervisor] [CPU0] SPROUT: Loop iteration: spawn_leaf_if_ready
[53438944515] [[35mTRACE[0m] [sprout::supervisor] [CPU0] SPROUT: Loop iteration: tick complete
[53440323420] [[34mDEBUG[0m] [sprout::supervisor] [CPU0] SPROUT: ServiceLoop waiting for next event...
[53493657756] [[35mTRACE[0m] [bran::arch::x86_64::idt] [CPU0] PS/2 byte received: 0x18 (is_aux=true)
[53494305381] [[35mTRACE[0m] [bran::arch::x86_64::idt] [CPU0] PS/2 byte received: 0x81 (is_aux=true)
[53495411046] [[35mTRACE[0m] [bran::arch::x86_64::idt] [CPU0] PS/2 byte received: 0x7f (is_aux=true)
[53495866347] [[35mTRACE[0m] [bran::arch::x86_64::idt] [CPU0] PS/2 byte received: 0x18 (is_aux=true)
[53496315147] [[35mTRACE[0m] [bran::arch::x86_64::idt] [CPU0] PS/2 byte received: 0x81 (is_aux=true)
[53496402168] [[35mTRACE[0m] [bran::arch::x86_64::idt] [CPU2] PS/2 byte received: 0x7f (is_aux=true)
[53496992439] [[35mTRACE[0m] [bran::arch::x86_64::idt] [CPU0] PS/2 byte received: 0x18 (is_aux=true)
[53497161135] [[35mTRACE[0m] [bran::arch::x86_64::idt] [CPU2] PS/2 byte received: 0x81 (is_aux=true)
[53497661217] [[35mTRACE[0m] [bran::arch::x86_64::idt] [CPU0] PS/2 byte received: 0x7f (is_aux=true)
[53497749822] [[35mTRACE[0m] [bran::arch::x86_64::idt] [CPU2] PS/2 byte received: 0x18 (is_aux=true)
[53498301846] [[35mTRACE[0m] [bran::arch::x86_64::idt] [CPU0] PS/2 byte received: 0x81 (is_aux=true)
[53498400747] [[35mTRACE[0m] [bran::arch::x86_64::idt] [CPU2] PS/2 byte received: 0x7f (is_aux=true)
[53498941419] [[35mTRACE[0m] [bran::arch::x86_64::idt] [CPU0] PS/2 byte received: 0x18 (is_aux=true)
[53499034479] [[35mTRACE[0m] [bran::arch::x86_64::idt] [CPU2] PS/2 byte received: 0x81 (is_aux=true)
[53499722331] [[35mTRACE[0m] [bran::arch::x86_64::idt] [CPU0] PS/2 byte received: 0x7f (is_aux=true)
[53502627453] [[35mTRACE[0m] [ps2_kbd] [CPU2] ps2_kbd: yield on AUX data (mouse packet)
[53504309001] [[35mTRACE[0m] [kernel::irq::ps2] [CPU3] PS/2 take_scancode: popped 0x18 (is_aux=true)
[53505816936] [[35mTRACE[0m] [kernel::irq::ps2] [CPU3] PS/2 take_scancode: popped 0x81 (is_aux=true)
[53507072124] [[35mTRACE[0m] [kernel::irq::ps2] [CPU3] PS/2 take_scancode: popped 0x7f (is_aux=true)
[53508379452] [[35mTRACE[0m] [kernel::irq::ps2] [CPU3] PS/2 take_scancode: popped 0x18 (is_aux=true)
[53509683084] [[35mTRACE[0m] [kernel::irq::ps2] [CPU3] PS/2 take_scancode: popped 0x81 (is_aux=true)
[53511133533] [[35mTRACE[0m] [kernel::irq::ps2] [CPU3] PS/2 take_scancode: popped 0x7f (is_aux=true)
[53512462707] [[35mTRACE[0m] [kernel::irq::ps2] [CPU3] PS/2 take_scancode: popped 0x18 (is_aux=true)
[53520011127] [[35mTRACE[0m] [kernel::irq::ps2] [CPU3] PS/2 take_scancode: popped 0x81 (is_aux=true)
[53521443426] [[35mTRACE[0m] [kernel::irq::ps2] [CPU3] PS/2 take_scancode: popped 0x7f (is_aux=true)
[53533650753] [[35mTRACE[0m] [kernel::irq::ps2] [CPU3] PS/2 take_scancode: popped 0x18 (is_aux=true)
[53535223368] [[35mTRACE[0m] [kernel::irq::ps2] [CPU3] PS/2 take_scancode: popped 0x81 (is_aux=true)
[53536672563] [[35mTRACE[0m] [kernel::irq::ps2] [CPU3] PS/2 take_scancode: popped 0x7f (is_aux=true)
[53538113310] [[35mTRACE[0m] [kernel::irq::ps2] [CPU3] PS/2 take_scancode: popped 0x18 (is_aux=true)
[53539969758] [[35mTRACE[0m] [kernel::irq::ps2] [CPU3] PS/2 take_scancode: popped 0x81 (is_aux=true)
[53541441558] [[35mTRACE[0m] [kernel::irq::ps2] [CPU3] PS/2 take_scancode: popped 0x7f (is_aux=true)
[53757826320] [[35mTRACE[0m] [sprout::supervisor] [CPU0] SPROUT: Supervisor tick...
[53761114242] [[35mTRACE[0m] [sprout::supervisor] [CPU0] SPROUT: Loop iteration: spawn_bristle_if_needed
[53762550600] [[35mTRACE[0m] [sprout::supervisor] [CPU0] SPROUT: Loop iteration: spawn_display_if_needed
[53763982470] [[35mTRACE[0m] [sprout::supervisor] [CPU0] SPROUT: Loop iteration: spawn_bloom_if_ready
[53765369691] [[35mTRACE[0m] [sprout::supervisor] [CPU0] SPROUT: Loop iteration: spawn_wayland_hello_if_ready
[53766819150] [[35mTRACE[0m] [sprout::supervisor] [CPU0] SPROUT: Loop iteration: spawn_clock_if_ready
[53768211552] [[35mTRACE[0m] [sprout::supervisor] [CPU0] SPROUT: Loop iteration: spawn_leaf_if_ready
[53769568611] [[35mTRACE[0m] [sprout::supervisor] [CPU0] SPROUT: Loop iteration: tick complete
[53770914879] [[34mDEBUG[0m] [sprout::supervisor] [CPU0] SPROUT: ServiceLoop waiting for next event...
[53856071511] [[34mDEBUG[0m] [kernel::vfs::provider] [CPU1] VFS_RPC: request op=DeviceCall len=48 tid=10
[53860559808] [[35mTRACE[0m] [display_virtio_gpu] [CPU3] display_virtio_gpu: VFS RPC op=DeviceCall
[53861565219] [[35mTRACE[0m] [display_virtio_gpu] [CPU3] DISP: DISPLAY_OP_GET_INFO requested
[53862301251] [[35mTRACE[0m] [display_virtio_gpu] [CPU3] DISP: Returning dimensions 1280x800
[53863011114] [[35mTRACE[0m] [display_virtio_gpu] [CPU3] display_virtio_gpu: VFS RPC response begin op=DeviceCall req_id=42
[53864656692] [[35mTRACE[0m] [display_virtio_gpu] [CPU3] display_virtio_gpu: VFS RPC response sent op=DeviceCall req_id=42
[53866939434] [[34mDEBUG[0m] [kernel::vfs::provider] [CPU1] VFS_RPC: response op=DeviceCall id=42 -> OK(48)
[54085554831] [[35mTRACE[0m] [sprout::supervisor] [CPU0] SPROUT: Supervisor tick...
[54088541133] [[35mTRACE[0m] [sprout::supervisor] [CPU0] SPROUT: Loop iteration: spawn_bristle_if_needed
[54090340326] [[35mTRACE[0m] [sprout::supervisor] [CPU0] SPROUT: Loop iteration: spawn_display_if_needed
[54091844961] [[35mTRACE[0m] [sprout::supervisor] [CPU0] SPROUT: Loop iteration: spawn_bloom_if_ready
[54093338343] [[35mTRACE[0m] [sprout::supervisor] [CPU0] SPROUT: Loop iteration: spawn_wayland_hello_if_ready
[54094877892] [[35mTRACE[0m] [sprout::supervisor] [CPU0] SPROUT: Loop iteration: spawn_clock_if_ready
[54096213006] [[35mTRACE[0m] [sprout::supervisor] [CPU0] SPROUT: Loop iteration: spawn_leaf_if_ready
[54097607157] [[35mTRACE[0m] [sprout::supervisor] [CPU0] SPROUT: Loop iteration: tick complete
[54098952930] [[34mDEBUG[0m] [sprout::supervisor] [CPU0] SPROUT: ServiceLoop waiting for next event...
[54414139857] [[35mTRACE[0m] [sprout::supervisor] [CPU0] SPROUT: Supervisor tick...
[54417153615] [[35mTRACE[0m] [sprout::supervisor] [CPU0] SPROUT: Loop iteration: spawn_bristle_if_needed
[54418570701] [[35mTRACE[0m] [sprout::supervisor] [CPU0] SPROUT: Loop iteration: spawn_display_if_needed
[54420053358] [[35mTRACE[0m] [sprout::supervisor] [CPU0] SPROUT: Loop iteration: spawn_bloom_if_ready
[54421428831] [[35mTRACE[0m] [sprout::supervisor] [CPU0] SPROUT: Loop iteration: spawn_wayland_hello_if_ready
[54422901423] [[35mTRACE[0m] [sprout::supervisor] [CPU0] SPROUT: Loop iteration: spawn_clock_if_ready
[54424273563] [[35mTRACE[0m] [sprout::supervisor] [CPU0] SPROUT: Loop iteration: spawn_leaf_if_ready
[54425626068] [[35mTRACE[0m] [sprout::supervisor] [CPU0] SPROUT: Loop iteration: tick complete
[54426972732] [[34mDEBUG[0m] [sprout::supervisor] [CPU0] SPROUT: ServiceLoop waiting for next event...
[54678591627] [[34mDEBUG[0m] [kernel::vfs::provider] [CPU1] VFS_RPC: request op=DeviceCall len=48 tid=10
[54684301122] [[35mTRACE[0m] [display_virtio_gpu] [CPU3] display_virtio_gpu: VFS RPC op=DeviceCall
[54685479915] [[35mTRACE[0m] [display_virtio_gpu] [CPU3] DISP: DISPLAY_OP_GET_INFO requested
[54686204166] [[35mTRACE[0m] [display_virtio_gpu] [CPU3] DISP: Returning dimensions 1280x800
[54686804238] [[35mTRACE[0m] [display_virtio_gpu] [CPU3] display_virtio_gpu: VFS RPC response begin op=DeviceCall req_id=43
[54688587327] [[35mTRACE[0m] [display_virtio_gpu] [CPU3] display_virtio_gpu: VFS RPC response sent op=DeviceCall req_id=43
[54691480470] [[34mDEBUG[0m] [kernel::vfs::provider] [CPU1] VFS_RPC: response op=DeviceCall id=43 -> OK(48)
[54735993114] [[35mTRACE[0m] [sprout::supervisor] [CPU0] SPROUT: Supervisor tick...
[54737398122] [[35mTRACE[0m] [sprout::supervisor] [CPU0] SPROUT: Loop iteration: spawn_bristle_if_needed
[54738735645] [[35mTRACE[0m] [sprout::supervisor] [CPU0] SPROUT: Loop iteration: spawn_display_if_needed
[54740129829] [[35mTRACE[0m] [sprout::supervisor] [CPU0] SPROUT: Loop iteration: spawn_bloom_if_ready
[54741499230] [[35mTRACE[0m] [sprout::supervisor] [CPU0] SPROUT: Loop iteration: spawn_wayland_hello_if_ready
[54743002380] [[35mTRACE[0m] [sprout::supervisor] [CPU0] SPROUT: Loop iteration: spawn_clock_if_ready
[54744399930] [[35mTRACE[0m] [sprout::supervisor] [CPU0] SPROUT: Loop iteration: spawn_leaf_if_ready
[54745763886] [[35mTRACE[0m] [sprout::supervisor] [CPU0] SPROUT: Loop iteration: tick complete
[54747376860] [[34mDEBUG[0m] [sprout::supervisor] [CPU0] SPROUT: ServiceLoop waiting for next event...
[55073784975] [[35mTRACE[0m] [sprout::supervisor] [CPU0] SPROUT: Supervisor tick...
[55077146190] [[35mTRACE[0m] [sprout::supervisor] [CPU0] SPROUT: Loop iteration: spawn_bristle_if_needed
[55078554894] [[35mTRACE[0m] [sprout::supervisor] [CPU0] SPROUT: Loop iteration: spawn_display_if_needed
[55079921886] [[35mTRACE[0m] [sprout::supervisor] [CPU0] SPROUT: Loop iteration: spawn_bloom_if_ready
[55081302111] [[35mTRACE[0m] [sprout::supervisor] [CPU0] SPROUT: Loop iteration: spawn_wayland_hello_if_ready
[55082815029] [[35mTRACE[0m] [sprout::supervisor] [CPU0] SPROUT: Loop iteration: spawn_clock_if_ready
[55084163904] [[35mTRACE[0m] [sprout::supervisor] [CPU0] SPROUT: Loop iteration: spawn_leaf_if_ready
[55085541324] [[35mTRACE[0m] [sprout::supervisor] [CPU0] SPROUT: Loop iteration: tick complete
[55086875184] [[34mDEBUG[0m] [sprout::supervisor] [CPU0] SPROUT: ServiceLoop waiting for next event...
[55400376999] [[35mTRACE[0m] [sprout::supervisor] [CPU0] SPROUT: Supervisor tick...
[55402884570] [[35mTRACE[0m] [sprout::supervisor] [CPU0] SPROUT: Loop iteration: spawn_bristle_if_needed
[55405651917] [[35mTRACE[0m] [sprout::supervisor] [CPU0] SPROUT: Loop iteration: spawn_display_if_needed
[55407125862] [[35mTRACE[0m] [sprout::supervisor] [CPU0] SPROUT: Loop iteration: spawn_bloom_if_ready
[55408577565] [[35mTRACE[0m] [sprout::supervisor] [CPU0] SPROUT: Loop iteration: spawn_wayland_hello_if_ready
[55409985807] [[35mTRACE[0m] [sprout::supervisor] [CPU0] SPROUT: Loop iteration: spawn_clock_if_ready
[55411708341] [[35mTRACE[0m] [sprout::supervisor] [CPU0] SPROUT: Loop iteration: spawn_leaf_if_ready
[55415051538] [[35mTRACE[0m] [sprout::supervisor] [CPU0] SPROUT: Loop iteration: tick complete
[55417626957] [[34mDEBUG[0m] [sprout::supervisor] [CPU0] SPROUT: ServiceLoop waiting for next event...
[55493266884] [[34mDEBUG[0m] [kernel::vfs::provider] [CPU1] VFS_RPC: request op=DeviceCall len=48 tid=10
[55500116694] [[35mTRACE[0m] [display_virtio_gpu] [CPU3] display_virtio_gpu: VFS RPC op=DeviceCall
[55501214736] [[35mTRACE[0m] [display_virtio_gpu] [CPU3] DISP: DISPLAY_OP_GET_INFO requested
[55501788507] [[35mTRACE[0m] [display_virtio_gpu] [CPU3] DISP: Returning dimensions 1280x800
[55502347461] [[35mTRACE[0m] [display_virtio_gpu] [CPU3] display_virtio_gpu: VFS RPC response begin op=DeviceCall req_id=44
[55504185924] [[35mTRACE[0m] [display_virtio_gpu] [CPU3] display_virtio_gpu: VFS RPC response sent op=DeviceCall req_id=44
[55508598420] [[34mDEBUG[0m] [kernel::vfs::provider] [CPU1] VFS_RPC: response op=DeviceCall id=44 -> OK(48)
[55730544441] [[35mTRACE[0m] [sprout::supervisor] [CPU0] SPROUT: Supervisor tick...
[55732095771] [[35mTRACE[0m] [sprout::supervisor] [CPU0] SPROUT: Loop iteration: spawn_bristle_if_needed
[55733558397] [[35mTRACE[0m] [sprout::supervisor] [CPU0] SPROUT: Loop iteration: spawn_display_if_needed
[55734930570] [[35mTRACE[0m] [sprout::supervisor] [CPU0] SPROUT: Loop iteration: spawn_bloom_if_ready
[55736278851] [[35mTRACE[0m] [sprout::supervisor] [CPU0] SPROUT: Loop iteration: spawn_wayland_hello_if_ready
[55737734679] [[35mTRACE[0m] [sprout::supervisor] [CPU0] SPROUT: Loop iteration: spawn_clock_if_ready
[55739080155] [[35mTRACE[0m] [sprout::supervisor] [CPU0] SPROUT: Loop iteration: spawn_leaf_if_ready
[55740393786] [[35mTRACE[0m] [sprout::supervisor] [CPU0] SPROUT: Loop iteration: tick complete
[55741745136] [[34mDEBUG[0m] [sprout::supervisor] [CPU0] SPROUT: ServiceLoop waiting for next event...
[56058933381] [[35mTRACE[0m] [sprout::supervisor] [CPU0] SPROUT: Supervisor tick...
[56061741450] [[35mTRACE[0m] [sprout::supervisor] [CPU0] SPROUT: Loop iteration: spawn_bristle_if_needed
[56063199390] [[35mTRACE[0m] [sprout::supervisor] [CPU0] SPROUT: Loop iteration: spawn_display_if_needed
[56064608886] [[35mTRACE[0m] [sprout::supervisor] [CPU0] SPROUT: Loop iteration: spawn_bloom_if_ready
[56065968156] [[35mTRACE[0m] [sprout::supervisor] [CPU0] SPROUT: Loop iteration: spawn_wayland_hello_if_ready
[56067403656] [[35mTRACE[0m] [sprout::supervisor] [CPU0] SPROUT: Loop iteration: spawn_clock_if_ready
[56068751673] [[35mTRACE[0m] [sprout::supervisor] [CPU0] SPROUT: Loop iteration: spawn_leaf_if_ready
[56070093486] [[35mTRACE[0m] [sprout::supervisor] [CPU0] SPROUT: Loop iteration: tick complete
[56071426950] [[34mDEBUG[0m] [sprout::supervisor] [CPU0] SPROUT: ServiceLoop waiting for next event...
[56323143129] [[34mDEBUG[0m] [kernel::vfs::provider] [CPU1] VFS_RPC: request op=DeviceCall len=48 tid=10
[56328076959] [[35mTRACE[0m] [display_virtio_gpu] [CPU3] display_virtio_gpu: VFS RPC op=DeviceCall
[56329289181] [[35mTRACE[0m] [display_virtio_gpu] [CPU3] DISP: DISPLAY_OP_GET_INFO requested
[56330036037] [[35mTRACE[0m] [display_virtio_gpu] [CPU3] DISP: Returning dimensions 1280x800
[56330792925] [[35mTRACE[0m] [display_virtio_gpu] [CPU3] display_virtio_gpu: VFS RPC response begin op=DeviceCall req_id=45
[56332600038] [[35mTRACE[0m] [display_virtio_gpu] [CPU3] display_virtio_gpu: VFS RPC response sent op=DeviceCall req_id=45
[56335762131] [[34mDEBUG[0m] [kernel::vfs::provider] [CPU1] VFS_RPC: response op=DeviceCall id=45 -> OK(48)
[56388401619] [[35mTRACE[0m] [sprout::supervisor] [CPU0] SPROUT: Supervisor tick...
[56390414322] [[35mTRACE[0m] [sprout::supervisor] [CPU0] SPROUT: Loop iteration: spawn_bristle_if_needed
[56391932751] [[35mTRACE[0m] [sprout::supervisor] [CPU0] SPROUT: Loop iteration: spawn_display_if_needed
[56393693763] [[35mTRACE[0m] [sprout::supervisor] [CPU0] SPROUT: Loop iteration: spawn_bloom_if_ready
[56395062471] [[35mTRACE[0m] [sprout::supervisor] [CPU0] SPROUT: Loop iteration: spawn_wayland_hello_if_ready
[56396482560] [[35mTRACE[0m] [sprout::supervisor] [CPU0] SPROUT: Loop iteration: spawn_clock_if_ready
[56397787413] [[35mTRACE[0m] [sprout::supervisor] [CPU0] SPROUT: Loop iteration: spawn_leaf_if_ready
[56399115069] [[35mTRACE[0m] [sprout::supervisor] [CPU0] SPROUT: Loop iteration: tick complete
[56400435201] [[34mDEBUG[0m] [sprout::supervisor] [CPU0] SPROUT: ServiceLoop waiting for next event...
[56718264075] [[35mTRACE[0m] [sprout::supervisor] [CPU0] SPROUT: Supervisor tick...
[56719929354] [[35mTRACE[0m] [sprout::supervisor] [CPU0] SPROUT: Loop iteration: spawn_bristle_if_needed
[56721511539] [[35mTRACE[0m] [sprout::supervisor] [CPU0] SPROUT: Loop iteration: spawn_display_if_needed
[56723002116] [[35mTRACE[0m] [sprout::supervisor] [CPU0] SPROUT: Loop iteration: spawn_bloom_if_ready
[56724522756] [[35mTRACE[0m] [sprout::supervisor] [CPU0] SPROUT: Loop iteration: spawn_wayland_hello_if_ready
[56725959576] [[35mTRACE[0m] [sprout::supervisor] [CPU0] SPROUT: Loop iteration: spawn_clock_if_ready
[56727322608] [[35mTRACE[0m] [sprout::supervisor] [CPU0] SPROUT: Loop iteration: spawn_leaf_if_ready
[56728642971] [[35mTRACE[0m] [sprout::supervisor] [CPU0] SPROUT: Loop iteration: tick complete
[56729929443] [[34mDEBUG[0m] [sprout::supervisor] [CPU0] SPROUT: ServiceLoop waiting for next event...
[57046455015] [[35mTRACE[0m] [sprout::supervisor] [CPU0] SPROUT: Supervisor tick...
[57047940015] [[35mTRACE[0m] [sprout::supervisor] [CPU0] SPROUT: Loop iteration: spawn_bristle_if_needed
[57049553451] [[35mTRACE[0m] [sprout::supervisor] [CPU0] SPROUT: Loop iteration: spawn_display_if_needed
[57050918331] [[35mTRACE[0m] [sprout::supervisor] [CPU0] SPROUT: Loop iteration: spawn_bloom_if_ready
[57052371783] [[35mTRACE[0m] [sprout::supervisor] [CPU0] SPROUT: Loop iteration: spawn_wayland_hello_if_ready
[57053795799] [[35mTRACE[0m] [sprout::supervisor] [CPU0] SPROUT: Loop iteration: spawn_clock_if_ready
[57055210938] [[35mTRACE[0m] [sprout::supervisor] [CPU0] SPROUT: Loop iteration: spawn_leaf_if_ready
[57056627430] [[35mTRACE[0m] [sprout::supervisor] [CPU0] SPROUT: Loop iteration: tick complete
[57057958650] [[34mDEBUG[0m] [sprout::supervisor] [CPU0] SPROUT: ServiceLoop waiting for next event...
[57144918765] [[34mDEBUG[0m] [kernel::vfs::provider] [CPU1] VFS_RPC: request op=DeviceCall len=48 tid=10
[57149624103] [[35mTRACE[0m] [display_virtio_gpu] [CPU3] display_virtio_gpu: VFS RPC op=DeviceCall
[57151221270] [[35mTRACE[0m] [display_virtio_gpu] [CPU3] DISP: DISPLAY_OP_GET_INFO requested
[57151970898] [[35mTRACE[0m] [display_virtio_gpu] [CPU3] DISP: Returning dimensions 1280x800
[57152695314] [[35mTRACE[0m] [display_virtio_gpu] [CPU3] display_virtio_gpu: VFS RPC response begin op=DeviceCall req_id=46
[57155637264] [[35mTRACE[0m] [display_virtio_gpu] [CPU3] display_virtio_gpu: VFS RPC response sent op=DeviceCall req_id=46
[57157744248] [[34mDEBUG[0m] [kernel::vfs::provider] [CPU1] VFS_RPC: response op=DeviceCall id=46 -> OK(48)
[57199364145] [[32mINFO [0m] [kernel::time] [CPU0] System clock tick: utc=2026-05-01 23:20:38.032702926 unix_secs=1777677638.032702926
[57375044331] [[35mTRACE[0m] [sprout::supervisor] [CPU0] SPROUT: Supervisor tick...
[57376539429] [[35mTRACE[0m] [sprout::supervisor] [CPU0] SPROUT: Loop iteration: spawn_bristle_if_needed
[57378247047] [[35mTRACE[0m] [sprout::supervisor] [CPU0] SPROUT: Loop iteration: spawn_display_if_needed
[57379782207] [[35mTRACE[0m] [sprout::supervisor] [CPU0] SPROUT: Loop iteration: spawn_bloom_if_ready
[57381270111] [[35mTRACE[0m] [sprout::supervisor] [CPU0] SPROUT: Loop iteration: spawn_wayland_hello_if_ready
[57382787220] [[35mTRACE[0m] [sprout::supervisor] [CPU0] SPROUT: Loop iteration: spawn_clock_if_ready
[57384273606] [[35mTRACE[0m] [sprout::supervisor] [CPU0] SPROUT: Loop iteration: spawn_leaf_if_ready
[57385650894] [[35mTRACE[0m] [sprout::supervisor] [CPU0] SPROUT: Loop iteration: tick complete
[57386943603] [[34mDEBUG[0m] [sprout::supervisor] [CPU0] SPROUT: ServiceLoop waiting for next event...
[57704760333] [[35mTRACE[0m] [sprout::supervisor] [CPU0] SPROUT: Supervisor tick...
[57707520651] [[35mTRACE[0m] [sprout::supervisor] [CPU0] SPROUT: Loop iteration: spawn_bristle_if_needed
[57710164479] [[35mTRACE[0m] [sprout::supervisor] [CPU0] SPROUT: Loop iteration: spawn_display_if_needed
[57711711948] [[35mTRACE[0m] [sprout::supervisor] [CPU0] SPROUT: Loop iteration: spawn_bloom_if_ready
[57713131113] [[35mTRACE[0m] [sprout::supervisor] [CPU0] SPROUT: Loop iteration: spawn_wayland_hello_if_ready
[57714573543] [[35mTRACE[0m] [sprout::supervisor] [CPU0] SPROUT: Loop iteration: spawn_clock_if_ready
[57715902651] [[35mTRACE[0m] [sprout::supervisor] [CPU0] SPROUT: Loop iteration: spawn_leaf_if_ready
[57717320760] [[35mTRACE[0m] [sprout::supervisor] [CPU0] SPROUT: Loop iteration: tick complete
[57718655577] [[34mDEBUG[0m] [sprout::supervisor] [CPU0] SPROUT: ServiceLoop waiting for next event...
[57967436142] [[34mDEBUG[0m] [kernel::vfs::provider] [CPU1] VFS_RPC: request op=DeviceCall len=48 tid=10
[57972524115] [[35mTRACE[0m] [display_virtio_gpu] [CPU3] display_virtio_gpu: VFS RPC op=DeviceCall
[57974207874] [[35mTRACE[0m] [display_virtio_gpu] [CPU3] DISP: DISPLAY_OP_GET_INFO requested
[57975449202] [[35mTRACE[0m] [display_virtio_gpu] [CPU3] DISP: Returning dimensions 1280x800
[57976462368] [[35mTRACE[0m] [display_virtio_gpu] [CPU3] display_virtio_gpu: VFS RPC response begin op=DeviceCall req_id=47
[57979202556] [[35mTRACE[0m] [display_virtio_gpu] [CPU3] display_virtio_gpu: VFS RPC response sent op=DeviceCall req_id=47
[57981684915] [[34mDEBUG[0m] [kernel::vfs::provider] [CPU1] VFS_RPC: response op=DeviceCall id=47 -> OK(48)
[58033935696] [[35mTRACE[0m] [sprout::supervisor] [CPU0] SPROUT: Supervisor tick...
[58035460956] [[35mTRACE[0m] [sprout::supervisor] [CPU0] SPROUT: Loop iteration: spawn_bristle_if_needed
[58037175042] [[35mTRACE[0m] [sprout::supervisor] [CPU0] SPROUT: Loop iteration: spawn_display_if_needed
[58038590676] [[35mTRACE[0m] [sprout::supervisor] [CPU0] SPROUT: Loop iteration: spawn_bloom_if_ready
[58039990965] [[35mTRACE[0m] [sprout::supervisor] [CPU0] SPROUT: Loop iteration: spawn_wayland_hello_if_ready
[58041414453] [[35mTRACE[0m] [sprout::supervisor] [CPU0] SPROUT: Loop iteration: spawn_clock_if_ready
[58042810980] [[35mTRACE[0m] [sprout::supervisor] [CPU0] SPROUT: Loop iteration: spawn_leaf_if_ready
[58044224997] [[35mTRACE[0m] [sprout::supervisor] [CPU0] SPROUT: Loop iteration: tick complete
[58045551993] [[34mDEBUG[0m] [sprout::supervisor] [CPU0] SPROUT: ServiceLoop waiting for next event...
[58362571410] [[35mTRACE[0m] [sprout::supervisor] [CPU0] SPROUT: Supervisor tick...
[58364097165] [[35mTRACE[0m] [sprout::supervisor] [CPU0] SPROUT: Loop iteration: spawn_bristle_if_needed
[58365571110] [[35mTRACE[0m] [sprout::supervisor] [CPU0] SPROUT: Loop iteration: spawn_display_if_needed
[58367992617] [[35mTRACE[0m] [sprout::supervisor] [CPU0] SPROUT: Loop iteration: spawn_bloom_if_ready
[58369404522] [[35mTRACE[0m] [sprout::supervisor] [CPU0] SPROUT: Loop iteration: spawn_wayland_hello_if_ready
[58370800521] [[35mTRACE[0m] [sprout::supervisor] [CPU0] SPROUT: Loop iteration: spawn_clock_if_ready
[58372183551] [[35mTRACE[0m] [sprout::supervisor] [CPU0] SPROUT: Loop iteration: spawn_leaf_if_ready
[58373572983] [[35mTRACE[0m] [sprout::supervisor] [CPU0] SPROUT: Loop iteration: tick complete
[58374872523] [[34mDEBUG[0m] [sprout::supervisor] [CPU0] SPROUT: ServiceLoop waiting for next event...
[58692039681] [[35mTRACE[0m] [sprout::supervisor] [CPU0] SPROUT: Supervisor tick...
[58694620413] [[35mTRACE[0m] [sprout::supervisor] [CPU0] SPROUT: Loop iteration: spawn_bristle_if_needed
[58696116765] [[35mTRACE[0m] [sprout::supervisor] [CPU0] SPROUT: Loop iteration: spawn_display_if_needed
[58697490819] [[35mTRACE[0m] [sprout::supervisor] [CPU0] SPROUT: Loop iteration: spawn_bloom_if_ready
[58698837582] [[35mTRACE[0m] [sprout::supervisor] [CPU0] SPROUT: Loop iteration: spawn_wayland_hello_if_ready
[58700209392] [[35mTRACE[0m] [sprout::supervisor] [CPU0] SPROUT: Loop iteration: spawn_clock_if_ready
[58701557178] [[35mTRACE[0m] [sprout::supervisor] [CPU0] SPROUT: Loop iteration: spawn_leaf_if_ready
[58702951659] [[35mTRACE[0m] [sprout::supervisor] [CPU0] SPROUT: Loop iteration: tick complete
[58704293175] [[34mDEBUG[0m] [sprout::supervisor] [CPU0] SPROUT: ServiceLoop waiting for next event...
[58789446540] [[34mDEBUG[0m] [kernel::vfs::provider] [CPU1] VFS_RPC: request op=DeviceCall len=48 tid=10
[58794449439] [[35mTRACE[0m] [display_virtio_gpu] [CPU3] display_virtio_gpu: VFS RPC op=DeviceCall
[58795638132] [[35mTRACE[0m] [display_virtio_gpu] [CPU3] DISP: DISPLAY_OP_GET_INFO requested
[58796430627] [[35mTRACE[0m] [display_virtio_gpu] [CPU3] DISP: Returning dimensions 1280x800
[58797119073] [[35mTRACE[0m] [display_virtio_gpu] [CPU3] display_virtio_gpu: VFS RPC response begin op=DeviceCall req_id=48
[58799016276] [[35mTRACE[0m] [display_virtio_gpu] [CPU3] display_virtio_gpu: VFS RPC response sent op=DeviceCall req_id=48
[58801970106] [[34mDEBUG[0m] [kernel::vfs::provider] [CPU1] VFS_RPC: response op=DeviceCall id=48 -> OK(48)
[58813813113] [[35mTRACE[0m] [ps2_mouse] [CPU3] ps2_mouse: irq_wakes=20 poll_timeouts=492 last_drain_bytes=0

[hunter] running random action
[58903216944] [[35mTRACE[0m] [bran::arch::x86_64::idt] [CPU0] PS/2 byte received: 0x2e (is_aux=false)
[58903951689] [[34mDEBUG[0m] [bran::arch::x86_64::idt] [CPU0] PS/2 keyboard NMI fired (count=2)
[58907524731] [[35mTRACE[0m] [kernel::irq::ps2] [CPU2] PS/2 take_scancode: popped 0x2e (is_aux=false)
[58909540008] [[32mINFO [0m] [ps2_kbd] [CPU2] ps2_kbd: read scancode 0x2e
[58911986397] [[32mINFO [0m] [ps2_kbd] [CPU2] ps2_kbd: edge detected: Down { key: C, mods: Mods(0), repeat: false }
[58914569736] [[32mINFO [0m] [ps2_kbd] [CPU2] ps2_kbd: sent C to bristle (pid=8)
[58918632828] [[35mTRACE[0m] [kernel::syscall::handlers::socket] [CPU2] RECVMSG: thing=3 data_len=40 caps_len=0 node=Pointer { addr: 0xffffffffb00d8d10, metadata: DynMetadata(0xffffffff802c7ed0) }
[58921015230] [[32mINFO [0m] [bristle] [CPU2] bristle: KeyDown received: C
[58927615164] [[32mINFO [0m] [bloom::input] [CPU1] bloom: KeyDown received: C (raw=0x0006, mods=Mods(0), repeat=false)
[59012276598] [[35mTRACE[0m] [bran::arch::x86_64::idt] [CPU0] PS/2 byte received: 0xae (is_aux=false)
[59012953923] [[34mDEBUG[0m] [bran::arch::x86_64::idt] [CPU0] PS/2 keyboard NMI fired (count=3)
[59016669096] [[35mTRACE[0m] [kernel::irq::ps2] [CPU2] PS/2 take_scancode: popped 0xae (is_aux=false)
[59017894782] [[32mINFO [0m] [ps2_kbd] [CPU2] ps2_kbd: read scancode 0xae
[59019258540] [[32mINFO [0m] [ps2_kbd] [CPU2] ps2_kbd: edge detected: Up { key: C, mods: Mods(0) }
[59021360706] [[32mINFO [0m] [ps2_kbd] [CPU2] ps2_kbd: sent C to bristle (pid=8)
[59026814385] [[35mTRACE[0m] [kernel::syscall::handlers::socket] [CPU2] RECVMSG: thing=3 data_len=40 caps_len=0 node=Pointer { addr: 0xffffffffb00d8d10, metadata: DynMetadata(0xffffffff802c7ed0) }
[59029865136] [[35mTRACE[0m] [sprout::supervisor] [CPU0] SPROUT: Supervisor tick...
[59031326871] [[35mTRACE[0m] [sprout::supervisor] [CPU0] SPROUT: Loop iteration: spawn_bristle_if_needed
[59032801575] [[35mTRACE[0m] [sprout::supervisor] [CPU0] SPROUT: Loop iteration: spawn_display_if_needed
[59034209091] [[35mTRACE[0m] [sprout::supervisor] [CPU0] SPROUT: Loop iteration: spawn_bloom_if_ready
[59035938192] [[35mTRACE[0m] [sprout::supervisor] [CPU0] SPROUT: Loop iteration: spawn_wayland_hello_if_ready
[59037502524] [[35mTRACE[0m] [sprout::supervisor] [CPU0] SPROUT: Loop iteration: spawn_clock_if_ready
[59038967625] [[35mTRACE[0m] [sprout::supervisor] [CPU0] SPROUT: Loop iteration: spawn_leaf_if_ready
[59040619242] [[35mTRACE[0m] [sprout::supervisor] [CPU0] SPROUT: Loop iteration: tick complete
[59042529414] [[34mDEBUG[0m] [sprout::supervisor] [CPU0] SPROUT: ServiceLoop waiting for next event...
[59382706317] [[35mTRACE[0m] [sprout::supervisor] [CPU0] SPROUT: Supervisor tick...
[59385816237] [[35mTRACE[0m] [sprout::supervisor] [CPU0] SPROUT: Loop iteration: spawn_bristle_if_needed
[59387292162] [[35mTRACE[0m] [sprout::supervisor] [CPU0] SPROUT: Loop iteration: spawn_display_if_needed
[59388725121] [[35mTRACE[0m] [sprout::supervisor] [CPU0] SPROUT: Loop iteration: spawn_bloom_if_ready
[59390170158] [[35mTRACE[0m] [sprout::supervisor] [CPU0] SPROUT: Loop iteration: spawn_wayland_hello_if_ready
[59391686937] [[35mTRACE[0m] [sprout::supervisor] [CPU0] SPROUT: Loop iteration: spawn_clock_if_ready
[59393035977] [[35mTRACE[0m] [sprout::supervisor] [CPU0] SPROUT: Loop iteration: spawn_leaf_if_ready
[59394391221] [[35mTRACE[0m] [sprout::supervisor] [CPU0] SPROUT: Loop iteration: tick complete
[59395697691] [[34mDEBUG[0m] [sprout::supervisor] [CPU0] SPROUT: ServiceLoop waiting for next event...
[59446333254] [[34mDEBUG[0m] [kernel::vfs::provider] [CPU1] VFS_RPC: request op=DeviceCall len=48 tid=10
[59451539367] [[35mTRACE[0m] [display_virtio_gpu] [CPU3] display_virtio_gpu: VFS RPC op=DeviceCall
[59452559199] [[35mTRACE[0m] [display_virtio_gpu] [CPU3] DISP: DISPLAY_OP_GET_INFO requested
[59453336976] [[35mTRACE[0m] [display_virtio_gpu] [CPU3] DISP: Returning dimensions 1280x800
[59453918634] [[35mTRACE[0m] [display_virtio_gpu] [CPU3] display_virtio_gpu: VFS RPC response begin op=DeviceCall req_id=49
[59455762014] [[35mTRACE[0m] [display_virtio_gpu] [CPU3] display_virtio_gpu: VFS RPC response sent op=DeviceCall req_id=49
[59459101647] [[34mDEBUG[0m] [kernel::vfs::provider] [CPU1] VFS_RPC: response op=DeviceCall id=49 -> OK(48)
[59710863531] [[35mTRACE[0m] [sprout::supervisor] [CPU0] SPROUT: Supervisor tick...
[59712379221] [[35mTRACE[0m] [sprout::supervisor] [CPU0] SPROUT: Loop iteration: spawn_bristle_if_needed
[59713915074] [[35mTRACE[0m] [sprout::supervisor] [CPU0] SPROUT: Loop iteration: spawn_display_if_needed
[59716353015] [[35mTRACE[0m] [sprout::supervisor] [CPU0] SPROUT: Loop iteration: spawn_bloom_if_ready
[59717255070] [[35mTRACE[0m] [sprout::supervisor] [CPU0] SPROUT: Loop iteration: spawn_wayland_hello_if_ready
[59719141812] [[35mTRACE[0m] [sprout::supervisor] [CPU0] SPROUT: Loop iteration: spawn_clock_if_ready
[59720533884] [[35mTRACE[0m] [sprout::supervisor] [CPU0] SPROUT: Loop iteration: spawn_leaf_if_ready
[59721860550] [[35mTRACE[0m] [sprout::supervisor] [CPU0] SPROUT: Loop iteration: tick complete
[59723200548] [[34mDEBUG[0m] [sprout::supervisor] [CPU0] SPROUT: ServiceLoop waiting for next event...
[60040080276] [[35mTRACE[0m] [sprout::supervisor] [CPU0] SPROUT: Supervisor tick...
[60043347969] [[35mTRACE[0m] [sprout::supervisor] [CPU0] SPROUT: Loop iteration: spawn_bristle_if_needed
[60046542864] [[35mTRACE[0m] [sprout::supervisor] [CPU0] SPROUT: Loop iteration: spawn_display_if_needed
[60048196560] [[35mTRACE[0m] [sprout::supervisor] [CPU0] SPROUT: Loop iteration: spawn_bloom_if_ready
[60049659648] [[35mTRACE[0m] [sprout::supervisor] [CPU0] SPROUT: Loop iteration: spawn_wayland_hello_if_ready
[60051106467] [[35mTRACE[0m] [sprout::supervisor] [CPU0] SPROUT: Loop iteration: spawn_clock_if_ready
[60052538139] [[35mTRACE[0m] [sprout::supervisor] [CPU0] SPROUT: Loop iteration: spawn_leaf_if_ready
[60053905527] [[35mTRACE[0m] [sprout::supervisor] [CPU0] SPROUT: Loop iteration: tick complete
[60055189788] [[34mDEBUG[0m] [sprout::supervisor] [CPU0] SPROUT: ServiceLoop waiting for next event...
[60270205941] [[34mDEBUG[0m] [kernel::vfs::provider] [CPU1] VFS_RPC: request op=DeviceCall len=48 tid=10
[60274770831] [[35mTRACE[0m] [display_virtio_gpu] [CPU3] display_virtio_gpu: VFS RPC op=DeviceCall
[60276159537] [[35mTRACE[0m] [display_virtio_gpu] [CPU3] DISP: DISPLAY_OP_GET_INFO requested
[60276919164] [[35mTRACE[0m] [display_virtio_gpu] [CPU3] DISP: Returning dimensions 1280x800
[60277509369] [[35mTRACE[0m] [display_virtio_gpu] [CPU3] display_virtio_gpu: VFS RPC response begin op=DeviceCall req_id=50
[60279370074] [[35mTRACE[0m] [display_virtio_gpu] [CPU3] display_virtio_gpu: VFS RPC response sent op=DeviceCall req_id=50
[60282090561] [[34mDEBUG[0m] [kernel::vfs::provider] [CPU1] VFS_RPC: response op=DeviceCall id=50 -> OK(48)
[60368720445] [[35mTRACE[0m] [sprout::supervisor] [CPU0] SPROUT: Supervisor tick...
[60371484096] [[35mTRACE[0m] [sprout::supervisor] [CPU0] SPROUT: Loop iteration: spawn_bristle_if_needed
[60374332260] [[35mTRACE[0m] [sprout::supervisor] [CPU0] SPROUT: Loop iteration: spawn_display_if_needed
[60376099938] [[35mTRACE[0m] [sprout::supervisor] [CPU0] SPROUT: Loop iteration: spawn_bloom_if_ready
[60377630280] [[35mTRACE[0m] [sprout::supervisor] [CPU0] SPROUT: Loop iteration: spawn_wayland_hello_if_ready
[60379245564] [[35mTRACE[0m] [sprout::supervisor] [CPU0] SPROUT: Loop iteration: spawn_clock_if_ready
[60380624535] [[35mTRACE[0m] [sprout::supervisor] [CPU0] SPROUT: Loop iteration: spawn_leaf_if_ready
[60382000239] [[35mTRACE[0m] [sprout::supervisor] [CPU0] SPROUT: Loop iteration: tick complete
[60383373633] [[34mDEBUG[0m] [sprout::supervisor] [CPU0] SPROUT: ServiceLoop waiting for next event...
[60697477368] [[35mTRACE[0m] [sprout::supervisor] [CPU0] SPROUT: Supervisor tick...
[60699317316] [[35mTRACE[0m] [sprout::supervisor] [CPU0] SPROUT: Loop iteration: spawn_bristle_if_needed
[60700849209] [[35mTRACE[0m] [sprout::supervisor] [CPU0] SPROUT: Loop iteration: spawn_display_if_needed
[60702196269] [[35mTRACE[0m] [sprout::supervisor] [CPU0] SPROUT: Loop iteration: spawn_bloom_if_ready
[60703708362] [[35mTRACE[0m] [sprout::supervisor] [CPU0] SPROUT: Loop iteration: spawn_wayland_hello_if_ready
[60705208971] [[35mTRACE[0m] [sprout::supervisor] [CPU0] SPROUT: Loop iteration: spawn_clock_if_ready
[60706584873] [[35mTRACE[0m] [sprout::supervisor] [CPU0] SPROUT: Loop iteration: spawn_leaf_if_ready
[60707977242] [[35mTRACE[0m] [sprout::supervisor] [CPU0] SPROUT: Loop iteration: tick complete
[60709301928] [[34mDEBUG[0m] [sprout::supervisor] [CPU0] SPROUT: ServiceLoop waiting for next event...
[61019347620] [[35mTRACE[0m] [sprout::supervisor] [CPU0] SPROUT: Supervisor tick...
[61021012140] [[35mTRACE[0m] [sprout::supervisor] [CPU0] SPROUT: Loop iteration: spawn_bristle_if_needed
[61022501562] [[35mTRACE[0m] [sprout::supervisor] [CPU0] SPROUT: Loop iteration: spawn_display_if_needed
[61023901323] [[35mTRACE[0m] [sprout::supervisor] [CPU0] SPROUT: Loop iteration: spawn_bloom_if_ready
[61025228814] [[35mTRACE[0m] [sprout::supervisor] [CPU0] SPROUT: Loop iteration: spawn_wayland_hello_if_ready
[61027200069] [[35mTRACE[0m] [sprout::supervisor] [CPU0] SPROUT: Loop iteration: spawn_clock_if_ready
[61029185151] [[35mTRACE[0m] [sprout::supervisor] [CPU0] SPROUT: Loop iteration: spawn_leaf_if_ready
[61031180727] [[35mTRACE[0m] [sprout::supervisor] [CPU0] SPROUT: Loop iteration: tick complete
[61032513399] [[34mDEBUG[0m] [sprout::supervisor] [CPU0] SPROUT: ServiceLoop waiting for next event...
[61090991313] [[34mDEBUG[0m] [kernel::vfs::provider] [CPU1] VFS_RPC: request op=DeviceCall len=48 tid=10
[61096237488] [[35mTRACE[0m] [display_virtio_gpu] [CPU3] display_virtio_gpu: VFS RPC op=DeviceCall
[61097257650] [[35mTRACE[0m] [display_virtio_gpu] [CPU3] DISP: DISPLAY_OP_GET_INFO requested
[61097853333] [[35mTRACE[0m] [display_virtio_gpu] [CPU3] DISP: Returning dimensions 1280x800
[61098444231] [[35mTRACE[0m] [display_virtio_gpu] [CPU3] display_virtio_gpu: VFS RPC response begin op=DeviceCall req_id=51
[61100294607] [[35mTRACE[0m] [display_virtio_gpu] [CPU3] display_virtio_gpu: VFS RPC response sent op=DeviceCall req_id=51
[61104276519] [[34mDEBUG[0m] [kernel::vfs::provider] [CPU1] VFS_RPC: response op=DeviceCall id=51 -> OK(48)
[61354848786] [[35mTRACE[0m] [sprout::supervisor] [CPU0] SPROUT: Supervisor tick...
[61356262572] [[35mTRACE[0m] [sprout::supervisor] [CPU0] SPROUT: Loop iteration: spawn_bristle_if_needed
[61357932339] [[35mTRACE[0m] [sprout::supervisor] [CPU0] SPROUT: Loop iteration: spawn_display_if_needed
[61359456642] [[35mTRACE[0m] [sprout::supervisor] [CPU0] SPROUT: Loop iteration: spawn_bloom_if_ready
[61360944183] [[35mTRACE[0m] [sprout::supervisor] [CPU0] SPROUT: Loop iteration: spawn_wayland_hello_if_ready
[61362628965] [[35mTRACE[0m] [sprout::supervisor] [CPU0] SPROUT: Loop iteration: spawn_clock_if_ready
[61364704302] [[35mTRACE[0m] [sprout::supervisor] [CPU0] SPROUT: Loop iteration: spawn_leaf_if_ready
[61366748091] [[35mTRACE[0m] [sprout::supervisor] [CPU0] SPROUT: Loop iteration: tick complete
[61368703737] [[34mDEBUG[0m] [sprout::supervisor] [CPU0] SPROUT: ServiceLoop waiting for next event...
[61683318576] [[35mTRACE[0m] [sprout::supervisor] [CPU0] SPROUT: Supervisor tick...
[61684808196] [[35mTRACE[0m] [sprout::supervisor] [CPU0] SPROUT: Loop iteration: spawn_bristle_if_needed
[61686338505] [[35mTRACE[0m] [sprout::supervisor] [CPU0] SPROUT: Loop iteration: spawn_display_if_needed
[61687713186] [[35mTRACE[0m] [sprout::supervisor] [CPU0] SPROUT: Loop iteration: spawn_bloom_if_ready
[61689083412] [[35mTRACE[0m] [sprout::supervisor] [CPU0] SPROUT: Loop iteration: spawn_wayland_hello_if_ready
[61690541187] [[35mTRACE[0m] [sprout::supervisor] [CPU0] SPROUT: Loop iteration: spawn_clock_if_ready
[61691962761] [[35mTRACE[0m] [sprout::supervisor] [CPU0] SPROUT: Loop iteration: spawn_leaf_if_ready
[61693344042] [[35mTRACE[0m] [sprout::supervisor] [CPU0] SPROUT: Loop iteration: tick complete
[61694666583] [[34mDEBUG[0m] [sprout::supervisor] [CPU0] SPROUT: ServiceLoop waiting for next event...
[61914862383] [[34mDEBUG[0m] [kernel::vfs::provider] [CPU1] VFS_RPC: request op=DeviceCall len=48 tid=10
[61919379984] [[35mTRACE[0m] [display_virtio_gpu] [CPU3] display_virtio_gpu: VFS RPC op=DeviceCall
[61920794067] [[35mTRACE[0m] [display_virtio_gpu] [CPU3] DISP: DISPLAY_OP_GET_INFO requested
[61921540032] [[35mTRACE[0m] [display_virtio_gpu] [CPU3] DISP: Returning dimensions 1280x800
[61922262765] [[35mTRACE[0m] [display_virtio_gpu] [CPU3] display_virtio_gpu: VFS RPC response begin op=DeviceCall req_id=52
[61925269131] [[35mTRACE[0m] [display_virtio_gpu] [CPU3] display_virtio_gpu: VFS RPC response sent op=DeviceCall req_id=52
[61928358624] [[34mDEBUG[0m] [kernel::vfs::provider] [CPU1] VFS_RPC: response op=DeviceCall id=52 -> OK(48)
[62012102889] [[35mTRACE[0m] [sprout::supervisor] [CPU0] SPROUT: Supervisor tick...
[62014621614] [[35mTRACE[0m] [sprout::supervisor] [CPU0] SPROUT: Loop iteration: spawn_bristle_if_needed
[62016865284] [[35mTRACE[0m] [sprout::supervisor] [CPU0] SPROUT: Loop iteration: spawn_display_if_needed
[62019015465] [[35mTRACE[0m] [sprout::supervisor] [CPU0] SPROUT: Loop iteration: spawn_bloom_if_ready
[62021110998] [[35mTRACE[0m] [sprout::supervisor] [CPU0] SPROUT: Loop iteration: spawn_wayland_hello_if_ready
[62023319028] [[35mTRACE[0m] [sprout::supervisor] [CPU0] SPROUT: Loop iteration: spawn_clock_if_ready
[62025389217] [[35mTRACE[0m] [sprout::supervisor] [CPU0] SPROUT: Loop iteration: spawn_leaf_if_ready
[62027105217] [[35mTRACE[0m] [sprout::supervisor] [CPU0] SPROUT: Loop iteration: tick complete
[62028624438] [[34mDEBUG[0m] [sprout::supervisor] [CPU0] SPROUT: ServiceLoop waiting for next event...
[62342025471] [[35mTRACE[0m] [sprout::supervisor] [CPU0] SPROUT: Supervisor tick...
[62343738006] [[35mTRACE[0m] [sprout::supervisor] [CPU0] SPROUT: Loop iteration: spawn_bristle_if_needed
[62345755890] [[35mTRACE[0m] [sprout::supervisor] [CPU0] SPROUT: Loop iteration: spawn_display_if_needed
[62347214391] [[35mTRACE[0m] [sprout::supervisor] [CPU0] SPROUT: Loop iteration: spawn_bloom_if_ready
[62348629827] [[35mTRACE[0m] [sprout::supervisor] [CPU0] SPROUT: Loop iteration: spawn_wayland_hello_if_ready
[62350049124] [[35mTRACE[0m] [sprout::supervisor] [CPU0] SPROUT: Loop iteration: spawn_clock_if_ready
[62351358300] [[35mTRACE[0m] [sprout::supervisor] [CPU0] SPROUT: Loop iteration: spawn_leaf_if_ready
[62352769644] [[35mTRACE[0m] [sprout::supervisor] [CPU0] SPROUT: Loop iteration: tick complete
[62354080635] [[34mDEBUG[0m] [sprout::supervisor] [CPU0] SPROUT: ServiceLoop waiting for next event...
[62593070001] [[35mTRACE[0m] [kernel::sched] [CPU0] SCHED-DBG: cpus_online=4
[62594289483] [[35mTRACE[0m] [kernel::sched] [CPU0] SCHED-DBG: cpu=0 curr=Some(0) runq=0 runq_avg=1 runq_samples=1549 ctxsw=178 idle2busy=0 tick=259 ipi=56 enq=1554 deq=1553 wake=148 lock_miss=0 lock_pending=0 lock_blocked=0
[62595658389] [[35mTRACE[0m] [kernel::sched] [CPU0] SCHED-DBG: cpu=1 curr=Some(2) runq=0 runq_avg=0 runq_samples=881 ctxsw=215 idle2busy=87 tick=279 ipi=89 enq=161 deq=160 wake=207 lock_miss=0 lock_pending=0 lock_blocked=0
[62596558002] [[35mTRACE[0m] [kernel::sched] [CPU0] SCHED-DBG: cpu=2 curr=Some(3) runq=0 runq_avg=0 runq_samples=1068 ctxsw=239 idle2busy=74 tick=642 ipi=67 enq=179 deq=178 wake=232 lock_miss=0 lock_pending=0 lock_blocked=0
[62597305419] [[35mTRACE[0m] [kernel::sched] [CPU0] SCHED-DBG: cpu=3 curr=Some(4) runq=1 runq_avg=1 runq_samples=130969 ctxsw=2130 idle2busy=696 tick=813 ipi=197 enq=1577 deq=1575 wake=1646 lock_miss=0 lock_pending=0 lock_blocked=0
[62671037847] [[35mTRACE[0m] [sprout::supervisor] [CPU0] SPROUT: Supervisor tick...
[62672544099] [[35mTRACE[0m] [sprout::supervisor] [CPU0] SPROUT: Loop iteration: spawn_bristle_if_needed
[62673990951] [[35mTRACE[0m] [sprout::supervisor] [CPU0] SPROUT: Loop iteration: spawn_display_if_needed
[62675464269] [[35mTRACE[0m] [sprout::supervisor] [CPU0] SPROUT: Loop iteration: spawn_bloom_if_ready
[62676808821] [[35mTRACE[0m] [sprout::supervisor] [CPU0] SPROUT: Loop iteration: spawn_wayland_hello_if_ready
[62678292600] [[35mTRACE[0m] [sprout::supervisor] [CPU0] SPROUT: Loop iteration: spawn_clock_if_ready
[62679641409] [[35mTRACE[0m] [sprout::supervisor] [CPU0] SPROUT: Loop iteration: spawn_leaf_if_ready
[62681012328] [[35mTRACE[0m] [sprout::supervisor] [CPU0] SPROUT: Loop iteration: tick complete
[62682348531] [[34mDEBUG[0m] [sprout::supervisor] [CPU0] SPROUT: ServiceLoop waiting for next event...
[62736118731] [[34mDEBUG[0m] [kernel::vfs::provider] [CPU1] VFS_RPC: request op=DeviceCall len=48 tid=10
[62741551059] [[35mTRACE[0m] [display_virtio_gpu] [CPU3] display_virtio_gpu: VFS RPC op=DeviceCall
[62742699954] [[35mTRACE[0m] [display_virtio_gpu] [CPU3] DISP: DISPLAY_OP_GET_INFO requested
[62743461429] [[35mTRACE[0m] [display_virtio_gpu] [CPU3] DISP: Returning dimensions 1280x800
[62744040942] [[35mTRACE[0m] [display_virtio_gpu] [CPU3] display_virtio_gpu: VFS RPC response begin op=DeviceCall req_id=53
[62745770439] [[35mTRACE[0m] [display_virtio_gpu] [CPU3] display_virtio_gpu: VFS RPC response sent op=DeviceCall req_id=53
[62749076214] [[34mDEBUG[0m] [kernel::vfs::provider] [CPU1] VFS_RPC: response op=DeviceCall id=53 -> OK(48)
[62992502562] [[35mTRACE[0m] [sprout::supervisor] [CPU0] SPROUT: Supervisor tick...
[62994237933] [[35mTRACE[0m] [sprout::supervisor] [CPU0] SPROUT: Loop iteration: spawn_bristle_if_needed
[62996045079] [[35mTRACE[0m] [sprout::supervisor] [CPU0] SPROUT: Loop iteration: spawn_display_if_needed
[62997482295] [[35mTRACE[0m] [sprout::supervisor] [CPU0] SPROUT: Loop iteration: spawn_bloom_if_ready
[62998869648] [[35mTRACE[0m] [sprout::supervisor] [CPU0] SPROUT: Loop iteration: spawn_wayland_hello_if_ready
[63000418767] [[35mTRACE[0m] [sprout::supervisor] [CPU0] SPROUT: Loop iteration: spawn_clock_if_ready
[63002044974] [[35mTRACE[0m] [sprout::supervisor] [CPU0] SPROUT: Loop iteration: spawn_leaf_if_ready
[63003847203] [[35mTRACE[0m] [sprout::supervisor] [CPU0] SPROUT: Loop iteration: tick complete
[63005259900] [[34mDEBUG[0m] [sprout::supervisor] [CPU0] SPROUT: ServiceLoop waiting for next event...
[63217962819] [[32mINFO [0m] [kernel::time] [CPU0] System clock tick: utc=2026-05-01 23:20:41.041999392 unix_secs=1777677641.041999392
[63320410758] [[35mTRACE[0m] [sprout::supervisor] [CPU0] SPROUT: Supervisor tick...
[63322013535] [[35mTRACE[0m] [sprout::supervisor] [CPU0] SPROUT: Loop iteration: spawn_bristle_if_needed
[63323645088] [[35mTRACE[0m] [sprout::supervisor] [CPU0] SPROUT: Loop iteration: spawn_display_if_needed
[63324998682] [[35mTRACE[0m] [sprout::supervisor] [CPU0] SPROUT: Loop iteration: spawn_bloom_if_ready
[63326347326] [[35mTRACE[0m] [sprout::supervisor] [CPU0] SPROUT: Loop iteration: spawn_wayland_hello_if_ready
[63327906708] [[35mTRACE[0m] [sprout::supervisor] [CPU0] SPROUT: Loop iteration: spawn_clock_if_ready
[63329329536] [[35mTRACE[0m] [sprout::supervisor] [CPU0] SPROUT: Loop iteration: spawn_leaf_if_ready
[63330826812] [[35mTRACE[0m] [sprout::supervisor] [CPU0] SPROUT: Loop iteration: tick complete
[63332183046] [[34mDEBUG[0m] [sprout::supervisor] [CPU0] SPROUT: ServiceLoop waiting for next event...
[63558474507] [[34mDEBUG[0m] [kernel::vfs::provider] [CPU1] VFS_RPC: request op=DeviceCall len=48 tid=10
[63562991481] [[35mTRACE[0m] [display_virtio_gpu] [CPU3] display_virtio_gpu: VFS RPC op=DeviceCall
[63564127044] [[35mTRACE[0m] [display_virtio_gpu] [CPU3] DISP: DISPLAY_OP_GET_INFO requested
[63564859017] [[35mTRACE[0m] [display_virtio_gpu] [CPU3] DISP: Returning dimensions 1280x800
[63565600428] [[35mTRACE[0m] [display_virtio_gpu] [CPU3] display_virtio_gpu: VFS RPC response begin op=DeviceCall req_id=54
[63567286365] [[35mTRACE[0m] [display_virtio_gpu] [CPU3] display_virtio_gpu: VFS RPC response sent op=DeviceCall req_id=54
[63570351768] [[34mDEBUG[0m] [kernel::vfs::provider] [CPU1] VFS_RPC: response op=DeviceCall id=54 -> OK(48)
[63656881134] [[35mTRACE[0m] [sprout::supervisor] [CPU0] SPROUT: Supervisor tick...
[63659141700] [[35mTRACE[0m] [sprout::supervisor] [CPU0] SPROUT: Loop iteration: spawn_bristle_if_needed
[63660595218] [[35mTRACE[0m] [sprout::supervisor] [CPU0] SPROUT: Loop iteration: spawn_display_if_needed
[63661977291] [[35mTRACE[0m] [sprout::supervisor] [CPU0] SPROUT: Loop iteration: spawn_bloom_if_ready
[63663358044] [[35mTRACE[0m] [sprout::supervisor] [CPU0] SPROUT: Loop iteration: spawn_wayland_hello_if_ready
[63664787637] [[35mTRACE[0m] [sprout::supervisor] [CPU0] SPROUT: Loop iteration: spawn_clock_if_ready
[63666198189] [[35mTRACE[0m] [sprout::supervisor] [CPU0] SPROUT: Loop iteration: spawn_leaf_if_ready
[63667527726] [[35mTRACE[0m] [sprout::supervisor] [CPU0] SPROUT: Loop iteration: tick complete
[63668863764] [[34mDEBUG[0m] [sprout::supervisor] [CPU0] SPROUT: ServiceLoop waiting for next event...
[63986328450] [[35mTRACE[0m] [sprout::supervisor] [CPU0] SPROUT: Supervisor tick...
[63987994884] [[35mTRACE[0m] [sprout::supervisor] [CPU0] SPROUT: Loop iteration: spawn_bristle_if_needed
[63989418768] [[35mTRACE[0m] [sprout::supervisor] [CPU0] SPROUT: Loop iteration: spawn_display_if_needed
[63991520670] [[35mTRACE[0m] [sprout::supervisor] [CPU0] SPROUT: Loop iteration: spawn_bloom_if_ready
[63993600990] [[35mTRACE[0m] [sprout::supervisor] [CPU0] SPROUT: Loop iteration: spawn_wayland_hello_if_ready
[63995805225] [[35mTRACE[0m] [sprout::supervisor] [CPU0] SPROUT: Loop iteration: spawn_clock_if_ready
[63997850169] [[35mTRACE[0m] [sprout::supervisor] [CPU0] SPROUT: Loop iteration: spawn_leaf_if_ready
[63999924813] [[35mTRACE[0m] [sprout::supervisor] [CPU0] SPROUT: Loop iteration: tick complete
[64002267945] [[34mDEBUG[0m] [sprout::supervisor] [CPU0] SPROUT: ServiceLoop waiting for next event...
[64313775240] [[35mTRACE[0m] [sprout::supervisor] [CPU0] SPROUT: Supervisor tick...
[64315554039] [[35mTRACE[0m] [sprout::supervisor] [CPU0] SPROUT: Loop iteration: spawn_bristle_if_needed
[64316955912] [[35mTRACE[0m] [sprout::supervisor] [CPU0] SPROUT: Loop iteration: spawn_display_if_needed
[64318417515] [[35mTRACE[0m] [sprout::supervisor] [CPU0] SPROUT: Loop iteration: spawn_bloom_if_ready
[64319764146] [[35mTRACE[0m] [sprout::supervisor] [CPU0] SPROUT: Loop iteration: spawn_wayland_hello_if_ready
[64321289406] [[35mTRACE[0m] [sprout::supervisor] [CPU0] SPROUT: Loop iteration: spawn_clock_if_ready
[64322657454] [[35mTRACE[0m] [sprout::supervisor] [CPU0] SPROUT: Loop iteration: spawn_leaf_if_ready
[64324029033] [[35mTRACE[0m] [sprout::supervisor] [CPU0] SPROUT: Loop iteration: tick complete
[64326385167] [[34mDEBUG[0m] [sprout::supervisor] [CPU0] SPROUT: ServiceLoop waiting for next event...
[64374547776] [[34mDEBUG[0m] [kernel::vfs::provider] [CPU1] VFS_RPC: request op=DeviceCall len=48 tid=10
[64382670891] [[35mTRACE[0m] [display_virtio_gpu] [CPU3] display_virtio_gpu: VFS RPC op=DeviceCall
[64383720687] [[35mTRACE[0m] [display_virtio_gpu] [CPU3] DISP: DISPLAY_OP_GET_INFO requested
[64384307460] [[35mTRACE[0m] [display_virtio_gpu] [CPU3] DISP: Returning dimensions 1280x800
[64385079429] [[35mTRACE[0m] [display_virtio_gpu] [CPU3] display_virtio_gpu: VFS RPC response begin op=DeviceCall req_id=55
[64387040388] [[35mTRACE[0m] [display_virtio_gpu] [CPU3] display_virtio_gpu: VFS RPC response sent op=DeviceCall req_id=55
[64391287521] [[34mDEBUG[0m] [kernel::vfs::provider] [CPU1] VFS_RPC: response op=DeviceCall id=55 -> OK(48)

[hunter] running random action
[64617845721] [[35mTRACE[0m] [bran::arch::x86_64::idt] [CPU0] PS/2 byte received: 0x30 (is_aux=false)
[64622845155] [[35mTRACE[0m] [kernel::irq::ps2] [CPU2] PS/2 take_scancode: popped 0x30 (is_aux=false)
[64624019559] [[32mINFO [0m] [ps2_kbd] [CPU2] ps2_kbd: read scancode 0x30
[64624835286] [[32mINFO [0m] [ps2_kbd] [CPU2] ps2_kbd: edge detected: Down { key: B, mods: Mods(0), repeat: false }
[64626718200] [[32mINFO [0m] [ps2_kbd] [CPU2] ps2_kbd: sent B to bristle (pid=8)
[64629706152] [[35mTRACE[0m] [kernel::syscall::handlers::socket] [CPU2] RECVMSG: thing=3 data_len=40 caps_len=0 node=Pointer { addr: 0xffffffffb00d8d10, metadata: DynMetadata(0xffffffff802c7ed0) }
[64631644044] [[32mINFO [0m] [bristle] [CPU2] bristle: KeyDown received: B
[64635224280] [[32mINFO [0m] [bloom::input] [CPU1] bloom: KeyDown received: B (raw=0x0005, mods=Mods(0), repeat=false)
[64643412471] [[35mTRACE[0m] [sprout::supervisor] [CPU0] SPROUT: Supervisor tick...
[64644849885] [[35mTRACE[0m] [sprout::supervisor] [CPU0] SPROUT: Loop iteration: spawn_bristle_if_needed
[64646363100] [[35mTRACE[0m] [sprout::supervisor] [CPU0] SPROUT: Loop iteration: spawn_display_if_needed
[64647959970] [[35mTRACE[0m] [sprout::supervisor] [CPU0] SPROUT: Loop iteration: spawn_bloom_if_ready
[64649381313] [[35mTRACE[0m] [sprout::supervisor] [CPU0] SPROUT: Loop iteration: spawn_wayland_hello_if_ready
[64650868425] [[35mTRACE[0m] [sprout::supervisor] [CPU0] SPROUT: Loop iteration: spawn_clock_if_ready
[64652274423] [[35mTRACE[0m] [sprout::supervisor] [CPU0] SPROUT: Loop iteration: spawn_leaf_if_ready
[64653732891] [[35mTRACE[0m] [sprout::supervisor] [CPU0] SPROUT: Loop iteration: tick complete
[64655062263] [[34mDEBUG[0m] [sprout::supervisor] [CPU0] SPROUT: ServiceLoop waiting for next event...
[64724151723] [[35mTRACE[0m] [bran::arch::x86_64::idt] [CPU0] PS/2 byte received: 0xb0 (is_aux=false)
[64729888707] [[35mTRACE[0m] [kernel::irq::ps2] [CPU2] PS/2 take_scancode: popped 0xb0 (is_aux=false)
[64731200952] [[32mINFO [0m] [ps2_kbd] [CPU2] ps2_kbd: read scancode 0xb0
[64731781059] [[32mINFO [0m] [ps2_kbd] [CPU2] ps2_kbd: edge detected: Up { key: B, mods: Mods(0) }
[64733993643] [[32mINFO [0m] [ps2_kbd] [CPU2] ps2_kbd: sent B to bristle (pid=8)
[64737179991] [[35mTRACE[0m] [kernel::syscall::handlers::socket] [CPU2] RECVMSG: thing=3 data_len=40 caps_len=0 node=Pointer { addr: 0xffffffffb00d8d10, metadata: DynMetadata(0xffffffff802c7ed0) }
[64974166554] [[35mTRACE[0m] [sprout::supervisor] [CPU0] SPROUT: Supervisor tick...
[64974327693] [[34mDEBUG[0m] [kernel::vfs::provider] [CPU1] VFS_RPC: request op=DeviceCall len=48 tid=10
[64978200210] [[35mTRACE[0m] [display_virtio_gpu] [CPU3] display_virtio_gpu: VFS RPC op=DeviceCall
[64979162490] [[35mTRACE[0m] [display_virtio_gpu] [CPU3] DISP: DISPLAY_OP_GET_INFO requested
[64979757546] [[35mTRACE[0m] [sprout::supervisor] [CPU0] SPROUT: Loop iteration: spawn_bristle_if_needed
[64979945514] [[35mTRACE[0m] [display_virtio_gpu] [CPU3] DISP: Returning dimensions 1280x800
[64980918519] [[35mTRACE[0m] [display_virtio_gpu] [CPU3] display_virtio_gpu: VFS RPC response begin op=DeviceCall req_id=56
[64982693325] [[35mTRACE[0m] [display_virtio_gpu] [CPU3] display_virtio_gpu: VFS RPC response sent op=DeviceCall req_id=56
[64985388402] [[34mDEBUG[0m] [kernel::vfs::provider] [CPU1] VFS_RPC: response op=DeviceCall id=56 -> OK(48)
[64989222408] [[35mTRACE[0m] [sprout::supervisor] [CPU0] SPROUT: Loop iteration: spawn_display_if_needed
[64991215509] [[35mTRACE[0m] [sprout::supervisor] [CPU0] SPROUT: Loop iteration: spawn_bloom_if_ready
[64992768060] [[35mTRACE[0m] [sprout::supervisor] [CPU0] SPROUT: Loop iteration: spawn_wayland_hello_if_ready
[64994774724] [[35mTRACE[0m] [sprout::supervisor] [CPU0] SPROUT: Loop iteration: spawn_clock_if_ready
[64996225371] [[35mTRACE[0m] [sprout::supervisor] [CPU0] SPROUT: Loop iteration: spawn_leaf_if_ready
[64997602032] [[35mTRACE[0m] [sprout::supervisor] [CPU0] SPROUT: Loop iteration: tick complete
[64998953415] [[34mDEBUG[0m] [sprout::supervisor] [CPU0] SPROUT: ServiceLoop waiting for next event...
[65335075641] [[35mTRACE[0m] [sprout::supervisor] [CPU0] SPROUT: Supervisor tick...
[65336790156] [[35mTRACE[0m] [sprout::supervisor] [CPU0] SPROUT: Loop iteration: spawn_bristle_if_needed
[65338887471] [[35mTRACE[0m] [sprout::supervisor] [CPU0] SPROUT: Loop iteration: spawn_display_if_needed
[65340929379] [[35mTRACE[0m] [sprout::supervisor] [CPU0] SPROUT: Loop iteration: spawn_bloom_if_ready
[65343028047] [[35mTRACE[0m] [sprout::supervisor] [CPU0] SPROUT: Loop iteration: spawn_wayland_hello_if_ready
[65345285775] [[35mTRACE[0m] [sprout::supervisor] [CPU0] SPROUT: Loop iteration: spawn_clock_if_ready
[65347458033] [[35mTRACE[0m] [sprout::supervisor] [CPU0] SPROUT: Loop iteration: spawn_leaf_if_ready
[65349569769] [[35mTRACE[0m] [sprout::supervisor] [CPU0] SPROUT: Loop iteration: tick complete
[65351602767] [[34mDEBUG[0m] [sprout::supervisor] [CPU0] SPROUT: ServiceLoop waiting for next event...
[65662136265] [[35mTRACE[0m] [sprout::supervisor] [CPU0] SPROUT: Supervisor tick...
[65663762571] [[35mTRACE[0m] [sprout::supervisor] [CPU0] SPROUT: Loop iteration: spawn_bristle_if_needed
[65665238067] [[35mTRACE[0m] [sprout::supervisor] [CPU0] SPROUT: Loop iteration: spawn_display_if_needed
[65666751348] [[35mTRACE[0m] [sprout::supervisor] [CPU0] SPROUT: Loop iteration: spawn_bloom_if_ready
[65669256972] [[35mTRACE[0m] [sprout::supervisor] [CPU0] SPROUT: Loop iteration: spawn_wayland_hello_if_ready
[65670731346] [[35mTRACE[0m] [sprout::supervisor] [CPU0] SPROUT: Loop iteration: spawn_clock_if_ready
[65672526381] [[35mTRACE[0m] [sprout::supervisor] [CPU0] SPROUT: Loop iteration: spawn_leaf_if_ready
[65673954423] [[35mTRACE[0m] [sprout::supervisor] [CPU0] SPROUT: Loop iteration: tick complete
[65675331117] [[34mDEBUG[0m] [sprout::supervisor] [CPU0] SPROUT: ServiceLoop waiting for next event...
[65794953807] [[34mDEBUG[0m] [kernel::vfs::provider] [CPU1] VFS_RPC: request op=DeviceCall len=48 tid=10
[65802458634] [[35mTRACE[0m] [display_virtio_gpu] [CPU3] display_virtio_gpu: VFS RPC op=DeviceCall
[65803696200] [[35mTRACE[0m] [display_virtio_gpu] [CPU3] DISP: DISPLAY_OP_GET_INFO requested
[65804447676] [[35mTRACE[0m] [display_virtio_gpu] [CPU3] DISP: Returning dimensions 1280x800
[65805152853] [[35mTRACE[0m] [display_virtio_gpu] [CPU3] display_virtio_gpu: VFS RPC response begin op=DeviceCall req_id=57
[65806992570] [[35mTRACE[0m] [display_virtio_gpu] [CPU3] display_virtio_gpu: VFS RPC response sent op=DeviceCall req_id=57
[65809581222] [[34mDEBUG[0m] [kernel::vfs::provider] [CPU1] VFS_RPC: response op=DeviceCall id=57 -> OK(48)
[65984859369] [[35mTRACE[0m] [sprout::supervisor] [CPU0] SPROUT: Supervisor tick...
[65986361034] [[35mTRACE[0m] [sprout::supervisor] [CPU0] SPROUT: Loop iteration: spawn_bristle_if_needed
[65987880486] [[35mTRACE[0m] [sprout::supervisor] [CPU0] SPROUT: Loop iteration: spawn_display_if_needed
[65989515438] [[35mTRACE[0m] [sprout::supervisor] [CPU0] SPROUT: Loop iteration: spawn_bloom_if_ready
[65990985621] [[35mTRACE[0m] [sprout::supervisor] [CPU0] SPROUT: Loop iteration: spawn_wayland_hello_if_ready
[65992327137] [[35mTRACE[0m] [sprout::supervisor] [CPU0] SPROUT: Loop iteration: spawn_clock_if_ready
[65993679675] [[35mTRACE[0m] [sprout::supervisor] [CPU0] SPROUT: Loop iteration: spawn_leaf_if_ready
[65995122006] [[35mTRACE[0m] [sprout::supervisor] [CPU0] SPROUT: Loop iteration: tick complete
[65996704785] [[34mDEBUG[0m] [sprout::supervisor] [CPU0] SPROUT: ServiceLoop waiting for next event...
[66320940741] [[35mTRACE[0m] [sprout::supervisor] [CPU0] SPROUT: Supervisor tick...
[66323591202] [[35mTRACE[0m] [sprout::supervisor] [CPU0] SPROUT: Loop iteration: spawn_bristle_if_needed
[66325046634] [[35mTRACE[0m] [sprout::supervisor] [CPU0] SPROUT: Loop iteration: spawn_display_if_needed
[66326265159] [[35mTRACE[0m] [sprout::supervisor] [CPU0] SPROUT: Loop iteration: spawn_bloom_if_ready
[66327853449] [[35mTRACE[0m] [sprout::supervisor] [CPU0] SPROUT: Loop iteration: spawn_wayland_hello_if_ready
[66329251626] [[35mTRACE[0m] [sprout::supervisor] [CPU0] SPROUT: Loop iteration: spawn_clock_if_ready
[66330674421] [[35mTRACE[0m] [sprout::supervisor] [CPU0] SPROUT: Loop iteration: spawn_leaf_if_ready
[66332069232] [[35mTRACE[0m] [sprout::supervisor] [CPU0] SPROUT: Loop iteration: tick complete
[66333430911] [[34mDEBUG[0m] [sprout::supervisor] [CPU0] SPROUT: ServiceLoop waiting for next event...
[66611006385] [[34mDEBUG[0m] [kernel::vfs::provider] [CPU1] VFS_RPC: request op=DeviceCall len=48 tid=10
[66617880285] [[35mTRACE[0m] [display_virtio_gpu] [CPU3] display_virtio_gpu: VFS RPC op=DeviceCall
[66618952686] [[35mTRACE[0m] [display_virtio_gpu] [CPU3] DISP: DISPLAY_OP_GET_INFO requested
[66619567179] [[35mTRACE[0m] [display_virtio_gpu] [CPU3] DISP: Returning dimensions 1280x800
[66620320635] [[35mTRACE[0m] [display_virtio_gpu] [CPU3] display_virtio_gpu: VFS RPC response begin op=DeviceCall req_id=58
[66622400295] [[35mTRACE[0m] [display_virtio_gpu] [CPU3] display_virtio_gpu: VFS RPC response sent op=DeviceCall req_id=58
[66627375078] [[34mDEBUG[0m] [kernel::vfs::provider] [CPU1] VFS_RPC: response op=DeviceCall id=58 -> OK(48)
[66650488674] [[35mTRACE[0m] [sprout::supervisor] [CPU0] SPROUT: Supervisor tick...
[66652078020] [[35mTRACE[0m] [sprout::supervisor] [CPU0] SPROUT: Loop iteration: spawn_bristle_if_needed
[66653661789] [[35mTRACE[0m] [sprout::supervisor] [CPU0] SPROUT: Loop iteration: spawn_display_if_needed
[66655261893] [[35mTRACE[0m] [sprout::supervisor] [CPU0] SPROUT: Loop iteration: spawn_bloom_if_ready
[66656662479] [[35mTRACE[0m] [sprout::supervisor] [CPU0] SPROUT: Loop iteration: spawn_wayland_hello_if_ready
[66658125831] [[35mTRACE[0m] [sprout::supervisor] [CPU0] SPROUT: Loop iteration: spawn_clock_if_ready
[66659522424] [[35mTRACE[0m] [sprout::supervisor] [CPU0] SPROUT: Loop iteration: spawn_leaf_if_ready
[66660909348] [[35mTRACE[0m] [sprout::supervisor] [CPU0] SPROUT: Loop iteration: tick complete
[66662205588] [[34mDEBUG[0m] [sprout::supervisor] [CPU0] SPROUT: ServiceLoop waiting for next event...
[66979481481] [[35mTRACE[0m] [sprout::supervisor] [CPU0] SPROUT: Supervisor tick...
[66981004728] [[35mTRACE[0m] [sprout::supervisor] [CPU0] SPROUT: Loop iteration: spawn_bristle_if_needed
[66982733928] [[35mTRACE[0m] [sprout::supervisor] [CPU0] SPROUT: Loop iteration: spawn_display_if_needed
[66984187479] [[35mTRACE[0m] [sprout::supervisor] [CPU0] SPROUT: Loop iteration: spawn_bloom_if_ready
[66985601628] [[35mTRACE[0m] [sprout::supervisor] [CPU0] SPROUT: Loop iteration: spawn_wayland_hello_if_ready
[66987085935] [[35mTRACE[0m] [sprout::supervisor] [CPU0] SPROUT: Loop iteration: spawn_clock_if_ready
[66988589349] [[35mTRACE[0m] [sprout::supervisor] [CPU0] SPROUT: Loop iteration: spawn_leaf_if_ready
[66989930073] [[35mTRACE[0m] [sprout::supervisor] [CPU0] SPROUT: Loop iteration: tick complete
[66991222551] [[34mDEBUG[0m] [sprout::supervisor] [CPU0] SPROUT: ServiceLoop waiting for next event...
[67239214614] [[35mTRACE[0m] [ps2_mouse] [CPU3] ps2_mouse: irq_wakes=20 poll_timeouts=748 last_drain_bytes=0
[67307735253] [[35mTRACE[0m] [sprout::supervisor] [CPU0] SPROUT: Supervisor tick...
[67309237050] [[35mTRACE[0m] [sprout::supervisor] [CPU0] SPROUT: Loop iteration: spawn_bristle_if_needed
[67311514875] [[35mTRACE[0m] [sprout::supervisor] [CPU0] SPROUT: Loop iteration: spawn_display_if_needed
[67314715710] [[35mTRACE[0m] [sprout::supervisor] [CPU0] SPROUT: Loop iteration: spawn_bloom_if_ready
[67316206155] [[35mTRACE[0m] [sprout::supervisor] [CPU0] SPROUT: Loop iteration: spawn_wayland_hello_if_ready
[67317611790] [[35mTRACE[0m] [sprout::supervisor] [CPU0] SPROUT: Loop iteration: spawn_clock_if_ready
[67318993302] [[35mTRACE[0m] [sprout::supervisor] [CPU0] SPROUT: Loop iteration: spawn_leaf_if_ready
[67320481965] [[35mTRACE[0m] [sprout::supervisor] [CPU0] SPROUT: Loop iteration: tick complete
[67321884828] [[34mDEBUG[0m] [sprout::supervisor] [CPU0] SPROUT: ServiceLoop waiting for next event...
[67434447960] [[34mDEBUG[0m] [kernel::vfs::provider] [CPU1] VFS_RPC: request op=DeviceCall len=48 tid=10
[67440754227] [[35mTRACE[0m] [display_virtio_gpu] [CPU3] display_virtio_gpu: VFS RPC op=DeviceCall
[67442009448] [[35mTRACE[0m] [display_virtio_gpu] [CPU3] DISP: DISPLAY_OP_GET_INFO requested
[67442632620] [[35mTRACE[0m] [display_virtio_gpu] [CPU3] DISP: Returning dimensions 1280x800
[67443388320] [[35mTRACE[0m] [display_virtio_gpu] [CPU3] display_virtio_gpu: VFS RPC response begin op=DeviceCall req_id=59
[67445362050] [[35mTRACE[0m] [display_virtio_gpu] [CPU3] display_virtio_gpu: VFS RPC response sent op=DeviceCall req_id=59
[67448710362] [[34mDEBUG[0m] [kernel::vfs::provider] [CPU1] VFS_RPC: response op=DeviceCall id=59 -> OK(48)
[67635744957] [[35mTRACE[0m] [sprout::supervisor] [CPU0] SPROUT: Supervisor tick...
[67638909624] [[35mTRACE[0m] [sprout::supervisor] [CPU0] SPROUT: Loop iteration: spawn_bristle_if_needed
[67640462538] [[35mTRACE[0m] [sprout::supervisor] [CPU0] SPROUT: Loop iteration: spawn_display_if_needed
[67641898335] [[35mTRACE[0m] [sprout::supervisor] [CPU0] SPROUT: Loop iteration: spawn_bloom_if_ready
[67643323110] [[35mTRACE[0m] [sprout::supervisor] [CPU0] SPROUT: Loop iteration: spawn_wayland_hello_if_ready
[67644833355] [[35mTRACE[0m] [sprout::supervisor] [CPU0] SPROUT: Loop iteration: spawn_clock_if_ready
[67646162067] [[35mTRACE[0m] [sprout::supervisor] [CPU0] SPROUT: Loop iteration: spawn_leaf_if_ready
[67647543051] [[35mTRACE[0m] [sprout::supervisor] [CPU0] SPROUT: Loop iteration: tick complete
[67648829985] [[34mDEBUG[0m] [sprout::supervisor] [CPU0] SPROUT: ServiceLoop waiting for next event...
[67960862013] [[35mTRACE[0m] [sprout::supervisor] [CPU0] SPROUT: Supervisor tick...
[67962447894] [[35mTRACE[0m] [sprout::supervisor] [CPU0] SPROUT: Loop iteration: spawn_bristle_if_needed
[67963809441] [[35mTRACE[0m] [sprout::supervisor] [CPU0] SPROUT: Loop iteration: spawn_display_if_needed
[67965173463] [[35mTRACE[0m] [sprout::supervisor] [CPU0] SPROUT: Loop iteration: spawn_bloom_if_ready
[67966485180] [[35mTRACE[0m] [sprout::supervisor] [CPU0] SPROUT: Loop iteration: spawn_wayland_hello_if_ready
[67967898999] [[35mTRACE[0m] [sprout::supervisor] [CPU0] SPROUT: Loop iteration: spawn_clock_if_ready
[67969503723] [[35mTRACE[0m] [sprout::supervisor] [CPU0] SPROUT: Loop iteration: spawn_leaf_if_ready
[67970915892] [[35mTRACE[0m] [sprout::supervisor] [CPU0] SPROUT: Loop iteration: tick complete
[67972215333] [[34mDEBUG[0m] [sprout::supervisor] [CPU0] SPROUT: ServiceLoop waiting for next event...
[68261292759] [[34mDEBUG[0m] [kernel::vfs::provider] [CPU1] VFS_RPC: request op=DeviceCall len=48 tid=10
[68266628595] [[35mTRACE[0m] [display_virtio_gpu] [CPU3] display_virtio_gpu: VFS RPC op=DeviceCall
[68267766237] [[35mTRACE[0m] [display_virtio_gpu] [CPU3] DISP: DISPLAY_OP_GET_INFO requested
[68268345057] [[35mTRACE[0m] [display_virtio_gpu] [CPU3] DISP: Returning dimensions 1280x800
[68269070793] [[35mTRACE[0m] [display_virtio_gpu] [CPU3] display_virtio_gpu: VFS RPC response begin op=DeviceCall req_id=60
[68270860482] [[35mTRACE[0m] [display_virtio_gpu] [CPU3] display_virtio_gpu: VFS RPC response sent op=DeviceCall req_id=60
[68274297795] [[34mDEBUG[0m] [kernel::vfs::provider] [CPU1] VFS_RPC: response op=DeviceCall id=60 -> OK(48)
[68296450926] [[35mTRACE[0m] [sprout::supervisor] [CPU0] SPROUT: Supervisor tick...
[68298088122] [[35mTRACE[0m] [sprout::supervisor] [CPU0] SPROUT: Loop iteration: spawn_bristle_if_needed
[68299432542] [[35mTRACE[0m] [sprout::supervisor] [CPU0] SPROUT: Loop iteration: spawn_display_if_needed
[68300857449] [[35mTRACE[0m] [sprout::supervisor] [CPU0] SPROUT: Loop iteration: spawn_bloom_if_ready
[68302170189] [[35mTRACE[0m] [sprout::supervisor] [CPU0] SPROUT: Loop iteration: spawn_wayland_hello_if_ready
[68303681028] [[35mTRACE[0m] [sprout::supervisor] [CPU0] SPROUT: Loop iteration: spawn_clock_if_ready
[68305066698] [[35mTRACE[0m] [sprout::supervisor] [CPU0] SPROUT: Loop iteration: spawn_leaf_if_ready
[68306454117] [[35mTRACE[0m] [sprout::supervisor] [CPU0] SPROUT: Loop iteration: tick complete
[68307783621] [[34mDEBUG[0m] [sprout::supervisor] [CPU0] SPROUT: ServiceLoop waiting for next event...
[68624067534] [[35mTRACE[0m] [sprout::supervisor] [CPU0] SPROUT: Supervisor tick...
[68625574446] [[35mTRACE[0m] [sprout::supervisor] [CPU0] SPROUT: Loop iteration: spawn_bristle_if_needed
[68627100300] [[35mTRACE[0m] [sprout::supervisor] [CPU0] SPROUT: Loop iteration: spawn_display_if_needed
[68628486498] [[35mTRACE[0m] [sprout::supervisor] [CPU0] SPROUT: Loop iteration: spawn_bloom_if_ready
[68629922064] [[35mTRACE[0m] [sprout::supervisor] [CPU0] SPROUT: Loop iteration: spawn_wayland_hello_if_ready
[68631389442] [[35mTRACE[0m] [sprout::supervisor] [CPU0] SPROUT: Loop iteration: spawn_clock_if_ready
[68633934864] [[35mTRACE[0m] [sprout::supervisor] [CPU0] SPROUT: Loop iteration: spawn_leaf_if_ready
[68636047359] [[35mTRACE[0m] [sprout::supervisor] [CPU0] SPROUT: Loop iteration: tick complete
[68637457515] [[34mDEBUG[0m] [sprout::supervisor] [CPU0] SPROUT: ServiceLoop waiting for next event...

[hunter] running random action
[68759365521] [[35mTRACE[0m] [bran::arch::x86_64::idt] [CPU0] PS/2 byte received: 0x18 (is_aux=true)
[68760835077] [[35mTRACE[0m] [bran::arch::x86_64::idt] [CPU0] PS/2 byte received: 0x81 (is_aux=true)
[68761631664] [[35mTRACE[0m] [bran::arch::x86_64::idt] [CPU0] PS/2 byte received: 0x7f (is_aux=true)
[68762076405] [[35mTRACE[0m] [bran::arch::x86_64::idt] [CPU0] PS/2 byte received: 0x18 (is_aux=true)
[68762533224] [[35mTRACE[0m] [bran::arch::x86_64::idt] [CPU0] PS/2 byte received: 0x81 (is_aux=true)
[68762983839] [[35mTRACE[0m] [bran::arch::x86_64::idt] [CPU0] PS/2 byte received: 0x7f (is_aux=true)
[68763450327] [[35mTRACE[0m] [bran::arch::x86_64::idt] [CPU0] PS/2 byte received: 0x18 (is_aux=true)
[68763905001] [[35mTRACE[0m] [bran::arch::x86_64::idt] [CPU0] PS/2 byte received: 0x81 (is_aux=true)
[68764377726] [[35mTRACE[0m] [bran::arch::x86_64::idt] [CPU0] PS/2 byte received: 0x7f (is_aux=true)
[68764834842] [[35mTRACE[0m] [bran::arch::x86_64::idt] [CPU0] PS/2 byte received: 0x18 (is_aux=true)
[68765306214] [[35mTRACE[0m] [bran::arch::x86_64::idt] [CPU0] PS/2 byte received: 0x81 (is_aux=true)
[68765756928] [[35mTRACE[0m] [bran::arch::x86_64::idt] [CPU0] PS/2 byte received: 0x7f (is_aux=true)
[68766226023] [[35mTRACE[0m] [bran::arch::x86_64::idt] [CPU0] PS/2 byte received: 0x18 (is_aux=true)
[68766676143] [[35mTRACE[0m] [bran::arch::x86_64::idt] [CPU0] PS/2 byte received: 0x81 (is_aux=true)
[68767117254] [[35mTRACE[0m] [bran::arch::x86_64::idt] [CPU0] PS/2 byte received: 0x7f (is_aux=true)
[68771767812] [[35mTRACE[0m] [kernel::irq::ps2] [CPU3] PS/2 take_scancode: popped 0x18 (is_aux=true)
[68773511796] [[35mTRACE[0m] [kernel::irq::ps2] [CPU3] PS/2 take_scancode: popped 0x81 (is_aux=true)
[68774871825] [[35mTRACE[0m] [kernel::irq::ps2] [CPU3] PS/2 take_scancode: popped 0x7f (is_aux=true)
[68776211361] [[35mTRACE[0m] [kernel::irq::ps2] [CPU3] PS/2 take_scancode: popped 0x18 (is_aux=true)
[68777598285] [[35mTRACE[0m] [kernel::irq::ps2] [CPU3] PS/2 take_scancode: popped 0x81 (is_aux=true)
[68778920694] [[35mTRACE[0m] [kernel::irq::ps2] [CPU3] PS/2 take_scancode: popped 0x7f (is_aux=true)
[68790105846] [[35mTRACE[0m] [kernel::irq::ps2] [CPU3] PS/2 take_scancode: popped 0x18 (is_aux=true)
[68791757430] [[35mTRACE[0m] [kernel::irq::ps2] [CPU3] PS/2 take_scancode: popped 0x81 (is_aux=true)
[68793258171] [[35mTRACE[0m] [kernel::irq::ps2] [CPU3] PS/2 take_scancode: popped 0x7f (is_aux=true)
[68794658955] [[35mTRACE[0m] [kernel::irq::ps2] [CPU3] PS/2 take_scancode: popped 0x18 (is_aux=true)
[68796113364] [[35mTRACE[0m] [kernel::irq::ps2] [CPU3] PS/2 take_scancode: popped 0x81 (is_aux=true)
[68797646379] [[35mTRACE[0m] [kernel::irq::ps2] [CPU3] PS/2 take_scancode: popped 0x7f (is_aux=true)
[68799158373] [[35mTRACE[0m] [kernel::irq::ps2] [CPU3] PS/2 take_scancode: popped 0x18 (is_aux=true)
[68800626114] [[35mTRACE[0m] [kernel::irq::ps2] [CPU3] PS/2 take_scancode: popped 0x81 (is_aux=true)
[68802115041] [[35mTRACE[0m] [kernel::irq::ps2] [CPU3] PS/2 take_scancode: popped 0x7f (is_aux=true)
[68952386778] [[35mTRACE[0m] [sprout::supervisor] [CPU0] SPROUT: Supervisor tick...
[68953857489] [[35mTRACE[0m] [sprout::supervisor] [CPU0] SPROUT: Loop iteration: spawn_bristle_if_needed
[68955221379] [[35mTRACE[0m] [sprout::supervisor] [CPU0] SPROUT: Loop iteration: spawn_display_if_needed
[68956684071] [[35mTRACE[0m] [sprout::supervisor] [CPU0] SPROUT: Loop iteration: spawn_bloom_if_ready
[68958077133] [[35mTRACE[0m] [sprout::supervisor] [CPU0] SPROUT: Loop iteration: spawn_wayland_hello_if_ready
[68959580679] [[35mTRACE[0m] [sprout::supervisor] [CPU0] SPROUT: Loop iteration: spawn_clock_if_ready
[68960971629] [[35mTRACE[0m] [sprout::supervisor] [CPU0] SPROUT: Loop iteration: spawn_leaf_if_ready
[68962330569] [[35mTRACE[0m] [sprout::supervisor] [CPU0] SPROUT: Loop iteration: tick complete
[68963683701] [[34mDEBUG[0m] [sprout::supervisor] [CPU0] SPROUT: ServiceLoop waiting for next event...
[69035910801] [[35mTRACE[0m] [bran::arch::x86_64::idt] [CPU0] PS/2 byte received: 0x18 (is_aux=true)
[69036630498] [[35mTRACE[0m] [bran::arch::x86_64::idt] [CPU0] PS/2 byte received: 0x81 (is_aux=true)
[69037099527] [[35mTRACE[0m] [bran::arch::x86_64::idt] [CPU0] PS/2 byte received: 0x7f (is_aux=true)
[69037560933] [[35mTRACE[0m] [bran::arch::x86_64::idt] [CPU0] PS/2 byte received: 0x18 (is_aux=true)
[69037871265] [[35mTRACE[0m] [bran::arch::x86_64::idt] [CPU1] PS/2 byte received: 0x81 (is_aux=true)
[69038198097] [[35mTRACE[0m] [bran::arch::x86_64::idt] [CPU0] PS/2 byte received: 0x7f (is_aux=true)
[69039379068] [[35mTRACE[0m] [bran::arch::x86_64::idt] [CPU0] PS/2 byte received: 0x81 (is_aux=true)
[69039347091] [[35mTRACE[0m] [bran::arch::x86_64::idt] [CPU1] PS/2 byte received: 0x18 (is_aux=true)
[69039844599] [[35mTRACE[0m] [bran::arch::x86_64::idt] [CPU0] PS/2 byte received: 0x7f (is_aux=true)
[69040622772] [[35mTRACE[0m] [bran::arch::x86_64::idt] [CPU0] PS/2 byte received: 0x81 (is_aux=true)
[69040525158] [[35mTRACE[0m] [bran::arch::x86_64::idt] [CPU1] PS/2 byte received: 0x18 (is_aux=true)
[69041133843] [[35mTRACE[0m] [bran::arch::x86_64::idt] [CPU0] PS/2 byte received: 0x7f (is_aux=true)
[69041908089] [[35mTRACE[0m] [bran::arch::x86_64::idt] [CPU0] PS/2 byte received: 0x81 (is_aux=true)
[69041792061] [[35mTRACE[0m] [bran::arch::x86_64::idt] [CPU1] PS/2 byte received: 0x18 (is_aux=true)
[69042575481] [[35mTRACE[0m] [bran::arch::x86_64::idt] [CPU0] PS/2 byte received: 0x7f (is_aux=true)
[69047524755] [[35mTRACE[0m] [ps2_kbd] [CPU2] ps2_kbd: yield on AUX data (mouse packet)
[69049564518] [[35mTRACE[0m] [kernel::irq::ps2] [CPU3] PS/2 take_scancode: popped 0x18 (is_aux=true)
[69059240943] [[35mTRACE[0m] [kernel::irq::ps2] [CPU3] PS/2 take_scancode: popped 0x81 (is_aux=true)
[69060849198] [[35mTRACE[0m] [kernel::irq::ps2] [CPU3] PS/2 take_scancode: popped 0x7f (is_aux=true)
[69062322615] [[35mTRACE[0m] [kernel::irq::ps2] [CPU3] PS/2 take_scancode: popped 0x18 (is_aux=true)
[69063817383] [[35mTRACE[0m] [kernel::irq::ps2] [CPU3] PS/2 take_scancode: popped 0x81 (is_aux=true)
[69065313966] [[35mTRACE[0m] [kernel::irq::ps2] [CPU3] PS/2 take_scancode: popped 0x7f (is_aux=true)
[69066776658] [[35mTRACE[0m] [kernel::irq::ps2] [CPU3] PS/2 take_scancode: popped 0x81 (is_aux=true)
[69068287530] [[35mTRACE[0m] [kernel::irq::ps2] [CPU3] PS/2 take_scancode: popped 0x18 (is_aux=true)
[69069775632] [[35mTRACE[0m] [kernel::irq::ps2] [CPU3] PS/2 take_scancode: popped 0x7f (is_aux=true)
[69071352999] [[35mTRACE[0m] [kernel::irq::ps2] [CPU3] PS/2 take_scancode: popped 0x81 (is_aux=true)
[69072878061] [[35mTRACE[0m] [kernel::irq::ps2] [CPU3] PS/2 take_scancode: popped 0x18 (is_aux=true)
[69076250034] [[34mDEBUG[0m] [kernel::vfs::provider] [CPU1] VFS_RPC: request op=DeviceCall len=48 tid=10
[69081909435] [[35mTRACE[0m] [display_virtio_gpu] [CPU3] display_virtio_gpu: VFS RPC op=DeviceCall
[69082935669] [[35mTRACE[0m] [display_virtio_gpu] [CPU3] DISP: DISPLAY_OP_GET_INFO requested
[69083690082] [[35mTRACE[0m] [display_virtio_gpu] [CPU3] DISP: Returning dimensions 1280x800
[69084436707] [[35mTRACE[0m] [display_virtio_gpu] [CPU3] display_virtio_gpu: VFS RPC response begin op=DeviceCall req_id=61
[69086222865] [[35mTRACE[0m] [display_virtio_gpu] [CPU3] display_virtio_gpu: VFS RPC response sent op=DeviceCall req_id=61
[69090405747] [[34mDEBUG[0m] [kernel::vfs::provider] [CPU1] VFS_RPC: response op=DeviceCall id=61 -> OK(48)
[69098198070] [[35mTRACE[0m] [kernel::irq::ps2] [CPU3] PS/2 take_scancode: popped 0x7f (is_aux=true)
[69099839292] [[35mTRACE[0m] [kernel::irq::ps2] [CPU3] PS/2 take_scancode: popped 0x81 (is_aux=true)
[69101354190] [[35mTRACE[0m] [kernel::irq::ps2] [CPU3] PS/2 take_scancode: popped 0x18 (is_aux=true)
[69102801372] [[35mTRACE[0m] [kernel::irq::ps2] [CPU3] PS/2 take_scancode: popped 0x7f (is_aux=true)
[69236866710] [[32mINFO [0m] [kernel::time] [CPU0] System clock tick: utc=2026-05-01 23:20:44.051455826 unix_secs=1777677644.051455826
[69279855876] [[35mTRACE[0m] [sprout::supervisor] [CPU0] SPROUT: Supervisor tick...
[69283191879] [[35mTRACE[0m] [sprout::supervisor] [CPU0] SPROUT: Loop iteration: spawn_bristle_if_needed
[69284747433] [[35mTRACE[0m] [sprout::supervisor] [CPU0] SPROUT: Loop iteration: spawn_display_if_needed
[69287211807] [[35mTRACE[0m] [sprout::supervisor] [CPU0] SPROUT: Loop iteration: spawn_bloom_if_ready
[69288559824] [[35mTRACE[0m] [sprout::supervisor] [CPU0] SPROUT: Loop iteration: spawn_wayland_hello_if_ready
[69290038257] [[35mTRACE[0m] [sprout::supervisor] [CPU0] SPROUT: Loop iteration: spawn_clock_if_ready
[69291415116] [[35mTRACE[0m] [sprout::supervisor] [CPU0] SPROUT: Loop iteration: spawn_leaf_if_ready
[69292792701] [[35mTRACE[0m] [sprout::supervisor] [CPU0] SPROUT: Loop iteration: tick complete
[69294109863] [[34mDEBUG[0m] [sprout::supervisor] [CPU0] SPROUT: ServiceLoop waiting for next event...
[69311465982] [[35mTRACE[0m] [bran::arch::x86_64::idt] [CPU0] PS/2 byte received: 0x19 (is_aux=true)
[69311600886] [[35mTRACE[0m] [bran::arch::x86_64::idt] [CPU3] PS/2 byte received: 0x81 (is_aux=true)
[69312302994] [[35mTRACE[0m] [bran::arch::x86_64::idt] [CPU0] PS/2 byte received: 0x7f (is_aux=true)
[69312496374] [[35mTRACE[0m] [bran::arch::x86_64::idt] [CPU3] PS/2 byte received: 0x19 (is_aux=true)
[69312916497] [[35mTRACE[0m] [bran::arch::x86_64::idt] [CPU0] PS/2 byte received: 0x81 (is_aux=true)
[69313012230] [[35mTRACE[0m] [bran::arch::x86_64::idt] [CPU3] PS/2 byte received: 0x7f (is_aux=true)
[69313551450] [[35mTRACE[0m] [bran::arch::x86_64::idt] [CPU0] PS/2 byte received: 0x19 (is_aux=true)
[69313662363] [[35mTRACE[0m] [bran::arch::x86_64::idt] [CPU3] PS/2 byte received: 0x81 (is_aux=true)
[69314226498] [[35mTRACE[0m] [bran::arch::x86_64::idt] [CPU0] PS/2 byte received: 0x7f (is_aux=true)
[69314332329] [[35mTRACE[0m] [bran::arch::x86_64::idt] [CPU3] PS/2 byte received: 0x19 (is_aux=true)
[69314900325] [[35mTRACE[0m] [bran::arch::x86_64::idt] [CPU0] PS/2 byte received: 0x81 (is_aux=true)
[69315002130] [[35mTRACE[0m] [bran::arch::x86_64::idt] [CPU3] PS/2 byte received: 0x7f (is_aux=true)
[69315551844] [[35mTRACE[0m] [bran::arch::x86_64::idt] [CPU0] PS/2 byte received: 0x19 (is_aux=true)
[69315663351] [[35mTRACE[0m] [bran::arch::x86_64::idt] [CPU3] PS/2 byte received: 0x81 (is_aux=true)
[69316201020] [[35mTRACE[0m] [bran::arch::x86_64::idt] [CPU0] PS/2 byte received: 0x7f (is_aux=true)
[69323842566] [[35mTRACE[0m] [ps2_kbd] [CPU2] ps2_kbd: yield on AUX data (mouse packet)
[69323997303] [[35mTRACE[0m] [kernel::irq::ps2] [CPU3] PS/2 take_scancode: popped 0x19 (is_aux=true)
[69326168439] [[35mTRACE[0m] [kernel::irq::ps2] [CPU3] PS/2 take_scancode: popped 0x81 (is_aux=true)
[69327510021] [[35mTRACE[0m] [kernel::irq::ps2] [CPU3] PS/2 take_scancode: popped 0x7f (is_aux=true)
[69328817184] [[35mTRACE[0m] [kernel::irq::ps2] [CPU3] PS/2 take_scancode: popped 0x19 (is_aux=true)
[69330136194] [[35mTRACE[0m] [kernel::irq::ps2] [CPU3] PS/2 take_scancode: popped 0x81 (is_aux=true)
[69331479096] [[35mTRACE[0m] [kernel::irq::ps2] [CPU3] PS/2 take_scancode: popped 0x7f (is_aux=true)
[69332814672] [[35mTRACE[0m] [kernel::irq::ps2] [CPU3] PS/2 take_scancode: popped 0x19 (is_aux=true)
[69334809456] [[35mTRACE[0m] [kernel::irq::ps2] [CPU3] PS/2 take_scancode: popped 0x81 (is_aux=true)
[69337653132] [[35mTRACE[0m] [kernel::irq::ps2] [CPU3] PS/2 take_scancode: popped 0x7f (is_aux=true)
[69348372984] [[35mTRACE[0m] [kernel::irq::ps2] [CPU3] PS/2 take_scancode: popped 0x19 (is_aux=true)
[69350097168] [[35mTRACE[0m] [kernel::irq::ps2] [CPU3] PS/2 take_scancode: popped 0x81 (is_aux=true)
[69351728787] [[35mTRACE[0m] [kernel::irq::ps2] [CPU3] PS/2 take_scancode: popped 0x7f (is_aux=true)
[69353060898] [[35mTRACE[0m] [kernel::irq::ps2] [CPU3] PS/2 take_scancode: popped 0x19 (is_aux=true)
[69354473694] [[35mTRACE[0m] [kernel::irq::ps2] [CPU3] PS/2 take_scancode: popped 0x81 (is_aux=true)
[69355955559] [[35mTRACE[0m] [kernel::irq::ps2] [CPU3] PS/2 take_scancode: popped 0x7f (is_aux=true)
[69486700536] [[35mTRACE[0m] [bran::arch::x86_64::idt] [CPU0] PS/2 byte received: 0x18 (is_aux=true)
[69487977603] [[35mTRACE[0m] [bran::arch::x86_64::idt] [CPU0] PS/2 byte received: 0x81 (is_aux=true)
[69488916849] [[35mTRACE[0m] [bran::arch::x86_64::idt] [CPU0] PS/2 byte received: 0x7f (is_aux=true)
[69489391224] [[35mTRACE[0m] [bran::arch::x86_64::idt] [CPU0] PS/2 byte received: 0x18 (is_aux=true)
[69489839958] [[35mTRACE[0m] [bran::arch::x86_64::idt] [CPU0] PS/2 byte received: 0x81 (is_aux=true)
[69490282554] [[35mTRACE[0m] [bran::arch::x86_64::idt] [CPU0] PS/2 byte received: 0x7f (is_aux=true)
[69490729935] [[35mTRACE[0m] [bran::arch::x86_64::idt] [CPU0] PS/2 byte received: 0x18 (is_aux=true)
[69491178207] [[35mTRACE[0m] [bran::arch::x86_64::idt] [CPU0] PS/2 byte received: 0x81 (is_aux=true)
[69491619351] [[35mTRACE[0m] [bran::arch::x86_64::idt] [CPU0] PS/2 byte received: 0x7f (is_aux=true)
[69492100557] [[35mTRACE[0m] [bran::arch::x86_64::idt] [CPU0] PS/2 byte received: 0x18 (is_aux=true)
[69492587043] [[35mTRACE[0m] [bran::arch::x86_64::idt] [CPU0] PS/2 byte received: 0x81 (is_aux=true)
[69493053003] [[35mTRACE[0m] [bran::arch::x86_64::idt] [CPU0] PS/2 byte received: 0x7f (is_aux=true)
[69493501242] [[35mTRACE[0m] [bran::arch::x86_64::idt] [CPU0] PS/2 byte received: 0x18 (is_aux=true)
[69493938096] [[35mTRACE[0m] [bran::arch::x86_64::idt] [CPU0] PS/2 byte received: 0x81 (is_aux=true)
[69494382672] [[35mTRACE[0m] [bran::arch::x86_64::idt] [CPU0] PS/2 byte received: 0x7f (is_aux=true)
[69498754644] [[35mTRACE[0m] [kernel::irq::ps2] [CPU3] PS/2 take_scancode: popped 0x18 (is_aux=true)
[69500521068] [[35mTRACE[0m] [kernel::irq::ps2] [CPU3] PS/2 take_scancode: popped 0x81 (is_aux=true)
[69501869580] [[35mTRACE[0m] [kernel::irq::ps2] [CPU3] PS/2 take_scancode: popped 0x7f (is_aux=true)
[69512103903] [[35mTRACE[0m] [kernel::irq::ps2] [CPU3] PS/2 take_scancode: popped 0x18 (is_aux=true)
[69513681534] [[35mTRACE[0m] [kernel::irq::ps2] [CPU3] PS/2 take_scancode: popped 0x81 (is_aux=true)
[69515214285] [[35mTRACE[0m] [kernel::irq::ps2] [CPU3] PS/2 take_scancode: popped 0x7f (is_aux=true)
[69516676383] [[35mTRACE[0m] [kernel::irq::ps2] [CPU3] PS/2 take_scancode: popped 0x18 (is_aux=true)
[69518123796] [[35mTRACE[0m] [kernel::irq::ps2] [CPU3] PS/2 take_scancode: popped 0x81 (is_aux=true)
[69519585366] [[35mTRACE[0m] [kernel::irq::ps2] [CPU3] PS/2 take_scancode: popped 0x7f (is_aux=true)
[69521028060] [[35mTRACE[0m] [kernel::irq::ps2] [CPU3] PS/2 take_scancode: popped 0x18 (is_aux=true)
[69522494811] [[35mTRACE[0m] [kernel::irq::ps2] [CPU3] PS/2 take_scancode: popped 0x81 (is_aux=true)
[69523954302] [[35mTRACE[0m] [kernel::irq::ps2] [CPU3] PS/2 take_scancode: popped 0x7f (is_aux=true)
[69525462468] [[35mTRACE[0m] [kernel::irq::ps2] [CPU3] PS/2 take_scancode: popped 0x18 (is_aux=true)
[69526934631] [[35mTRACE[0m] [kernel::irq::ps2] [CPU3] PS/2 take_scancode: popped 0x81 (is_aux=true)
[69528484047] [[35mTRACE[0m] [kernel::irq::ps2] [CPU3] PS/2 take_scancode: popped 0x7f (is_aux=true)
[69609798093] [[35mTRACE[0m] [sprout::supervisor] [CPU0] SPROUT: Supervisor tick...
[69611992164] [[35mTRACE[0m] [sprout::supervisor] [CPU0] SPROUT: Loop iteration: spawn_bristle_if_needed
[69613836369] [[35mTRACE[0m] [sprout::supervisor] [CPU0] SPROUT: Loop iteration: spawn_display_if_needed
[69615377205] [[35mTRACE[0m] [sprout::supervisor] [CPU0] SPROUT: Loop iteration: spawn_bloom_if_ready
[69616743570] [[35mTRACE[0m] [sprout::supervisor] [CPU0] SPROUT: Loop iteration: spawn_wayland_hello_if_ready
[69618138612] [[35mTRACE[0m] [sprout::supervisor] [CPU0] SPROUT: Loop iteration: spawn_clock_if_ready
[69619569525] [[35mTRACE[0m] [sprout::supervisor] [CPU0] SPROUT: Loop iteration: spawn_leaf_if_ready
[69620928597] [[35mTRACE[0m] [sprout::supervisor] [CPU0] SPROUT: Loop iteration: tick complete
[69622209030] [[34mDEBUG[0m] [sprout::supervisor] [CPU0] SPROUT: ServiceLoop waiting for next event...
[69760399203] [[35mTRACE[0m] [bran::arch::x86_64::idt] [CPU0] PS/2 byte received: 0xe0 (is_aux=false)
[69761443191] [[35mTRACE[0m] [bran::arch::x86_64::idt] [CPU1] PS/2 byte received: 0x48 (is_aux=false)
[69766157208] [[35mTRACE[0m] [kernel::irq::ps2] [CPU2] PS/2 take_scancode: popped 0xe0 (is_aux=false)
[69768327585] [[32mINFO [0m] [ps2_kbd] [CPU2] ps2_kbd: read scancode 0xe0
[69770585214] [[35mTRACE[0m] [kernel::irq::ps2] [CPU2] PS/2 take_scancode: popped 0x48 (is_aux=false)
[69771589668] [[32mINFO [0m] [ps2_kbd] [CPU2] ps2_kbd: read scancode 0x48
[69772511457] [[32mINFO [0m] [ps2_kbd] [CPU2] ps2_kbd: edge detected: Down { key: Up, mods: Mods(0), repeat: false }
[69774401598] [[32mINFO [0m] [ps2_kbd] [CPU2] ps2_kbd: sent Up to bristle (pid=8)
[69778319721] [[35mTRACE[0m] [kernel::syscall::handlers::socket] [CPU2] RECVMSG: thing=3 data_len=40 caps_len=0 node=Pointer { addr: 0xffffffffb00d8d10, metadata: DynMetadata(0xffffffff802c7ed0) }
[69780033609] [[32mINFO [0m] [bristle] [CPU2] bristle: KeyDown received: Up
[69785489697] [[32mINFO [0m] [bloom::input] [CPU1] bloom: KeyDown received: Up (raw=0x0052, mods=Mods(0), repeat=false)
[69786525600] [[34mDEBUG[0m] [kernel::vfs::provider] [CPU1] VFS_RPC: request op=DeviceCall len=48 tid=10
[69808780965] [[35mTRACE[0m] [display_virtio_gpu] [CPU3] display_virtio_gpu: VFS RPC op=DeviceCall
[69810205047] [[35mTRACE[0m] [display_virtio_gpu] [CPU3] DISP: DISPLAY_OP_GET_INFO requested
[69810947349] [[35mTRACE[0m] [display_virtio_gpu] [CPU3] DISP: Returning dimensions 1280x800
[69811524090] [[35mTRACE[0m] [display_virtio_gpu] [CPU3] display_virtio_gpu: VFS RPC response begin op=DeviceCall req_id=62
[69813491781] [[35mTRACE[0m] [display_virtio_gpu] [CPU3] display_virtio_gpu: VFS RPC response sent op=DeviceCall req_id=62
[69817690008] [[34mDEBUG[0m] [kernel::vfs::provider] [CPU1] VFS_RPC: response op=DeviceCall id=62 -> OK(48)
[69872091300] [[35mTRACE[0m] [bran::arch::x86_64::idt] [CPU0] PS/2 byte received: 0xe0 (is_aux=false)
[69872662464] [[35mTRACE[0m] [bran::arch::x86_64::idt] [CPU0] PS/2 byte received: 0xc8 (is_aux=false)
[69877093506] [[35mTRACE[0m] [kernel::irq::ps2] [CPU2] PS/2 take_scancode: popped 0xe0 (is_aux=false)
[69878200062] [[32mINFO [0m] [ps2_kbd] [CPU2] ps2_kbd: read scancode 0xe0
[69879620349] [[35mTRACE[0m] [kernel::irq::ps2] [CPU2] PS/2 take_scancode: popped 0xc8 (is_aux=false)
[69880554084] [[32mINFO [0m] [ps2_kbd] [CPU2] ps2_kbd: read scancode 0xc8
[69881296551] [[32mINFO [0m] [ps2_kbd] [CPU2] ps2_kbd: edge detected: Up { key: Up, mods: Mods(0) }
[69883114323] [[32mINFO [0m] [ps2_kbd] [CPU2] ps2_kbd: sent Up to bristle (pid=8)
[69886150059] [[35mTRACE[0m] [kernel::syscall::handlers::socket] [CPU2] RECVMSG: thing=3 data_len=40 caps_len=0 node=Pointer { addr: 0xffffffffb00d8d10, metadata: DynMetadata(0xffffffff802c7ed0) }
[69939689061] [[35mTRACE[0m] [sprout::supervisor] [CPU0] SPROUT: Supervisor tick...
[69941341470] [[35mTRACE[0m] [sprout::supervisor] [CPU0] SPROUT: Loop iteration: spawn_bristle_if_needed
[69942926955] [[35mTRACE[0m] [sprout::supervisor] [CPU0] SPROUT: Loop iteration: spawn_display_if_needed
[69944391264] [[35mTRACE[0m] [sprout::supervisor] [CPU0] SPROUT: Loop iteration: spawn_bloom_if_ready
[69945783930] [[35mTRACE[0m] [sprout::supervisor] [CPU0] SPROUT: Loop iteration: spawn_wayland_hello_if_ready
[69947267082] [[35mTRACE[0m] [sprout::supervisor] [CPU0] SPROUT: Loop iteration: spawn_clock_if_ready
[69948629223] [[35mTRACE[0m] [sprout::supervisor] [CPU0] SPROUT: Loop iteration: spawn_leaf_if_ready
[69950004993] [[35mTRACE[0m] [sprout::supervisor] [CPU0] SPROUT: Loop iteration: tick complete
[69951320406] [[34mDEBUG[0m] [sprout::supervisor] [CPU0] SPROUT: ServiceLoop waiting for next event...
[70016240877] [[35mTRACE[0m] [bran::arch::x86_64::idt] [CPU0] PS/2 byte received: 0xe0 (is_aux=false)
[70017479631] [[35mTRACE[0m] [bran::arch::x86_64::idt] [CPU0] PS/2 byte received: 0x48 (is_aux=false)
[70022796129] [[35mTRACE[0m] [kernel::irq::ps2] [CPU2] PS/2 take_scancode: popped 0xe0 (is_aux=false)
[70023873348] [[32mINFO [0m] [ps2_kbd] [CPU2] ps2_kbd: read scancode 0xe0
[70025273373] [[35mTRACE[0m] [kernel::irq::ps2] [CPU2] PS/2 take_scancode: popped 0x48 (is_aux=false)
[70026229449] [[32mINFO [0m] [ps2_kbd] [CPU2] ps2_kbd: read scancode 0x48
[70027040589] [[32mINFO [0m] [ps2_kbd] [CPU2] ps2_kbd: edge detected: Down { key: Up, mods: Mods(0), repeat: false }
[70028910237] [[32mINFO [0m] [ps2_kbd] [CPU2] ps2_kbd: sent Up to bristle (pid=8)
[70031944455] [[35mTRACE[0m] [kernel::syscall::handlers::socket] [CPU2] RECVMSG: thing=3 data_len=40 caps_len=0 node=Pointer { addr: 0xffffffffb00d8d10, metadata: DynMetadata(0xffffffff802c7ed0) }
[70033511757] [[32mINFO [0m] [bristle] [CPU2] bristle: KeyDown received: Up
[70037287980] [[32mINFO [0m] [bloom::input] [CPU1] bloom: KeyDown received: Up (raw=0x0052, mods=Mods(0), repeat=false)
[70126924890] [[35mTRACE[0m] [bran::arch::x86_64::idt] [CPU0] PS/2 byte received: 0xe0 (is_aux=false)
[70128309735] [[35mTRACE[0m] [bran::arch::x86_64::idt] [CPU0] PS/2 byte received: 0xc8 (is_aux=false)
[70133225448] [[35mTRACE[0m] [kernel::irq::ps2] [CPU2] PS/2 take_scancode: popped 0xe0 (is_aux=false)
[70134300654] [[32mINFO [0m] [ps2_kbd] [CPU2] ps2_kbd: read scancode 0xe0
[70135716486] [[35mTRACE[0m] [kernel::irq::ps2] [CPU2] PS/2 take_scancode: popped 0xc8 (is_aux=false)
[70136683221] [[32mINFO [0m] [ps2_kbd] [CPU2] ps2_kbd: read scancode 0xc8
[70137434763] [[32mINFO [0m] [ps2_kbd] [CPU2] ps2_kbd: edge detected: Up { key: Up, mods: Mods(0) }
[70139609133] [[32mINFO [0m] [ps2_kbd] [CPU2] ps2_kbd: sent Up to bristle (pid=8)
[70142683347] [[35mTRACE[0m] [kernel::syscall::handlers::socket] [CPU2] RECVMSG: thing=3 data_len=40 caps_len=0 node=Pointer { addr: 0xffffffffb00d8d10, metadata: DynMetadata(0xffffffff802c7ed0) }
[70237913229] [[35mTRACE[0m] [kernel::task] [CPU2] SCHED: CPU 2 idle pulse
[70268328075] [[35mTRACE[0m] [sprout::supervisor] [CPU0] SPROUT: Supervisor tick...
[70271488386] [[35mTRACE[0m] [sprout::supervisor] [CPU0] SPROUT: Loop iteration: spawn_bristle_if_needed
[70272994737] [[35mTRACE[0m] [sprout::supervisor] [CPU0] SPROUT: Loop iteration: spawn_display_if_needed
[70274422449] [[35mTRACE[0m] [sprout::supervisor] [CPU0] SPROUT: Loop iteration: spawn_bloom_if_ready
[70275910782] [[35mTRACE[0m] [sprout::supervisor] [CPU0] SPROUT: Loop iteration: spawn_wayland_hello_if_ready
[70277443830] [[35mTRACE[0m] [sprout::supervisor] [CPU0] SPROUT: Loop iteration: spawn_clock_if_ready
[70278809238] [[35mTRACE[0m] [sprout::supervisor] [CPU0] SPROUT: Loop iteration: spawn_leaf_if_ready
[70280168937] [[35mTRACE[0m] [sprout::supervisor] [CPU0] SPROUT: Loop iteration: tick complete
[70281494580] [[34mDEBUG[0m] [sprout::supervisor] [CPU0] SPROUT: ServiceLoop waiting for next event...
[70366517727] [[34mDEBUG[0m] [kernel::vfs::provider] [CPU1] VFS_RPC: request op=DeviceCall len=48 tid=10
[70401545940] [[35mTRACE[0m] [display_virtio_gpu] [CPU3] display_virtio_gpu: VFS RPC op=DeviceCall
[70403601213] [[35mTRACE[0m] [display_virtio_gpu] [CPU3] DISP: DISPLAY_OP_GET_INFO requested
[70404390738] [[35mTRACE[0m] [display_virtio_gpu] [CPU3] DISP: Returning dimensions 1280x800
[70405232040] [[35mTRACE[0m] [display_virtio_gpu] [CPU3] display_virtio_gpu: VFS RPC response begin op=DeviceCall req_id=63
[70406922597] [[35mTRACE[0m] [display_virtio_gpu] [CPU3] display_virtio_gpu: VFS RPC response sent op=DeviceCall req_id=63
[70409302491] [[34mDEBUG[0m] [kernel::vfs::provider] [CPU1] VFS_RPC: response op=DeviceCall id=63 -> OK(48)
[70596388632] [[35mTRACE[0m] [sprout::supervisor] [CPU0] SPROUT: Supervisor tick...
[70597803309] [[35mTRACE[0m] [sprout::supervisor] [CPU0] SPROUT: Loop iteration: spawn_bristle_if_needed
[70599321936] [[35mTRACE[0m] [sprout::supervisor] [CPU0] SPROUT: Loop iteration: spawn_display_if_needed
[70600886169] [[35mTRACE[0m] [sprout::supervisor] [CPU0] SPROUT: Loop iteration: spawn_bloom_if_ready
[70602407502] [[35mTRACE[0m] [sprout::supervisor] [CPU0] SPROUT: Loop iteration: spawn_wayland_hello_if_ready
[70603879533] [[35mTRACE[0m] [sprout::supervisor] [CPU0] SPROUT: Loop iteration: spawn_clock_if_ready
[70605267843] [[35mTRACE[0m] [sprout::supervisor] [CPU0] SPROUT: Loop iteration: spawn_leaf_if_ready
[70606689384] [[35mTRACE[0m] [sprout::supervisor] [CPU0] SPROUT: Loop iteration: tick complete
[70607993676] [[34mDEBUG[0m] [sprout::supervisor] [CPU0] SPROUT: ServiceLoop waiting for next event...
[70925159745] [[35mTRACE[0m] [sprout::supervisor] [CPU0] SPROUT: Supervisor tick...
[70926659067] [[35mTRACE[0m] [sprout::supervisor] [CPU0] SPROUT: Loop iteration: spawn_bristle_if_needed
[70927977681] [[35mTRACE[0m] [sprout::supervisor] [CPU0] SPROUT: Loop iteration: spawn_display_if_needed
[70929953655] [[35mTRACE[0m] [sprout::supervisor] [CPU0] SPROUT: Loop iteration: spawn_bloom_if_ready
[70931562174] [[35mTRACE[0m] [sprout::supervisor] [CPU0] SPROUT: Loop iteration: spawn_wayland_hello_if_ready
[70933026681] [[35mTRACE[0m] [sprout::supervisor] [CPU0] SPROUT: Loop iteration: spawn_clock_if_ready
[70934379483] [[35mTRACE[0m] [sprout::supervisor] [CPU0] SPROUT: Loop iteration: spawn_leaf_if_ready
[70935743505] [[35mTRACE[0m] [sprout::supervisor] [CPU0] SPROUT: Loop iteration: tick complete
[70937016249] [[34mDEBUG[0m] [sprout::supervisor] [CPU0] SPROUT: ServiceLoop waiting for next event...
[71151979503] [[34mDEBUG[0m] [kernel::vfs::provider] [CPU1] VFS_RPC: request op=DeviceCall len=48 tid=10
[71190408102] [[35mTRACE[0m] [display_virtio_gpu] [CPU3] display_virtio_gpu: VFS RPC op=DeviceCall
[71191591086] [[35mTRACE[0m] [display_virtio_gpu] [CPU3] DISP: DISPLAY_OP_GET_INFO requested
[71192395098] [[35mTRACE[0m] [display_virtio_gpu] [CPU3] DISP: Returning dimensions 1280x800
[71193130404] [[35mTRACE[0m] [display_virtio_gpu] [CPU3] display_virtio_gpu: VFS RPC response begin op=DeviceCall req_id=64
[71195019291] [[35mTRACE[0m] [display_virtio_gpu] [CPU3] display_virtio_gpu: VFS RPC response sent op=DeviceCall req_id=64
[71198211315] [[34mDEBUG[0m] [kernel::vfs::provider] [CPU1] VFS_RPC: response op=DeviceCall id=64 -> OK(48)
[71253915876] [[35mTRACE[0m] [sprout::supervisor] [CPU0] SPROUT: Supervisor tick...
[71256418860] [[35mTRACE[0m] [sprout::supervisor] [CPU0] SPROUT: Loop iteration: spawn_bristle_if_needed
[71258013552] [[35mTRACE[0m] [sprout::supervisor] [CPU0] SPROUT: Loop iteration: spawn_display_if_needed
[71260710477] [[35mTRACE[0m] [sprout::supervisor] [CPU0] SPROUT: Loop iteration: spawn_bloom_if_ready
[71262160134] [[35mTRACE[0m] [sprout::supervisor] [CPU0] SPROUT: Loop iteration: spawn_wayland_hello_if_ready
[71263632396] [[35mTRACE[0m] [sprout::supervisor] [CPU0] SPROUT: Loop iteration: spawn_clock_if_ready
[71265327573] [[35mTRACE[0m] [sprout::supervisor] [CPU0] SPROUT: Loop iteration: spawn_leaf_if_ready
[71266688262] [[35mTRACE[0m] [sprout::supervisor] [CPU0] SPROUT: Loop iteration: tick complete
[71268014565] [[34mDEBUG[0m] [sprout::supervisor] [CPU0] SPROUT: ServiceLoop waiting for next event...
[71584369494] [[35mTRACE[0m] [sprout::supervisor] [CPU0] SPROUT: Supervisor tick...
[71586410874] [[35mTRACE[0m] [sprout::supervisor] [CPU0] SPROUT: Loop iteration: spawn_bristle_if_needed
[71588709126] [[35mTRACE[0m] [sprout::supervisor] [CPU0] SPROUT: Loop iteration: spawn_display_if_needed
[71590128621] [[35mTRACE[0m] [sprout::supervisor] [CPU0] SPROUT: Loop iteration: spawn_bloom_if_ready
[71591616228] [[35mTRACE[0m] [sprout::supervisor] [CPU0] SPROUT: Loop iteration: spawn_wayland_hello_if_ready
[71592994968] [[35mTRACE[0m] [sprout::supervisor] [CPU0] SPROUT: Loop iteration: spawn_clock_if_ready
[71594400504] [[35mTRACE[0m] [sprout::supervisor] [CPU0] SPROUT: Loop iteration: spawn_leaf_if_ready
[71595831153] [[35mTRACE[0m] [sprout::supervisor] [CPU0] SPROUT: Loop iteration: tick complete
[71597255532] [[34mDEBUG[0m] [sprout::supervisor] [CPU0] SPROUT: ServiceLoop waiting for next event...
[71912533143] [[35mTRACE[0m] [sprout::supervisor] [CPU0] SPROUT: Supervisor tick...
[71914251288] [[35mTRACE[0m] [sprout::supervisor] [CPU0] SPROUT: Loop iteration: spawn_bristle_if_needed
[71915865318] [[35mTRACE[0m] [sprout::supervisor] [CPU0] SPROUT: Loop iteration: spawn_display_if_needed
[71917255674] [[35mTRACE[0m] [sprout::supervisor] [CPU0] SPROUT: Loop iteration: spawn_bloom_if_ready
[71918634612] [[35mTRACE[0m] [sprout::supervisor] [CPU0] SPROUT: Loop iteration: spawn_wayland_hello_if_ready
[71920167198] [[35mTRACE[0m] [sprout::supervisor] [CPU0] SPROUT: Loop iteration: spawn_clock_if_ready
[71921554188] [[35mTRACE[0m] [sprout::supervisor] [CPU0] SPROUT: Loop iteration: spawn_leaf_if_ready
[71922896958] [[35mTRACE[0m] [sprout::supervisor] [CPU0] SPROUT: Loop iteration: tick complete
[71925776934] [[34mDEBUG[0m] [sprout::supervisor] [CPU0] SPROUT: ServiceLoop waiting for next event...
[71944256868] [[34mDEBUG[0m] [kernel::vfs::provider] [CPU1] VFS_RPC: request op=DeviceCall len=48 tid=10
[71946743451] [[35mTRACE[0m] [display_virtio_gpu] [CPU3] display_virtio_gpu: VFS RPC op=DeviceCall
[71948870103] [[35mTRACE[0m] [display_virtio_gpu] [CPU3] DISP: DISPLAY_OP_GET_INFO requested
[71949638838] [[35mTRACE[0m] [display_virtio_gpu] [CPU3] DISP: Returning dimensions 1280x800
[71950207329] [[35mTRACE[0m] [display_virtio_gpu] [CPU3] display_virtio_gpu: VFS RPC response begin op=DeviceCall req_id=65
[71951872377] [[35mTRACE[0m] [display_virtio_gpu] [CPU3] display_virtio_gpu: VFS RPC response sent op=DeviceCall req_id=65
[71954144691] [[34mDEBUG[0m] [kernel::vfs::provider] [CPU1] VFS_RPC: response op=DeviceCall id=65 -> OK(48)
[72242994252] [[35mTRACE[0m] [sprout::supervisor] [CPU0] SPROUT: Supervisor tick...
[72245121300] [[35mTRACE[0m] [sprout::supervisor] [CPU0] SPROUT: Loop iteration: spawn_bristle_if_needed
[72246637419] [[35mTRACE[0m] [sprout::supervisor] [CPU0] SPROUT: Loop iteration: spawn_display_if_needed
[72248091003] [[35mTRACE[0m] [sprout::supervisor] [CPU0] SPROUT: Loop iteration: spawn_bloom_if_ready
[72249528087] [[35mTRACE[0m] [sprout::supervisor] [CPU0] SPROUT: Loop iteration: spawn_wayland_hello_if_ready
[72250934052] [[35mTRACE[0m] [sprout::supervisor] [CPU0] SPROUT: Loop iteration: spawn_clock_if_ready
[72252275436] [[35mTRACE[0m] [sprout::supervisor] [CPU0] SPROUT: Loop iteration: spawn_leaf_if_ready
[72253681104] [[35mTRACE[0m] [sprout::supervisor] [CPU0] SPROUT: Loop iteration: tick complete
[72254971866] [[34mDEBUG[0m] [sprout::supervisor] [CPU0] SPROUT: ServiceLoop waiting for next event...
[72569284854] [[35mTRACE[0m] [sprout::supervisor] [CPU0] SPROUT: Supervisor tick...
[72572182089] [[35mTRACE[0m] [sprout::supervisor] [CPU0] SPROUT: Loop iteration: spawn_bristle_if_needed
[72573415035] [[35mTRACE[0m] [sprout::supervisor] [CPU0] SPROUT: Loop iteration: spawn_display_if_needed
[72575435295] [[35mTRACE[0m] [sprout::supervisor] [CPU0] SPROUT: Loop iteration: spawn_bloom_if_ready
[72576892971] [[35mTRACE[0m] [sprout::supervisor] [CPU0] SPROUT: Loop iteration: spawn_wayland_hello_if_ready
[72578338371] [[35mTRACE[0m] [sprout::supervisor] [CPU0] SPROUT: Loop iteration: spawn_clock_if_ready
[72579740046] [[35mTRACE[0m] [sprout::supervisor] [CPU0] SPROUT: Loop iteration: spawn_leaf_if_ready
[72581089449] [[35mTRACE[0m] [sprout::supervisor] [CPU0] SPROUT: Loop iteration: tick complete
[72582473634] [[34mDEBUG[0m] [sprout::supervisor] [CPU0] SPROUT: ServiceLoop waiting for next event...
[72768231459] [[34mDEBUG[0m] [kernel::vfs::provider] [CPU1] VFS_RPC: request op=DeviceCall len=48 tid=10
[72802194663] [[35mTRACE[0m] [display_virtio_gpu] [CPU3] display_virtio_gpu: VFS RPC op=DeviceCall
[72803675373] [[35mTRACE[0m] [display_virtio_gpu] [CPU3] DISP: DISPLAY_OP_GET_INFO requested
[72804259077] [[35mTRACE[0m] [display_virtio_gpu] [CPU3] DISP: Returning dimensions 1280x800
[72804817932] [[35mTRACE[0m] [display_virtio_gpu] [CPU3] display_virtio_gpu: VFS RPC response begin op=DeviceCall req_id=66
[72806520600] [[35mTRACE[0m] [display_virtio_gpu] [CPU3] display_virtio_gpu: VFS RPC response sent op=DeviceCall req_id=66
[72810378333] [[34mDEBUG[0m] [kernel::vfs::provider] [CPU1] VFS_RPC: response op=DeviceCall id=66 -> OK(48)
[72899663067] [[35mTRACE[0m] [sprout::supervisor] [CPU0] SPROUT: Supervisor tick...
[72901339830] [[35mTRACE[0m] [sprout::supervisor] [CPU0] SPROUT: Loop iteration: spawn_bristle_if_needed
[72902993196] [[35mTRACE[0m] [sprout::supervisor] [CPU0] SPROUT: Loop iteration: spawn_display_if_needed
[72904409655] [[35mTRACE[0m] [sprout::supervisor] [CPU0] SPROUT: Loop iteration: spawn_bloom_if_ready
[72905825256] [[35mTRACE[0m] [sprout::supervisor] [CPU0] SPROUT: Loop iteration: spawn_wayland_hello_if_ready
[72907294845] [[35mTRACE[0m] [sprout::supervisor] [CPU0] SPROUT: Loop iteration: spawn_clock_if_ready
[72908893497] [[35mTRACE[0m] [sprout::supervisor] [CPU0] SPROUT: Loop iteration: spawn_leaf_if_ready
[72910230921] [[35mTRACE[0m] [sprout::supervisor] [CPU0] SPROUT: Loop iteration: tick complete
[72911603556] [[34mDEBUG[0m] [sprout::supervisor] [CPU0] SPROUT: ServiceLoop waiting for next event...
[73230063951] [[35mTRACE[0m] [sprout::supervisor] [CPU0] SPROUT: Supervisor tick...
[73232577297] [[35mTRACE[0m] [sprout::supervisor] [CPU0] SPROUT: Loop iteration: spawn_bristle_if_needed
[73234836741] [[35mTRACE[0m] [sprout::supervisor] [CPU0] SPROUT: Loop iteration: spawn_display_if_needed
[73237115688] [[35mTRACE[0m] [sprout::supervisor] [CPU0] SPROUT: Loop iteration: spawn_bloom_if_ready
[73239186009] [[35mTRACE[0m] [sprout::supervisor] [CPU0] SPROUT: Loop iteration: spawn_wayland_hello_if_ready
[73241420769] [[35mTRACE[0m] [sprout::supervisor] [CPU0] SPROUT: Loop iteration: spawn_clock_if_ready
[73243473072] [[35mTRACE[0m] [sprout::supervisor] [CPU0] SPROUT: Loop iteration: spawn_leaf_if_ready
[73245540885] [[35mTRACE[0m] [sprout::supervisor] [CPU0] SPROUT: Loop iteration: tick complete
[73247597346] [[34mDEBUG[0m] [sprout::supervisor] [CPU0] SPROUT: ServiceLoop waiting for next event...
[73447258830] [[35mTRACE[0m] [kernel::task] [CPU1] SCHED: CPU 1 idle pulse
[73556667591] [[34mDEBUG[0m] [kernel::vfs::provider] [CPU1] VFS_RPC: request op=DeviceCall len=48 tid=10
[73589846418] [[35mTRACE[0m] [sprout::supervisor] [CPU0] SPROUT: Supervisor tick...
[73591306206] [[35mTRACE[0m] [display_virtio_gpu] [CPU3] display_virtio_gpu: VFS RPC op=DeviceCall
[73592491830] [[35mTRACE[0m] [display_virtio_gpu] [CPU3] DISP: DISPLAY_OP_GET_INFO requested
[73593149685] [[35mTRACE[0m] [display_virtio_gpu] [CPU3] DISP: Returning dimensions 1280x800
[73593738108] [[35mTRACE[0m] [display_virtio_gpu] [CPU3] display_virtio_gpu: VFS RPC response begin op=DeviceCall req_id=67
[73595365437] [[35mTRACE[0m] [display_virtio_gpu] [CPU3] display_virtio_gpu: VFS RPC response sent op=DeviceCall req_id=67
[73597918911] [[35mTRACE[0m] [sprout::supervisor] [CPU0] SPROUT: Loop iteration: spawn_bristle_if_needed
[73599303162] [[35mTRACE[0m] [sprout::supervisor] [CPU0] SPROUT: Loop iteration: spawn_display_if_needed
[73599756879] [[34mDEBUG[0m] [kernel::vfs::provider] [CPU1] VFS_RPC: response op=DeviceCall id=67 -> OK(48)
[73601465850] [[35mTRACE[0m] [sprout::supervisor] [CPU0] SPROUT: Loop iteration: spawn_bloom_if_ready
[73602866106] [[35mTRACE[0m] [sprout::supervisor] [CPU0] SPROUT: Loop iteration: spawn_wayland_hello_if_ready
[73604263920] [[35mTRACE[0m] [sprout::supervisor] [CPU0] SPROUT: Loop iteration: spawn_clock_if_ready
[73605577551] [[35mTRACE[0m] [sprout::supervisor] [CPU0] SPROUT: Loop iteration: spawn_leaf_if_ready
[73607025096] [[35mTRACE[0m] [sprout::supervisor] [CPU0] SPROUT: Loop iteration: tick complete
[73608416178] [[34mDEBUG[0m] [sprout::supervisor] [CPU0] SPROUT: ServiceLoop waiting for next event...
[73918199256] [[35mTRACE[0m] [sprout::supervisor] [CPU0] SPROUT: Supervisor tick...
[73920597036] [[35mTRACE[0m] [sprout::supervisor] [CPU0] SPROUT: Loop iteration: spawn_bristle_if_needed
[73922304852] [[35mTRACE[0m] [sprout::supervisor] [CPU0] SPROUT: Loop iteration: spawn_display_if_needed
[73923779127] [[35mTRACE[0m] [sprout::supervisor] [CPU0] SPROUT: Loop iteration: spawn_bloom_if_ready
[73925259804] [[35mTRACE[0m] [sprout::supervisor] [CPU0] SPROUT: Loop iteration: spawn_wayland_hello_if_ready
[73926704676] [[35mTRACE[0m] [sprout::supervisor] [CPU0] SPROUT: Loop iteration: spawn_clock_if_ready
[73928072130] [[35mTRACE[0m] [sprout::supervisor] [CPU0] SPROUT: Loop iteration: spawn_leaf_if_ready
[73929457371] [[35mTRACE[0m] [sprout::supervisor] [CPU0] SPROUT: Loop iteration: tick complete
[73930739784] [[34mDEBUG[0m] [sprout::supervisor] [CPU0] SPROUT: ServiceLoop waiting for next event...
[74051295945] [[32mINFO [0m] [clock] [CPU1] clock: tick local=2026-05-01 15:20:46 UTC-8 system_unix=1777677646.457961471
[74248147347] [[35mTRACE[0m] [sprout::supervisor] [CPU0] SPROUT: Supervisor tick...
[74249747814] [[35mTRACE[0m] [sprout::supervisor] [CPU0] SPROUT: Loop iteration: spawn_bristle_if_needed
[74251248192] [[35mTRACE[0m] [sprout::supervisor] [CPU0] SPROUT: Loop iteration: spawn_display_if_needed
[74252866644] [[35mTRACE[0m] [sprout::supervisor] [CPU0] SPROUT: Loop iteration: spawn_bloom_if_ready
[74254278021] [[35mTRACE[0m] [sprout::supervisor] [CPU0] SPROUT: Loop iteration: spawn_wayland_hello_if_ready
[74255781699] [[35mTRACE[0m] [
[hunter] running random action
sprout::supervisor] [CPU0] SPROUT: Loop iteration: spawn_clock_if_ready
[74257145556] [[35mTRACE[0m] [sprout::supervisor] [CPU0] SPROUT: Loop iteration: spawn_leaf_if_ready
[74258577228] [[35mTRACE[0m] [sprout::supervisor] [CPU0] SPROUT: Loop iteration: tick complete
[74259982467] [[34mDEBUG[0m] [sprout::supervisor] [CPU0] SPROUT: ServiceLoop waiting for next event...
[74344475436] [[34mDEBUG[0m] [kernel::vfs::provider] [CPU1] VFS_RPC: request op=DeviceCall len=48 tid=10
[74348095800] [[35mTRACE[0m] [display_virtio_gpu] [CPU3] display_virtio_gpu: VFS RPC op=DeviceCall
[74349294624] [[35mTRACE[0m] [display_virtio_gpu] [CPU3] DISP: DISPLAY_OP_GET_INFO requested
[74350041612] [[35mTRACE[0m] [display_virtio_gpu] [CPU3] DISP: Returning dimensions 1280x800
[74350775466] [[35mTRACE[0m] [display_virtio_gpu] [CPU3] display_virtio_gpu: VFS RPC response begin op=DeviceCall req_id=68
[74352821268] [[35mTRACE[0m] [display_virtio_gpu] [CPU3] display_virtio_gpu: VFS RPC response sent op=DeviceCall req_id=68
[74355348705] [[34mDEBUG[0m] [kernel::vfs::provider] [CPU1] VFS_RPC: response op=DeviceCall id=68 -> OK(48)
[74364405456] [[35mTRACE[0m] [bran::arch::x86_64::idt] [CPU0] PS/2 byte received: 0x18 (is_aux=true)
[74365169406] [[35mTRACE[0m] [bran::arch::x86_64::idt] [CPU0] PS/2 byte received: 0x81 (is_aux=true)
[74365769478] [[35mTRACE[0m] [bran::arch::x86_64::idt] [CPU0] PS/2 byte received: 0x7f (is_aux=true)
[74365875210] [[35mTRACE[0m] [bran::arch::x86_64::idt] [CPU1] PS/2 byte received: 0x18 (is_aux=true)
[74366682324] [[35mTRACE[0m] [bran::arch::x86_64::idt] [CPU0] PS/2 byte received: 0x81 (is_aux=true)
[74367270582] [[35mTRACE[0m] [bran::arch::x86_64::idt] [CPU1] PS/2 byte received: 0x7f (is_aux=true)
[74367502968] [[35mTRACE[0m] [bran::arch::x86_64::idt] [CPU0] PS/2 byte received: 0x18 (is_aux=true)
[74368278864] [[35mTRACE[0m] [bran::arch::x86_64::idt] [CPU1] PS/2 byte received: 0x81 (is_aux=true)
[74368474884] [[35mTRACE[0m] [bran::arch::x86_64::idt] [CPU0] PS/2 byte received: 0x7f (is_aux=true)
[74369275266] [[35mTRACE[0m] [bran::arch::x86_64::idt] [CPU1] PS/2 byte received: 0x18 (is_aux=true)
[74369462442] [[35mTRACE[0m] [bran::arch::x86_64::idt] [CPU0] PS/2 byte received: 0x81 (is_aux=true)
[74370348360] [[35mTRACE[0m] [bran::arch::x86_64::idt] [CPU1] PS/2 byte received: 0x7f (is_aux=true)
[74370529101] [[35mTRACE[0m] [bran::arch::x86_64::idt] [CPU0] PS/2 byte received: 0x18 (is_aux=true)
[74370963744] [[35mTRACE[0m] [bran::arch::x86_64::idt] [CPU1] PS/2 byte received: 0x81 (is_aux=true)
[74371165836] [[35mTRACE[0m] [bran::arch::x86_64::idt] [CPU0] PS/2 byte received: 0x7f (is_aux=true)
[74378757651] [[35mTRACE[0m] [ps2_kbd] [CPU2] ps2_kbd: yield on AUX data (mouse packet)
[74379175266] [[35mTRACE[0m] [kernel::irq::ps2] [CPU3] PS/2 take_scancode: popped 0x18 (is_aux=true)
[74381240076] [[35mTRACE[0m] [kernel::irq::ps2] [CPU3] PS/2 take_scancode: popped 0x81 (is_aux=true)
[74382953403] [[35mTRACE[0m] [kernel::irq::ps2] [CPU3] PS/2 take_scancode: popped 0x7f (is_aux=true)
[74384647788] [[35mTRACE[0m] [kernel::irq::ps2] [CPU3] PS/2 take_scancode: popped 0x18 (is_aux=true)
[74386492950] [[35mTRACE[0m] [kernel::irq::ps2] [CPU3] PS/2 take_scancode: popped 0x81 (is_aux=true)
[74388105165] [[35mTRACE[0m] [kernel::irq::ps2] [CPU3] PS/2 take_scancode: popped 0x7f (is_aux=true)
[74389609206] [[35mTRACE[0m] [kernel::irq::ps2] [CPU3] PS/2 take_scancode: popped 0x18 (is_aux=true)
[74390996559] [[35mTRACE[0m] [kernel::irq::ps2] [CPU3] PS/2 take_scancode: popped 0x81 (is_aux=true)
[74392494363] [[35mTRACE[0m] [kernel::irq::ps2] [CPU3] PS/2 take_scancode: popped 0x7f (is_aux=true)
[74393986557] [[35mTRACE[0m] [kernel::irq::ps2] [CPU3] PS/2 take_scancode: popped 0x18 (is_aux=true)
[74395444002] [[35mTRACE[0m] [kernel::irq::ps2] [CPU3] PS/2 take_scancode: popped 0x81 (is_aux=true)
[74396998995] [[35mTRACE[0m] [kernel::irq::ps2] [CPU3] PS/2 take_scancode: popped 0x7f (is_aux=true)
[74398488516] [[35mTRACE[0m] [kernel::irq::ps2] [CPU3] PS/2 take_scancode: popped 0x18 (is_aux=true)
[74400129540] [[35mTRACE[0m] [kernel::irq::ps2] [CPU3] PS/2 take_scancode: popped 0x81 (is_aux=true)
[74401646385] [[35mTRACE[0m] [kernel::irq::ps2] [CPU3] PS/2 take_scancode: popped 0x7f (is_aux=true)
[74576661456] [[35mTRACE[0m] [sprout::supervisor] [CPU0] SPROUT: Supervisor tick...
[74578131606] [[35mTRACE[0m] [sprout::supervisor] [CPU0] SPROUT: Loop iteration: spawn_bristle_if_needed
[74579692341] [[35mTRACE[0m] [sprout::supervisor] [CPU0] SPROUT: Loop iteration: spawn_display_if_needed
[74581977855] [[35mTRACE[0m] [sprout::supervisor] [CPU0] SPROUT: Loop iteration: spawn_bloom_if_ready
[74583407052] [[35mTRACE[0m] [sprout::supervisor] [CPU0] SPROUT: Loop iteration: spawn_wayland_hello_if_ready
[74584927461] [[35mTRACE[0m] [sprout::supervisor] [CPU0] SPROUT: Loop iteration: spawn_clock_if_ready
[74586285642] [[35mTRACE[0m] [sprout::supervisor] [CPU0] SPROUT: Loop iteration: spawn_leaf_if_ready
[74587662039] [[35mTRACE[0m] [sprout::supervisor] [CPU0] SPROUT: Loop iteration: tick complete
[74588999232] [[34mDEBUG[0m] [sprout::supervisor] [CPU0] SPROUT: ServiceLoop waiting for next event...
[74636593251] [[35mTRACE[0m] [bran::arch::x86_64::idt] [CPU0] PS/2 byte received: 0x18 (is_aux=true)
[74637088548] [[35mTRACE[0m] [bran::arch::x86_64::idt] [CPU3] PS/2 byte received: 0x81 (is_aux=true)
[74637325851] [[35mTRACE[0m] [bran::arch::x86_64::idt] [CPU0] PS/2 byte received: 0x7f (is_aux=true)
[74637668160] [[35mTRACE[0m] [bran::arch::x86_64::idt] [CPU3] PS/2 byte received: 0x18 (is_aux=true)
[74638070991] [[35mTRACE[0m] [bran::arch::x86_64::idt] [CPU0] PS/2 byte received: 0x81 (is_aux=true)
[74638183125] [[35mTRACE[0m] [bran::arch::x86_64::idt] [CPU3] PS/2 byte received: 0x7f (is_aux=true)
[74638749207] [[35mTRACE[0m] [bran::arch::x86_64::idt] [CPU0] PS/2 byte received: 0x18 (is_aux=true)
[74638842960] [[35mTRACE[0m] [bran::arch::x86_64::idt] [CPU3] PS/2 byte received: 0x81 (is_aux=true)
[74639363733] [[35mTRACE[0m] [bran::arch::x86_64::idt] [CPU0] PS/2 byte received: 0x7f (is_aux=true)
[74639473392] [[35mTRACE[0m] [bran::arch::x86_64::idt] [CPU3] PS/2 byte received: 0x18 (is_aux=true)
[74639986212] [[35mTRACE[0m] [bran::arch::x86_64::idt] [CPU0] PS/2 byte received: 0x81 (is_aux=true)
[74640086202] [[35mTRACE[0m] [bran::arch::x86_64::idt] [CPU3] PS/2 byte received: 0x7f (is_aux=true)
[74640639744] [[35mTRACE[0m] [bran::arch::x86_64::idt] [CPU0] PS/2 byte received: 0x18 (is_aux=true)
[74640734619] [[35mTRACE[0m] [bran::arch::x86_64::idt] [CPU3] PS/2 byte received: 0x81 (is_aux=true)
[74641245987] [[35mTRACE[0m] [bran::arch::x86_64::idt] [CPU0] PS/2 byte received: 0x7f (is_aux=true)
[74646237732] [[35mTRACE[0m] [kernel::irq::ps2] [CPU3] PS/2 take_scancode: popped 0x18 (is_aux=true)
[74648657721] [[35mTRACE[0m] [kernel::irq::ps2] [CPU3] PS/2 take_scancode: popped 0x81 (is_aux=true)
[74650333428] [[35mTRACE[0m] [kernel::irq::ps2] [CPU3] PS/2 take_scancode: popped 0x7f (is_aux=true)
[74650807011] [[35mTRACE[0m] [ps2_kbd] [CPU2] ps2_kbd: yield on AUX data (mouse packet)
[74660777334] [[35mTRACE[0m] [kernel::irq::ps2] [CPU3] PS/2 take_scancode: popped 0x18 (is_aux=true)
[74662435980] [[35mTRACE[0m] [kernel::irq::ps2] [CPU3] PS/2 take_scancode: popped 0x81 (is_aux=true)
[74664021597] [[35mTRACE[0m] [kernel::irq::ps2] [CPU3] PS/2 take_scancode: popped 0x7f (is_aux=true)
[74666180259] [[35mTRACE[0m] [kernel::irq::ps2] [CPU3] PS/2 take_scancode: popped 0x18 (is_aux=true)
[74667719478] [[35mTRACE[0m] [kernel::irq::ps2] [CPU3] PS/2 take_scancode: popped 0x81 (is_aux=true)
[74669170719] [[35mTRACE[0m] [kernel::irq::ps2] [CPU3] PS/2 take_scancode: popped 0x7f (is_aux=true)
[74678487114] [[35mTRACE[0m] [kernel::irq::ps2] [CPU3] PS/2 take_scancode: popped 0x18 (is_aux=true)
[74680087746] [[35mTRACE[0m] [kernel::irq::ps2] [CPU3] PS/2 take_scancode: popped 0x81 (is_aux=true)
[74681565288] [[35mTRACE[0m] [kernel::irq::ps2] [CPU3] PS/2 take_scancode: popped 0x7f (is_aux=true)
[74683260663] [[35mTRACE[0m] [kernel::irq::ps2] [CPU3] PS/2 take_scancode: popped 0x18 (is_aux=true)
[74684745333] [[35mTRACE[0m] [kernel::irq::ps2] [CPU3] PS/2 take_scancode: popped 0x81 (is_aux=true)
[74686204791] [[35mTRACE[0m] [kernel::irq::ps2] [CPU3] PS/2 take_scancode: popped 0x7f (is_aux=true)
[74905038054] [[35mTRACE[0m] [sprout::supervisor] [CPU0] SPROUT: Supervisor tick...
[74906525265] [[35mTRACE[0m] [sprout::supervisor] [CPU0] SPROUT: Loop iteration: spawn_bristle_if_needed
[74908532226] [[35mTRACE[0m] [sprout::supervisor] [CPU0] SPROUT: Loop iteration: spawn_display_if_needed
[74910397848] [[35mTRACE[0m] [bran::arch::x86_64::idt] [CPU0] PS/2 byte received: 0x19 (is_aux=true)
[74911110813] [[35mTRACE[0m] [bran::arch::x86_64::idt] [CPU0] PS/2 byte received: 0x81 (is_aux=true)
[74911730520] [[35mTRACE[0m] [bran::arch::x86_64::idt] [CPU0] PS/2 byte received: 0x7f (is_aux=true)
[74912195655] [[35mTRACE[0m] [bran::arch::x86_64::idt] [CPU0] PS/2 byte received: 0x19 (is_aux=true)
[74912642871] [[35mTRACE[0m] [bran::arch::x86_64::idt] [CPU0] PS/2 byte received: 0x81 (is_aux=true)
[74913088437] [[35mTRACE[0m] [bran::arch::x86_64::idt] [CPU0] PS/2 byte received: 0x7f (is_aux=true)
[74913532485] [[35mTRACE[0m] [bran::arch::x86_64::idt] [CPU0] PS/2 byte received: 0x19 (is_aux=true)
[74914059000] [[35mTRACE[0m] [bran::arch::x86_64::idt] [CPU0] PS/2 byte received: 0x81 (is_aux=true)
[74914527237] [[35mTRACE[0m] [bran::arch::x86_64::idt] [CPU0] PS/2 byte received: 0x7f (is_aux=true)
[74914987257] [[35mTRACE[0m] [bran::arch::x86_64::idt] [CPU0] PS/2 byte received: 0x19 (is_aux=true)
[74915432889] [[35mTRACE[0m] [bran::arch::x86_64::idt] [CPU0] PS/2 byte received: 0x81 (is_aux=true)
[74915907495] [[35mTRACE[0m] [bran::arch::x86_64::idt] [CPU0] PS/2 byte received: 0x7f (is_aux=true)
[74916382035] [[35mTRACE[0m] [bran::arch::x86_64::idt] [CPU0] PS/2 byte received: 0x19 (is_aux=true)
[74916826974] [[35mTRACE[0m] [bran::arch::x86_64::idt] [CPU0] PS/2 byte received: 0x81 (is_aux=true)
[74917283430] [[35mTRACE[0m] [bran::arch::x86_64::idt] [CPU0] PS/2 byte received: 0x7f (is_aux=true)
[74923656885] [[35mTRACE[0m] [kernel::irq::ps2] [CPU3] PS/2 take_scancode: popped 0x19 (is_aux=true)
[74924341041] [[35mTRACE[0m] [sprout::supervisor] [CPU0] SPROUT: Loop iteration: spawn_bloom_if_ready
[74925561876] [[35mTRACE[0m] [kernel::irq::ps2] [CPU3] PS/2 take_scancode: popped 0x81 (is_aux=true)
[74928069711] [[35mTRACE[0m] [kernel::irq::ps2] [CPU3] PS/2 take_scancode: popped 0x7f (is_aux=true)
[74929395288] [[35mTRACE[0m] [kernel::irq::ps2] [CPU3] PS/2 take_scancode: popped 0x19 (is_aux=true)
[74930732745] [[35mTRACE[0m] [kernel::irq::ps2] [CPU3] PS/2 take_scancode: popped 0x81 (is_aux=true)
[74932026180] [[35mTRACE[0m] [kernel::irq::ps2] [CPU3] PS/2 take_scancode: popped 0x7f (is_aux=true)
[74940236019] [[35mTRACE[0m] [sprout::supervisor] [CPU0] SPROUT: Loop iteration: spawn_wayland_hello_if_ready
[74941859256] [[35mTRACE[0m] [sprout::supervisor] [CPU0] SPROUT: Loop iteration: spawn_clock_if_ready
[74943900405] [[35mTRACE[0m] [sprout::supervisor] [CPU0] SPROUT: Loop iteration: spawn_leaf_if_ready
[74945226015] [[35mTRACE[0m] [sprout::supervisor] [CPU0] SPROUT: Loop iteration: tick complete
[74945503479] [[35mTRACE[0m] [kernel::irq::ps2] [CPU3] PS/2 take_scancode: popped 0x19 (is_aux=true)
[74947203276] [[35mTRACE[0m] [kernel::irq::ps2] [CPU3] PS/2 take_scancode: popped 0x81 (is_aux=true)
[74947243932] [[34mDEBUG[0m] [sprout::supervisor] [CPU0] SPROUT: ServiceLoop waiting for next event...
[74948735895] [[35mTRACE[0m] [kernel::irq::ps2] [CPU3] PS/2 take_scancode: popped 0x7f (is_aux=true)
[74950054179] [[35mTRACE[0m] [kernel::irq::ps2] [CPU3] PS/2 take_scancode: popped 0x19 (is_aux=true)
[74951552412] [[35mTRACE[0m] [kernel::irq::ps2] [CPU3] PS/2 take_scancode: popped 0x81 (is_aux=true)
[74953056585] [[35mTRACE[0m] [kernel::irq::ps2] [CPU3] PS/2 take_scancode: popped 0x7f (is_aux=true)
[74954610357] [[35mTRACE[0m] [kernel::irq::ps2] [CPU3] PS/2 take_scancode: popped 0x19 (is_aux=true)
[74957125287] [[35mTRACE[0m] [kernel::irq::ps2] [CPU3] PS/2 take_scancode: popped 0x81 (is_aux=true)
[74958713742] [[35mTRACE[0m] [kernel::irq::ps2] [CPU3] PS/2 take_scancode: popped 0x7f (is_aux=true)
[75168578331] [[34mDEBUG[0m] [kernel::vfs::provider] [CPU1] VFS_RPC: request op=DeviceCall len=48 tid=10
[75173031186] [[35mTRACE[0m] [display_virtio_gpu] [CPU3] display_virtio_gpu: VFS RPC op=DeviceCall
[75174141141] [[35mTRACE[0m] [display_virtio_gpu] [CPU3] DISP: DISPLAY_OP_GET_INFO requested
[75174889152] [[35mTRACE[0m] [display_virtio_gpu] [CPU3] DISP: Returning dimensions 1280x800
[75175596111] [[35mTRACE[0m] [display_virtio_gpu] [CPU3] display_virtio_gpu: VFS RPC response begin op=DeviceCall req_id=69
[75178038441] [[35mTRACE[0m] [display_virtio_gpu] [CPU3] display_virtio_gpu: VFS RPC response sent op=DeviceCall req_id=69
[75181144830] [[34mDEBUG[0m] [kernel::vfs::provider] [CPU1] VFS_RPC: response op=DeviceCall id=69 -> OK(48)
[75183607026] [[35mTRACE[0m] [bran::arch::x86_64::idt] [CPU0] PS/2 byte received: 0x19 (is_aux=true)
[75184517991] [[35mTRACE[0m] [bran::arch::x86_64::idt] [CPU0] PS/2 byte received: 0x81 (is_aux=true)
[75185310684] [[35mTRACE[0m] [bran::arch::x86_64::idt] [CPU0] PS/2 byte received: 0x7f (is_aux=true)
[75186062292] [[35mTRACE[0m] [bran::arch::x86_64::idt] [CPU0] PS/2 byte received: 0x19 (is_aux=true)
[75188223957] [[35mTRACE[0m] [bran::arch::x86_64::idt] [CPU1] PS/2 byte received: 0x81 (is_aux=true)
[75188536698] [[35mTRACE[0m] [bran::arch::x86_64::idt] [CPU0] PS/2 byte received: 0x7f (is_aux=true)
[75188938110] [[35mTRACE[0m] [bran::arch::x86_64::idt] [CPU1] PS/2 byte received: 0x19 (is_aux=true)
[75189182805] [[35mTRACE[0m] [bran::arch::x86_64::idt] [CPU0] PS/2 byte received: 0x81 (is_aux=true)
[75189573789] [[35mTRACE[0m] [bran::arch::x86_64::idt] [CPU1] PS/2 byte received: 0x7f (is_aux=true)
[75189882933] [[35mTRACE[0m] [bran::arch::x86_64::idt] [CPU0] PS/2 byte received: 0x19 (is_aux=true)
[75190174521] [[35mTRACE[0m] [bran::arch::x86_64::idt] [CPU1] PS/2 byte received: 0x81 (is_aux=true)
[75190530657] [[35mTRACE[0m] [bran::arch::x86_64::idt] [CPU0] PS/2 byte received: 0x7f (is_aux=true)
[75190761921] [[35mTRACE[0m] [bran::arch::x86_64::idt] [CPU1] PS/2 byte received: 0x19 (is_aux=true)
[75190929000] [[35mTRACE[0m] [bran::arch::x86_64::idt] [CPU0] PS/2 byte received: 0x81 (is_aux=true)
[75191139243] [[35mTRACE[0m] [bran::arch::x86_64::idt] [CPU1] PS/2 byte received: 0x7f (is_aux=true)
[75202481904] [[35mTRACE[0m] [ps2_kbd] [CPU2] ps2_kbd: yield on AUX data (mouse packet)
[75202533054] [[35mTRACE[0m] [kernel::irq::ps2] [CPU3] PS/2 take_scancode: popped 0x19 (is_aux=true)
[75204581529] [[35mTRACE[0m] [kernel::irq::ps2] [CPU3] PS/2 take_scancode: popped 0x81 (is_aux=true)
[75206406231] [[35mTRACE[0m] [kernel::irq::ps2] [CPU3] PS/2 take_scancode: popped 0x7f (is_aux=true)
[75208092795] [[35mTRACE[0m] [kernel::irq::ps2] [CPU3] PS/2 take_scancode: popped 0x19 (is_aux=true)
[75209408274] [[35mTRACE[0m] [kernel::irq::ps2] [CPU3] PS/2 take_scancode: popped 0x81 (is_aux=true)
[75210817374] [[35mTRACE[0m] [kernel::irq::ps2] [CPU3] PS/2 take_scancode: popped 0x7f (is_aux=true)
[75212226573] [[35mTRACE[0m] [kernel::irq::ps2] [CPU3] PS/2 take_scancode: popped 0x19 (is_aux=true)
[75213675438] [[35mTRACE[0m] [kernel::irq::ps2] [CPU3] PS/2 take_scancode: popped 0x81 (is_aux=true)
[75223156503] [[35mTRACE[0m] [kernel::irq::ps2] [CPU3] PS/2 take_scancode: popped 0x7f (is_aux=true)
[75233028882] [[35mTRACE[0m] [kernel::irq::ps2] [CPU3] PS/2 take_scancode: popped 0x19 (is_aux=true)
[75234848007] [[35mTRACE[0m] [kernel::irq::ps2] [CPU3] PS/2 take_scancode: popped 0x81 (is_aux=true)
[75236365446] [[35mTRACE[0m] [kernel::irq::ps2] [CPU3] PS/2 take_scancode: popped 0x7f (is_aux=true)
[75237931593] [[35mTRACE[0m] [kernel::irq::ps2] [CPU3] PS/2 take_scancode: popped 0x19 (is_aux=true)
[75239365377] [[35mTRACE[0m] [kernel::irq::ps2] [CPU3] PS/2 take_scancode: popped 0x81 (is_aux=true)
[75240847803] [[35mTRACE[0m] [kernel::irq::ps2] [CPU3] PS/2 take_scancode: popped 0x7f (is_aux=true)
[75255580257] [[32mINFO [0m] [kernel::time] [CPU0] System clock tick: utc=2026-05-01 23:20:47.060819909 unix_secs=1777677647.060819909
[75265571106] [[35mTRACE[0m] [sprout::supervisor] [CPU0] SPROUT: Supervisor tick...
[75266948724] [[35mTRACE[0m] [sprout::supervisor] [CPU0] SPROUT: Loop iteration: spawn_bristle_if_needed
[75268300206] [[35mTRACE[0m] [sprout::supervisor] [CPU0] SPROUT: Loop iteration: spawn_display_if_needed
[75269804082] [[35mTRACE[0m] [sprout::supervisor] [CPU0] SPROUT: Loop iteration: spawn_bloom_if_ready
[75271161240] [[35mTRACE[0m] [sprout::supervisor] [CPU0] SPROUT: Loop iteration: spawn_wayland_hello_if_ready
[75272625450] [[35mTRACE[0m] [sprout::supervisor] [CPU0] SPROUT: Loop iteration: spawn_clock_if_ready
[75274083126] [[35mTRACE[0m] [sprout::supervisor] [CPU0] SPROUT: Loop iteration: spawn_leaf_if_ready
[75275479620] [[35mTRACE[0m] [sprout::supervisor] [CPU0] SPROUT: Loop iteration: tick complete
[75276882615] [[34mDEBUG[0m] [sprout::supervisor] [CPU0] SPROUT: ServiceLoop waiting for next event...
[75340654422] [[35mTRACE[0m] [bran::arch::x86_64::idt] [CPU0] PS/2 byte received: 0x19 (is_aux=true)
[75341256540] [[35mTRACE[0m] [bran::arch::x86_64::idt] [CPU0] PS/2 byte received: 0x81 (is_aux=true)
[75341760318] [[35mTRACE[0m] [bran::arch::x86_64::idt] [CPU0] PS/2 byte received: 0x7f (is_aux=true)
[75342279441] [[35mTRACE[0m] [bran::arch::x86_64::idt] [CPU0] PS/2 byte received: 0x19 (is_aux=true)
[75342740253] [[35mTRACE[0m] [bran::arch::x86_64::idt] [CPU0] PS/2 byte received: 0x81 (is_aux=true)
[75343224693] [[35mTRACE[0m] [bran::arch::x86_64::idt] [CPU0] PS/2 byte received: 0x7f (is_aux=true)
[75343672965] [[35mTRACE[0m] [bran::arch::x86_64::idt] [CPU0] PS/2 byte received: 0x19 (is_aux=true)
[75344115957] [[35mTRACE[0m] [bran::arch::x86_64::idt] [CPU0] PS/2 byte received: 0x81 (is_aux=true)
[75344559147] [[35mTRACE[0m] [bran::arch::x86_64::idt] [CPU0] PS/2 byte received: 0x7f (is_aux=true)
[75344999763] [[35mTRACE[0m] [bran::arch::x86_64::idt] [CPU0] PS/2 byte received: 0x19 (is_aux=true)
[75345488592] [[35mTRACE[0m] [bran::arch::x86_64::idt] [CPU0] PS/2 byte received: 0x81 (is_aux=true)
[75345949635] [[35mTRACE[0m] [bran::arch::x86_64::idt] [CPU0] PS/2 byte received: 0x7f (is_aux=true)
[75346414473] [[35mTRACE[0m] [bran::arch::x86_64::idt] [CPU0] PS/2 byte received: 0x19 (is_aux=true)
[75346874427] [[35mTRACE[0m] [bran::arch::x86_64::idt] [CPU0] PS/2 byte received: 0x81 (is_aux=true)
[75347324646] [[35mTRACE[0m] [bran::arch::x86_64::idt] [CPU0] PS/2 byte received: 0x7f (is_aux=true)
[75351563265] [[35mTRACE[0m] [kernel::irq::ps2] [CPU3] PS/2 take_scancode: popped 0x19 (is_aux=true)
[75353049552] [[35mTRACE[0m] [kernel::irq::ps2] [CPU3] PS/2 take_scancode: popped 0x81 (is_aux=true)
[75354621705] [[35mTRACE[0m] [kernel::irq::ps2] [CPU3] PS/2 take_scancode: popped 0x7f (is_aux=true)
[75356160132] [[35mTRACE[0m] [kernel::irq::ps2] [CPU3] PS/2 take_scancode: popped 0x19 (is_aux=true)
[75357517851] [[35mTRACE[0m] [kernel::irq::ps2] [CPU3] PS/2 take_scancode: popped 0x81 (is_aux=true)
[75358848246] [[35mTRACE[0m] [kernel::irq::ps2] [CPU3] PS/2 take_scancode: popped 0x7f (is_aux=true)
[75360136335] [[35mTRACE[0m] [kernel::irq::ps2] [CPU3] PS/2 take_scancode: popped 0x19 (is_aux=true)
[75362129337] [[35mTRACE[0m] [kernel::irq::ps2] [CPU3] PS/2 take_scancode: popped 0x81 (is_aux=true)
[75363461085] [[35mTRACE[0m] [kernel::irq::ps2] [CPU3] PS/2 take_scancode: popped 0x7f (is_aux=true)
[75364855830] [[35mTRACE[0m] [kernel::irq::ps2] [CPU3] PS/2 take_scancode: popped 0x19 (is_aux=true)
[75366425871] [[35mTRACE[0m] [kernel::irq::ps2] [CPU3] PS/2 take_scancode: popped 0x81 (is_aux=true)
[75367973637] [[35mTRACE[0m] [kernel::irq::ps2] [CPU3] PS/2 take_scancode: popped 0x7f (is_aux=true)
[75369516288] [[35mTRACE[0m] [kernel::irq::ps2] [CPU3] PS/2 take_scancode: popped 0x19 (is_aux=true)
[75371099331] [[35mTRACE[0m] [kernel::irq::ps2] [CPU3] PS/2 take_scancode: popped 0x81 (is_aux=true)
[75372639441] [[35mTRACE[0m] [kernel::irq::ps2] [CPU3] PS/2 take_scancode: popped 0x7f (is_aux=true)
[75499140288] [[35mTRACE[0m] [bran::arch::x86_64::idt] [CPU0] PS/2 byte received: 0x19 (is_aux=true)
[75499760325] [[35mTRACE[0m] [bran::arch::x86_64::idt] [CPU2] PS/2 byte received: 0x81 (is_aux=true)
[75499855728] [[35mTRACE[0m] [bran::arch::x86_64::idt] [CPU0] PS/2 byte received: 0x7f (is_aux=true)
[75500564139] [[35mTRACE[0m] [bran::arch::x86_64::idt] [CPU2] PS/2 byte received: 0x19 (is_aux=true)
[75500668980] [[35mTRACE[0m] [bran::arch::x86_64::idt] [CPU0] PS/2 byte received: 0x81 (is_aux=true)
[75501694785] [[35mTRACE[0m] [bran::arch::x86_64::idt] [CPU0] PS/2 byte received: 0x7f (is_aux=true)
[75501870147] [[35mTRACE[0m] [bran::arch::x86_64::idt] [CPU2] PS/2 byte received: 0x19 (is_aux=true)
[75502508169] [[35mTRACE[0m] [bran::arch::x86_64::idt] [CPU0] PS/2 byte received: 0x81 (is_aux=true)
[75503820579] [[35mTRACE[0m] [bran::arch::x86_64::idt] [CPU0] PS/2 byte received: 0x19 (is_aux=true)
[75503795301] [[35mTRACE[0m] [bran::arch::x86_64::idt] [CPU2] PS/2 byte received: 0x7f (is_aux=true)
[75504351120] [[35mTRACE[0m] [bran::arch::x86_64::idt] [CPU0] PS/2 byte received: 0x81 (is_aux=true)
[75505133946] [[35mTRACE[0m] [bran::arch::x86_64::idt] [CPU2] PS/2 byte received: 0x7f (is_aux=true)
[75505304655] [[35mTRACE[0m] [bran::arch::x86_64::idt] [CPU0] PS/2 byte received: 0x19 (is_aux=true)
[75506064150] [[35mTRACE[0m] [bran::arch::x86_64::idt] [CPU0] PS/2 byte received: 0x7f (is_aux=true)
[75505958748] [[35mTRACE[0m] [bran::arch::x86_64::idt] [CPU2] PS/2 byte received: 0x81 (is_aux=true)
[75511071240] [[35mTRACE[0m] [ps2_kbd] [CPU2] ps2_kbd: yield on AUX data (mouse packet)
[75513448692] [[35mTRACE[0m] [kernel::irq::ps2] [CPU3] PS/2 take_scancode: popped 0x19 (is_aux=true)
[75516417801] [[35mTRACE[0m] [kernel::irq::ps2] [CPU3] PS/2 take_scancode: popped 0x81 (is_aux=true)
[75518832906] [[35mTRACE[0m] [kernel::irq::ps2] [CPU3] PS/2 take_scancode: popped 0x7f (is_aux=true)
[75521238936] [[35mTRACE[0m] [kernel::irq::ps2] [CPU3] PS/2 take_scancode: popped 0x81 (is_aux=true)
[75534687294] [[35mTRACE[0m] [kernel::irq::ps2] [CPU3] PS/2 take_scancode: popped 0x19 (is_aux=true)
[75536264925] [[35mTRACE[0m] [kernel::irq::ps2] [CPU3] PS/2 take_scancode: popped 0x7f (is_aux=true)
[75537760122] [[35mTRACE[0m] [kernel::irq::ps2] [CPU3] PS/2 take_scancode: popped 0x19 (is_aux=true)
[75539268387] [[35mTRACE[0m] [kernel::irq::ps2] [CPU3] PS/2 take_scancode: popped 0x81 (is_aux=true)
[75540598419] [[35mTRACE[0m] [kernel::irq::ps2] [CPU3] PS/2 take_scancode: popped 0x19 (is_aux=true)
[75542913369] [[35mTRACE[0m] [kernel::irq::ps2] [CPU3] PS/2 take_scancode: popped 0x7f (is_aux=true)
[75544348473] [[35mTRACE[0m] [kernel::irq::ps2] [CPU3] PS/2 take_scancode: popped 0x81 (is_aux=true)
[75545786481] [[35mTRACE[0m] [kernel::irq::ps2] [CPU3] PS/2 take_scancode: popped 0x7f (is_aux=true)
[75547317780] [[35mTRACE[0m] [kernel::irq::ps2] [CPU3] PS/2 take_scancode: popped 0x19 (is_aux=true)
[75548653191] [[35mTRACE[0m] [kernel::irq::ps2] [CPU3] PS/2 take_scancode: popped 0x7f (is_aux=true)
[75550163634] [[35mTRACE[0m] [kernel::irq::ps2] [CPU3] PS/2 take_scancode: popped 0x81 (is_aux=true)
[75597070824] [[35mTRACE[0m] [sprout::supervisor] [CPU0] SPROUT: Supervisor tick...
[75599974065] [[35mTRACE[0m] [sprout::supervisor] [CPU0] SPROUT: Loop iteration: spawn_bristle_if_needed
[75601357326] [[35mTRACE[0m] [sprout::supervisor] [CPU0] SPROUT: Loop iteration: spawn_display_if_needed
[75602838927] [[35mTRACE[0m] [sprout::supervisor] [CPU0] SPROUT: Loop iteration: spawn_bloom_if_ready
[75604271886] [[35mTRACE[0m] [sprout::supervisor] [CPU0] SPROUT: Loop iteration: spawn_wayland_hello_if_ready
[75605821038] [[35mTRACE[0m] [sprout::supervisor] [CPU0] SPROUT: Loop iteration: spawn_clock_if_ready
[75607159188] [[35mTRACE[0m] [sprout::supervisor] [CPU0] SPROUT: Loop iteration: spawn_leaf_if_ready
[75608498427] [[35mTRACE[0m] [sprout::supervisor] [CPU0] SPROUT: Loop iteration: tick complete
[75609856740] [[34mDEBUG[0m] [sprout::supervisor] [CPU0] SPROUT: ServiceLoop waiting for next event...
[75657361659] [[35mTRACE[0m] [bran::arch::x86_64::idt] [CPU0] PS/2 byte received: 0x19 (is_aux=true)
[75658334367] [[35mTRACE[0m] [bran::arch::x86_64::idt] [CPU0] PS/2 byte received: 0x81 (is_aux=true)
[75659113860] [[35mTRACE[0m] [bran::arch::x86_64::idt] [CPU0] PS/2 byte received: 0x7f (is_aux=true)
[75659897016] [[35mTRACE[0m] [bran::arch::x86_64::idt] [CPU0] PS/2 byte received: 0x19 (is_aux=true)
[75660414852] [[35mTRACE[0m] [kernel::irq::ps2] [CPU3] PS/2 take_scancode: popped 0x19 (is_aux=true)
[75660646908] [[35mTRACE[0m] [bran::arch::x86_64::idt] [CPU0] PS/2 byte received: 0x81 (is_aux=true)
[75661644927] [[35mTRACE[0m] [bran::arch::x86_64::idt] [CPU0] PS/2 byte received: 0x7f (is_aux=true)
[75662427786] [[35mTRACE[0m] [bran::arch::x86_64::idt] [CPU0] PS/2 byte received: 0x19 (is_aux=true)
[75663198864] [[35mTRACE[0m] [bran::arch::x86_64::idt] [CPU0] PS/2 byte received: 0x81 (is_aux=true)
[75663249618] [[35mTRACE[0m] [kernel::irq::ps2] [CPU3] PS/2 take_scancode: popped 0x81 (is_aux=true)
[75664231434] [[35mTRACE[0m] [bran::arch::x86_64::idt] [CPU0] PS/2 byte received: 0x7f (is_aux=true)
[75664485369] [[35mTRACE[0m] [bran::arch::x86_64::idt] [CPU2] PS/2 byte received: 0x19 (is_aux=true)
[75665093427] [[35mTRACE[0m] [bran::arch::x86_64::idt] [CPU0] PS/2 byte received: 0x81 (is_aux=true)
[75665941758] [[35mTRACE[0m] [bran::arch::x86_64::idt] [CPU2] PS/2 byte received: 0x7f (is_aux=true)
[75666222819] [[35mTRACE[0m] [bran::arch::x86_64::idt] [CPU0] PS/2 byte received: 0x19 (is_aux=true)
[75666302844] [[35mTRACE[0m] [kernel::irq::ps2] [CPU3] PS/2 take_scancode: popped 0x7f (is_aux=true)
[75667059006] [[35mTRACE[0m] [bran::arch::x86_64::idt] [CPU2] PS/2 byte received: 0x81 (is_aux=true)
[75667675050] [[35mTRACE[0m] [bran::arch::x86_64::idt] [CPU0] PS/2 byte received: 0x7f (is_aux=true)
[75669848892] [[35mTRACE[0m] [kernel::irq::ps2] [CPU3] PS/2 take_scancode: popped 0x19 (is_aux=true)
[75670226742] [[35mTRACE[0m] [ps2_kbd] [CPU2] ps2_kbd: yield on AUX data (mouse packet)
[75673100745] [[35mTRACE[0m] [kernel::irq::ps2] [CPU3] PS/2 take_scancode: popped 0x81 (is_aux=true)
[75676057182] [[35mTRACE[0m] [kernel::irq::ps2] [CPU3] PS/2 take_scancode: popped 0x7f (is_aux=true)
[75678708765] [[35mTRACE[0m] [kernel::irq::ps2] [CPU3] PS/2 take_scancode: popped 0x19 (is_aux=true)
[75681503040] [[35mTRACE[0m] [kernel::irq::ps2] [CPU3] PS/2 take_scancode: popped 0x81 (is_aux=true)
[75684102120] [[35mTRACE[0m] [kernel::irq::ps2] [CPU3] PS/2 take_scancode: popped 0x7f (is_aux=true)
[75686705622] [[35mTRACE[0m] [kernel::irq::ps2] [CPU3] PS/2 take_scancode: popped 0x19 (is_aux=true)
[75690416241] [[35mTRACE[0m] [kernel::irq::ps2] [CPU3] PS/2 take_scancode: popped 0x81 (is_aux=true)
[75694681854] [[35mTRACE[0m] [kernel::irq::ps2] [CPU3] PS/2 take_scancode: popped 0x7f (is_aux=true)
[75696175434] [[35mTRACE[0m] [kernel::irq::ps2] [CPU3] PS/2 take_scancode: popped 0x19 (is_aux=true)
[75697578990] [[35mTRACE[0m] [kernel::irq::ps2] [CPU3] PS/2 take_scancode: popped 0x81 (is_aux=true)
[75705454374] [[35mTRACE[0m] [kernel::irq::ps2] [CPU3] PS/2 take_scancode: popped 0x7f (is_aux=true)
[75814784727] [[35mTRACE[0m] [bran::arch::x86_64::idt] [CPU0] PS/2 byte received: 0x18 (is_aux=true)
[75815311737] [[35mTRACE[0m] [bran::arch::x86_64::idt] [CPU0] PS/2 byte received: 0x81 (is_aux=true)
[75815803536] [[35mTRACE[0m] [bran::arch::x86_64::idt] [CPU0] PS/2 byte received: 0x7f (is_aux=true)
[75816291606] [[35mTRACE[0m] [bran::arch::x86_64::idt] [CPU0] PS/2 byte received: 0x18 (is_aux=true)
[75816769479] [[35mTRACE[0m] [bran::arch::x86_64::idt] [CPU0] PS/2 byte received: 0x81 (is_aux=true)
[75817215903] [[35mTRACE[0m] [bran::arch::x86_64::idt] [CPU0] PS/2 byte received: 0x7f (is_aux=true)
[75817675065] [[35mTRACE[0m] [bran::arch::x86_64::idt] [CPU0] PS/2 byte received: 0x18 (is_aux=true)
[75818150232] [[35mTRACE[0m] [bran::arch::x86_64::idt] [CPU0] PS/2 byte received: 0x81 (is_aux=true)
[75818627181] [[35mTRACE[0m] [bran::arch::x86_64::idt] [CPU0] PS/2 byte received: 0x7f (is_aux=true)
[75819070140] [[35mTRACE[0m] [bran::arch::x86_64::idt] [CPU0] PS/2 byte received: 0x18 (is_aux=true)
[75819548145] [[35mTRACE[0m] [bran::arch::x86_64::idt] [CPU0] PS/2 byte received: 0x81 (is_aux=true)
[75819998067] [[35mTRACE[0m] [bran::arch::x86_64::idt] [CPU0] PS/2 byte received: 0x7f (is_aux=true)
[75820451619] [[35mTRACE[0m] [bran::arch::x86_64::idt] [CPU0] PS/2 byte received: 0x18 (is_aux=true)
[75820919922] [[35mTRACE[0m] [bran::arch::x86_64::idt] [CPU0] PS/2 byte received: 0x81 (is_aux=true)
[75821114127] [[35mTRACE[0m] [bran::arch::x86_64::idt] [CPU3] PS/2 byte received: 0x7f (is_aux=true)
[75827309019] [[35mTRACE[0m] [ps2_kbd] [CPU2] ps2_kbd: yield on AUX data (mouse packet)
[75828220908] [[35mTRACE[0m] [kernel::irq::ps2] [CPU3] PS/2 take_scancode: popped 0x18 (is_aux=true)
[75830073627] [[35mTRACE[0m] [kernel::irq::ps2] [CPU3] PS/2 take_scancode: popped 0x81 (is_aux=true)
[75831365280] [[35mTRACE[0m] [kernel::irq::ps2] [CPU3] PS/2 take_scancode: popped 0x7f (is_aux=true)
[75832768968] [[35mTRACE[0m] [kernel::irq::ps2] [CPU3] PS/2 take_scancode: popped 0x18 (is_aux=true)
[75842696886] [[35mTRACE[0m] [kernel::irq::ps2] [CPU3] PS/2 take_scancode: popped 0x81 (is_aux=true)
[75844221519] [[35mTRACE[0m] [kernel::irq::ps2] [CPU3] PS/2 take_scancode: popped 0x7f (is_aux=true)
[75845731500] [[35mTRACE[0m] [kernel::irq::ps2] [CPU3] PS/2 take_scancode: popped 0x18 (is_aux=true)
[75847367706] [[35mTRACE[0m] [kernel::irq::ps2] [CPU3] PS/2 take_scancode: popped 0x81 (is_aux=true)
[75848790732] [[35mTRACE[0m] [kernel::irq::ps2] [CPU3] PS/2 take_scancode: popped 0x7f (is_aux=true)
[75858325719] [[35mTRACE[0m] [kernel::irq::ps2] [CPU3] PS/2 take_scancode: popped 0x18 (is_aux=true)
[75859896882] [[35mTRACE[0m] [kernel::irq::ps2] [CPU3] PS/2 take_scancode: popped 0x81 (is_aux=true)
[75861343404] [[35mTRACE[0m] [kernel::irq::ps2] [CPU3] PS/2 take_scancode: popped 0x7f (is_aux=true)
[75862796658] [[35mTRACE[0m] [kernel::irq::ps2] [CPU3] PS/2 take_scancode: popped 0x18 (is_aux=true)
[75864235953] [[35mTRACE[0m] [kernel::irq::ps2] [CPU3] PS/2 take_scancode: popped 0x81 (is_aux=true)
[75865687623] [[35mTRACE[0m] [kernel::irq::ps2] [CPU3] PS/2 take_scancode: popped 0x7f (is_aux=true)
[75924626019] [[35mTRACE[0m] [sprout::supervisor] [CPU0] SPROUT: Supervisor tick...
[75925994694] [[35mTRACE[0m] [sprout::supervisor] [CPU0] SPROUT: Loop iteration: spawn_bristle_if_needed
[75927394554] [[35mTRACE[0m] [sprout::supervisor] [CPU0] SPROUT: Loop iteration: spawn_display_if_needed
[75928586052] [[35mTRACE[0m] [sprout::supervisor] [CPU0] SPROUT: Loop iteration: spawn_bloom_if_ready
[75930201237] [[35mTRACE[0m] [sprout::supervisor] [CPU0] SPROUT: Loop iteration: spawn_wayland_hello_if_ready
[75932138040] [[35mTRACE[0m] [sprout::supervisor] [CPU0] SPROUT: Loop iteration: spawn_clock_if_ready
[75933556479] [[35mTRACE[0m] [sprout::supervisor] [CPU0] SPROUT: Loop iteration: spawn_leaf_if_ready
[75934988448] [[35mTRACE[0m] [sprout::supervisor] [CPU0] SPROUT: Loop iteration: tick complete
[75936318183] [[34mDEBUG[0m] [sprout::supervisor] [CPU0] SPROUT: ServiceLoop waiting for next event...
[75991108083] [[34mDEBUG[0m] [kernel::vfs::provider] [CPU1] VFS_RPC: request op=DeviceCall len=48 tid=10
[75995711352] [[35mTRACE[0m] [display_virtio_gpu] [CPU3] display_virtio_gpu: VFS RPC op=DeviceCall
[75996816621] [[35mTRACE[0m] [display_virtio_gpu] [CPU3] DISP: DISPLAY_OP_GET_INFO requested
[75997620534] [[35mTRACE[0m] [display_virtio_gpu] [CPU3] DISP: Returning dimensions 1280x800
[75998198496] [[35mTRACE[0m] [display_virtio_gpu] [CPU3] display_virtio_gpu: VFS RPC response begin op=DeviceCall req_id=70
[75999808599] [[35mTRACE[0m] [display_virtio_gpu] [CPU3] display_virtio_gpu: VFS RPC response sent op=DeviceCall req_id=70
[76003869744] [[34mDEBUG[0m] [kernel::vfs::provider] [CPU1] VFS_RPC: response op=DeviceCall id=70 -> OK(48)
[76253032944] [[35mTRACE[0m] [sprout::supervisor] [CPU0] SPROUT: Supervisor tick...
[76256001888] [[35mTRACE[0m] [sprout::supervisor] [CPU0] SPROUT: Loop iteration: spawn_bristle_if_needed
[76257279483] [[35mTRACE[0m] [sprout::supervisor] [CPU0] SPROUT: Loop iteration: spawn_display_if_needed
[76259038218] [[35mTRACE[0m] [sprout::supervisor] [CPU0] SPROUT: Loop iteration: spawn_bloom_if_ready
[76260482562] [[35mTRACE[0m] [sprout::supervisor] [CPU0] SPROUT: Loop iteration: spawn_wayland_hello_if_ready
[76262001420] [[35mTRACE[0m] [sprout::supervisor] [CPU0] SPROUT: Loop iteration: spawn_clock_if_ready
[76263329010] [[35mTRACE[0m] [sprout::supervisor] [CPU0] SPROUT: Loop iteration: spawn_leaf_if_ready
[76264719201] [[35mTRACE[0m] [sprout::supervisor] [CPU0] SPROUT: Loop iteration: tick complete
[76265994222] [[34mDEBUG[0m] [sprout::supervisor] [CPU0] SPROUT: ServiceLoop waiting for next event...
[76582605759] [[35mTRACE[0m] [sprout::supervisor] [CPU0] SPROUT: Supervisor tick...
[76584845535] [[35mTRACE[0m] [sprout::supervisor] [CPU0] SPROUT: Loop iteration: spawn_bristle_if_needed
[76586313837] [[35mTRACE[0m] [sprout::supervisor] [CPU0] SPROUT: Loop iteration: spawn_display_if_needed
[76587772800] [[35mTRACE[0m] [sprout::supervisor] [CPU0] SPROUT: Loop iteration: spawn_bloom_if_ready
[76589194902] [[35mTRACE[0m] [sprout::supervisor] [CPU0] SPROUT: Loop iteration: spawn_wayland_hello_if_ready
[76590685149] [[35mTRACE[0m] [sprout::supervisor] [CPU0] SPROUT: Loop iteration: spawn_clock_if_ready
[76592013531] [[35mTRACE[0m] [sprout::supervisor] [CPU0] SPROUT: Loop iteration: spawn_leaf_if_ready
[76593381909] [[35mTRACE[0m] [sprout::supervisor] [CPU0] SPROUT: Loop iteration: tick complete
[76594713129] [[34mDEBUG[0m] [sprout::supervisor] [CPU0] SPROUT: ServiceLoop waiting for next event...
[76808293716] [[34mDEBUG[0m] [kernel::vfs::provider] [CPU1] VFS_RPC: request op=DeviceCall len=48 tid=10
[76812412809] [[35mTRACE[0m] [display_virtio_gpu] [CPU3] display_virtio_gpu: VFS RPC op=DeviceCall
[76813437030] [[35mTRACE[0m] [display_virtio_gpu] [CPU3] DISP: DISPLAY_OP_GET_INFO requested
[76814177517] [[35mTRACE[0m] [display_virtio_gpu] [CPU3] DISP: Returning dimensions 1280x800
[76814886126] [[35mTRACE[0m] [display_virtio_gpu] [CPU3] display_virtio_gpu: VFS RPC response begin op=DeviceCall req_id=71
[76816758843] [[35mTRACE[0m] [display_virtio_gpu] [CPU3] display_virtio_gpu: VFS RPC response sent op=DeviceCall req_id=71
[76819131180] [[34mDEBUG[0m] [kernel::vfs::provider] [CPU1] VFS_RPC: response op=DeviceCall id=71 -> OK(48)
[76912066539] [[35mTRACE[0m] [sprout::supervisor] [CPU0] SPROUT: Supervisor tick...
[76913488542] [[35mTRACE[0m] [sprout::supervisor] [CPU0] SPROUT: Loop iteration: spawn_bristle_if_needed
[76915868304] [[35mTRACE[0m] [sprout::supervisor] [CPU0] SPROUT: Loop iteration: spawn_display_if_needed
[76917626676] [[35mTRACE[0m] [sprout::supervisor] [CPU0] SPROUT: Loop iteration: spawn_bloom_if_ready
[76919019111] [[35mTRACE[0m] [sprout::supervisor] [CPU0] SPROUT: Loop iteration: spawn_wayland_hello_if_ready
[76920486390] [[35mTRACE[0m] [sprout::supervisor] [CPU0] SPROUT: Loop iteration: spawn_clock_if_ready
[76921830348] [[35mTRACE[0m] [sprout::supervisor] [CPU0] SPROUT: Loop iteration: spawn_leaf_if_ready
[76923176220] [[35mTRACE[0m] [sprout::supervisor] [CPU0] SPROUT: Loop iteration: tick complete
[76924520145] [[34mDEBUG[0m] [sprout::supervisor] [CPU0] SPROUT: ServiceLoop waiting for next event...
[77240774787] [[35mTRACE[0m] [sprout::supervisor] [CPU0] SPROUT: Supervisor tick...
[77242249986] [[35mTRACE[0m] [sprout::supervisor] [CPU0] SPROUT: Loop iteration: spawn_bristle_if_needed
[77243830785] [[35mTRACE[0m] [sprout::supervisor] [CPU0] SPROUT: Loop iteration: spawn_display_if_needed
[77246816097] [[35mTRACE[0m] [sprout::supervisor] [CPU0] SPROUT: Loop iteration: spawn_bloom_if_ready
[77248951659] [[35mTRACE[0m] [sprout::supervisor] [CPU0] SPROUT: Loop iteration: spawn_wayland_hello_if_ready
[77250487611] [[35mTRACE[0m] [sprout::supervisor] [CPU0] SPROUT: Loop iteration: spawn_clock_if_ready
[77251926972] [[35mTRACE[0m] [sprout::supervisor] [CPU0] SPROUT: Loop iteration: spawn_leaf_if_ready
[77253302346] [[35mTRACE[0m] [sprout::supervisor] [CPU0] SPROUT: Loop iteration: tick complete
[77254776192] [[34mDEBUG[0m] [sprout::supervisor] [CPU0] SPROUT: ServiceLoop waiting for next event...
[77564227950] [[35mTRACE[0m] [sprout::supervisor] [CPU0] SPROUT: Supervisor tick...
[77565789675] [[35mTRACE[0m] [sprout::supervisor] [CPU0] SPROUT: Loop iteration: spawn_bristle_if_needed
[77567253291] [[35mTRACE[0m] [sprout::supervisor] [CPU0] SPROUT: Loop iteration: spawn_display_if_needed
[77568667407] [[35mTRACE[0m] [sprout::supervisor] [CPU0] SPROUT: Loop iteration: spawn_bloom_if_ready
[77569972722] [[35mTRACE[0m] [sprout::supervisor] [CPU0] SPROUT: Loop iteration: spawn_wayland_hello_if_ready
[77571357567] [[35mTRACE[0m] [sprout::supervisor] [CPU0] SPROUT: Loop iteration: spawn_clock_if_ready
[77572916025] [[35mTRACE[0m] [sprout::supervisor] [CPU0] SPROUT: Loop iteration: spawn_leaf_if_ready
[77574291630] [[35mTRACE[0m] [sprout::supervisor] [CPU0] SPROUT: Loop iteration: tick complete
[77575718286] [[34mDEBUG[0m] [sprout::supervisor] [CPU0] SPROUT: ServiceLoop waiting for next event...
[77635711593] [[34mDEBUG[0m] [kernel::vfs::provider] [CPU1] VFS_RPC: request op=DeviceCall len=48 tid=10
[77640618033] [[35mTRACE[0m] [display_virtio_gpu] [CPU3] display_virtio_gpu: VFS RPC op=DeviceCall
[77641720695] [[35mTRACE[0m] [display_virtio_gpu] [CPU3] DISP: DISPLAY_OP_GET_INFO requested
[77642470026] [[35mTRACE[0m] [display_virtio_gpu] [CPU3] DISP: Returning dimensions 1280x800
[77643032775] [[35mTRACE[0m] [display_virtio_gpu] [CPU3] display_virtio_gpu: VFS RPC response begin op=DeviceCall req_id=72
[77644920078] [[35mTRACE[0m] [display_virtio_gpu] [CPU3] display_virtio_gpu: VFS RPC response sent op=DeviceCall req_id=72
[77647286838] [[34mDEBUG[0m] [kernel::vfs::provider] [CPU1] VFS_RPC: response op=DeviceCall id=72 -> OK(48)
[77898357735] [[35mTRACE[0m] [sprout::supervisor] [CPU0] SPROUT: Supervisor tick...
[77900814849] [[35mTRACE[0m] [sprout::supervisor] [CPU0] SPROUT: Loop iteration: spawn_bristle_if_needed
[77902218735] [[35mTRACE[0m] [sprout::supervisor] [CPU0] SPROUT: Loop iteration: spawn_display_if_needed
[77903573088] [[35mTRACE[0m] [sprout::supervisor] [CPU0] SPROUT: Loop iteration: spawn_bloom_if_ready
[77904982386] [[35mTRACE[0m] [sprout::supervisor] [CPU0] SPROUT: Loop iteration: spawn_wayland_hello_if_ready
[77906440095] [[35mTRACE[0m] [sprout::supervisor] [CPU0] SPROUT: Loop iteration: spawn_clock_if_ready
[77907798573] [[35mTRACE[0m] [sprout::supervisor] [CPU0] SPROUT: Loop iteration: spawn_leaf_if_ready
[77909166588] [[35mTRACE[0m] [sprout::supervisor] [CPU0] SPROUT: Loop iteration: tick complete
[77910436428] [[34mDEBUG[0m] [sprout::supervisor] [CPU0] SPROUT: ServiceLoop waiting for next event...
[78227613585] [[35mTRACE[0m] [sprout::supervisor] [CPU0] SPROUT: Supervisor tick...
[78229437429] [[35mTRACE[0m] [sprout::supervisor] [CPU0] SPROUT: Loop iteration: spawn_bristle_if_needed
[78230855274] [[35mTRACE[0m] [sprout::supervisor] [CPU0] SPROUT: Loop iteration: spawn_display_if_needed
[78232272459] [[35mTRACE[0m] [sprout::supervisor] [CPU0] SPROUT: Loop iteration: spawn_bloom_if_ready
[78233640045] [[35mTRACE[0m] [sprout::supervisor] [CPU0] SPROUT: Loop iteration: spawn_wayland_hello_if_ready
[78235072575] [[35mTRACE[0m] [sprout::supervisor] [CPU0] SPROUT: Loop iteration: spawn_clock_if_ready
[78236431218] [[35mTRACE[0m] [sprout::supervisor] [CPU0] SPROUT: Loop iteration: spawn_leaf_if_ready
[78237853254] [[35mTRACE[0m] [sprout::supervisor] [CPU0] SPROUT: Loop iteration: tick complete
[78239203152] [[34mDEBUG[0m] [sprout::supervisor] [CPU0] SPROUT: ServiceLoop waiting for next event...
[78457831485] [[34mDEBUG[0m] [kernel::vfs::provider] [CPU1] VFS_RPC: request op=DeviceCall len=48 tid=10
[78462790131] [[35mTRACE[0m] [display_virtio_gpu] [CPU3] display_virtio_gpu: VFS RPC op=DeviceCall
[78464086767] [[35mTRACE[0m] [display_virtio_gpu] [CPU3] DISP: DISPLAY_OP_GET_INFO requested
[78464878239] [[35mTRACE[0m] [display_virtio_gpu] [CPU3] DISP: Returning dimensions 1280x800
[78465604998] [[35mTRACE[0m] [display_virtio_gpu] [CPU3] display_virtio_gpu: VFS RPC response begin op=DeviceCall req_id=73
[78467310438] [[35mTRACE[0m] [display_virtio_gpu] [CPU3] display_virtio_gpu: VFS RPC response sent op=DeviceCall req_id=73
[78469407918] [[34mDEBUG[0m] [kernel::vfs::provider] [CPU1] VFS_RPC: response op=DeviceCall id=73 -> OK(48)
[78556780434] [[35mTRACE[0m] [sprout::supervisor] [CPU0] SPROUT: Supervisor tick...
[78558172440] [[35mTRACE[0m] [sprout::supervisor] [CPU0] SPROUT: Loop iteration: spawn_bristle_if_needed
[78561901638] [[35mTRACE[0m] [sprout::supervisor] [CPU0] SPROUT: Loop iteration: spawn_display_if_needed
[78564080958] [[35mTRACE[0m] [sprout::supervisor] [CPU0] SPROUT: Loop iteration: spawn_bloom_if_ready
[78566134482] [[35mTRACE[0m] [sprout::supervisor] [CPU0] SPROUT: Loop iteration: spawn_wayland_hello_if_ready
[78568414452] [[35mTRACE[0m] [sprout::supervisor] [CPU0] SPROUT: Loop iteration: spawn_clock_if_ready
[78570585951] [[35mTRACE[0m] [sprout::supervisor] [CPU0] SPROUT: Loop iteration: spawn_leaf_if_ready
[78572657295] [[35mTRACE[0m] [sprout::supervisor] [CPU0] SPROUT: Loop iteration: tick complete
[78574697817] [[34mDEBUG[0m] [sprout::supervisor] [CPU0] SPROUT: ServiceLoop waiting for next event...
[78916995168] [[35mTRACE[0m] [sprout::supervisor] [CPU0] SPROUT: Supervisor tick...
[78920210490] [[35mTRACE[0m] [sprout::supervisor] [CPU0] SPROUT: Loop iteration: spawn_bristle_if_needed
[78921555834] [[35mTRACE[0m] [sprout::supervisor] [CPU0] SPROUT: Loop iteration: spawn_display_if_needed
[78924113532] [[35mTRACE[0m] [sprout::supervisor] [CPU0] SPROUT: Loop iteration: spawn_bloom_if_ready
[78925554609] [[35mTRACE[0m] [sprout::supervisor] [CPU0] SPROUT: Loop iteration: spawn_wayland_hello_if_ready
[78926986281] [[35mTRACE[0m] [sprout::supervisor] [CPU0] SPROUT: Loop iteration: spawn_clock_if_ready
[78928327269] [[35mTRACE[0m] [sprout::supervisor] [CPU0] SPROUT: Loop iteration: spawn_leaf_if_ready
[78929649447] [[35mTRACE[0m] [sprout::supervisor] [CPU0] SPROUT: Loop iteration: tick complete
[78930919848] [[34mDEBUG[0m] [sprout::supervisor] [CPU0] SPROUT: ServiceLoop waiting for next event...
[79246838550] [[35mTRACE[0m] [sprout::supervisor] [CPU0] SPROUT: Supervisor tick...
[79248934347] [[35mTRACE[0m] [sprout::supervisor] [CPU0] SPROUT: Loop iteration: spawn_bristle_if_needed
[79250379714] [[35mTRACE[0m] [sprout::supervisor] [CPU0] SPROUT: Loop iteration: spawn_display_if_needed
[79251818052] [[35mTRACE[0m] [sprout::supervisor] [CPU0] SPROUT: Loop iteration: spawn_bloom_if_ready
[79253183790] [[35mTRACE[0m] [sprout::supervisor] [CPU0] SPROUT: Loop iteration: spawn_wayland_hello_if_ready
[79254627210] [[35mTRACE[0m] [sprout::supervisor] [CPU0] SPROUT: Loop iteration: spawn_clock_if_ready
[79255944108] [[35mTRACE[0m] [sprout::supervisor] [CPU0] SPROUT: Loop iteration: spawn_leaf_if_ready
[79257291069] [[35mTRACE[0m] [sprout::supervisor] [CPU0] SPROUT: Loop iteration: tick complete
[79258656081] [[34mDEBUG[0m] [sprout::supervisor] [CPU0] SPROUT: ServiceLoop waiting for next event...
[79278079947] [[34mDEBUG[0m] [kernel::vfs::provider] [CPU1] VFS_RPC: request op=DeviceCall len=48 tid=10
[79283713509] [[35mTRACE[0m] [display_virtio_gpu] [CPU3] display_virtio_gpu: VFS RPC op=DeviceCall
[79284946422] [[35mTRACE[0m] [display_virtio_gpu] [CPU3] DISP: DISPLAY_OP_GET_INFO requested
[79285677042] [[35mTRACE[0m] [display_virtio_gpu] [CPU3] DISP: Returning dimensions 1280x800
[79286239923] [[35mTRACE[0m] [display_virtio_gpu] [CPU3] display_virtio_gpu: VFS RPC response begin op=DeviceCall req_id=74
[79287906786] [[35mTRACE[0m] [display_virtio_gpu] [CPU3] display_virtio_gpu: VFS RPC response sent op=DeviceCall req_id=74
[79292115243] [[34mDEBUG[0m] [kernel::vfs::provider] [CPU1] VFS_RPC: response op=DeviceCall id=74 -> OK(48)
[79576379718] [[35mTRACE[0m] [sprout::supervisor] [CPU0] SPROUT: Supervisor tick...
[79577890722] [[35mTRACE[0m] [sprout::supervisor] [CPU0] SPROUT: Loop iteration: spawn_bristle_if_needed
[79579668432] [[35mTRACE[0m] [sprout::supervisor] [CPU0] SPROUT: Loop iteration: spawn_display_if_needed
[79581144060] [[35mTRACE[0m] [sprout::supervisor] [CPU0] SPROUT: Loop iteration: spawn_bloom_if_ready
[79582562136] [[35mTRACE[0m] [sprout::supervisor] [CPU0] SPROUT: Loop iteration: spawn_wayland_hello_if_ready
[79584096834] [[35mTRACE[0m] [sprout::supervisor] [CPU0] SPROUT: Loop iteration: spawn_clock_if_ready
[79585483659] [[35mTRACE[0m] [sprout::supervisor] [CPU0] SPROUT: Loop iteration: spawn_leaf_if_ready
[79586834184] [[35mTRACE[0m] [sprout::supervisor] [CPU0] SPROUT: Loop iteration: tick complete
[79588181343] [[34mDEBUG[0m] [sprout::supervisor] [CPU0] SPROUT: ServiceLoop waiting for next event...
[79905020580] [[35mTRACE[0m] [sprout::supervisor] [CPU0] SPROUT: Supervisor tick...
[79907771724] [[35mTRACE[0m] [sprout::supervisor] [CPU0] SPROUT: Loop iteration: spawn_bristle_if_needed
[79910737269] [[35mTRACE[0m] [sprout::supervisor] [CPU0] SPROUT: Loop iteration: spawn_display_if_needed
[79913063505] [[35mTRACE[0m] [sprout::supervisor] [CPU0] SPROUT: Loop iteration: spawn_bloom_if_ready
[79914788778] [[35mTRACE[0m] [sprout::supervisor] [CPU0] SPROUT: Loop iteration: spawn_wayland_hello_if_ready
[79916284800] [[35mTRACE[0m] [sprout::supervisor] [CPU0] SPROUT: Loop iteration: spawn_clock_if_ready
[79917712182] [[35mTRACE[0m] [sprout::supervisor] [CPU0] SPROUT: Loop iteration: spawn_leaf_if_ready
[79919112207] [[35mTRACE[0m] [sprout::supervisor] [CPU0] SPROUT: Loop iteration: tick complete
[79920516126] [[34mDEBUG[0m] [sprout::supervisor] [CPU0] SPROUT: ServiceLoop waiting for next event...
[80102300784] [[34mDEBUG[0m] [kernel::vfs::provider] [CPU1] VFS_RPC: request op=DeviceCall len=48 tid=10
[80106962826] [[35mTRACE[0m] [display_virtio_gpu] [CPU3] display_virtio_gpu: VFS RPC op=DeviceCall
[80107931475] [[35mTRACE[0m] [display_virtio_gpu] [CPU3] DISP: DISPLAY_OP_GET_INFO requested
[80108724168] [[35mTRACE[0m] [display_virtio_gpu] [CPU3] DISP: Returning dimensions 1280x800
[80109418752] [[35mTRACE[0m] [display_virtio_gpu] [CPU3] display_virtio_gpu: VFS RPC response begin op=DeviceCall req_id=75
[80111119440] [[35mTRACE[0m] [display_virtio_gpu] [CPU3] display_virtio_gpu: VFS RPC response sent op=DeviceCall req_id=75
[80113391985] [[34mDEBUG[0m] [kernel::vfs::provider] [CPU1] VFS_RPC: response op=DeviceCall id=75 -> OK(48)
[80233123608] [[35mTRACE[0m] [sprout::supervisor] [CPU0] SPROUT: Supervisor tick...
[80234479776] [[35mTRACE[0m] [sprout::supervisor] [CPU0] SPROUT: Loop iteration: spawn_bristle_if_needed
[80236238379] [[35mTRACE[0m] [sprout::supervisor] [CPU0] SPROUT: Loop iteration: spawn_display_if_needed
[80238262104] [[35mTRACE[0m] [sprout::supervisor] [CPU0] SPROUT: Loop iteration: spawn_bloom_if_ready
[80239681632] [[35mTRACE[0m] [sprout::supervisor] [CPU0] SPROUT: Loop iteration: spawn_wayland_hello_if_ready
[80241088686] [[35mTRACE[0m] [sprout::supervisor] [CPU0] SPROUT: Loop iteration: spawn_clock_if_ready
[80242459803] [[35mTRACE[0m] [sprout::supervisor] [CPU0] SPROUT: Loop iteration: spawn_leaf_if_ready
[80243792244] [[35mTRACE[0m] [sprout::supervisor] [CPU0] SPROUT: Loop iteration: tick complete
[80245109637] [[34mDEBUG[0m] [sprout::supervisor] [CPU0] SPROUT: ServiceLoop waiting for next event...

[hunter] running random action
[80561694840] [[35mTRACE[0m] [sprout::supervisor] [CPU0] SPROUT: Supervisor tick...
[80563175748] [[35mTRACE[0m] [sprout::supervisor] [CPU0] SPROUT: Loop iteration: spawn_bristle_if_needed
[80564550957] [[35mTRACE[0m] [sprout::supervisor] [CPU0] SPROUT: Loop iteration: spawn_display_if_needed
[80566522245] [[35mTRACE[0m] [sprout::supervisor] [CPU0] SPROUT: Loop iteration: spawn_bloom_if_ready
[80567952267] [[35mTRACE[0m] [sprout::supervisor] [CPU0] SPROUT: Loop iteration: spawn_wayland_hello_if_ready
[80569484886] [[35mTRACE[0m] [sprout::supervisor] [CPU0] SPROUT: Loop iteration: spawn_clock_if_ready
[80570811750] [[35mTRACE[0m] [sprout::supervisor] [CPU0] SPROUT: Loop iteration: spawn_leaf_if_ready
[80572168347] [[35mTRACE[0m] [sprout::supervisor] [CPU0] SPROUT: Loop iteration: tick complete
[80573536164] [[34mDEBUG[0m] [sprout::supervisor] [CPU0] SPROUT: ServiceLoop waiting for next event...
[80596776183] [[35mTRACE[0m] [kernel::vfs::devfs] [CPU3] vfs: /dev/console write by PID=6 len=1
c[80598151029] [[35mTRACE[0m] [kernel::vfs::devfs] [CPU3] vfs: /dev/console read by PID=6 len=1
[80619555621] [[35mTRACE[0m] [kernel::vfs::devfs] [CPU3] vfs: /dev/console write by PID=6 len=1
a[80620563639] [[35mTRACE[0m] [kernel::vfs::devfs] [CPU3] vfs: /dev/console read by PID=6 len=1
[80685901593] [[35mTRACE[0m] [kernel::vfs::devfs] [CPU3] vfs: /dev/console write by PID=6 len=1
t[80687136915] [[35mTRACE[0m] [kernel::vfs::devfs] [CPU3] vfs: /dev/console read by PID=6 len=1
[80718911955] [[35mTRACE[0m] [kernel::vfs::devfs] [CPU3] vfs: /dev/console write by PID=6 len=1
 [80720087943] [[35mTRACE[0m] [kernel::vfs::devfs] [CPU3] vfs: /dev/console read by PID=6 len=1
[80726170437] [[35mTRACE[0m] [ps2_mouse] [CPU3] ps2_mouse: irq_wakes=32 poll_timeouts=992 last_drain_bytes=0
[80784631092] [[35mTRACE[0m] [kernel::vfs::devfs] [CPU3] vfs: /dev/console write by PID=6 len=1
/[80785906311] [[35mTRACE[0m] [kernel::vfs::devfs] [CPU3] vfs: /dev/console read by PID=6 len=1
[80849645085] [[35mTRACE[0m] [kernel::vfs::devfs] [CPU3] vfs: /dev/console write by PID=6 len=1
s[80850700458] [[35mTRACE[0m] [kernel::vfs::devfs] [CPU3] vfs: /dev/console read by PID=6 len=1
[80881837212] [[35mTRACE[0m] [kernel::vfs::devfs] [CPU3] vfs: /dev/console write by PID=6 len=1
e[80882994984] [[35mTRACE[0m] [kernel::vfs::devfs] [CPU3] vfs: /dev/console read by PID=6 len=1
[80889688803] [[35mTRACE[0m] [sprout::supervisor] [CPU0] SPROUT: Supervisor tick...
[80891079786] [[35mTRACE[0m] [sprout::supervisor] [CPU0] SPROUT: Loop iteration: spawn_bristle_if_needed
[80892462222] [[35mTRACE[0m] [sprout::supervisor] [CPU0] SPROUT: Loop iteration: spawn_display_if_needed
[80893988637] [[35mTRACE[0m] [sprout::supervisor] [CPU0] SPROUT: Loop iteration: spawn_bloom_if_ready
[80895875148] [[35mTRACE[0m] [sprout::supervisor] [CPU0] SPROUT: Loop iteration: spawn_wayland_hello_if_ready
[80897408295] [[35mTRACE[0m] [sprout::supervisor] [CPU0] SPROUT: Loop iteration: spawn_clock_if_ready
[80898796968] [[35mTRACE[0m] [sprout::supervisor] [CPU0] SPROUT: Loop iteration: spawn_leaf_if_ready
[80900179800] [[35mTRACE[0m] [sprout::supervisor] [CPU0] SPROUT: Loop iteration: tick complete
[80901479901] [[34mDEBUG[0m] [sprout::supervisor] [CPU0] SPROUT: ServiceLoop waiting for next event...
[80924270097] [[34mDEBUG[0m] [kernel::vfs::provider] [CPU1] VFS_RPC: request op=DeviceCall len=48 tid=10
[80929249533] [[35mTRACE[0m] [display_virtio_gpu] [CPU3] display_virtio_gpu: VFS RPC op=DeviceCall
[80930314905] [[35mTRACE[0m] [display_virtio_gpu] [CPU3] DISP: DISPLAY_OP_GET_INFO requested
[80931062949] [[35mTRACE[0m] [display_virtio_gpu] [CPU3] DISP: Returning dimensions 1280x800
[80931660480] [[35mTRACE[0m] [display_virtio_gpu] [CPU3] display_virtio_gpu: VFS RPC response begin op=DeviceCall req_id=76
[80933318961] [[35mTRACE[0m] [display_virtio_gpu] [CPU3] display_virtio_gpu: VFS RPC response sent op=DeviceCall req_id=76
[80935936554] [[34mDEBUG[0m] [kernel::vfs::provider] [CPU1] VFS_RPC: response op=DeviceCall id=76 -> OK(48)
[80948383923] [[35mTRACE[0m] [kernel::vfs::devfs] [CPU3] vfs: /dev/console write by PID=6 len=1
s[80949397749] [[35mTRACE[0m] [kernel::vfs::devfs] [CPU3] vfs: /dev/console read by PID=6 len=1
[80982241560] [[35mTRACE[0m] [kernel::vfs::devfs] [CPU3] vfs: /dev/console write by PID=6 len=1
s[80983372470] [[35mTRACE[0m] [kernel::vfs::devfs] [CPU3] vfs: /dev/console read by PID=6 len=1
[81047577303] [[35mTRACE[0m] [kernel::vfs::devfs] [CPU3] vfs: /dev/console write by PID=6 len=1
i[81048753291] [[35mTRACE[0m] [kernel::vfs::devfs] [CPU3] vfs: /dev/console read by PID=6 len=1
[81113051250] [[35mTRACE[0m] [kernel::vfs::devfs] [CPU3] vfs: /dev/console write by PID=6 len=1
o[81114032142] [[35mTRACE[0m] [kernel::vfs::devfs] [CPU3] vfs: /dev/console read by PID=6 len=1
[81145241760] [[35mTRACE[0m] [kernel::vfs::devfs] [CPU3] vfs: /dev/console write by PID=6 len=1
n[81146257500] [[35mTRACE[0m] [kernel::vfs::devfs] [CPU3] vfs: /dev/console read by PID=6 len=1
[81211373991] [[35mTRACE[0m] [kernel::vfs::devfs] [CPU3] vfs: /dev/console write by PID=6 len=1
/[81212431938] [[35mTRACE[0m] [kernel::vfs::devfs] [CPU3] vfs: /dev/console read by PID=6 len=1
[81218710452] [[35mTRACE[0m] [sprout::supervisor] [CPU0] SPROUT: Supervisor tick...
[81220161066] [[35mTRACE[0m] [sprout::supervisor] [CPU0] SPROUT: Loop iteration: spawn_bristle_if_needed
[81221550597] [[35mTRACE[0m] [sprout::supervisor] [CPU0] SPROUT: Loop iteration: spawn_display_if_needed
[81223081830] [[35mTRACE[0m] [sprout::supervisor] [CPU0] SPROUT: Loop iteration: spawn_bloom_if_ready
[81224673156] [[35mTRACE[0m] [sprout::supervisor] [CPU0] SPROUT: Loop iteration: spawn_wayland_hello_if_ready
[81226160400] [[35mTRACE[0m] [sprout::supervisor] [CPU0] SPROUT: Loop iteration: spawn_clock_if_ready
[81227463009] [[35mTRACE[0m] [sprout::supervisor] [CPU0] SPROUT: Loop iteration: spawn_leaf_if_ready
[81228833763] [[35mTRACE[0m] [sprout::supervisor] [CPU0] SPROUT: Loop iteration: tick complete
[81230298996] [[34mDEBUG[0m] [sprout::supervisor] [CPU0] SPROUT: ServiceLoop waiting for next event...
[81276340002] [[32mINFO [0m] [kernel::time] [CPU0] System clock tick: utc=2026-05-01 23:20:50.071193495 unix_secs=1777677650.071193495
[81278162361] [[35mTRACE[0m] [kernel::vfs::devfs] [CPU3] vfs: /dev/console write by PID=6 len=1
w[81279361515] [[35mTRACE[0m] [kernel::vfs::devfs] [CPU3] vfs: /dev/console read by PID=6 len=1
[81309754515] [[35mTRACE[0m] [kernel::vfs::devfs] [CPU3] vfs: /dev/console write by PID=6 len=1
a[81310758672] [[35mTRACE[0m] [kernel::vfs::devfs] [CPU3] vfs: /dev/console read by PID=6 len=1
[81375626409] [[35mTRACE[0m] [kernel::vfs::devfs] [CPU3] vfs: /dev/console write by PID=6 len=1
y[81376697820] [[35mTRACE[0m] [kernel::vfs::devfs] [CPU3] vfs: /dev/console read by PID=6 len=1
[81408257238] [[35mTRACE[0m] [kernel::vfs::devfs] [CPU3] vfs: /dev/console write by PID=6 len=1
l[81409252485] [[35mTRACE[0m] [kernel::vfs::devfs] [CPU3] vfs: /dev/console read by PID=6 len=1
[81474291591] [[35mTRACE[0m] [kernel::vfs::devfs] [CPU3] vfs: /dev/console write by PID=6 len=1
a[81475298817] [[35mTRACE[0m] [kernel::vfs::devfs] [CPU3] vfs: /dev/console read by PID=6 len=1
[81507219255] [[35mTRACE[0m] [kernel::vfs::devfs] [CPU3] vfs: /dev/console write by PID=6 len=1
n[81508373595] [[35mTRACE[0m] [kernel::vfs::devfs] [CPU3] vfs: /dev/console read by PID=6 len=1
[81548934984] [[35mTRACE[0m] [sprout::supervisor] [CPU0] SPROUT: Supervisor tick...
[81550319763] [[35mTRACE[0m] [sprout::supervisor] [CPU0] SPROUT: Loop iteration: spawn_bristle_if_needed
[81551953659] [[35mTRACE[0m] [sprout::supervisor] [CPU0] SPROUT: Loop iteration: spawn_display_if_needed
[81553415097] [[35mTRACE[0m] [sprout::supervisor] [CPU0] SPROUT: Loop iteration: spawn_bloom_if_ready
[81554942172] [[35mTRACE[0m] [sprout::supervisor] [CPU0] SPROUT: Loop iteration: spawn_wayland_hello_if_ready
[81557005233] [[35mTRACE[0m] [sprout::supervisor] [CPU0] SPROUT: Loop iteration: spawn_clock_if_ready
[81558455154] [[35mTRACE[0m] [sprout::supervisor] [CPU0] SPROUT: Loop iteration: spawn_leaf_if_ready
[81559795185] [[35mTRACE[0m] [sprout::supervisor] [CPU0] SPROUT: Loop iteration: tick complete
[81561208773] [[34mDEBUG[0m] [sprout::supervisor] [CPU0] SPROUT: ServiceLoop waiting for next event...
[81572707722] [[35mTRACE[0m] [kernel::vfs::devfs] [CPU3] vfs: /dev/console write by PID=6 len=1
d[81573671817] [[35mTRACE[0m] [kernel::vfs::devfs] [CPU3] vfs: /dev/console read by PID=6 len=1
[81639973602] [[35mTRACE[0m] [kernel::vfs::devfs] [CPU3] vfs: /dev/console write by PID=6 len=1
/[81641162031] [[35mTRACE[0m] [kernel::vfs::devfs] [CPU3] vfs: /dev/console read by PID=6 len=1
[81671985879] [[35mTRACE[0m] [kernel::vfs::devfs] [CPU3] vfs: /dev/console write by PID=6 len=1
e[81673129395] [[35mTRACE[0m] [kernel::vfs::devfs] [CPU3] vfs: /dev/console read by PID=6 len=1
[81738618852] [[35mTRACE[0m] [kernel::vfs::devfs] [CPU3] vfs: /dev/console write by PID=6 len=1
v[81739827576] [[35mTRACE[0m] [kernel::vfs::devfs] [CPU3] vfs: /dev/console read by PID=6 len=1
[81747109884] [[34mDEBUG[0m] [kernel::vfs::provider] [CPU1] VFS_RPC: request op=DeviceCall len=48 tid=10
[81754870395] [[35mTRACE[0m] [display_virtio_gpu] [CPU3] display_virtio_gpu: VFS RPC op=DeviceCall
[81756025626] [[35mTRACE[0m] [display_virtio_gpu] [CPU3] DISP: DISPLAY_OP_GET_INFO requested
[81756778851] [[35mTRACE[0m] [display_virtio_gpu] [CPU3] DISP: Returning dimensions 1280x800
[81757494390] [[35mTRACE[0m] [display_virtio_gpu] [CPU3] display_virtio_gpu: VFS RPC response begin op=DeviceCall req_id=77
[81760558638] [[35mTRACE[0m] [display_virtio_gpu] [CPU3] display_virtio_gpu: VFS RPC response sent op=DeviceCall req_id=77
[81763462143] [[34mDEBUG[0m] [kernel::vfs::provider] [CPU1] VFS_RPC: response op=DeviceCall id=77 -> OK(48)
[81803557836] [[35mTRACE[0m] [kernel::vfs::devfs] [CPU3] vfs: /dev/console write by PID=6 len=1
e[81804779595] [[35mTRACE[0m] [kernel::vfs::devfs] [CPU3] vfs: /dev/console read by PID=6 len=1
[81836405607] [[35mTRACE[0m] [kernel::vfs::devfs] [CPU3] vfs: /dev/console write by PID=6 len=1
n[81837522591] [[35mTRACE[0m] [kernel::vfs::devfs] [CPU3] vfs: /dev/console read by PID=6 len=1
[81877757016] [[35mTRACE[0m] [sprout::supervisor] [CPU0] SPROUT: Supervisor tick...
[81879055401] [[35mTRACE[0m] [sprout::supervisor] [CPU0] SPROUT: Loop iteration: spawn_bristle_if_needed
[81880682466] [[35mTRACE[0m] [sprout::supervisor] [CPU0] SPROUT: Loop iteration: spawn_display_if_needed
[81882845451] [[35mTRACE[0m] [sprout::supervisor] [CPU0] SPROUT: Loop iteration: spawn_bloom_if_ready
[81884270391] [[35mTRACE[0m] [sprout::supervisor] [CPU0] SPROUT: Loop iteration: spawn_wayland_hello_if_ready
[81885675498] [[35mTRACE[0m] [sprout::supervisor] [CPU0] SPROUT: Loop iteration: spawn_clock_if_ready
[81887072487] [[35mTRACE[0m] [sprout::supervisor] [CPU0] SPROUT: Loop iteration: spawn_leaf_if_ready
[81888423309] [[35mTRACE[0m] [sprout::supervisor] [CPU0] SPROUT: Loop iteration: tick complete
[81889765584] [[34mDEBUG[0m] [sprout::supervisor] [CPU0] SPROUT: ServiceLoop waiting for next event...
[81901702014] [[35mTRACE[0m] [kernel::vfs::devfs] [CPU3] vfs: /dev/console write by PID=6 len=1
t[81902708415] [[35mTRACE[0m] [kernel::vfs::devfs] [CPU3] vfs: /dev/console read by PID=6 len=1
[81935686140] [[35mTRACE[0m] [kernel::vfs::devfs] [CPU3] vfs: /dev/console write by PID=6 len=1
s[81936738675] [[35mTRACE[0m] [kernel::vfs::devfs] [CPU3] vfs: /dev/console read by PID=6 len=1
[82001023599] [[35mTRACE[0m] [kernel::vfs::devfs] [CPU3] vfs: /dev/console write by PID=6 len=1
/[82002066267] [[35mTRACE[0m] [kernel::vfs::devfs] [CPU3] vfs: /dev/console read by PID=6 len=1
[82066743297] [[35mTRACE[0m] [kernel::vfs::devfs] [CPU3] vfs: /dev/console write by PID=6 len=1
l[82067770224] [[35mTRACE[0m] [kernel::vfs::devfs] [CPU3] vfs: /dev/console read by PID=6 len=1
[82099738083] [[35mTRACE[0m] [kernel::vfs::devfs] [CPU3] vfs: /dev/console write by PID=6 len=1
a[82100719899] [[35mTRACE[0m] [kernel::vfs::devfs] [CPU3] vfs: /dev/console read by PID=6 len=1
[82165354128] [[35mTRACE[0m] [kernel::vfs::devfs] [CPU3] vfs: /dev/console write by PID=6 len=1
t[82166430786] [[35mTRACE[0m] [kernel::vfs::devfs] [CPU3] vfs: /dev/console read by PID=6 len=1
[82198597866] [[35mTRACE[0m] [kernel::vfs::devfs] [CPU3] vfs: /dev/console write by PID=6 len=1
e[82199522031] [[35mTRACE[0m] [kernel::vfs::devfs] [CPU3] vfs: /dev/console read by PID=6 len=1
[82205780283] [[35mTRACE[0m] [sprout::supervisor] [CPU0] SPROUT: Supervisor tick...
[82207301220] [[35mTRACE[0m] [sprout::supervisor] [CPU0] SPROUT: Loop iteration: spawn_bristle_if_needed
[82208679696] [[35mTRACE[0m] [sprout::supervisor] [CPU0] SPROUT: Loop iteration: spawn_display_if_needed
[82210364181] [[35mTRACE[0m] [sprout::supervisor] [CPU0] SPROUT: Loop iteration: spawn_bloom_if_ready
[82212754965] [[35mTRACE[0m] [sprout::supervisor] [CPU0] SPROUT: Loop iteration: spawn_wayland_hello_if_ready
[82214250789] [[35mTRACE[0m] [sprout::supervisor] [CPU0] SPROUT: Loop iteration: spawn_clock_if_ready
[82215611775] [[35mTRACE[0m] [sprout::supervisor] [CPU0] SPROUT: Loop iteration: spawn_leaf_if_ready
[82216976919] [[35mTRACE[0m] [sprout::supervisor] [CPU0] SPROUT: Loop iteration: tick complete
[82218288834] [[34mDEBUG[0m] [sprout::supervisor] [CPU0] SPROUT: ServiceLoop waiting for next event...
[82264919385] [[35mTRACE[0m] [kernel::vfs::devfs] [CPU3] vfs: /dev/console write by PID=6 len=1
s[82265990367] [[35mTRACE[0m] [kernel::vfs::devfs] [CPU3] vfs: /dev/console read by PID=6 len=1
[82329939648] [[35mTRACE[0m] [kernel::vfs::devfs] [CPU3] vfs: /dev/console write by PID=6 len=1
t[82330870875] [[35mTRACE[0m] [kernel::vfs::devfs] [CPU3] vfs: /dev/console read by PID=6 len=1
[82362820914] [[35mTRACE[0m] [kernel::vfs::devfs] [CPU3] vfs: /dev/console write by PID=6 len=1

[82374709989] [[34mDEBUG[0m] [sh] [CPU3] sh: spawning job cmd='cat'
[82376004183] [[35mTRACE[0m] [kernel::syscall::handlers::vfs] [CPU3] VFS: sys_fs_open path='/bin/cat' tid=6
[82378122123] [[35mTRACE[0m] [kernel::syscall::handlers::vfs] [CPU3] sys_fs_close: fd=6
[82381245012] [[34mDEBUG[0m] [sh] [CPU3] sh: spawning '/bin/cat' with argv=["/bin/cat", "/session/wayland/events/latest"]
[82392464484] [[34mDEBUG[0m] [kernel::sched::spawn] [CPU3] SPAWN: page cache miss for '/bin/cat', caching 50832 bytes
[82393563747] [[34mDEBUG[0m] [kernel::task::loader] [CPU3] LOADER: Loading module 'cat' (len=50832, base=0x200000)
[82394122833] [[35mTRACE[0m] [kernel::task::loader] [CPU3]   Header: [7f, 45, 4c, 46, 02, 01, 01, 00, 00, 00, 00, 00, 00, 00, 00, 00]
[82396082802] [[34mDEBUG[0m] [kernel::task::loader] [CPU3] LOADER: ELF info: entry=200000, min_vaddr=200000, bias=0, entry_pc=200000
[82397597139] [[35mTRACE[0m] [kernel::task::loader] [CPU3] Segment: vaddr=200000 exec=true
[82400268126] [[35mTRACE[0m] [kernel::task::loader] [CPU3]   COPIED at 0x201420: [24, 88, 00, 00, 00, 4c, 8d, 44]
[82403654520] [[35mTRACE[0m] [kernel::task::loader] [CPU3] Segment: vaddr=207000 exec=false
[82404821730] [[35mTRACE[0m] [kernel::task::loader] [CPU3] Segment: vaddr=208000 exec=false
[82406581191] [[34mDEBUG[0m] [kernel::task::loader] [CPU3] LOADER: TLS block: tp=0x209000 filesz=0 memsz=0 align=1
[82411225281] [[34mDEBUG[0m] [kernel::sched::spawn] [CPU3] SPAWN_FROM_PATH: Starting Phase 1 for /bin/cat
[82412528913] [[34mDEBUG[0m] [bran::arch::x86_64::task] [CPU3] INIT KERNEL CTX: entry=0xffffffff800532f0 kstack_top=0xffffffffb0303e40 arg=0xffffffffb0137320
[82413957747] [[34mDEBUG[0m] [kernel::sched::spawn] [CPU3] SPAWN_FROM_PATH: Phase 1 complete, ID=20, applying inserts
[82414942632] [[34mDEBUG[0m] [kernel::sched] [CPU3] REGISTRY: Applying 1 deferred inserts
[82415956557] [[34mDEBUG[0m] [kernel::sched] [CPU3] REGISTRY: Inserting TID=20
[82417625169] [[34mDEBUG[0m] [kernel::sched] [CPU3] REGISTRY: Inserts applied
[82418606919] [[34mDEBUG[0m] [kernel::sched::spawn] [CPU3] SPAWN_FROM_PATH: Inserts applied, entering Phase 2
[82420789176] [[34mDEBUG[0m] [kernel::sched::spawn] [CPU3] SETUP_STDIO: stdin=Inherit stdout=Inherit stderr=Inherit
[82424802768] [[34mDEBUG[0m] [kernel::sched::spawn] [CPU3] SPAWN_FROM_PATH: Phase 2 complete, waking task 20
[82426476660] [[34mDEBUG[0m] [kernel::sched::spawn] [CPU3] SPAWN_FROM_PATH: Task 20 woken, restoring IRQs
[82427234538] [[34mDEBUG[0m] [kernel::sched::spawn] [CPU3] SPAWN_FROM_PATH: Done for /bin/cat
[82427866917] [[34mDEBUG[0m] [kernel::syscall::handlers::process] [CPU3] SYSCALL SPAWN_PROCESS_EX: name='/bin/cat' TID=20 PID=20
[82428566517] [[34mDEBUG[0m] [kernel::sched::spawn] [CPU2] USER_TRAMPOLINE: PC=0x200000 SP=0x800000 ARG0=0x0
[82429328652] [[34mDEBUG[0m] [bran::arch::x86_64] [CPU2] ENTER_USER: TID=20 entry_pc=200000 user_sp=800000
[82430648289] [[34mDEBUG[0m] [kernel::syscall::handlers::process] [CPU2] sys_auxv_get: tid=20 buf_len=0
[82432013367] [[34mDEBUG[0m] [kernel::syscall::handlers::process] [CPU2] sys_auxv_get: tid=20 buf_len=100
[82438484436] [[34mDEBUG[0m] [sh] [CPU3] sh: spawned '/bin/cat' pid=20 idx=0 background=false pending_pgid=0
[82440737115] [[34mDEBUG[0m] [sh] [CPU3] sh: setpgid leader pid=20 -> pgid=20
[82442221092] [[34mDEBUG[0m] [sh] [CPU3] sh: cleaning up 0 pipes
[82443921120] [[34mDEBUG[0m] [sh] [CPU3] sh: foreground handoff start job_id=1 pgid=20 shell_pgid=5 cmd='cat /session/wayland/events/latest'
[82445460801] [[34mDEBUG[0m] [sh] [CPU3] sh: foreground handoff done job_id=1 pgid=20 cmd='cat /session/wayland/events/latest'
[82446659691] [[35mTRACE[0m] [kernel::vfs::devfs] [CPU3] vfs: /dev/console write by PID=6 len=6
[?25l[82450609362] [[35mTRACE[0m] [kernel::sched::lifecycle] [CPU3] waitpid: blocking parent_pid=6 parent_tid=6 target_pid=-1 flags=0x6 registered_children=1
[82463565195] [[34mDEBUG[0m] [cat] [CPU2] cat: opening '/session/wayland/events/latest'
[82464406332] [[35mTRACE[0m] [kernel::syscall::handlers::vfs] [CPU2] VFS: sys_fs_open path='/session/wayland/events/latest' tid=20
[82467611127] [[34mDEBUG[0m] [cat] [CPU2] cat: opened '/session/wayland/events/latest' fd=6
[82471430514] [[35mTRACE[0m] [kernel::vfs::devfs] [CPU2] vfs: /dev/console write by PID=20 len=38
surface_committed id=4 frame_serial=2
[82476129681] [[35mTRACE[0m] [kernel::syscall::handlers::vfs] [CPU2] sys_fs_close: fd=6
[82482018696] [[35mTRACE[0m] [kernel::signal] [CPU2] signal: queued child event ppid=6 child_pid=20 status=0x0 wake_tids=1 queue_len=1
[82487801715] [[35mTRACE[0m] [kernel::sched::lifecycle] [CPU3] waitpid: woke parent_pid=6 parent_tid=6 target_pid=-1 flags=0x6 interrupted=false
[82501291851] [[34mDEBUG[0m] [kernel::inbox] [CPU3] inbox::close: inbox closed, 0 messages dropped on close
[82510034475] [[35mTRACE[0m] [kernel::sched::lifecycle] [CPU3] waitpid: queued status delivered parent_pid=6 parent_tid=6 target_pid=-1 child_pid=20 status=0x0 flags=0x6
[82519344798] [[35mTRACE[0m] [kernel::vfs::devfs] [CPU3] vfs: /dev/console write by PID=6 len=6
[?25h[82521281898] [[35mTRACE[0m] [kernel::vfs::devfs] [CPU3] vfs: /dev/console write by PID=6 len=95
[1;95mTHING[0m[1;96m-OS[0m [2;94m[[0m[1;92mOK[0m[2;94m][0m [1;93m/[0m [1;96m>[0m [82522821315] [[35mTRACE[0m] [kernel::vfs::devfs] [CPU3] vfs: /dev/console write by PID=6 len=6
[?25h[82523707464] [[35mTRACE[0m] [kernel::vfs::devfs] [CPU3] vfs: /dev/console read by PID=6 len=1
[82529286015] [[35mTRACE[0m] [sprout::supervisor] [CPU0] SPROUT: Supervisor tick...
[82530755769] [[35mTRACE[0m] [sprout::supervisor] [CPU0] SPROUT: Loop iteration: spawn_bristle_if_needed
[82532467842] [[35mTRACE[0m] [sprout::supervisor] [CPU0] SPROUT: Loop iteration: spawn_display_if_needed
[82534046562] [[35mTRACE[0m] [sprout::supervisor] [CPU0] SPROUT: Loop iteration: spawn_bloom_if_ready
[82534928289] [[35mTRACE[0m] [sprout::supervisor] [CPU0] SPROUT: Loop iteration: spawn_wayland_hello_if_ready
[82536818925] [[35mTRACE[0m] [sprout::supervisor] [CPU0] SPROUT: Loop iteration: spawn_clock_if_ready
[82538332899] [[35mTRACE[0m] [sprout::supervisor] [CPU0] SPROUT: Loop iteration: spawn_leaf_if_ready
[82540715004] [[35mTRACE[0m] [sprout::supervisor] [CPU0] SPROUT: Loop iteration: tick complete
[82542008934] [[34mDEBUG[0m] [sprout::supervisor] [CPU0] SPROUT: ServiceLoop waiting for next event...
[82568724084] [[34mDEBUG[0m] [kernel::vfs::provider] [CPU1] VFS_RPC: request op=DeviceCall len=48 tid=10
[82573573071] [[35mTRACE[0m] [display_virtio_gpu] [CPU3] display_virtio_gpu: VFS RPC op=DeviceCall
[82574887263] [[35mTRACE[0m] [display_virtio_gpu] [CPU3] DISP: DISPLAY_OP_GET_INFO requested
[82576502613] [[35mTRACE[0m] [display_virtio_gpu] [CPU3] DISP: Returning dimensions 1280x800
[82577222442] [[35mTRACE[0m] [display_virtio_gpu] [CPU3] display_virtio_gpu: VFS RPC response begin op=DeviceCall req_id=78
[82579103376] [[35mTRACE[0m] [display_virtio_gpu] [CPU3] display_virtio_gpu: VFS RPC response sent op=DeviceCall req_id=78
[82582219038] [[34mDEBUG[0m] [kernel::vfs::provider] [CPU1] VFS_RPC: response op=DeviceCall id=78 -> OK(48)
[82865060421] [[35mTRACE[0m] [sprout::supervisor] [CPU0] SPROUT: Supervisor tick...
[82866469257] [[35mTRACE[0m] [sprout::supervisor] [CPU0] SPROUT: Loop iteration: spawn_bristle_if_needed
[82867998807] [[35mTRACE[0m] [sprout::supervisor] [CPU0] SPROUT: Loop iteration: spawn_display_if_needed
[82870475523] [[35mTRACE[0m] [sprout::supervisor] [CPU0] SPROUT: Loop iteration: spawn_bloom_if_ready
[82871904225] [[35mTRACE[0m] [sprout::supervisor] [CPU0] SPROUT: Loop iteration: spawn_wayland_hello_if_ready
[82873351044] [[35mTRACE[0m] [sprout::supervisor] [CPU0] SPROUT: Loop iteration: spawn_clock_if_ready
[82874753346] [[35mTRACE[0m] [sprout::supervisor] [CPU0] SPROUT: Loop iteration: spawn_leaf_if_ready
[82876132944] [[35mTRACE[0m] [sprout::supervisor] [CPU0] SPROUT: Loop iteration: tick complete
[82877423343] [[34mDEBUG[0m] [sprout::supervisor] [CPU0] SPROUT: ServiceLoop waiting for next event...
[83193587928] [[35mTRACE[0m] [sprout::supervisor] [CPU0] SPROUT: Supervisor tick...
[83194982937] [[35mTRACE[0m] [sprout::supervisor] [CPU0] SPROUT: Loop iteration: spawn_bristle_if_needed
[83196586473] [[35mTRACE[0m] [sprout::supervisor] [CPU0] SPROUT: Loop iteration: spawn_display_if_needed
[83198167305] [[35mTRACE[0m] [sprout::supervisor] [CPU0] SPROUT: Loop iteration: spawn_bloom_if_ready
[83199645177] [[35mTRACE[0m] [sprout::supervisor] [CPU0] SPROUT: Loop iteration: spawn_wayland_hello_if_ready
[83201102886] [[35mTRACE[0m] [sprout::supervisor] [CPU0] SPROUT: Loop iteration: spawn_clock_if_ready
[83202511854] [[35mTRACE[0m] [sprout::supervisor] [CPU0] SPROUT: Loop iteration: spawn_leaf_if_ready
[83203850070] [[35mTRACE[0m] [sprout::supervisor] [CPU0] SPROUT: Loop iteration: tick complete
[83205200793] [[34mDEBUG[0m] [sprout::supervisor] [CPU0] SPROUT: ServiceLoop waiting for next event...
[83390823846] [[34mDEBUG[0m] [kernel::vfs::provider] [CPU1] VFS_RPC: request op=DeviceCall len=48 tid=10
[83395446057] [[35mTRACE[0m] [display_virtio_gpu] [CPU3] display_virtio_gpu: VFS RPC op=DeviceCall
[83396420910] [[35mTRACE[0m] [display_virtio_gpu] [CPU3] DISP: DISPLAY_OP_GET_INFO requested
[83397002271] [[35mTRACE[0m] [display_virtio_gpu] [CPU3] DISP: Returning dimensions 1280x800
[83397583830] [[35mTRACE[0m] [display_virtio_gpu] [CPU3] display_virtio_gpu: VFS RPC response begin op=DeviceCall req_id=79
[83399399853] [[35mTRACE[0m] [display_virtio_gpu] [CPU3] display_virtio_gpu: VFS RPC response sent op=DeviceCall req_id=79
[83403361503] [[34mDEBUG[0m] [kernel::vfs::provider] [CPU1] VFS_RPC: response op=DeviceCall id=79 -> OK(48)
[83522072337] [[35mTRACE[0m] [sprout::supervisor] [CPU0] SPROUT: Supervisor tick...
[83523495528] [[35mTRACE[0m] [sprout::supervisor] [CPU0] SPROUT: Loop iteration: spawn_bristle_if_needed
[83526666762] [[35mTRACE[0m] [sprout::supervisor] [CPU0] SPROUT: Loop iteration: spawn_display_if_needed
[83529269868] [[35mTRACE[0m] [sprout::supervisor] [CPU0] SPROUT: Loop iteration: spawn_bloom_if_ready
[83530676229] [[35mTRACE[0m] [sprout::supervisor] [CPU0] SPROUT: Loop iteration: spawn_wayland_hello_if_ready
[83532147006] [[35mTRACE[0m] [sprout::supervisor] [CPU0] SPROUT: Loop iteration: spawn_clock_if_ready
[83533522644] [[35mTRACE[0m] [sprout::supervisor] [CPU0] SPROUT: Loop iteration: spawn_leaf_if_ready
[83534886600] [[35mTRACE[0m] [sprout::supervisor] [CPU0] SPROUT: Loop iteration: tick complete
[83536236828] [[34mDEBUG[0m] [sprout::supervisor] [CPU0] SPROUT: ServiceLoop waiting for next event...
[83850411678] [[35mTRACE[0m] [sprout::supervisor] [CPU0] SPROUT: Supervisor tick...
[83853006996] [[35mTRACE[0m] [sprout::supervisor] [CPU0] SPROUT: Loop iteration: spawn_bristle_if_needed
[83855807640] [[35mTRACE[0m] [sprout::supervisor] [CPU0] SPROUT: Loop iteration: spawn_display_if_needed
[83857933731] [[35mTRACE[0m] [sprout::supervisor] [CPU0] SPROUT: Loop iteration: spawn_bloom_if_ready
[83859320094] [[35mTRACE[0m] [sprout::supervisor] [CPU0] SPROUT: Loop iteration: spawn_wayland_hello_if_ready
[83860874493] [[35mTRACE[0m] [sprout::supervisor] [CPU0] SPROUT: Loop iteration: spawn_clock_if_ready
[83862262473] [[35mTRACE[0m] [sprout::supervisor] [CPU0] SPROUT: Loop iteration: spawn_leaf_if_ready
[83863606233] [[35mTRACE[0m] [sprout::supervisor] [CPU0] SPROUT: Loop iteration: tick complete
[83864973357] [[34mDEBUG[0m] [sprout::supervisor] [CPU0] SPROUT: ServiceLoop waiting for next event...
[84180827247] [[35mTRACE[0m] [sprout::supervisor] [CPU0] SPROUT: Supervisor tick...
[84182444445] [[35mTRACE[0m] [sprout::supervisor] [CPU0] SPROUT: Loop iteration: spawn_bristle_if_needed
[84183877635] [[35mTRACE[0m] [sprout::supervisor] [CPU0] SPROUT: Loop iteration: spawn_display_if_needed
[84185268585] [[35mTRACE[0m] [sprout::supervisor] [CPU0] SPROUT: Loop iteration: spawn_bloom_if_ready
[84186697155] [[35mTRACE[0m] [sprout::supervisor] [CPU0] SPROUT: Loop iteration: spawn_wayland_hello_if_ready
[84188127573] [[35mTRACE[0m] [sprout::supervisor] [CPU0] SPROUT: Loop iteration: spawn_clock_if_ready
[84189609504] [[35mTRACE[0m] [sprout::supervisor] [CPU0] SPROUT: Loop iteration: spawn_leaf_if_ready
[84190932969] [[35mTRACE[0m] [sprout::supervisor] [CPU0] SPROUT: Loop iteration: tick complete
[84192290490] [[34mDEBUG[0m] [sprout::supervisor] [CPU0] SPROUT: ServiceLoop waiting for next event...
[84206729178] [[34mDEBUG[0m] [kernel::vfs::provider] [CPU1] VFS_RPC: request op=DeviceCall len=48 tid=10
[84213344754] [[35mTRACE[0m] [display_virtio_gpu] [CPU3] display_virtio_gpu: VFS RPC op=DeviceCall
[84214538265] [[35mTRACE[0m] [display_virtio_gpu] [CPU3] DISP: DISPLAY_OP_GET_INFO requested
[84215278455] [[35mTRACE[0m] [display_virtio_gpu] [CPU3] DISP: Returning dimensions 1280x800
[84215924430] [[35mTRACE[0m] [display_virtio_gpu] [CPU3] display_virtio_gpu: VFS RPC response begin op=DeviceCall req_id=80
[84217755501] [[35mTRACE[0m] [display_virtio_gpu] [CPU3] display_virtio_gpu: VFS RPC response sent op=DeviceCall req_id=80
[84221653263] [[34mDEBUG[0m] [kernel::vfs::provider] [CPU1] VFS_RPC: response op=DeviceCall id=80 -> OK(48)
[84509523516] [[35mTRACE[0m] [sprout::supervisor] [CPU0] SPROUT: Supervisor tick...
[84510901299] [[35mTRACE[0m] [sprout::supervisor] [CPU0] SPROUT: Loop iteration: spawn_bristle_if_needed
[84512473221] [[35mTRACE[0m] [sprout::supervisor] [CPU0] SPROUT: Loop iteration: spawn_display_if_needed
[84514365903] [[35mTRACE[0m] [sprout::supervisor] [CPU0] SPROUT: Loop iteration: spawn_bloom_if_ready
[84515818332] [[35mTRACE[0m] [sprout::supervisor] [CPU0] SPROUT: Loop iteration: spawn_wayland_hello_if_ready
[84517270959] [[35mTRACE[0m] [sprout::supervisor] [CPU0] SPROUT: Loop iteration: spawn_clock_if_ready
[84518766024] [[35mTRACE[0m] [sprout::supervisor] [CPU0] SPROUT: Loop iteration: spawn_leaf_if_ready
[84520109520] [[35mTRACE[0m] [sprout::supervisor] [CPU0] SPROUT: Loop iteration: tick complete
[84521476842] [[34mDEBUG[0m] [sprout::supervisor] [CPU0] SPROUT: ServiceLoop waiting for next event...
[84831160161] [[35mTRACE[0m] [sprout::supervisor] [CPU0] SPROUT: Supervisor tick...
[84832582032] [[35mTRACE[0m] [sprout::supervisor] [CPU0] SPROUT: Loop iteration: spawn_bristle_if_needed
[84834130392] [[35mTRACE[0m] [sprout::supervisor] [CPU0] SPROUT: Loop iteration: spawn_display_if_needed
[84835512399] [[35mTRACE[0m] [sprout::supervisor] [CPU0] SPROUT: Loop iteration: spawn_bloom_if_ready
[84836840550] [[35mTRACE[0m] [sprout::supervisor] [CPU0] SPROUT: Loop iteration: spawn_wayland_hello_if_ready
[84838243875] [[35mTRACE[0m] [sprout::supervisor] [CPU0] SPROUT: Loop iteration: spawn_clock_if_ready
[84839582388] [[35mTRACE[0m] [sprout::supervisor] [CPU0] SPROUT: Loop iteration: spawn_leaf_if_ready
[84841148568] [[35mTRACE[0m] [sprout::supervisor] [CPU0] SPROUT: Loop iteration: tick complete
[84842558592] [[34mDEBUG[0m] [sprout::supervisor] [CPU0] SPROUT: ServiceLoop waiting for next event...
[85035721254] [[34mDEBUG[0m] [kernel::vfs::provider] [CPU1] VFS_RPC: request op=DeviceCall len=48 tid=10
[85040384352] [[35mTRACE[0m] [display_virtio_gpu] [CPU3] display_virtio_gpu: VFS RPC op=DeviceCall
[85041724482] [[35mTRACE[0m] [display_virtio_gpu] [CPU3] DISP: DISPLAY_OP_GET_INFO requested
[85042334157] [[35mTRACE[0m] [display_virtio_gpu] [CPU3] DISP: Returning dimensions 1280x800
[85043068836] [[35mTRACE[0m] [display_virtio_gpu] [CPU3] display_virtio_gpu: VFS RPC response begin op=DeviceCall req_id=81
[85044738834] [[35mTRACE[0m] [display_virtio_gpu] [CPU3] display_virtio_gpu: VFS RPC response sent op=DeviceCall req_id=81
[85046881788] [[34mDEBUG[0m] [kernel::vfs::provider] [CPU1] VFS_RPC: response op=DeviceCall id=81 -> OK(48)
[85165875366] [[35mTRACE[0m] [sprout::supervisor] [CPU0] SPROUT: Supervisor tick...
[85168796922] [[35mTRACE[0m] [sprout::supervisor] [CPU0] SPROUT: Loop iteration: spawn_bristle_if_needed
[85170556350] [[35mTRACE[0m] [sprout::supervisor] [CPU0] SPROUT: Loop iteration: spawn_display_if_needed
[85172066232] [[35mTRACE[0m] [sprout::supervisor] [CPU0] SPROUT: Loop iteration: spawn_bloom_if_ready
[85173510840] [[35mTRACE[0m] [sprout::supervisor] [CPU0] SPROUT: Loop iteration: spawn_wayland_hello_if_ready
[85174944723] [[35mTRACE[0m] [sprout::supervisor] [CPU0] SPROUT: Loop iteration: spawn_clock_if_ready
[85176282048] [[35mTRACE[0m] [sprout::supervisor] [CPU0] SPROUT: Loop iteration: spawn_leaf_if_ready
[85177694778] [[35mTRACE[0m] [sprout::supervisor] [CPU0] SPROUT: Loop iteration: tick complete
[85179028803] [[34mDEBUG[0m] [sprout::supervisor] [CPU0] SPROUT: ServiceLoop waiting for next event...
[85496419404] [[35mTRACE[0m] [sprout::supervisor] [CPU0] SPROUT: Supervisor tick...
[85498572555] [[35mTRACE[0m] [sprout::supervisor] [CPU0] SPROUT: Loop iteration: spawn_bristle_if_needed
[85500231498] [[35mTRACE[0m] [sprout::supervisor] [CPU0] SPROUT: Loop iteration: spawn_display_if_needed
[85501418904] [[35mTRACE[0m] [sprout::supervisor] [CPU0] SPROUT: Loop iteration: spawn_bloom_if_ready
[85503156486] [[35mTRACE[0m] [sprout::supervisor] [CPU0] SPROUT: Loop iteration: spawn_wayland_hello_if_ready
[85504643400] [[35mTRACE[0m] [sprout::supervisor] [CPU0] SPROUT: Loop iteration: spawn_clock_if_ready
[85506059826] [[35mTRACE[0m] [sprout::supervisor] [CPU0] SPROUT: Loop iteration: spawn_leaf_if_ready
[85507518723] [[35mTRACE[0m] [sprout::supervisor] [CPU0] SPROUT: Loop iteration: tick complete
[85508849613] [[34mDEBUG[0m] [sprout::supervisor] [CPU0] SPROUT: ServiceLoop waiting for next event...
[85818422646] [[35mTRACE[0m] [sprout::supervisor] [CPU0] SPROUT: Supervisor tick...
[85820065782] [[35mTRACE[0m] [sprout::supervisor] [CPU0] SPROUT: Loop iteration: spawn_bristle_if_needed
[85821568701] [[35mTRACE[0m] [sprout::supervisor] [CPU0] SPROUT: Loop iteration: spawn_display_if_needed
[85822982883] [[35mTRACE[0m] [sprout::supervisor] [CPU0] SPROUT: Loop iteration: spawn_bloom_if_ready
[85824307206] [[35mTRACE[0m] [sprout::supervisor] [CPU0] SPROUT: Loop iteration: spawn_wayland_hello_if_ready
[85825699740] [[35mTRACE[0m] [sprout::supervisor] [CPU0] SPROUT: Loop iteration: spawn_clock_if_ready
[85827161805] [[35mTRACE[0m] [sprout::supervisor] [CPU0] SPROUT: Loop iteration: spawn_leaf_if_ready
[85828657266] [[35mTRACE[0m] [sprout::supervisor] [CPU0] SPROUT: Loop iteration: tick complete
[85830010101] [[34mDEBUG[0m] [sprout::supervisor] [CPU0] SPROUT: ServiceLoop waiting for next event...
[85857520419] [[34mDEBUG[0m] [kernel::vfs::provider] [CPU1] VFS_RPC: request op=DeviceCall len=48 tid=10
[85862378778] [[35mTRACE[0m] [display_virtio_gpu] [CPU3] display_virtio_gpu: VFS RPC op=DeviceCall
[85863779760] [[35mTRACE[0m] [display_virtio_gpu] [CPU3] DISP: DISPLAY_OP_GET_INFO requested
[85864500216] [[35mTRACE[0m] [display_virtio_gpu] [CPU3] DISP: Returning dimensions 1280x800
[85865063889] [[35mTRACE[0m] [display_virtio_gpu] [CPU3] display_virtio_gpu: VFS RPC response begin op=DeviceCall req_id=82
[85866904332] [[35mTRACE[0m] [display_virtio_gpu] [CPU3] display_virtio_gpu: VFS RPC response sent op=DeviceCall req_id=82
[85869289473] [[34mDEBUG[0m] [kernel::vfs::provider] [CPU1] VFS_RPC: response op=DeviceCall id=82 -> OK(48)
[86154491808] [[35mTRACE[0m] [sprout::supervisor] [CPU0] SPROUT: Supervisor tick...
[86157480255] [[35mTRACE[0m] [sprout::supervisor] [CPU0] SPROUT: Loop iteration: spawn_bristle_if_needed
[86158913808] [[35mTRACE[0m] [sprout::supervisor] [CPU0] SPROUT: Loop iteration: spawn_display_if_needed
[86160315912] [[35mTRACE[0m] [sprout::supervisor] [CPU0] SPROUT: Loop iteration: spawn_bloom_if_ready
[86161649112] [[35mTRACE[0m] [sprout::supervisor] [CPU0] SPROUT: Loop iteration: spawn_wayland_hello_if_ready
[86163113487] [[35mTRACE[0m] [sprout::supervisor] [CPU0] SPROUT: Loop iteration: spawn_clock_if_ready
[86164463880] [[35mTRACE[0m] [sprout::supervisor] [CPU0] SPROUT: Loop iteration: spawn_leaf_if_ready
[86165826483] [[35mTRACE[0m] [sprout::supervisor] [CPU0] SPROUT: Loop iteration: tick complete
[86167149750] [[34mDEBUG[0m] [sprout::supervisor] [CPU0] SPROUT: ServiceLoop waiting for next event...
[86482392480] [[35mTRACE[0m] [sprout::supervisor] [CPU0] SPROUT: Supervisor tick...
[86483753202] [[35mTRACE[0m] [sprout::supervisor] [CPU0] SPROUT: Loop iteration: spawn_bristle_if_needed
[86485161741] [[35mTRACE[0m] [sprout::supervisor] [CPU0] SPROUT: Loop iteration: spawn_display_if_needed
[86486584437] [[35mTRACE[0m] [sprout::supervisor] [CPU0] SPROUT: Loop iteration: spawn_bloom_if_ready
[86488017957] [[35mTRACE[0m] [sprout::supervisor] [CPU0] SPROUT: Loop iteration: spawn_wayland_hello_if_ready
[86489511339] [[35mTRACE[0m] [sprout::supervisor] [CPU0] SPROUT: Loop iteration: spawn_clock_if_ready
[86490871962] [[35mTRACE[0m] [sprout::supervisor] [CPU0] SPROUT: Loop iteration: spawn_leaf_if_ready
[86492286309] [[35mTRACE[0m] [sprout::supervisor] [CPU0] SPROUT: Loop iteration: tick complete
[86493555588] [[34mDEBUG[0m] [sprout::supervisor] [CPU0] SPROUT: ServiceLoop waiting for next event...
[86679982356] [[34mDEBUG[0m] [kernel::vfs::provider] [CPU1] VFS_RPC: request op=DeviceCall len=48 tid=10
[86684732442] [[35mTRACE[0m] [display_virtio_gpu] [CPU3] display_virtio_gpu: VFS RPC op=DeviceCall
[86685806955] [[35mTRACE[0m] [display_virtio_gpu] [CPU3] DISP: DISPLAY_OP_GET_INFO requested
[86686404321] [[35mTRACE[0m] [display_virtio_gpu] [CPU3] DISP: Returning dimensions 1280x800
[86686992975] [[35mTRACE[0m] [display_virtio_gpu] [CPU3] display_virtio_gpu: VFS RPC response begin op=DeviceCall req_id=83
[86688657363] [[35mTRACE[0m] [display_virtio_gpu] [CPU3] display_virtio_gpu: VFS RPC response sent op=DeviceCall req_id=83
[86690911461] [[34mDEBUG[0m] [kernel::vfs::provider] [CPU1] VFS_RPC: response op=DeviceCall id=83 -> OK(48)
[86810714595] [[35mTRACE[0m] [sprout::supervisor] [CPU0] SPROUT: Supervisor tick...
[86813734887] [[35mTRACE[0m] [sprout::supervisor] [CPU0] SPROUT: Loop iteration: spawn_bristle_if_needed
[86815209525] [[35mTRACE[0m] [sprout::supervisor] [CPU0] SPROUT: Loop iteration: spawn_display_if_needed
[86816655651] [[35mTRACE[0m] [sprout::supervisor] [CPU0] SPROUT: Loop iteration: spawn_bloom_if_ready
[86818105077] [[35mTRACE[0m] [sprout::supervisor] [CPU0] SPROUT: Loop iteration: spawn_wayland_hello_if_ready
[86819535363] [[35mTRACE[0m] [sprout::supervisor] [CPU0] SPROUT: Loop iteration: spawn_clock_if_ready
[86820991092] [[35mTRACE[0m] [sprout::supervisor] [CPU0] SPROUT: Loop iteration: spawn_leaf_if_ready
[86822368017] [[35mTRACE[0m] [sprout::supervisor] [CPU0] SPROUT: Loop iteration: tick complete
[86823702141] [[34mDEBUG[0m] [sprout::supervisor] [CPU0] SPROUT: ServiceLoop waiting for next event...
[87140690373] [[35mTRACE[0m] [sprout::supervisor] [CPU0] SPROUT: Supervisor tick...
[87142724229] [[35mTRACE[0m] [sprout::supervisor] [CPU0] SPROUT: Loop iteration: spawn_bristle_if_needed
[87144139104] [[35mTRACE[0m] [sprout::supervisor] [CPU0] SPROUT: Loop iteration: spawn_display_if_needed
[87145537545] [[35mTRACE[0m] [sprout::supervisor] [CPU0] SPROUT: Loop iteration: spawn_bloom_if_ready
[87146926416] [[35mTRACE[0m] [sprout::supervisor] [CPU0] SPROUT: Loop iteration: spawn_wayland_hello_if_ready
[87148345845] [[35mTRACE[0m] [sprout::supervisor] [CPU0] SPROUT: Loop iteration: spawn_clock_if_ready
[87149701320] [[35mTRACE[0m] [sprout::supervisor] [CPU0] SPROUT: Loop iteration: spawn_leaf_if_ready
[87151276773] [[35mTRACE[0m] [sprout::supervisor] [CPU0] SPROUT: Loop iteration: tick complete
[87152641785] [[34mDEBUG[0m] [sprout::supervisor] [CPU0] SPROUT: ServiceLoop waiting for next event...
[87293551884] [[32mINFO [0m] [kernel::time] [CPU0] System clock tick: utc=2026-05-01 23:20:53.079798198 unix_secs=1777677653.079798198
[87470160030] [[35mTRACE[0m] [sprout::supervisor] [CPU0] SPROUT: Supervisor tick...
[87471913782] [[35mTRACE[0m] [sprout::supervisor] [CPU0] SPROUT: Loop iteration: spawn_bristle_if_needed
[87474310737] [[35mTRACE[0m] [sprout::supervisor] [CPU0] SPROUT: Loop iteration: spawn_display_if_needed
[87475807683] [[35mTRACE[0m] [sprout::supervisor] [CPU0] SPROUT: Loop iteration: spawn_bloom_if_ready
[87477212856] [[35mTRACE[0m] [sprout::supervisor] [CPU0] SPROUT: Loop iteration: spawn_wayland_hello_if_ready
[87478659708] [[35mTRACE[0m] [sprout::supervisor] [CPU0] SPROUT: Loop iteration: spawn_clock_if_ready
[87480035841] [[35mTRACE[0m] [sprout::supervisor] [CPU0] SPROUT: Loop iteration: spawn_leaf_if_ready
[87481346040] [[35mTRACE[0m] [sprout::supervisor] [CPU0] SPROUT: Loop iteration: tick complete
[87482696070] [[34mDEBUG[0m] [sprout::supervisor] [CPU0] SPROUT: ServiceLoop waiting for next event...
[87502180425] [[34mDEBUG[0m] [kernel::vfs::provider] [CPU1] VFS_RPC: request op=DeviceCall len=48 tid=10
[87506924604] [[35mTRACE[0m] [display_virtio_gpu] [CPU3] display_virtio_gpu: VFS RPC op=DeviceCall
[87508151511] [[35mTRACE[0m] [display_virtio_gpu] [CPU3] DISP: DISPLAY_OP_GET_INFO requested
[87508933512] [[35mTRACE[0m] [display_virtio_gpu] [CPU3] DISP: Returning dimensions 1280x800
[87509675748] [[35mTRACE[0m] [display_virtio_gpu] [CPU3] display_virtio_gpu: VFS RPC response begin op=DeviceCall req_id=84
[87511479990] [[35mTRACE[0m] [display_virtio_gpu] [CPU3] display_virtio_gpu: VFS RPC response sent op=DeviceCall req_id=84
[87514193712] [[34mDEBUG[0m] [kernel::vfs::provider] [CPU1] VFS_RPC: response op=DeviceCall id=84 -> OK(48)
[87798179436] [[35mTRACE[0m] [sprout::supervisor] [CPU0] SPROUT: Supervisor tick...
[87799609623] [[35mTRACE[0m] [sprout::supervisor] [CPU0] SPROUT: Loop iteration: spawn_bristle_if_needed
[87801241110] [[35mTRACE[0m] [sprout::supervisor] [CPU0] SPROUT: Loop iteration: spawn_display_if_needed
[87802909821] [[35mTRACE[0m] [sprout::supervisor] [CPU0] SPROUT: Loop iteration: spawn_bloom_if_ready
[87804368751] [[35mTRACE[0m] [sprout::supervisor] [CPU0] SPROUT: Loop iteration: spawn_wayland_hello_if_ready
[87805856622] [[35mTRACE[0m] [sprout::supervisor] [CPU0] SPROUT: Loop iteration: spawn_clock_if_ready
[87807222558] [[35mTRACE[0m] [sprout::supervisor] [CPU0] SPROUT: Loop iteration: spawn_leaf_if_ready
[87808594731] [[35mTRACE[0m] [sprout::supervisor] [CPU0] SPROUT: Loop iteration: tick complete
[87809961987] [[34mDEBUG[0m] [sprout::supervisor] [CPU0] SPROUT: ServiceLoop waiting for next event...
[88126833564] [[35mTRACE[0m] [sprout::supervisor] [CPU0] SPROUT: Supervisor tick...
[88128275136] [[35mTRACE[0m] [sprout::supervisor] [CPU0] SPROUT: Loop iteration: spawn_bristle_if_needed
[88129833132] [[35mTRACE[0m] [sprout::supervisor] [CPU0] SPROUT: Loop iteration: spawn_display_if_needed
[88131548868] [[35mTRACE[0m] [sprout::supervisor] [CPU0] SPROUT: Loop iteration: spawn_bloom_if_ready
[88132485111] [[35mTRACE[0m] [sprout::supervisor] [CPU0] SPROUT: Loop iteration: spawn_wayland_hello_if_ready
[88134373932] [[35mTRACE[0m] [sprout::supervisor] [CPU0] SPROUT: Loop iteration: spawn_clock_if_ready
[88135768875] [[35mTRACE[0m] [sprout::supervisor] [CPU0] SPROUT: Loop iteration: spawn_leaf_if_ready
[88137135636] [[35mTRACE[0m] [sprout::supervisor] [CPU0] SPROUT: Loop iteration: tick complete
[88138492992] [[34mDEBUG[0m] [sprout::supervisor] [CPU0] SPROUT: ServiceLoop waiting for next event...
[88324335165] [[34mDEBUG[0m] [kernel::vfs::provider] [CPU1] VFS_RPC: request op=DeviceCall len=48 tid=10
[88329114588] [[35mTRACE[0m] [display_virtio_gpu] [CPU3] display_virtio_gpu: VFS RPC op=DeviceCall
[88330519398] [[35mTRACE[0m] [display_virtio_gpu] [CPU3] DISP: DISPLAY_OP_GET_INFO requested
[88331294964] [[35mTRACE[0m] [display_virtio_gpu] [CPU3] DISP: Returning dimensions 1280x800
[88332984894] [[35mTRACE[0m] [display_virtio_gpu] [CPU3] display_virtio_gpu: VFS RPC response begin op=DeviceCall req_id=85
[88334814810] [[35mTRACE[0m] [display_virtio_gpu] [CPU3] display_virtio_gpu: VFS RPC response sent op=DeviceCall req_id=85
[88338868398] [[34mDEBUG[0m] [kernel::vfs::provider] [CPU1] VFS_RPC: response op=DeviceCall id=85 -> OK(48)
[88448936301] [[35mTRACE[0m] [sprout::supervisor] [CPU0] SPROUT: Supervisor tick...
[88450507464] [[35mTRACE[0m] [sprout::supervisor] [CPU0] SPROUT: Loop iteration: spawn_bristle_if_needed
[88451954943] [[35mTRACE[0m] [sprout::supervisor] [CPU0] SPROUT: Loop iteration: spawn_display_if_needed
[88453596792] [[35mTRACE[0m] [sprout::supervisor] [CPU0] SPROUT: Loop iteration: spawn_bloom_if_ready
[88455863331] [[35mTRACE[0m] [sprout::supervisor] [CPU0] SPROUT: Loop iteration: spawn_wayland_hello_if_ready
[88458507324] [[35mTRACE[0m] [sprout::supervisor] [CPU0] SPROUT: Loop iteration: spawn_clock_if_ready
[88459954209] [[35mTRACE[0m] [sprout::supervisor] [CPU0] SPROUT: Loop iteration: spawn_leaf_if_ready
[88461354597] [[35mTRACE[0m] [sprout::supervisor] [CPU0] SPROUT: Loop iteration: tick complete
[88462725384] [[34mDEBUG[0m] [sprout::supervisor] [CPU0] SPROUT: ServiceLoop waiting for next event...
[88785146802] [[35mTRACE[0m] [sprout::supervisor] [CPU0] SPROUT: Supervisor tick...
[88787906559] [[35mTRACE[0m] [sprout::supervisor] [CPU0] SPROUT: Loop iteration: spawn_bristle_if_needed
[88790203590] [[35mTRACE[0m] [sprout::supervisor] [CPU0] SPROUT: Loop iteration: spawn_display_if_needed
[88792382217] [[35mTRACE[0m] [sprout::supervisor] [CPU0] SPROUT: Loop iteration: spawn_bloom_if_ready
[88794446367] [[35mTRACE[0m] [sprout::supervisor] [CPU0] SPROUT: Loop iteration: spawn_wayland_hello_if_ready
[88796739240] [[35mTRACE[0m] [sprout::supervisor] [CPU0] SPROUT: Loop iteration: spawn_clock_if_ready
[88798888266] [[35mTRACE[0m] [sprout::supervisor] [CPU0] SPROUT: Loop iteration: spawn_leaf_if_ready
[88801070127] [[35mTRACE[0m] [sprout::supervisor] [CPU0] SPROUT: Loop iteration: tick complete
[88803076989] [[34mDEBUG[0m] [sprout::supervisor] [CPU0] SPROUT: ServiceLoop waiting for next event...
[89114520594] [[35mTRACE[0m] [sprout::supervisor] [CPU0] SPROUT: Supervisor tick...
[89117882106] [[35mTRACE[0m] [sprout::supervisor] [CPU0] SPROUT: Loop iteration: spawn_bristle_if_needed
[89119371000] [[35mTRACE[0m] [sprout::supervisor] [CPU0] SPROUT: Loop iteration: spawn_display_if_needed
[89120848740] [[35mTRACE[0m] [sprout::supervisor] [CPU0] SPROUT: Loop iteration: spawn_bloom_if_ready
[89122277211] [[35mTRACE[0m] [sprout::supervisor] [CPU0] SPROUT: Loop iteration: spawn_wayland_hello_if_ready
[89123735580] [[35mTRACE[0m] [sprout::supervisor] [CPU0] SPROUT: Loop iteration: spawn_clock_if_ready
[89125091022] [[35mTRACE[0m] [sprout::supervisor] [CPU0] SPROUT: Loop iteration: spawn_leaf_if_ready
[89126477286] [[35mTRACE[0m] [sprout::supervisor] [CPU0] SPROUT: Loop iteration: tick complete
[89127807549] [[34mDEBUG[0m] [sprout::supervisor] [CPU0] SPROUT: ServiceLoop waiting for next event...
[89146712919] [[34mDEBUG[0m] [kernel::vfs::provider] [CPU1] VFS_RPC: request op=DeviceCall len=48 tid=10
[89151468417] [[35mTRACE[0m] [display_virtio_gpu] [CPU3] display_virtio_gpu: VFS RPC op=DeviceCall
[89152826400] [[35mTRACE[0m] [display_virtio_gpu] [CPU3] DISP: DISPLAY_OP_GET_INFO requested
[89153587512] [[35mTRACE[0m] [display_virtio_gpu] [CPU3] DISP: Returning dimensions 1280x800
[89154310707] [[35mTRACE[0m] [display_virtio_gpu] [CPU3] display_virtio_gpu: VFS RPC response begin op=DeviceCall req_id=86
[89157185073] [[35mTRACE[0m] [display_virtio_gpu] [CPU3] display_virtio_gpu: VFS RPC response sent op=DeviceCall req_id=86
[89160964464] [[34mDEBUG[0m] [kernel::vfs::provider] [CPU1] VFS_RPC: response op=DeviceCall id=86 -> OK(48)
[89210274186] [[35mTRACE[0m] [ps2_mouse] [CPU3] ps2_mouse: irq_wakes=32 poll_timeouts=1248 last_drain_bytes=0
[89443035693] [[35mTRACE[0m] [sprout::supervisor] [CPU0] SPROUT: Supervisor tick...
[89444551086] [[35mTRACE[0m] [sprout::supervisor] [CPU0] SPROUT: Loop iteration: spawn_bristle_if_needed
[89446136769] [[35mTRACE[0m] [sprout::supervisor] [CPU0] SPROUT: Loop iteration: spawn_display_if_needed
[89448053739] [[35mTRACE[0m] [sprout::supervisor] [CPU0] SPROUT: Loop iteration: spawn_bloom_if_ready
[89449478085] [[35mTRACE[0m] [sprout::supervisor] [CPU0] SPROUT: Loop iteration: spawn_wayland_hello_if_ready
[89450898372] [[35mTRACE[0m] [sprout::supervisor] [CPU0] SPROUT: Loop iteration: spawn_clock_if_ready
[89452256817] [[35mTRACE[0m] [sprout::supervisor] [CPU0] SPROUT: Loop iteration: spawn_leaf_if_ready
[89453614371] [[35mTRACE[0m] [sprout::supervisor] [CPU0] SPROUT: Loop iteration: tick complete
[89454955689] [[34mDEBUG[0m] [sprout::supervisor] [CPU0] SPROUT: ServiceLoop waiting for next event...
[89771295240] [[35mTRACE[0m] [sprout::supervisor] [CPU0] SPROUT: Supervisor tick...
[89773485252] [[35mTRACE[0m] [sprout::supervisor] [CPU0] SPROUT: Loop iteration: spawn_bristle_if_needed
[89775400638] [[35mTRACE[0m] [sprout::supervisor] [CPU0] SPROUT: Loop iteration: spawn_display_if_needed
[89778297477] [[35mTRACE[0m] [sprout::supervisor] [CPU0] SPROUT: Loop iteration: spawn_bloom_if_ready
[89780434920] [[35mTRACE[0m] [sprout::supervisor] [CPU0] SPROUT: Loop iteration: spawn_wayland_hello_if_ready
[89783316150] [[35mTRACE[0m] [sprout::supervisor] [CPU0] SPROUT: Loop iteration: spawn_clock_if_ready
[89786357958] [[35mTRACE[0m] [sprout::supervisor] [CPU0] SPROUT: Loop iteration: spawn_leaf_if_ready
[89787719208] [[35mTRACE[0m] [sprout::supervisor] [CPU0] SPROUT: Loop iteration: tick complete
[89789106198] [[34mDEBUG[0m] [sprout::supervisor] [CPU0] SPROUT: ServiceLoop waiting for next event...
[89967493308] [[34mDEBUG[0m] [kernel::vfs::provider] [CPU1] VFS_RPC: request op=DeviceCall len=48 tid=10
[89973223890] [[35mTRACE[0m] [display_virtio_gpu] [CPU3] display_virtio_gpu: VFS RPC op=DeviceCall
[89974462413] [[35mTRACE[0m] [display_virtio_gpu] [CPU3] DISP: DISPLAY_OP_GET_INFO requested
[89975220786] [[35mTRACE[0m] [display_virtio_gpu] [CPU3] DISP: Returning dimensions 1280x800
[89975799969] [[35mTRACE[0m] [display_virtio_gpu] [CPU3] display_virtio_gpu: VFS RPC response begin op=DeviceCall req_id=87
[89977503165] [[35mTRACE[0m] [display_virtio_gpu] [CPU3] display_virtio_gpu: VFS RPC response sent op=DeviceCall req_id=87
[89979814815] [[34mDEBUG[0m] [kernel::vfs::provider] [CPU1] VFS_RPC: response op=DeviceCall id=87 -> OK(48)
[90101133771] [[35mTRACE[0m] [sprout::supervisor] [CPU0] SPROUT: Supervisor tick...
[90103732521] [[35mTRACE[0m] [sprout::supervisor] [CPU0] SPROUT: Loop iteration: spawn_bristle_if_needed
[90106479309] [[35mTRACE[0m] [sprout::supervisor] [CPU0] SPROUT: Loop iteration: spawn_display_if_needed
[90108721758] [[35mTRACE[0m] [sprout::supervisor] [CPU0] SPROUT: Loop iteration: spawn_bloom_if_ready
[90109858971] [[35mTRACE[0m] [sprout::supervisor] [CPU0] SPROUT: Loop iteration: spawn_wayland_hello_if_ready
[90111727596] [[35mTRACE[0m] [sprout::supervisor] [CPU0] SPROUT: Loop iteration: spawn_clock_if_ready
[90113064327] [[35mTRACE[0m] [sprout::supervisor] [CPU0] SPROUT: Loop iteration: spawn_leaf_if_ready
[90114394821] [[35mTRACE[0m] [sprout::supervisor] [CPU0] SPROUT: Loop iteration: tick complete
[90115864608] [[34mDEBUG[0m] [sprout::supervisor] [CPU0] SPROUT: ServiceLoop waiting for next event...
[90429701769] [[35mTRACE[0m] [sprout::supervisor] [CPU0] SPROUT: Supervisor tick...
[90431528352] [[35mTRACE[0m] [sprout::supervisor] [CPU0] SPROUT: Loop iteration: spawn_bristle_if_needed
[90433014705] [[35mTRACE[0m] [sprout::supervisor] [CPU0] SPROUT: Loop iteration: spawn_display_if_needed
[90434988732] [[35mTRACE[0m] [sprout::supervisor] [CPU0] SPROUT: Loop iteration: spawn_bloom_if_ready
[90436419546] [[35mTRACE[0m] [sprout::supervisor] [CPU0] SPROUT: Loop iteration: spawn_wayland_hello_if_ready
[90437908704] [[35mTRACE[0m] [sprout::supervisor] [CPU0] SPROUT: Loop iteration: spawn_clock_if_ready
[90439297080] [[35mTRACE[0m] [sprout::supervisor] [CPU0] SPROUT: Loop iteration: spawn_leaf_if_ready
[90440706576] [[35mTRACE[0m] [sprout::supervisor] [CPU0] SPROUT: Loop iteration: tick complete
[90442081620] [[34mDEBUG[0m] [sprout::supervisor] [CPU0] SPROUT: ServiceLoop waiting for next event...
[90759368634] [[35mTRACE[0m] [sprout::supervisor] [CPU0] SPROUT: Supervisor tick...
[90761807730] [[35mTRACE[0m] [sprout::supervisor] [CPU0] SPROUT: Loop iteration: spawn_bristle_if_needed
[90763929861] [[35mTRACE[0m] [sprout::supervisor] [CPU0] SPROUT: Loop iteration: spawn_display_if_needed
[90765996882] [[35mTRACE[0m] [sprout::supervisor] [CPU0] SPROUT: Loop iteration: spawn_bloom_if_ready
[90768216825] [[35mTRACE[0m] [sprout::supervisor] [CPU0] SPROUT: Loop iteration: spawn_wayland_hello_if_ready
[90770450034] [[35mTRACE[0m] [sprout::supervisor] [CPU0] SPROUT: Loop iteration: spawn_clock_if_ready
[90772629255] [[35mTRACE[0m] [sprout::supervisor] [CPU0] SPROUT: Loop iteration: spawn_leaf_if_ready
[90774836262] [[35mTRACE[0m] [sprout::supervisor] [CPU0] SPROUT: Loop iteration: tick complete
[90776878302] [[34mDEBUG[0m] [sprout::supervisor] [CPU0] SPROUT: ServiceLoop waiting for next event...
[90792267852] [[34mDEBUG[0m] [kernel::vfs::provider] [CPU1] VFS_RPC: request op=DeviceCall len=48 tid=10
[90798355395] [[35mTRACE[0m] [display_virtio_gpu] [CPU3] display_virtio_gpu: VFS RPC op=DeviceCall
[90800064003] [[35mTRACE[0m] [display_virtio_gpu] [CPU3] DISP: DISPLAY_OP_GET_INFO requested
[90801238209] [[35mTRACE[0m] [display_virtio_gpu] [CPU3] DISP: Returning dimensions 1280x800
[90802525209] [[35mTRACE[0m] [display_virtio_gpu] [CPU3] display_virtio_gpu: VFS RPC response begin op=DeviceCall req_id=88
[90805459074] [[35mTRACE[0m] [display_virtio_gpu] [CPU3] display_virtio_gpu: VFS RPC response sent op=DeviceCall req_id=88
[90810207312] [[34mDEBUG[0m] [kernel::vfs::provider] [CPU1] VFS_RPC: response op=DeviceCall id=88 -> OK(48)
[91120928316] [[35mTRACE[0m] [sprout::supervisor] [CPU0] SPROUT: Supervisor tick...
[91123181358] [[35mTRACE[0m] [sprout::supervisor] [CPU0] SPROUT: Loop iteration: spawn_bristle_if_needed
[91124686059] [[35mTRACE[0m] [sprout::supervisor] [CPU0] SPROUT: Loop iteration: spawn_display_if_needed
[91126148586] [[35mTRACE[0m] [sprout::supervisor] [CPU0] SPROUT: Loop iteration: spawn_bloom_if_ready
[91127928903] [[35mTRACE[0m] [sprout::supervisor] [CPU0] SPROUT: Loop iteration: spawn_wayland_hello_if_ready
[91129498251] [[35mTRACE[0m] [sprout::supervisor] [CPU0] SPROUT: Loop iteration: spawn_clock_if_ready
[91130909892] [[35mTRACE[0m] [sprout::supervisor] [CPU0] SPROUT: Loop iteration: spawn_leaf_if_ready
[91132262661] [[35mTRACE[0m] [sprout::supervisor] [CPU0] SPROUT: Loop iteration: tick complete
[91133660409] [[34mDEBUG[0m] [sprout::supervisor] [CPU0] SPROUT: ServiceLoop waiting for next event...
[91449745398] [[35mTRACE[0m] [sprout::supervisor] [CPU0] SPROUT: Supervisor tick...
[91451661345] [[35mTRACE[0m] [sprout::supervisor] [CPU0] SPROUT: Loop iteration: spawn_bristle_if_needed
[91452826278] [[35mTRACE[0m] [sprout::supervisor] [CPU0] SPROUT: Loop iteration: spawn_display_if_needed
[91455104004] [[35mTRACE[0m] [sprout::supervisor] [CPU0] SPROUT: Loop iteration: spawn_bloom_if_ready
[91456547853] [[35mTRACE[0m] [sprout::supervisor] [CPU0] SPROUT: Loop iteration: spawn_wayland_hello_if_ready
[91458083079] [[35mTRACE[0m] [sprout::supervisor] [CPU0] SPROUT: Loop iteration: spawn_clock_if_ready
[91459556100] [[35mTRACE[0m] [sprout::supervisor] [CPU0] SPROUT: Loop iteration: spawn_leaf_if_ready
[91460908968] [[35mTRACE[0m] [sprout::supervisor] [CPU0] SPROUT: Loop iteration: tick complete
[91462273914] [[34mDEBUG[0m] [sprout::supervisor] [CPU0] SPROUT: ServiceLoop waiting for next event...
[91614175719] [[34mDEBUG[0m] [kernel::vfs::provider] [CPU1] VFS_RPC: request op=DeviceCall len=48 tid=10
[91619255541] [[35mTRACE[0m] [display_virtio_gpu] [CPU3] display_virtio_gpu: VFS RPC op=DeviceCall
[91620959034] [[35mTRACE[0m] [display_virtio_gpu] [CPU3] DISP: DISPLAY_OP_GET_INFO requested
[91622096247] [[35mTRACE[0m] [display_virtio_gpu] [CPU3] DISP: Returning dimensions 1280x800
[91623256296] [[35mTRACE[0m] [display_virtio_gpu] [CPU3] display_virtio_gpu: VFS RPC response begin op=DeviceCall req_id=89
[91625744661] [[35mTRACE[0m] [display_virtio_gpu] [CPU3] display_virtio_gpu: VFS RPC response sent op=DeviceCall req_id=89
[91629338724] [[34mDEBUG[0m] [kernel::vfs::provider] [CPU1] VFS_RPC: response op=DeviceCall id=89 -> OK(48)
[91778598120] [[35mTRACE[0m] [sprout::supervisor] [CPU0] SPROUT: Supervisor tick...
[91780112622] [[35mTRACE[0m] [sprout::supervisor] [CPU0] SPROUT: Loop iteration: spawn_bristle_if_needed
[91781345568] [[35mTRACE[0m] [sprout::supervisor] [CPU0] SPROUT: Loop iteration: spawn_display_if_needed
[91783151427] [[35mTRACE[0m] [sprout::supervisor] [CPU0] SPROUT: Loop iteration: spawn_bloom_if_ready
[91784570130] [[35mTRACE[0m] [sprout::supervisor] [CPU0] SPROUT: Loop iteration: spawn_wayland_hello_if_ready
[91786063677] [[35mTRACE[0m] [sprout::supervisor] [CPU0] SPROUT: Loop iteration: spawn_clock_if_ready
[91787439843] [[35mTRACE[0m] [sprout::supervisor] [CPU0] SPROUT: Loop iteration: spawn_leaf_if_ready
[91788878544] [[35mTRACE[0m] [sprout::supervisor] [CPU0] SPROUT: Loop iteration: tick complete
[91790166336] [[34mDEBUG[0m] [sprout::supervisor] [CPU0] SPROUT: ServiceLoop waiting for next event...
[92106997059] [[35mTRACE[0m] [sprout::supervisor] [CPU0] SPROUT: Supervisor tick...
[92108522913] [[35mTRACE[0m] [sprout::supervisor] [CPU0] SPROUT: Loop iteration: spawn_bristle_if_needed
[92109963429] [[35mTRACE[0m] [sprout::supervisor] [CPU0] SPROUT: Loop iteration: spawn_display_if_needed
[92111477172] [[35mTRACE[0m] [sprout::supervisor] [CPU0] SPROUT: Loop iteration: spawn_bloom_if_ready
[92112971742] [[35mTRACE[0m] [sprout::supervisor] [CPU0] SPROUT: Loop iteration: spawn_wayland_hello_if_ready
[92114503536] [[35mTRACE[0m] [sprout::supervisor] [CPU0] SPROUT: Loop iteration: spawn_clock_if_ready
[92115833898] [[35mTRACE[0m] [sprout::supervisor] [CPU0] SPROUT: Loop iteration: spawn_leaf_if_ready
[92117211120] [[35mTRACE[0m] [sprout::supervisor] [CPU0] SPROUT: Loop iteration: tick complete
[92118576627] [[34mDEBUG[0m] [sprout::supervisor] [CPU0] SPROUT: ServiceLoop waiting for next event...
[92435964852] [[34mDEBUG[0m] [kernel::vfs::provider] [CPU1] VFS_RPC: request op=DeviceCall len=48 tid=10
[92436584691] [[35mTRACE[0m] [sprout::supervisor] [CPU0] SPROUT: Supervisor tick...
[92439446880] [[35mTRACE[0m] [sprout::supervisor] [CPU0] SPROUT: Loop iteration: spawn_bristle_if_needed
[92440872711] [[35mTRACE[0m] [sprout::supervisor] [CPU0] SPROUT: Loop iteration: spawn_display_if_needed
[92441491923] [[35mTRACE[0m] [display_virtio_gpu] [CPU3] display_virtio_gpu: VFS RPC op=DeviceCall
[92442287883] [[35mTRACE[0m] [display_virtio_gpu] [CPU3] DISP: DISPLAY_OP_GET_INFO requested
[92442782157] [[35mTRACE[0m] [sprout::supervisor] [CPU0] SPROUT: Loop iteration: spawn_bloom_if_ready
[92443012167] [[35mTRACE[0m] [display_virtio_gpu] [CPU3] DISP: Returning dimensions 1280x800
[92443738134] [[35mTRACE[0m] [display_virtio_gpu] [CPU3] display_virtio_gpu: VFS RPC response begin op=DeviceCall req_id=90
[92445401235] [[35mTRACE[0m] [display_virtio_gpu] [CPU3] display_virtio_gpu: VFS RPC response sent op=DeviceCall req_id=90
[92447639757] [[35mTRACE[0m] [sprout::supervisor] [CPU0] SPROUT: Loop iteration: spawn_wayland_hello_if_ready
[92449090503] [[35mTRACE[0m] [sprout::supervisor] [CPU0] SPROUT: Loop iteration: spawn_clock_if_ready
[92449792479] [[34mDEBUG[0m] [kernel::vfs::provider] [CPU1] VFS_RPC: response op=DeviceCall id=90 -> OK(48)
[92451377601] [[35mTRACE[0m] [sprout::supervisor] [CPU0] SPROUT: Loop iteration: spawn_leaf_if_ready
[92452728027] [[35mTRACE[0m] [sprout::supervisor] [CPU0] SPROUT: Loop iteration: tick complete
[92454227349] [[34mDEBUG[0m] [sprout::supervisor] [CPU0] SPROUT: ServiceLoop waiting for next event...
[92764156386] [[35mTRACE[0m] [sprout::supervisor] [CPU0] SPROUT: Supervisor tick...
[92766756027] [[35mTRACE[0m] [sprout::supervisor] [CPU0] SPROUT: Loop iteration: spawn_bristle_if_needed
[92768962242] [[35mTRACE[0m] [sprout::supervisor] [CPU0] SPROUT: Loop iteration: spawn_display_if_needed
[92770402527] [[35mTRACE[0m] [sprout::supervisor] [CPU0] SPROUT: Loop iteration: spawn_bloom_if_ready
[92771777736] [[35mTRACE[0m] [sprout::supervisor] [CPU0] SPROUT: Loop iteration: spawn_wayland_hello_if_ready
[92773227624] [[35mTRACE[0m] [sprout::supervisor] [CPU0] SPROUT: Loop iteration: spawn_clock_if_ready
[92774555544] [[35mTRACE[0m] [sprout::supervisor] [CPU0] SPROUT: Loop iteration: spawn_leaf_if_ready
[92775894981] [[35mTRACE[0m] [sprout::supervisor] [CPU0] SPROUT: Loop iteration: tick complete
[92777203860] [[34mDEBUG[0m] [sprout::supervisor] [CPU0] SPROUT: ServiceLoop waiting for next event...
[93094497210] [[35mTRACE[0m] [sprout::supervisor] [CPU0] SPROUT: Supervisor tick...
[93096109227] [[35mTRACE[0m] [sprout::supervisor] [CPU0] SPROUT: Loop iteration: spawn_bristle_if_needed
[93097692138] [[35mTRACE[0m] [sprout::supervisor] [CPU0] SPROUT: Loop iteration: spawn_display_if_needed
[93099212184] [[35mTRACE[0m] [sprout::supervisor] [CPU0] SPROUT: Loop iteration: spawn_bloom_if_ready
[93100648608] [[35mTRACE[0m] [sprout::supervisor] [CPU0] SPROUT: Loop iteration: spawn_wayland_hello_if_ready
[93102103710] [[35mTRACE[0m] [sprout::supervisor] [CPU0] SPROUT: Loop iteration: spawn_clock_if_ready
[93103461627] [[35mTRACE[0m] [sprout::supervisor] [CPU0] SPROUT: Loop iteration: spawn_leaf_if_ready
[93104891913] [[35mTRACE[0m] [sprout::supervisor] [CPU0] SPROUT: Loop iteration: tick complete
[93106354209] [[34mDEBUG[0m] [sprout::supervisor] [CPU0] SPROUT: ServiceLoop waiting for next event...
[93251732640] [[34mDEBUG[0m] [kernel::vfs::provider] [CPU1] VFS_RPC: request op=DeviceCall len=48 tid=10
[93259327392] [[35mTRACE[0m] [display_virtio_gpu] [CPU3] display_virtio_gpu: VFS RPC op=DeviceCall
[93260549943] [[35mTRACE[0m] [display_virtio_gpu] [CPU3] DISP: DISPLAY_OP_GET_INFO requested
[93261129555] [[35mTRACE[0m] [display_virtio_gpu] [CPU3] DISP: Returning dimensions 1280x800
[93261689961] [[35mTRACE[0m] [display_virtio_gpu] [CPU3] display_virtio_gpu: VFS RPC response begin op=DeviceCall req_id=91
[93263388867] [[35mTRACE[0m] [display_virtio_gpu] [CPU3] display_virtio_gpu: VFS RPC response sent op=DeviceCall req_id=91
[93268427868] [[34mDEBUG[0m] [kernel::vfs::provider] [CPU1] VFS_RPC: response op=DeviceCall id=91 -> OK(48)
[93312238536] [[32mINFO [0m] [kernel::time] [CPU0] System clock tick: utc=2026-05-01 23:20:56.089140518 unix_secs=1777677656.089140518

[hunter] running random action
[93415886124] [[35mTRACE[0m] [sprout::supervisor] [CPU0] SPROUT: Supervisor tick...
[93417437619] [[35mTRACE[0m] [sprout::supervisor] [CPU0] SPROUT: Loop iteration: spawn_bristle_if_needed
[93418869423] [[35mTRACE[0m] [sprout::supervisor] [CPU0] SPROUT: Loop iteration: spawn_display_if_needed
[93420208233] [[35mTRACE[0m] [sprout::supervisor] [CPU0] SPROUT: Loop iteration: spawn_bloom_if_ready
[93421510545] [[35mTRACE[0m] [sprout::supervisor] [CPU0] SPROUT: Loop iteration: spawn_wayland_hello_if_ready
[93422952282] [[35mTRACE[0m] [sprout::supervisor] [CPU0] SPROUT: Loop iteration: spawn_clock_if_ready
[93424324719] [[35mTRACE[0m] [sprout::supervisor] [CPU0] SPROUT: Loop iteration: spawn_leaf_if_ready
[93426791667] [[35mTRACE[0m] [sprout::supervisor] [CPU0] SPROUT: Loop iteration: tick complete
[93428159286] [[34mDEBUG[0m] [sprout::supervisor] [CPU0] SPROUT: ServiceLoop waiting for next event...
[93483781116] [[35mTRACE[0m] [bran::arch::x86_64::idt] [CPU0] PS/2 byte received: 0x18 (is_aux=true)
[93484547673] [[35mTRACE[0m] [bran::arch::x86_64::idt] [CPU0] PS/2 byte received: 0x81 (is_aux=true)
[93485007363] [[35mTRACE[0m] [bran::arch::x86_64::idt] [CPU0] PS/2 byte received: 0x7f (is_aux=true)
[93485452731] [[35mTRACE[0m] [bran::arch::x86_64::idt] [CPU0] PS/2 byte received: 0x18 (is_aux=true)
[93485750721] [[35mTRACE[0m] [kernel::irq::ps2] [CPU3] PS/2 take_scancode: popped 0x18 (is_aux=true)
[93485894700] [[35mTRACE[0m] [bran::arch::x86_64::idt] [CPU0] PS/2 byte received: 0x81 (is_aux=true)
[93486524670] [[35mTRACE[0m] [bran::arch::x86_64::idt] [CPU0] PS/2 byte received: 0x7f (is_aux=true)
[93486992478] [[35mTRACE[0m] [bran::arch::x86_64::idt] [CPU0] PS/2 byte received: 0x18 (is_aux=true)
[93487325382] [[35mTRACE[0m] [kernel::irq::ps2] [CPU3] PS/2 take_scancode: popped 0x81 (is_aux=true)
[93487465368] [[35mTRACE[0m] [bran::arch::x86_64::idt] [CPU0] PS/2 byte received: 0x81 (is_aux=true)
[93488103588] [[35mTRACE[0m] [bran::arch::x86_64::idt] [CPU0] PS/2 byte received: 0x7f (is_aux=true)
[93488553015] [[35mTRACE[0m] [bran::arch::x86_64::idt] [CPU0] PS/2 byte received: 0x18 (is_aux=true)
[93488840115] [[35mTRACE[0m] [kernel::irq::ps2] [CPU3] PS/2 take_scancode: popped 0x7f (is_aux=true)
[93488991123] [[35mTRACE[0m] [bran::arch::x86_64::idt] [CPU0] PS/2 byte received: 0x81 (is_aux=true)
[93489542586] [[35mTRACE[0m] [bran::arch::x86_64::idt] [CPU0] PS/2 byte received: 0x7f (is_aux=true)
[93490019601] [[35mTRACE[0m] [bran::arch::x86_64::idt] [CPU0] PS/2 byte received: 0x18 (is_aux=true)
[93490341351] [[35mTRACE[0m] [kernel::irq::ps2] [CPU3] PS/2 take_scancode: popped 0x18 (is_aux=true)
[93490494009] [[35mTRACE[0m] [bran::arch::x86_64::idt] [CPU0] PS/2 byte received: 0x7f (is_aux=true)
[93490504833] [[35mTRACE[0m] [bran::arch::x86_64::idt] [CPU2] PS/2 byte received: 0x81 (is_aux=true)
[93491968812] [[35mTRACE[0m] [kernel::irq::ps2] [CPU3] PS/2 take_scancode: popped 0x81 (is_aux=true)
[93493534827] [[35mTRACE[0m] [kernel::irq::ps2] [CPU3] PS/2 take_scancode: popped 0x7f (is_aux=true)
[93495734145] [[35mTRACE[0m] [kernel::irq::ps2] [CPU3] PS/2 take_scancode: popped 0x18 (is_aux=true)
[93495760149] [[35mTRACE[0m] [ps2_kbd] [CPU2] ps2_kbd: yield on AUX data (mouse packet)
[93498043980] [[35mTRACE[0m] [kernel::irq::ps2] [CPU3] PS/2 take_scancode: popped 0x81 (is_aux=true)
[93500011374] [[35mTRACE[0m] [kernel::irq::ps2] [CPU3] PS/2 take_scancode: popped 0x7f (is_aux=true)
[93501742059] [[35mTRACE[0m] [kernel::irq::ps2] [CPU3] PS/2 take_scancode: popped 0x18 (is_aux=true)
[93503144361] [[35mTRACE[0m] [kernel::irq::ps2] [CPU3] PS/2 take_scancode: popped 0x81 (is_aux=true)
[93504629922] [[35mTRACE[0m] [kernel::irq::ps2] [CPU3] PS/2 take_scancode: popped 0x7f (is_aux=true)
[93514430196] [[35mTRACE[0m] [kernel::irq::ps2] [CPU3] PS/2 take_scancode: popped 0x18 (is_aux=true)
[93517429797] [[35mTRACE[0m] [kernel::irq::ps2] [CPU3] PS/2 take_scancode: popped 0x7f (is_aux=true)
[93518966739] [[35mTRACE[0m] [kernel::irq::ps2] [CPU3] PS/2 take_scancode: popped 0x81 (is_aux=true)
[93752000859] [[35mTRACE[0m] [sprout::supervisor] [CPU0] SPROUT: Supervisor tick...
[93755262975] [[35mTRACE[0m] [sprout::supervisor] [CPU0] SPROUT: Loop iteration: spawn_bristle_if_needed
[93757380156] [[35mTRACE[0m] [bran::arch::x86_64::idt] [CPU0] PS/2 byte received: 0x18 (is_aux=true)
[93758579376] [[35mTRACE[0m] [bran::arch::x86_64::idt] [CPU0] PS/2 byte received: 0x81 (is_aux=true)
[93759049626] [[35mTRACE[0m] [bran::arch::x86_64::idt] [CPU0] PS/2 byte received: 0x7f (is_aux=true)
[93759522087] [[35mTRACE[0m] [bran::arch::x86_64::idt] [CPU0] PS/2 byte received: 0x18 (is_aux=true)
[93759986826] [[35mTRACE[0m] [bran::arch::x86_64::idt] [CPU0] PS/2 byte received: 0x81 (is_aux=true)
[93760445790] [[35mTRACE[0m] [bran::arch::x86_64::idt] [CPU0] PS/2 byte received: 0x7f (is_aux=true)
[93760929966] [[35mTRACE[0m] [bran::arch::x86_64::idt] [CPU0] PS/2 byte received: 0x18 (is_aux=true)
[93761378502] [[35mTRACE[0m] [bran::arch::x86_64::idt] [CPU0] PS/2 byte received: 0x81 (is_aux=true)
[93761844594] [[35mTRACE[0m] [bran::arch::x86_64::idt] [CPU0] PS/2 byte received: 0x7f (is_aux=true)
[93762295143] [[35mTRACE[0m] [bran::arch::x86_64::idt] [CPU0] PS/2 byte received: 0x18 (is_aux=true)
[93762740808] [[35mTRACE[0m] [bran::arch::x86_64::idt] [CPU0] PS/2 byte received: 0x81 (is_aux=true)
[93763183569] [[35mTRACE[0m] [bran::arch::x86_64::idt] [CPU0] PS/2 byte received: 0x7f (is_aux=true)
[93763641807] [[35mTRACE[0m] [bran::arch::x86_64::idt] [CPU0] PS/2 byte received: 0x18 (is_aux=true)
[93764146971] [[35mTRACE[0m] [bran::arch::x86_64::idt] [CPU0] PS/2 byte received: 0x81 (is_aux=true)
[93764611182] [[35mTRACE[0m] [bran::arch::x86_64::idt] [CPU0] PS/2 byte received: 0x7f (is_aux=true)
[93769943355] [[35mTRACE[0m] [kernel::irq::ps2] [CPU3] PS/2 take_scancode: popped 0x18 (is_aux=true)
[93770750469] [[35mTRACE[0m] [sprout::supervisor] [CPU0] SPROUT: Loop iteration: spawn_display_if_needed
[93771972624] [[35mTRACE[0m] [kernel::irq::ps2] [CPU3] PS/2 take_scancode: popped 0x81 (is_aux=true)
[93772557219] [[35mTRACE[0m] [sprout::supervisor] [CPU0] SPROUT: Loop iteration: spawn_bloom_if_ready
[93773679780] [[35mTRACE[0m] [kernel::irq::ps2] [CPU3] PS/2 take_scancode: popped 0x7f (is_aux=true)
[93775402314] [[35mTRACE[0m] [kernel::irq::ps2] [CPU3] PS/2 take_scancode: popped 0x18 (is_aux=true)
[93785757483] [[35mTRACE[0m] [sprout::supervisor] [CPU0] SPROUT: Loop iteration: spawn_wayland_hello_if_ready
[93787545192] [[35mTRACE[0m] [sprout::supervisor] [CPU0] SPROUT: Loop iteration: spawn_clock_if_ready
[93787682703] [[35mTRACE[0m] [kernel::irq::ps2] [CPU3] PS/2 take_scancode: popped 0x81 (is_aux=true)
[93789372435] [[35mTRACE[0m] [kernel::irq::ps2] [CPU3] PS/2 take_scancode: popped 0x7f (is_aux=true)
[93789590763] [[35mTRACE[0m] [sprout::supervisor] [CPU0] SPROUT: Loop iteration: spawn_leaf_if_ready
[93791023227] [[35mTRACE[0m] [kernel::irq::ps2] [CPU3] PS/2 take_scancode: popped 0x18 (is_aux=true)
[93792444801] [[35mTRACE[0m] [kernel::irq::ps2] [CPU3] PS/2 take_scancode: popped 0x81 (is_aux=true)
[93792588054] [[35mTRACE[0m] [sprout::supervisor] [CPU0] SPROUT: Loop iteration: tick complete
[93794068698] [[35mTRACE[0m] [kernel::irq::ps2] [CPU3] PS/2 take_scancode: popped 0x7f (is_aux=true)
[93794562510] [[34mDEBUG[0m] [sprout::supervisor] [CPU0] SPROUT: ServiceLoop waiting for next event...
[93795590361] [[35mTRACE[0m] [kernel::irq::ps2] [CPU3] PS/2 take_scancode: popped 0x18 (is_aux=true)
[93797156112] [[35mTRACE[0m] [kernel::irq::ps2] [CPU3] PS/2 take_scancode: popped 0x81 (is_aux=true)
[93798564849] [[35mTRACE[0m] [kernel::irq::ps2] [CPU3] PS/2 take_scancode: popped 0x7f (is_aux=true)
[93800096577] [[35mTRACE[0m] [kernel::irq::ps2] [CPU3] PS/2 take_scancode: popped 0x18 (is_aux=true)
[93801432846] [[35mTRACE[0m] [kernel::irq::ps2] [CPU3] PS/2 take_scancode: popped 0x81 (is_aux=true)
[93802907319] [[35mTRACE[0m] [kernel::irq::ps2] [CPU3] PS/2 take_scancode: popped 0x7f (is_aux=true)
[94032026484] [[35mTRACE[0m] [bran::arch::x86_64::idt] [CPU0] PS/2 byte received: 0x19 (is_aux=true)
[94032763869] [[35mTRACE[0m] [bran::arch::x86_64::idt] [CPU0] PS/2 byte received: 0x81 (is_aux=true)
[94033248672] [[35mTRACE[0m] [bran::arch::x86_64::idt] [CPU0] PS/2 byte received: 0x7f (is_aux=true)
[94033701201] [[35mTRACE[0m] [bran::arch::x86_64::idt] [CPU0] PS/2 byte received: 0x19 (is_aux=true)
[94034185146] [[35mTRACE[0m] [bran::arch::x86_64::idt] [CPU1] PS/2 byte received: 0x81 (is_aux=true)
[94034377404] [[35mTRACE[0m] [bran::arch::x86_64::idt] [CPU0] PS/2 byte received: 0x7f (is_aux=true)
[94035155445] [[35mTRACE[0m] [bran::arch::x86_64::idt] [CPU1] PS/2 byte received: 0x19 (is_aux=true)
[94035418884] [[35mTRACE[0m] [bran::arch::x86_64::idt] [CPU0] PS/2 byte received: 0x81 (is_aux=true)
[94035985395] [[35mTRACE[0m] [bran::arch::x86_64::idt] [CPU1] PS/2 byte received: 0x7f (is_aux=true)
[94036603089] [[35mTRACE[0m] [bran::arch::x86_64::idt] [CPU0] PS/2 byte received: 0x19 (is_aux=true)
[94036783071] [[35mTRACE[0m] [bran::arch::x86_64::idt] [CPU1] PS/2 byte received: 0x81 (is_aux=true)
[94037636055] [[35mTRACE[0m] [bran::arch::x86_64::idt] [CPU0] PS/2 byte received: 0x7f (is_aux=true)
[94037814255] [[35mTRACE[0m] [bran::arch::x86_64::idt] [CPU1] PS/2 byte received: 0x19 (is_aux=true)
[94038669747] [[35mTRACE[0m] [bran::arch::x86_64::idt] [CPU0] PS/2 byte received: 0x81 (is_aux=true)
[94038785412] [[35mTRACE[0m] [bran::arch::x86_64::idt] [CPU1] PS/2 byte received: 0x7f (is_aux=true)
[94044156030] [[35mTRACE[0m] [kernel::irq::ps2] [CPU3] PS/2 take_scancode: popped 0x19 (is_aux=true)
[94046896581] [[35mTRACE[0m] [kernel::irq::ps2] [CPU3] PS/2 take_scancode: popped 0x81 (is_aux=true)
[94046984427] [[35mTRACE[0m] [ps2_kbd] [CPU2] ps2_kbd: yield on AUX data (mouse packet)
[94048677294] [[35mTRACE[0m] [kernel::irq::ps2] [CPU3] PS/2 take_scancode: popped 0x7f (is_aux=true)
[94050399003] [[35mTRACE[0m] [kernel::irq::ps2] [CPU3] PS/2 take_scancode: popped 0x19 (is_aux=true)
[94051925121] [[35mTRACE[0m] [kernel::irq::ps2] [CPU3] PS/2 take_scancode: popped 0x81 (is_aux=true)
[94053255813] [[35mTRACE[0m] [kernel::irq::ps2] [CPU3] PS/2 take_scancode: popped 0x7f (is_aux=true)
[94054621485] [[35mTRACE[0m] [kernel::irq::ps2] [CPU3] PS/2 take_scancode: popped 0x19 (is_aux=true)
[94056133413] [[35mTRACE[0m] [kernel::irq::ps2] [CPU3] PS/2 take_scancode: popped 0x81 (is_aux=true)
[94057499283] [[35mTRACE[0m] [kernel::irq::ps2] [CPU3] PS/2 take_scancode: popped 0x7f (is_aux=true)
[94058830602] [[35mTRACE[0m] [kernel::irq::ps2] [CPU3] PS/2 take_scancode: popped 0x19 (is_aux=true)
[94060332828] [[35mTRACE[0m] [kernel::irq::ps2] [CPU3] PS/2 take_scancode: popped 0x81 (is_aux=true)
[94061750574] [[35mTRACE[0m] [kernel::irq::ps2] [CPU3] PS/2 take_scancode: popped 0x7f (is_aux=true)
[94063070013] [[35mTRACE[0m] [kernel::irq::ps2] [CPU3] PS/2 take_scancode: popped 0x19 (is_aux=true)
[94064436312] [[35mTRACE[0m] [kernel::irq::ps2] [CPU3] PS/2 take_scancode: popped 0x81 (is_aux=true)
[94065938274] [[35mTRACE[0m] [kernel::irq::ps2] [CPU3] PS/2 take_scancode: popped 0x7f (is_aux=true)
[94079401647] [[34mDEBUG[0m] [kernel::vfs::provider] [CPU1] VFS_RPC: request op=DeviceCall len=48 tid=10
[94112272914] [[35mTRACE[0m] [sprout::supervisor] [CPU0] SPROUT: Supervisor tick...
[94114543446] [[35mTRACE[0m] [sprout::supervisor] [CPU0] SPROUT: Loop iteration: spawn_bristle_if_needed
[94116112134] [[35mTRACE[0m] [sprout::supervisor] [CPU0] SPROUT: Loop iteration: spawn_display_if_needed
[94116882090] [[35mTRACE[0m] [display_virtio_gpu] [CPU3] display_virtio_gpu: VFS RPC op=DeviceCall
[94117696068] [[35mTRACE[0m] [display_virtio_gpu] [CPU3] DISP: DISPLAY_OP_GET_INFO requested
[94118171961] [[35mTRACE[0m] [sprout::supervisor] [CPU0] SPROUT: Loop iteration: spawn_bloom_if_ready
[94118403588] [[35mTRACE[0m] [display_virtio_gpu] [CPU3] DISP: Returning dimensions 1280x800
[94119134967] [[35mTRACE[0m] [display_virtio_gpu] [CPU3] display_virtio_gpu: VFS RPC response begin op=DeviceCall req_id=92
[94119665442] [[35mTRACE[0m] [sprout::supervisor] [CPU0] SPROUT: Loop iteration: spawn_wayland_hello_if_ready
[94120796253] [[35mTRACE[0m] [display_virtio_gpu] [CPU3] display_virtio_gpu: VFS RPC response sent op=DeviceCall req_id=92
[94124676360] [[34mDEBUG[0m] [kernel::vfs::provider] [CPU1] VFS_RPC: response op=DeviceCall id=92 -> OK(48)
[94127776215] [[35mTRACE[0m] [sprout::supervisor] [CPU0] SPROUT: Loop iteration: spawn_clock_if_ready
[94129870560] [[35mTRACE[0m] [sprout::supervisor] [CPU0] SPROUT: Loop iteration: spawn_leaf_if_ready
[94131202869] [[35mTRACE[0m] [sprout::supervisor] [CPU0] SPROUT: Loop iteration: tick complete
[94132580223] [[34mDEBUG[0m] [sprout::supervisor] [CPU0] SPROUT: ServiceLoop waiting for next event...
[94302840258] [[35mTRACE[0m] [bran::arch::x86_64::idt] [CPU0] PS/2 byte received: 0x19 (is_aux=true)
[94303554180] [[35mTRACE[0m] [bran::arch::x86_64::idt] [CPU0] PS/2 byte received: 0x81 (is_aux=true)
[94304033967] [[35mTRACE[0m] [bran::arch::x86_64::idt] [CPU0] PS/2 byte received: 0x7f (is_aux=true)
[94304562924] [[35mTRACE[0m] [bran::arch::x86_64::idt] [CPU0] PS/2 byte received: 0x19 (is_aux=true)
[94305048024] [[35mTRACE[0m] [bran::arch::x86_64::idt] [CPU0] PS/2 byte received: 0x81 (is_aux=true)
[94305213288] [[35mTRACE[0m] [bran::arch::x86_64::idt] [CPU3] PS/2 byte received: 0x7f (is_aux=true)
[94305671130] [[35mTRACE[0m] [bran::arch::x86_64::idt] [CPU0] PS/2 byte received: 0x19 (is_aux=true)
[94305858240] [[35mTRACE[0m] [bran::arch::x86_64::idt] [CPU3] PS/2 byte received: 0x81 (is_aux=true)
[94306313772] [[35mTRACE[0m] [bran::arch::x86_64::idt] [CPU0] PS/2 byte received: 0x7f (is_aux=true)
[94306415115] [[35mTRACE[0m] [bran::arch::x86_64::idt] [CPU3] PS/2 byte received: 0x19 (is_aux=true)
[94307007993] [[35mTRACE[0m] [bran::arch::x86_64::idt] [CPU0] PS/2 byte received: 0x81 (is_aux=true)
[94307134548] [[35mTRACE[0m] [bran::arch::x86_64::idt] [CPU3] PS/2 byte received: 0x7f (is_aux=true)
[94307696175] [[35mTRACE[0m] [bran::arch::x86_64::idt] [CPU0] PS/2 byte received: 0x19 (is_aux=true)
[94307831607] [[35mTRACE[0m] [bran::arch::x86_64::idt] [CPU3] PS/2 byte received: 0x81 (is_aux=true)
[94308351720] [[35mTRACE[0m] [bran::arch::x86_64::idt] [CPU0] PS/2 byte received: 0x7f (is_aux=true)
[94314123354] [[35mTRACE[0m] [kernel::irq::ps2] [CPU3] PS/2 take_scancode: popped 0x19 (is_aux=true)
[94314980826] [[35mTRACE[0m] [ps2_kbd] [CPU2] ps2_kbd: yield on AUX data (mouse packet)
[94324110606] [[35mTRACE[0m] [kernel::irq::ps2] [CPU3] PS/2 take_scancode: popped 0x81 (is_aux=true)
[94325669526] [[35mTRACE[0m] [kernel::irq::ps2] [CPU3] PS/2 take_scancode: popped 0x7f (is_aux=true)
[94327157859] [[35mTRACE[0m] [kernel::irq::ps2] [CPU3] PS/2 take_scancode: popped 0x19 (is_aux=true)
[94328686089] [[35mTRACE[0m] [kernel::irq::ps2] [CPU3] PS/2 take_scancode: popped 0x81 (is_aux=true)
[94330210095] [[35mTRACE[0m] [kernel::irq::ps2] [CPU3] PS/2 take_scancode: popped 0x7f (is_aux=true)
[94331807823] [[35mTRACE[0m] [kernel::irq::ps2] [CPU3] PS/2 take_scancode: popped 0x19 (is_aux=true)
[94341331260] [[35mTRACE[0m] [kernel::irq::ps2] [CPU3] PS/2 take_scancode: popped 0x81 (is_aux=true)
[94342929318] [[35mTRACE[0m] [kernel::irq::ps2] [CPU3] PS/2 take_scancode: popped 0x7f (is_aux=true)
[94344560574] [[35mTRACE[0m] [kernel::irq::ps2] [CPU3] PS/2 take_scancode: popped 0x19 (is_aux=true)
[94346029800] [[35mTRACE[0m] [kernel::irq::ps2] [CPU3] PS/2 take_scancode: popped 0x81 (is_aux=true)
[94347576312] [[35mTRACE[0m] [kernel::irq::ps2] [CPU3] PS/2 take_scancode: popped 0x7f (is_aux=true)
[94348932282] [[35mTRACE[0m] [kernel::irq::ps2] [CPU3] PS/2 take_scancode: popped 0x19 (is_aux=true)
[94350464043] [[35mTRACE[0m] [kernel::irq::ps2] [CPU3] PS/2 take_scancode: popped 0x81 (is_aux=true)
[94351935678] [[35mTRACE[0m] [kernel::irq::ps2] [CPU3] PS/2 take_scancode: popped 0x7f (is_aux=true)
[94463511846] [[35mTRACE[0m] [bran::arch::x86_64::idt] [CPU0] PS/2 byte received: 0x19 (is_aux=true)
[94464935598] [[35mTRACE[0m] [bran::arch::x86_64::idt] [CPU0] PS/2 byte received: 0x81 (is_aux=true)
[94466116503] [[35mTRACE[0m] [bran::arch::x86_64::idt] [CPU0] PS/2 byte received: 0x7f (is_aux=true)
[94466592858] [[35mTRACE[0m] [bran::arch::x86_64::idt] [CPU0] PS/2 byte received: 0x19 (is_aux=true)
[94467033144] [[35mTRACE[0m] [bran::arch::x86_64::idt] [CPU0] PS/2 byte received: 0x81 (is_aux=true)
[94467480129] [[35mTRACE[0m] [bran::arch::x86_64::idt] [CPU0] PS/2 byte received: 0x7f (is_aux=true)
[94467931833] [[35mTRACE[0m] [bran::arch::x86_64::idt] [CPU0] PS/2 byte received: 0x19 (is_aux=true)
[94468371393] [[35mTRACE[0m] [bran::arch::x86_64::idt] [CPU0] PS/2 byte received: 0x81 (is_aux=true)
[94468833624] [[35mTRACE[0m] [bran::arch::x86_64::idt] [CPU0] PS/2 byte received: 0x7f (is_aux=true)
[94469330571] [[35mTRACE[0m] [bran::arch::x86_64::idt] [CPU0] PS/2 byte received: 0x19 (is_aux=true)
[94469857482] [[35mTRACE[0m] [bran::arch::x86_64::idt] [CPU3] PS/2 byte received: 0x81 (is_aux=true)
[94469967075] [[35mTRACE[0m] [bran::arch::x86_64::idt] [CPU0] PS/2 byte received: 0x7f (is_aux=true)
[94470455376] [[35mTRACE[0m] [bran::arch::x86_64::idt] [CPU3] PS/2 byte received: 0x19 (is_aux=true)
[94470615096] [[35mTRACE[0m] [bran::arch::x86_64::idt] [CPU0] PS/2 byte received: 0x81 (is_aux=true)
[94470950904] [[35mTRACE[0m] [bran::arch::x86_64::idt] [CPU3] PS/2 byte received: 0x7f (is_aux=true)
[94478784015] [[35mTRACE[0m] [kernel::irq::ps2] [CPU3] PS/2 take_scancode: popped 0x19 (is_aux=true)
[94480400157] [[35mTRACE[0m] [kernel::irq::ps2] [CPU3] PS/2 take_scancode: popped 0x81 (is_aux=true)
[94481698080] [[35mTRACE[0m] [ps2_kbd] [CPU2] ps2_kbd: yield on AUX data (mouse packet)
[94481968020] [[35mTRACE[0m] [kernel::irq::ps2] [CPU3] PS/2 take_scancode: popped 0x7f (is_aux=true)
[94483701840] [[35mTRACE[0m] [kernel::irq::ps2] [CPU3] PS/2 take_scancode: popped 0x19 (is_aux=true)
[94490278542] [[35mTRACE[0m] [sprout::supervisor] [CPU0] SPROUT: Supervisor tick...
[94491584946] [[35mTRACE[0m] [sprout::supervisor] [CPU0] SPROUT: Loop iteration: spawn_bristle_if_needed
[94492813173] [[35mTRACE[0m] [kernel::irq::ps2] [CPU3] PS/2 take_scancode: popped 0x81 (is_aux=true)
[94492982826] [[35mTRACE[0m] [sprout::supervisor] [CPU0] SPROUT: Loop iteration: spawn_display_if_needed
[94494352491] [[35mTRACE[0m] [kernel::irq::ps2] [CPU3] PS/2 take_scancode: popped 0x7f (is_aux=true)
[94495751988] [[35mTRACE[0m] [kernel::irq::ps2] [CPU3] PS/2 take_scancode: popped 0x19 (is_aux=true)
[94497230751] [[35mTRACE[0m] [kernel::irq::ps2] [CPU3] PS/2 take_scancode: popped 0x81 (is_aux=true)
[94499481120] [[35mTRACE[0m] [sprout::supervisor] [CPU0] SPROUT: Loop iteration: spawn_bloom_if_ready
[94500906687] [[35mTRACE[0m] [sprout::supervisor] [CPU0] SPROUT: Loop iteration: spawn_wayland_hello_if_ready
[94502304402] [[35mTRACE[0m] [sprout::supervisor] [CPU0] SPROUT: Loop iteration: spawn_clock_if_ready
[94503600510] [[35mTRACE[0m] [sprout::supervisor] [CPU0] SPROUT: Loop iteration: spawn_leaf_if_ready
[94504903878] [[35mTRACE[0m] [sprout::supervisor] [CPU0] SPROUT: Loop iteration: tick complete
[94506302055] [[34mDEBUG[0m] [sprout::supervisor] [CPU0] SPROUT: ServiceLoop waiting for next event...
[94507059570] [[35mTRACE[0m] [kernel::irq::ps2] [CPU3] PS/2 take_scancode: popped 0x7f (is_aux=true)
[94508611428] [[35mTRACE[0m] [kernel::irq::ps2] [CPU3] PS/2 take_scancode: popped 0x19 (is_aux=true)
[94510156290] [[35mTRACE[0m] [kernel::irq::ps2] [CPU3] PS/2 take_scancode: popped 0x81 (is_aux=true)
[94511660991] [[35mTRACE[0m] [kernel::irq::ps2] [CPU3] PS/2 take_scancode: popped 0x7f (is_aux=true)
[94513173183] [[35mTRACE[0m] [kernel::irq::ps2] [CPU3] PS/2 take_scancode: popped 0x19 (is_aux=true)
[94514641122] [[35mTRACE[0m] [kernel::irq::ps2] [CPU3] PS/2 take_scancode: popped 0x81 (is_aux=true)
[94516176282] [[35mTRACE[0m] [kernel::irq::ps2] [CPU3] PS/2 take_scancode: popped 0x7f (is_aux=true)
[94623073116] [[35mTRACE[0m] [bran::arch::x86_64::idt] [CPU0] PS/2 byte received: 0x19 (is_aux=true)
[94623883365] [[35mTRACE[0m] [bran::arch::x86_64::idt] [CPU0] PS/2 byte received: 0x81 (is_aux=true)
[94624701006] [[35mTRACE[0m] [bran::arch::x86_64::idt] [CPU0] PS/2 byte received: 0x7f (is_aux=true)
[94625704668] [[35mTRACE[0m] [bran::arch::x86_64::idt] [CPU0] PS/2 byte received: 0x19 (is_aux=true)
[94626135879] [[35mTRACE[0m] [bran::arch::x86_64::idt] [CPU1] PS/2 byte received: 0x81 (is_aux=true)
[94627852968] [[35mTRACE[0m] [bran::arch::x86_64::idt] [CPU0] PS/2 byte received: 0x7f (is_aux=true)
[94628175411] [[35mTRACE[0m] [bran::arch::x86_64::idt] [CPU1] PS/2 byte received: 0x19 (is_aux=true)
[94629003942] [[35mTRACE[0m] [bran::arch::x86_64::idt] [CPU0] PS/2 byte received: 0x81 (is_aux=true)
[94629154257] [[35mTRACE[0m] [bran::arch::x86_64::idt] [CPU1] PS/2 byte received: 0x7f (is_aux=true)
[94630039779] [[35mTRACE[0m] [bran::arch::x86_64::idt] [CPU0] PS/2 byte received: 0x19 (is_aux=true)
[94630176663] [[35mTRACE[0m] [bran::arch::x86_64::idt] [CPU1] PS/2 byte received: 0x81 (is_aux=true)
[94631103468] [[35mTRACE[0m] [bran::arch::x86_64::idt] [CPU0] PS/2 byte received: 0x7f (is_aux=true)
[94631234346] [[35mTRACE[0m] [bran::arch::x86_64::idt] [CPU1] PS/2 byte received: 0x19 (is_aux=true)
[94632104028] [[35mTRACE[0m] [bran::arch::x86_64::idt] [CPU0] PS/2 byte received: 0x81 (is_aux=true)
[94632239658] [[35mTRACE[0m] [bran::arch::x86_64::idt] [CPU1] PS/2 byte received: 0x7f (is_aux=true)
[94640070822] [[35mTRACE[0m] [ps2_kbd] [CPU2] ps2_kbd: yield on AUX data (mouse packet)
[94640364489] [[35mTRACE[0m] [kernel::irq::ps2] [CPU3] PS/2 take_scancode: popped 0x19 (is_aux=true)
[94650286005] [[35mTRACE[0m] [kernel::irq::ps2] [CPU3] PS/2 take_scancode: popped 0x81 (is_aux=true)
[94651864362] [[35mTRACE[0m] [kernel::irq::ps2] [CPU3] PS/2 take_scancode: popped 0x7f (is_aux=true)
[94653368766] [[35mTRACE[0m] [kernel::irq::ps2] [CPU3] PS/2 take_scancode: popped 0x19 (is_aux=true)
[94654857990] [[35mTRACE[0m] [kernel::irq::ps2] [CPU3] PS/2 take_scancode: popped 0x81 (is_aux=true)
[94656297945] [[35mTRACE[0m] [kernel::irq::ps2] [CPU3] PS/2 take_scancode: popped 0x7f (is_aux=true)
[94657826505] [[35mTRACE[0m] [kernel::irq::ps2] [CPU3] PS/2 take_scancode: popped 0x19 (is_aux=true)
[94659276492] [[35mTRACE[0m] [kernel::irq::ps2] [CPU3] PS/2 take_scancode: popped 0x81 (is_aux=true)
[94660746807] [[35mTRACE[0m] [kernel::irq::ps2] [CPU3] PS/2 take_scancode: popped 0x7f (is_aux=true)
[94670425311] [[35mTRACE[0m] [kernel::irq::ps2] [CPU3] PS/2 take_scancode: popped 0x19 (is_aux=true)
[94672043664] [[35mTRACE[0m] [kernel::irq::ps2] [CPU3] PS/2 take_scancode: popped 0x81 (is_aux=true)
[94673626377] [[35mTRACE[0m] [kernel::irq::ps2] [CPU3] PS/2 take_scancode: popped 0x7f (is_aux=true)
[94675255488] [[35mTRACE[0m] [kernel::irq::ps2] [CPU3] PS/2 take_scancode: popped 0x19 (is_aux=true)
[94676762565] [[35mTRACE[0m] [kernel::irq::ps2] [CPU3] PS/2 take_scancode: popped 0x81 (is_aux=true)
[94678231263] [[35mTRACE[0m] [kernel::irq::ps2] [CPU3] PS/2 take_scancode: popped 0x7f (is_aux=true)
[94781470014] [[35mTRACE[0m] [bran::arch::x86_64::idt] [CPU0] PS/2 byte received: 0x19 (is_aux=true)
[94782155688] [[35mTRACE[0m] [bran::arch::x86_64::idt] [CPU0] PS/2 byte received: 0x81 (is_aux=true)
[94783138890] [[35mTRACE[0m] [bran::arch::x86_64::idt] [CPU0] PS/2 byte received: 0x7f (is_aux=true)
[94784422128] [[35mTRACE[0m] [bran::arch::x86_64::idt] [CPU0] PS/2 byte received: 0x19 (is_aux=true)
[94785513834] [[35mTRACE[0m] [bran::arch::x86_64::idt] [CPU0] PS/2 byte received: 0x81 (is_aux=true)
[94786317087] [[35mTRACE[0m] [bran::arch::x86_64::idt] [CPU0] PS/2 byte received: 0x7f (is_aux=true)
[94786790934] [[35mTRACE[0m] [bran::arch::x86_64::idt] [CPU0] PS/2 byte received: 0x19 (is_aux=true)
[94787224818] [[35mTRACE[0m] [bran::arch::x86_64::idt] [CPU0] PS/2 byte received: 0x81 (is_aux=true)
[94787672463] [[35mTRACE[0m] [bran::arch::x86_64::idt] [CPU0] PS/2 byte received: 0x7f (is_aux=true)
[94788151722] [[35mTRACE[0m] [bran::arch::x86_64::idt] [CPU0] PS/2 byte received: 0x19 (is_aux=true)
[94788645732] [[35mTRACE[0m] [bran::arch::x86_64::idt] [CPU0] PS/2 byte received: 0x81 (is_aux=true)
[94789102155] [[35mTRACE[0m] [bran::arch::x86_64::idt] [CPU0] PS/2 byte received: 0x7f (is_aux=true)
[94789534356] [[35mTRACE[0m] [bran::arch::x86_64::idt] [CPU0] PS/2 byte received: 0x19 (is_aux=true)
[94789977645] [[35mTRACE[0m] [bran::arch::x86_64::idt] [CPU0] PS/2 byte received: 0x81 (is_aux=true)
[94790459049] [[35mTRACE[0m] [bran::arch::x86_64::idt] [CPU0] PS/2 byte received: 0x7f (is_aux=true)
[94798647471] [[35mTRACE[0m] [kernel::irq::ps2] [CPU3] PS/2 take_scancode: popped 0x19 (is_aux=true)
[94802254965] [[35mTRACE[0m] [kernel::irq::ps2] [CPU3] PS/2 take_scancode: popped 0x81 (is_aux=true)
[94811775993] [[35mTRACE[0m] [kernel::irq::ps2] [CPU3] PS/2 take_scancode: popped 0x7f (is_aux=true)
[94813443648] [[35mTRACE[0m] [kernel::irq::ps2] [CPU3] PS/2 take_scancode: popped 0x19 (is_aux=true)
[94814928615] [[35mTRACE[0m] [kernel::irq::ps2] [CPU3] PS/2 take_scancode: popped 0x81 (is_aux=true)
[94816368570] [[35mTRACE[0m] [kernel::irq::ps2] [CPU3] PS/2 take_scancode: popped 0x7f (is_aux=true)
[94817679429] [[35mTRACE[0m] [kernel::irq::ps2] [CPU3] PS/2 take_scancode: popped 0x19 (is_aux=true)
[94819033353] [[35mTRACE[0m] [kernel::irq::ps2] [CPU3] PS/2 take_scancode: popped 0x81 (is_aux=true)
[94820534193] [[35mTRACE[0m] [kernel::irq::ps2] [CPU3] PS/2 take_scancode: popped 0x7f (is_aux=true)
[94822034703] [[35mTRACE[0m] [kernel::irq::ps2] [CPU3] PS/2 take_scancode: popped 0x19 (is_aux=true)
[94823590224] [[35mTRACE[0m] [kernel::irq::ps2] [CPU3] PS/2 take_scancode: popped 0x81 (is_aux=true)
[94825073970] [[35mTRACE[0m] [kernel::irq::ps2] [CPU3] PS/2 take_scancode: popped 0x7f (is_aux=true)
[94829060502] [[35mTRACE[0m] [sprout::supervisor] [CPU0] SPROUT: Supervisor tick...
[94830363078] [[35mTRACE[0m] [sprout::supervisor] [CPU0] SPROUT: Loop iteration: spawn_bristle_if_needed
[94831864710] [[35mTRACE[0m] [sprout::supervisor] [CPU0] SPROUT: Loop iteration: spawn_display_if_needed
[94833438051] [[35mTRACE[0m] [sprout::supervisor] [CPU0] SPROUT: Loop iteration: spawn_bloom_if_ready
[94834817748] [[35mTRACE[0m] [sprout::supervisor] [CPU0] SPROUT: Loop iteration: spawn_wayland_hello_if_ready
[94834918299] [[35mTRACE[0m] [kernel::irq::ps2] [CPU3] PS/2 take_scancode: popped 0x19 (is_aux=true)
[94836638424] [[35mTRACE[0m] [kernel::irq::ps2] [CPU3] PS/2 take_scancode: popped 0x81 (is_aux=true)
[94837084881] [[35mTRACE[0m] [sprout::supervisor] [CPU0] SPROUT: Loop iteration: spawn_clock_if_ready
[94838185365] [[35mTRACE[0m] [kernel::irq::ps2] [CPU3] PS/2 take_scancode: popped 0x7f (is_aux=true)
[94839803883] [[35mTRACE[0m] [sprout::supervisor] [CPU0] SPROUT: Loop iteration: spawn_leaf_if_ready
[94841223378] [[35mTRACE[0m] [sprout::supervisor] [CPU0] SPROUT: Loop iteration: tick complete
[94842579744] [[34mDEBUG[0m] [sprout::supervisor] [CPU0] SPROUT: ServiceLoop waiting for next event...
[94869262521] [[34mDEBUG[0m] [kernel::vfs::provider] [CPU1] VFS_RPC: request op=DeviceCall len=48 tid=10
[94874397321] [[35mTRACE[0m] [display_virtio_gpu] [CPU3] display_virtio_gpu: VFS RPC op=DeviceCall
[94875456126] [[35mTRACE[0m] [display_virtio_gpu] [CPU3] DISP: DISPLAY_OP_GET_INFO requested
[94876194501] [[35mTRACE[0m] [display_virtio_gpu] [CPU3] DISP: Returning dimensions 1280x800
[94876771407] [[35mTRACE[0m] [display_virtio_gpu] [CPU3] display_virtio_gpu: VFS RPC response begin op=DeviceCall req_id=93
[94878444342] [[35mTRACE[0m] [display_virtio_gpu] [CPU3] display_virtio_gpu: VFS RPC response sent op=DeviceCall req_id=93
[94881888981] [[34mDEBUG[0m] [kernel::vfs::provider] [CPU1] VFS_RPC: response op=DeviceCall id=93 -> OK(48)
[94939654524] [[35mTRACE[0m] [bran::arch::x86_64::idt] [CPU0] PS/2 byte received: 0x19 (is_aux=true)
[94940400687] [[35mTRACE[0m] [bran::arch::x86_64::idt] [CPU0] PS/2 byte received: 0x81 (is_aux=true)
[94941370293] [[35mTRACE[0m] [bran::arch::x86_64::idt] [CPU0] PS/2 byte received: 0x7f (is_aux=true)
[94942451142] [[35mTRACE[0m] [bran::arch::x86_64::idt] [CPU0] PS/2 byte received: 0x19 (is_aux=true)
[94943494932] [[35mTRACE[0m] [bran::arch::x86_64::idt] [CPU0] PS/2 byte received: 0x81 (is_aux=true)
[94944370125] [[35mTRACE[0m] [bran::arch::x86_64::idt] [CPU0] PS/2 byte received: 0x7f (is_aux=true)
[94944834930] [[35mTRACE[0m] [bran::arch::x86_64::idt] [CPU0] PS/2 byte received: 0x19 (is_aux=true)
[94945307061] [[35mTRACE[0m] [bran::arch::x86_64::idt] [CPU0] PS/2 byte received: 0x81 (is_aux=true)
[94945769028] [[35mTRACE[0m] [bran::arch::x86_64::idt] [CPU0] PS/2 byte received: 0x7f (is_aux=true)
[94946215287] [[35mTRACE[0m] [bran::arch::x86_64::idt] [CPU0] PS/2 byte received: 0x19 (is_aux=true)
[94946707581] [[35mTRACE[0m] [bran::arch::x86_64::idt] [CPU0] PS/2 byte received: 0x81 (is_aux=true)
[94947155028] [[35mTRACE[0m] [bran::arch::x86_64::idt] [CPU0] PS/2 byte received: 0x7f (is_aux=true)
[94947626763] [[35mTRACE[0m] [bran::arch::x86_64::idt] [CPU0] PS/2 byte received: 0x19 (is_aux=true)
[94948084011] [[35mTRACE[0m] [bran::arch::x86_64::idt] [CPU0] PS/2 byte received: 0x81 (is_aux=true)
[94948546242] [[35mTRACE[0m] [bran::arch::x86_64::idt] [CPU0] PS/2 byte received: 0x7f (is_aux=true)
[94952868681] [[35mTRACE[0m] [kernel::irq::ps2] [CPU3] PS/2 take_scancode: popped 0x19 (is_aux=true)
[94954572042] [[35mTRACE[0m] [kernel::irq::ps2] [CPU3] PS/2 take_scancode: popped 0x81 (is_aux=true)
[94956278769] [[35mTRACE[0m] [kernel::irq::ps2] [CPU3] PS/2 take_scancode: popped 0x7f (is_aux=true)
[94957682589] [[35mTRACE[0m] [kernel::irq::ps2] [CPU3] PS/2 take_scancode: popped 0x19 (is_aux=true)
[94968029211] [[35mTRACE[0m] [kernel::irq::ps2] [CPU3] PS/2 take_scancode: popped 0x81 (is_aux=true)
[94969655583] [[35mTRACE[0m] [kernel::irq::ps2] [CPU3] PS/2 take_scancode: popped 0x7f (is_aux=true)
[94971290172] [[35mTRACE[0m] [kernel::irq::ps2] [CPU3] PS/2 take_scancode: popped 0x19 (is_aux=true)
[94972832889] [[35mTRACE[0m] [kernel::irq::ps2] [CPU3] PS/2 take_scancode: popped 0x81 (is_aux=true)
[94974358083] [[35mTRACE[0m] [kernel::irq::ps2] [CPU3] PS/2 take_scancode: popped 0x7f (is_aux=true)
[94975823085] [[35mTRACE[0m] [kernel::irq::ps2] [CPU3] PS/2 take_scancode: popped 0x19 (is_aux=true)
[94977377319] [[35mTRACE[0m] [kernel::irq::ps2] [CPU3] PS/2 take_scancode: popped 0x81 (is_aux=true)
[94978863408] [[35mTRACE[0m] [kernel::irq::ps2] [CPU3] PS/2 take_scancode: popped 0x7f (is_aux=true)
[94980349068] [[35mTRACE[0m] [kernel::irq::ps2] [CPU3] PS/2 take_scancode: popped 0x19 (is_aux=true)
[94981825323] [[35mTRACE[0m] [kernel::irq::ps2] [CPU3] PS/2 take_scancode: popped 0x81 (is_aux=true)
[94983368304] [[35mTRACE[0m] [kernel::irq::ps2] [CPU3] PS/2 take_scancode: popped 0x7f (is_aux=true)
[95096960673] [[35mTRACE[0m] [bran::arch::x86_64::idt] [CPU0] PS/2 byte received: 0x19 (is_aux=true)
[95097703965] [[35mTRACE[0m] [bran::arch::x86_64::idt] [CPU0] PS/2 byte received: 0x7f (is_aux=true)
[95098215630] [[35mTRACE[0m] [bran::arch::x86_64::idt] [CPU0] PS/2 byte received: 0x19 (is_aux=true)
[95098581303] [[35mTRACE[0m] [kernel::irq::ps2] [CPU3] PS/2 take_scancode: popped 0x19 (is_aux=true)
[95099165733] [[35mTRACE[0m] [bran::arch::x86_64::idt] [CPU0] PS/2 byte received: 0x81 (is_aux=true)
[95100176160] [[35mTRACE[0m] [bran::arch::x86_64::idt] [CPU0] PS/2 byte received: 0x7f (is_aux=true)
[95100343833] [[35mTRACE[0m] [kernel::irq::ps2] [CPU3] PS/2 take_scancode: popped 0x7f (is_aux=true)
[95101507380] [[35mTRACE[0m] [bran::arch::x86_64::idt] [CPU0] PS/2 byte received: 0x19 (is_aux=true)
[95102487909] [[35mTRACE[0m] [bran::arch::x86_64::idt] [CPU2] PS/2 byte received: 0x81 (is_aux=true)
[95102739666] [[35mTRACE[0m] [kernel::irq::ps2] [CPU3] PS/2 take_scancode: popped 0x19 (is_aux=true)
[95102700495] [[35mTRACE[0m] [bran::arch::x86_64::idt] [CPU0] PS/2 byte received: 0x7f (is_aux=true)
[95103436527] [[35mTRACE[0m] [bran::arch::x86_64::idt] [CPU2] PS/2 byte received: 0x19 (is_aux=true)
[95104185726] [[35mTRACE[0m] [bran::arch::x86_64::idt] [CPU0] PS/2 byte received: 0x81 (is_aux=true)
[95104329177] [[35mTRACE[0m] [bran::arch::x86_64::idt] [CPU2] PS/2 byte received: 0x7f (is_aux=true)
[95104536714] [[35mTRACE[0m] [kernel::irq::ps2] [CPU3] PS/2 take_scancode: popped 0x81 (is_aux=true)
[95105374155] [[35mTRACE[0m] [bran::arch::x86_64::idt] [CPU2] PS/2 byte received: 0x81 (is_aux=true)
[95105226579] [[35mTRACE[0m] [bran::arch::x86_64::idt] [CPU0] PS/2 byte received: 0x19 (is_aux=true)
[95106269016] [[35mTRACE[0m] [bran::arch::x86_64::idt] [CPU2] PS/2 byte received: 0x7f (is_aux=true)
[95106493185] [[35mTRACE[0m] [kernel::irq::ps2] [CPU3] PS/2 take_scancode: popped 0x7f (is_aux=true)
[95108339931] [[35mTRACE[0m] [kernel::irq::ps2] [CPU3] PS/2 take_scancode: popped 0x19 (is_aux=true)
[95109859647] [[35mTRACE[0m] [kernel::irq::ps2] [CPU3] PS/2 take_scancode: popped 0x81 (is_aux=true)
[95111751966] [[35mTRACE[0m] [kernel::irq::ps2] [CPU3] PS/2 take_scancode: popped 0x7f (is_aux=true)
[95111915811] [[35mTRACE[0m] [ps2_kbd] [CPU2] ps2_kbd: yield on AUX data (mouse packet)
[95113316661] [[35mTRACE[0m] [kernel::irq::ps2] [CPU3] PS/2 take_scancode: popped 0x19 (is_aux=true)
[95114948181] [[35mTRACE[0m] [kernel::irq::ps2] [CPU3] PS/2 take_scancode: popped 0x81 (is_aux=true)
[95116399620] [[35mTRACE[0m] [kernel::irq::ps2] [CPU3] PS/2 take_scancode: popped 0x7f (is_aux=true)
[95117712789] [[35mTRACE[0m] [kernel::irq::ps2] [CPU3] PS/2 take_scancode: popped 0x81 (is_aux=true)
[95119233132] [[35mTRACE[0m] [kernel::irq::ps2] [CPU3] PS/2 take_scancode: popped 0x19 (is_aux=true)
[95120780502] [[35mTRACE[0m] [kernel::irq::ps2] [CPU3] PS/2 take_scancode: popped 0x7f (is_aux=true)
[95164234704] [[35mTRACE[0m] [sprout::supervisor] [CPU0] SPROUT: Supervisor tick...
[95165777388] [[35mTRACE[0m] [sprout::supervisor] [CPU0] SPROUT: Loop iteration: spawn_bristle_if_needed
[95167165401] [[35mTRACE[0m] [sprout::supervisor] [CPU0] SPROUT: Loop iteration: spawn_display_if_needed
[95169491505] [[35mTRACE[0m] [sprout::supervisor] [CPU0] SPROUT: Loop iteration: spawn_bloom_if_ready
[95170983996] [[35mTRACE[0m] [sprout::supervisor] [CPU0] SPROUT: Loop iteration: spawn_wayland_hello_if_ready
[95172469953] [[35mTRACE[0m] [sprout::supervisor] [CPU0] SPROUT: Loop iteration: spawn_clock_if_ready
[95173872552] [[35mTRACE[0m] [sprout::supervisor] [CPU0] SPROUT: Loop iteration: spawn_leaf_if_ready
[95175254823] [[35mTRACE[0m] [sprout::supervisor] [CPU0] SPROUT: Loop iteration: tick complete
[95176593204] [[34mDEBUG[0m] [sprout::supervisor] [CPU0] SPROUT: ServiceLoop waiting for next event...
[95257767957] [[35mTRACE[0m] [bran::arch::x86_64::idt] [CPU0] PS/2 byte received: 0x19 (is_aux=true)
[95258437032] [[35mTRACE[0m] [bran::arch::x86_64::idt] [CPU0] PS/2 byte received: 0x81 (is_aux=true)
[95258894214] [[35mTRACE[0m] [bran::arch::x86_64::idt] [CPU0] PS/2 byte received: 0x7f (is_aux=true)
[95259351132] [[35mTRACE[0m] [bran::arch::x86_64::idt] [CPU0] PS/2 byte received: 0x19 (is_aux=true)
[95259817818] [[35mTRACE[0m] [bran::arch::x86_64::idt] [CPU0] PS/2 byte received: 0x81 (is_aux=true)
[95260258401] [[35mTRACE[0m] [bran::arch::x86_64::idt] [CPU0] PS/2 byte received: 0x7f (is_aux=true)
[95260699116] [[35mTRACE[0m] [bran::arch::x86_64::idt] [CPU0] PS/2 byte received: 0x19 (is_aux=true)
[95261140425] [[35mTRACE[0m] [bran::arch::x86_64::idt] [CPU0] PS/2 byte received: 0x81 (is_aux=true)
[95261574342] [[35mTRACE[0m] [bran::arch::x86_64::idt] [CPU0] PS/2 byte received: 0x7f (is_aux=true)
[95262033042] [[35mTRACE[0m] [bran::arch::x86_64::idt] [CPU0] PS/2 byte received: 0x19 (is_aux=true)
[95262470358] [[35mTRACE[0m] [bran::arch::x86_64::idt] [CPU0] PS/2 byte received: 0x81 (is_aux=true)
[95262929157] [[35mTRACE[0m] [bran::arch::x86_64::idt] [CPU0] PS/2 byte received: 0x7f (is_aux=true)
[95263411485] [[35mTRACE[0m] [bran::arch::x86_64::idt] [CPU0] PS/2 byte received: 0x81 (is_aux=true)
[95263386438] [[35mTRACE[0m] [bran::arch::x86_64::idt] [CPU3] PS/2 byte received: 0x19 (is_aux=true)
[95263904670] [[35mTRACE[0m] [bran::arch::x86_64::idt] [CPU0] PS/2 byte received: 0x7f (is_aux=true)
[95270004786] [[35mTRACE[0m] [kernel::irq::ps2] [CPU3] PS/2 take_scancode: popped 0x19 (is_aux=true)
[95270641950] [[35mTRACE[0m] [ps2_kbd] [CPU2] ps2_kbd: yield on AUX data (mouse packet)
[95271454146] [[35mTRACE[0m] [kernel::irq::ps2] [CPU3] PS/2 take_scancode: popped 0x81 (is_aux=true)
[95273324817] [[35mTRACE[0m] [kernel::irq::ps2] [CPU3] PS/2 take_scancode: popped 0x7f (is_aux=true)
[95274661185] [[35mTRACE[0m] [kernel::irq::ps2] [CPU3] PS/2 take_scancode: popped 0x19 (is_aux=true)
[95276041773] [[35mTRACE[0m] [kernel::irq::ps2] [CPU3] PS/2 take_scancode: popped 0x81 (is_aux=true)
[95277404409] [[35mTRACE[0m] [kernel::irq::ps2] [CPU3] PS/2 take_scancode: popped 0x7f (is_aux=true)
[95278921155] [[35mTRACE[0m] [kernel::irq::ps2] [CPU3] PS/2 take_scancode: popped 0x19 (is_aux=true)
[95280292899] [[35mTRACE[0m] [kernel::irq::ps2] [CPU3] PS/2 take_scancode: popped 0x81 (is_aux=true)
[95281778592] [[35mTRACE[0m] [kernel::irq::ps2] [CPU3] PS/2 take_scancode: popped 0x7f (is_aux=true)
[95283157134] [[35mTRACE[0m] [kernel::irq::ps2] [CPU3] PS/2 take_scancode: popped 0x19 (is_aux=true)
[95284728858] [[35mTRACE[0m] [kernel::irq::ps2] [CPU3] PS/2 take_scancode: popped 0x81 (is_aux=true)
[95286090273] [[35mTRACE[0m] [kernel::irq::ps2] [CPU3] PS/2 take_scancode: popped 0x7f (is_aux=true)
[95296276053] [[35mTRACE[0m] [kernel::irq::ps2] [CPU3] PS/2 take_scancode: popped 0x81 (is_aux=true)
[95298046272] [[35mTRACE[0m] [kernel::irq::ps2] [CPU3] PS/2 take_scancode: popped 0x19 (is_aux=true)
[95299616346] [[35mTRACE[0m] [kernel::irq::ps2] [CPU3] PS/2 take_scancode: popped 0x7f (is_aux=true)
[95416035396] [[35mTRACE[0m] [bran::arch::x86_64::idt] [CPU0] PS/2 byte received: 0x18 (is_aux=true)
[95416733412] [[35mTRACE[0m] [bran::arch::x86_64::idt] [CPU0] PS/2 byte received: 0x81 (is_aux=true)
[95417232240] [[35mTRACE[0m] [bran::arch::x86_64::idt] [CPU0] PS/2 byte received: 0x7f (is_aux=true)
[95417722125] [[35mTRACE[0m] [bran::arch::x86_64::idt] [CPU0] PS/2 byte received: 0x18 (is_aux=true)
[95418187161] [[35mTRACE[0m] [bran::arch::x86_64::idt] [CPU0] PS/2 byte received: 0x81 (is_aux=true)
[95418627216] [[35mTRACE[0m] [bran::arch::x86_64::idt] [CPU0] PS/2 byte received: 0x7f (is_aux=true)
[95419080636] [[35mTRACE[0m] [bran::arch::x86_64::idt] [CPU0] PS/2 byte received: 0x18 (is_aux=true)
[95419562370] [[35mTRACE[0m] [bran::arch::x86_64::idt] [CPU0] PS/2 byte received: 0x81 (is_aux=true)
[95420004966] [[35mTRACE[0m] [bran::arch::x86_64::idt] [CPU0] PS/2 byte received: 0x7f (is_aux=true)
[95420443866] [[35mTRACE[0m] [bran::arch::x86_64::idt] [CPU0] PS/2 byte received: 0x18 (is_aux=true)
[95420917251] [[35mTRACE[0m] [bran::arch::x86_64::idt] [CPU0] PS/2 byte received: 0x81 (is_aux=true)
[95421357141] [[35mTRACE[0m] [bran::arch::x86_64::idt] [CPU0] PS/2 byte received: 0x7f (is_aux=true)
[95421801882] [[35mTRACE[0m] [bran::arch::x86_64::idt] [CPU0] PS/2 byte received: 0x18 (is_aux=true)
[95422254939] [[35mTRACE[0m] [bran::arch::x86_64::idt] [CPU0] PS/2 byte received: 0x81 (is_aux=true)
[95422705851] [[35mTRACE[0m] [bran::arch::x86_64::idt] [CPU0] PS/2 byte received: 0x7f (is_aux=true)
[95427835668] [[35mTRACE[0m] [kernel::irq::ps2] [CPU3] PS/2 take_scancode: popped 0x18 (is_aux=true)
[95429313276] [[35mTRACE[0m] [kernel::irq::ps2] [CPU3] PS/2 take_scancode: popped 0x81 (is_aux=true)
[95430697791] [[35mTRACE[0m] [kernel::irq::ps2] [CPU3] PS/2 take_scancode: popped 0x7f (is_aux=true)
[95432910903] [[35mTRACE[0m] [kernel::irq::ps2] [CPU3] PS/2 take_scancode: popped 0x18 (is_aux=true)
[95434922649] [[35mTRACE[0m] [kernel::irq::ps2] [CPU3] PS/2 take_scancode: popped 0x81 (is_aux=true)
[95436674025] [[35mTRACE[0m] [kernel::irq::ps2] [CPU3] PS/2 take_scancode: popped 0x7f (is_aux=true)
[95438113914] [[35mTRACE[0m] [kernel::irq::ps2] [CPU3] PS/2 take_scancode: popped 0x18 (is_aux=true)
[95439658215] [[35mTRACE[0m] [kernel::irq::ps2] [CPU3] PS/2 take_scancode: popped 0x81 (is_aux=true)
[95441199216] [[35mTRACE[0m] [kernel::irq::ps2] [CPU3] PS/2 take_scancode: popped 0x7f (is_aux=true)
[95442710682] [[35mTRACE[0m] [kernel::irq::ps2] [CPU3] PS/2 take_scancode: popped 0x18 (is_aux=true)
[95445068730] [[35mTRACE[0m] [kernel::irq::ps2] [CPU3] PS/2 take_scancode: popped 0x81 (is_aux=true)
[95446586037] [[35mTRACE[0m] [kernel::irq::ps2] [CPU3] PS/2 take_scancode: popped 0x7f (is_aux=true)
[95448101298] [[35mTRACE[0m] [kernel::irq::ps2] [CPU3] PS/2 take_scancode: popped 0x18 (is_aux=true)
[95449637547] [[35mTRACE[0m] [kernel::irq::ps2] [CPU3] PS/2 take_scancode: popped 0x81 (is_aux=true)
[95451223626] [[35mTRACE[0m] [kernel::irq::ps2] [CPU3] PS/2 take_scancode: popped 0x7f (is_aux=true)
[95494336443] [[35mTRACE[0m] [sprout::supervisor] [CPU0] SPROUT: Supervisor tick...
[95495705580] [[35mTRACE[0m] [sprout::supervisor] [CPU0] SPROUT: Loop iteration: spawn_bristle_if_needed
[95497264533] [[35mTRACE[0m] [sprout::supervisor] [CPU0] SPROUT: Loop iteration: spawn_display_if_needed
[95498859456] [[35mTRACE[0m] [sprout::supervisor] [CPU0] SPROUT: Loop iteration: spawn_bloom_if_ready
[95500347690] [[35mTRACE[0m] [sprout::supervisor] [CPU0] SPROUT: Loop iteration: spawn_wayland_hello_if_ready
[95501754513] [[35mTRACE[0m] [sprout::supervisor] [CPU0] SPROUT: Loop iteration: spawn_clock_if_ready
[95503116192] [[35mTRACE[0m] [sprout::supervisor] [CPU0] SPROUT: Loop iteration: spawn_leaf_if_ready
[95504535258] [[35mTRACE[0m] [sprout::supervisor] [CPU0] SPROUT: Loop iteration: tick complete
[95505888291] [[34mDEBUG[0m] [sprout::supervisor] [CPU0] SPROUT: ServiceLoop waiting for next event...
[95691864213] [[34mDEBUG[0m] [kernel::vfs::provider] [CPU1] VFS_RPC: request op=DeviceCall len=48 tid=10
[95696673336] [[35mTRACE[0m] [display_virtio_gpu] [CPU3] display_virtio_gpu: VFS RPC op=DeviceCall
[95697821802] [[35mTRACE[0m] [display_virtio_gpu] [CPU3] DISP: DISPLAY_OP_GET_INFO requested
[95698569021] [[35mTRACE[0m] [display_virtio_gpu] [CPU3] DISP: Returning dimensions 1280x800
[95699143584] [[35mTRACE[0m] [display_virtio_gpu] [CPU3] display_virtio_gpu: VFS RPC response begin op=DeviceCall req_id=94
[95700964029] [[35mTRACE[0m] [display_virtio_gpu] [CPU3] display_virtio_gpu: VFS RPC response sent op=DeviceCall req_id=94
[95703283368] [[34mDEBUG[0m] [kernel::vfs::provider] [CPU1] VFS_RPC: response op=DeviceCall id=94 -> OK(48)
[95822151645] [[35mTRACE[0m] [sprout::supervisor] [CPU0] SPROUT: Supervisor tick...
[95823614073] [[35mTRACE[0m] [sprout::supervisor] [CPU0] SPROUT: Loop iteration: spawn_bristle_if_needed
[95824973541] [[35mTRACE[0m] [sprout::supervisor] [CPU0] SPROUT: Loop iteration: spawn_display_if_needed
[95826492135] [[35mTRACE[0m] [sprout::supervisor] [CPU0] SPROUT: Loop iteration: spawn_bloom_if_ready
[95829017196] [[35mTRACE[0m] [sprout::supervisor] [CPU0] SPROUT: Loop iteration: spawn_wayland_hello_if_ready
[95830627959] [[35mTRACE[0m] [sprout::supervisor] [CPU0] SPROUT: Loop iteration: spawn_clock_if_ready
[95832048477] [[35mTRACE[0m] [sprout::supervisor] [CPU0] SPROUT: Loop iteration: spawn_leaf_if_ready
[95833501038] [[35mTRACE[0m] [sprout::supervisor] [CPU0] SPROUT: Loop iteration: tick complete
[95834827506] [[34mDEBUG[0m] [sprout::supervisor] [CPU0] SPROUT: ServiceLoop waiting for next event...
[96151920843] [[35mTRACE[0m] [sprout::supervisor] [CPU0] SPROUT: Supervisor tick...
[96154458675] [[35mTRACE[0m] [sprout::supervisor] [CPU0] SPROUT: Loop iteration: spawn_bristle_if_needed
[96156008718] [[35mTRACE[0m] [sprout::supervisor] [CPU0] SPROUT: Loop iteration: spawn_display_if_needed
[96157398744] [[35mTRACE[0m] [sprout::supervisor] [CPU0] SPROUT: Loop iteration: spawn_bloom_if_ready
[96158825532] [[35mTRACE[0m] [sprout::supervisor] [CPU0] SPROUT: Loop iteration: spawn_wayland_hello_if_ready
[96160296375] [[35mTRACE[0m] [sprout::supervisor] [CPU0] SPROUT: Loop iteration: spawn_clock_if_ready
[96161668383] [[35mTRACE[0m] [sprout::supervisor] [CPU0] SPROUT: Loop iteration: spawn_leaf_if_ready
[96163095501] [[35mTRACE[0m] [sprout::supervisor] [CPU0] SPROUT: Loop iteration: tick complete
[96164476122] [[34mDEBUG[0m] [sprout::supervisor] [CPU0] SPROUT: ServiceLoop waiting for next event...
[96480131055] [[35mTRACE[0m] [sprout::supervisor] [CPU0] SPROUT: Supervisor tick...
[96481711755] [[35mTRACE[0m] [sprout::supervisor] [CPU0] SPROUT: Loop iteration: spawn_bristle_if_needed
[96483052875] [[35mTRACE[0m] [sprout::supervisor] [CPU0] SPROUT: Loop iteration: spawn_display_if_needed
[96484472832] [[35mTRACE[0m] [sprout::supervisor] [CPU0] SPROUT: Loop iteration: spawn_bloom_if_ready
[96486475272] [[35mTRACE[0m] [sprout::supervisor] [CPU0] SPROUT: Loop iteration: spawn_wayland_hello_if_ready
[96488050890] [[35mTRACE[0m] [sprout::supervisor] [CPU0] SPROUT: Loop iteration: spawn_clock_if_ready
[96489410787] [[35mTRACE[0m] [sprout::supervisor] [CPU0] SPROUT: Loop iteration: spawn_leaf_if_ready
[96490757616] [[35mTRACE[0m] [sprout::supervisor] [CPU0] SPROUT: Loop iteration: tick complete
[96492143451] [[34mDEBUG[0m] [sprout::supervisor] [CPU0] SPROUT: ServiceLoop waiting for next event...
[96514091256] [[34mDEBUG[0m] [kernel::vfs::provider] [CPU1] VFS_RPC: request op=DeviceCall len=48 tid=10
[96518783394] [[35mTRACE[0m] [display_virtio_gpu] [CPU3] display_virtio_gpu: VFS RPC op=DeviceCall
[96519899058] [[35mTRACE[0m] [display_virtio_gpu] [CPU3] DISP: DISPLAY_OP_GET_INFO requested
[96520623441] [[35mTRACE[0m] [display_virtio_gpu] [CPU3] DISP: Returning dimensions 1280x800
[96521223348] [[35mTRACE[0m] [display_virtio_gpu] [CPU3] display_virtio_gpu: VFS RPC response begin op=DeviceCall req_id=95
[96522883116] [[35mTRACE[0m] [display_virtio_gpu] [CPU3] display_virtio_gpu: VFS RPC response sent op=DeviceCall req_id=95
[96525090189] [[34mDEBUG[0m] [kernel::vfs::provider] [CPU1] VFS_RPC: response op=DeviceCall id=95 -> OK(48)
[96810907644] [[35mTRACE[0m] [sprout::supervisor] [CPU0] SPROUT: Supervisor tick...
[96812533224] [[35mTRACE[0m] [sprout::supervisor] [CPU0] SPROUT: Loop iteration: spawn_bristle_if_needed
[96814057098] [[35mTRACE[0m] [sprout::supervisor] [CPU0] SPROUT: Loop iteration: spawn_display_if_needed
[96815485107] [[35mTRACE[0m] [sprout::supervisor] [CPU0] SPROUT: Loop iteration: spawn_bloom_if_ready
[96816874605] [[35mTRACE[0m] [sprout::supervisor] [CPU0] SPROUT: Loop iteration: spawn_wayland_hello_if_ready
[96818366700] [[35mTRACE[0m] [sprout::supervisor] [CPU0] SPROUT: Loop iteration: spawn_clock_if_ready
[96819735342] [[35mTRACE[0m] [sprout::supervisor] [CPU0] SPROUT: Loop iteration: spawn_leaf_if_ready
[96821131539] [[35mTRACE[0m] [sprout::supervisor] [CPU0] SPROUT: Loop iteration: tick complete
[96822472362] [[34mDEBUG[0m] [sprout::supervisor] [CPU0] SPROUT: ServiceLoop waiting for next event...
[97139334006] [[35mTRACE[0m] [sprout::supervisor] [CPU0] SPROUT: Supervisor tick...
[97140905499] [[35mTRACE[0m] [sprout::supervisor] [CPU0] SPROUT: Loop iteration: spawn_bristle_if_needed
[97143103530] [[35mTRACE[0m] [sprout::supervisor] [CPU0] SPROUT: Loop iteration: spawn_display_if_needed
[97146160782] [[35mTRACE[0m] [sprout::supervisor] [CPU0] SPROUT: Loop iteration: spawn_bloom_if_ready
[97147593048] [[35mTRACE[0m] [sprout::supervisor] [CPU0] SPROUT: Loop iteration: spawn_wayland_hello_if_ready
[97149037227] [[35mTRACE[0m] [sprout::supervisor] [CPU0] SPROUT: Loop iteration: spawn_clock_if_ready
[97150580406] [[35mTRACE[0m] [sprout::supervisor] [CPU0] SPROUT: Loop iteration: spawn_leaf_if_ready
[97151940303] [[35mTRACE[0m] [sprout::supervisor] [CPU0] SPROUT: Loop iteration: tick complete
[97153257762] [[34mDEBUG[0m] [sprout::supervisor] [CPU0] SPROUT: ServiceLoop waiting for next event...
[97337448780] [[34mDEBUG[0m] [kernel::vfs::provider] [CPU1] VFS_RPC: request op=DeviceCall len=48 tid=10
[97344941265] [[35mTRACE[0m] [display_virtio_gpu] [CPU3] display_virtio_gpu: VFS RPC op=DeviceCall
[97346114481] [[35mTRACE[0m] [display_virtio_gpu] [CPU3] DISP: DISPLAY_OP_GET_INFO requested
[97346882886] [[35mTRACE[0m] [display_virtio_gpu] [CPU3] DISP: Returning dimensions 1280x800
[97347501702] [[35mTRACE[0m] [display_virtio_gpu] [CPU3] display_virtio_gpu: VFS RPC response begin op=DeviceCall req_id=96
[97349734284] [[35mTRACE[0m] [display_virtio_gpu] [CPU3] display_virtio_gpu: VFS RPC response sent op=DeviceCall req_id=96
[97353015738] [[34mDEBUG[0m] [kernel::vfs::provider] [CPU1] VFS_RPC: response op=DeviceCall id=96 -> OK(48)
[97467688461] [[35mTRACE[0m] [sprout::supervisor] [CPU0] SPROUT: Supervisor tick...
[97471016379] [[35mTRACE[0m] [sprout::supervisor] [CPU0] SPROUT: Loop iteration: spawn_bristle_if_needed
[97473875400] [[35mTRACE[0m] [sprout::supervisor] [CPU0] SPROUT: Loop iteration: spawn_display_if_needed
[97475363271] [[35mTRACE[0m] [sprout::supervisor] [CPU0] SPROUT: Loop iteration: spawn_bloom_if_ready
[97476802170] [[35mTRACE[0m] [sprout::supervisor] [CPU0] SPROUT: Loop iteration: spawn_wayland_hello_if_ready
[97478257239] [[35mTRACE[0m] [sprout::supervisor] [CPU0] SPROUT: Loop iteration: spawn_clock_if_ready
[97479659937] [[35mTRACE[0m] [sprout::supervisor] [CPU0] SPROUT: Loop iteration: spawn_leaf_if_ready
[97481006634] [[35mTRACE[0m] [sprout::supervisor] [CPU0] SPROUT: Loop iteration: tick complete
[97482350097] [[34mDEBUG[0m] [sprout::supervisor] [CPU0] SPROUT: ServiceLoop waiting for next event...
[97795338102] [[35mTRACE[0m] [ps2_mouse] [CPU3] ps2_mouse: irq_wakes=44 poll_timeouts=1492 last_drain_bytes=0
[97798209564] [[35mTRACE[0m] [sprout::supervisor] [CPU0] SPROUT: Supervisor tick...
[97800515472] [[35mTRACE[0m] [sprout::supervisor] [CPU0] SPROUT: Loop iteration: spawn_bristle_if_needed
[97802840058] [[35mTRACE[0m] [sprout::supervisor] [CPU0] SPROUT: Loop iteration: spawn_display_if_needed
[97804235562] [[35mTRACE[0m] [sprout::supervisor] [CPU0] SPROUT: Loop iteration: spawn_bloom_if_ready
[97805659182] [[35mTRACE[0m] [sprout::supervisor] [CPU0] SPROUT: Loop iteration: spawn_wayland_hello_if_ready
[97807099104] [[35mTRACE[0m] [sprout::supervisor] [CPU0] SPROUT: Loop iteration: spawn_clock_if_ready
[97808409732] [[35mTRACE[0m] [sprout::supervisor] [CPU0] SPROUT: Loop iteration: spawn_leaf_if_ready
[97809931164] [[35mTRACE[0m] [sprout::supervisor] [CPU0] SPROUT: Loop iteration: tick complete
[97811305086] [[34mDEBUG[0m] [sprout::supervisor] [CPU0] SPROUT: ServiceLoop waiting for next event...
[98126182572] [[35mTRACE[0m] [sprout::supervisor] [CPU0] SPROUT: Supervisor tick...
[98129613120] [[35mTRACE[0m] [sprout::supervisor] [CPU0] SPROUT: Loop iteration: spawn_bristle_if_needed
[98131367400] [[35mTRACE[0m] [sprout::supervisor] [CPU0] SPROUT: Loop iteration: spawn_display_if_needed
[98132850123] [[35mTRACE[0m] [sprout::supervisor] [CPU0] SPROUT: Loop iteration: spawn_bloom_if_ready
[98134229292] [[35mTRACE[0m] [sprout::supervisor] [CPU0] SPROUT: Loop iteration: spawn_wayland_hello_if_ready
[98135686605] [[35mTRACE[0m] [sprout::supervisor] [CPU0] SPROUT: Loop iteration: spawn_clock_if_ready
[98137058646] [[35mTRACE[0m] [sprout::supervisor] [CPU0] SPROUT: Loop iteration: spawn_leaf_if_ready
[98138464611] [[35mTRACE[0m] [sprout::supervisor] [CPU0] SPROUT: Loop iteration: tick complete
[98139885789] [[34mDEBUG[0m] [sprout::supervisor] [CPU0] SPROUT: ServiceLoop waiting for next event...
[98158683183] [[34mDEBUG[0m] [kernel::vfs::provider] [CPU1] VFS_RPC: request op=DeviceCall len=48 tid=10
[98163514614] [[35mTRACE[0m] [display_virtio_gpu] [CPU3] display_virtio_gpu: VFS RPC op=DeviceCall
[98164481151] [[35mTRACE[0m] [display_virtio_gpu] [CPU3] DISP: DISPLAY_OP_GET_INFO requested
[98165265891] [[35mTRACE[0m] [display_virtio_gpu] [CPU3] DISP: Returning dimensions 1280x800
[98165852631] [[35mTRACE[0m] [display_virtio_gpu] [CPU3] display_virtio_gpu: VFS RPC response begin op=DeviceCall req_id=97
[98167540482] [[35mTRACE[0m] [display_virtio_gpu] [CPU3] display_virtio_gpu: VFS RPC response sent op=DeviceCall req_id=97
[98169804843] [[34mDEBUG[0m] [kernel::vfs::provider] [CPU1] VFS_RPC: response op=DeviceCall id=97 -> OK(48)
[98455164324] [[35mTRACE[0m] [sprout::supervisor] [CPU0] SPROUT: Supervisor tick...
[98456641965] [[35mTRACE[0m] [sprout::supervisor] [CPU0] SPROUT: Loop iteration: spawn_bristle_if_needed
[98458303647] [[35mTRACE[0m] [sprout::supervisor] [CPU0] SPROUT: Loop iteration: spawn_display_if_needed
[98459711196] [[35mTRACE[0m] [sprout::supervisor] [CPU0] SPROUT: Loop iteration: spawn_bloom_if_ready
[98461176825] [[35mTRACE[0m] [sprout::supervisor] [CPU0] SPROUT: Loop iteration: spawn_wayland_hello_if_ready
[98462585793] [[35mTRACE[0m] [sprout::supervisor] [CPU0] SPROUT: Loop iteration: spawn_clock_if_ready
[98463886917] [[35mTRACE[0m] [sprout::supervisor] [CPU0] SPROUT: Loop iteration: spawn_leaf_if_ready
[98465990997] [[35mTRACE[0m] [sprout::supervisor] [CPU0] SPROUT: Loop iteration: tick complete
[98468056830] [[34mDEBUG[0m] [sprout::supervisor] [CPU0] SPROUT: ServiceLoop waiting for next event...
[98783283258] [[35mTRACE[0m] [sprout::supervisor] [CPU0] SPROUT: Supervisor tick...
[98785985595] [[35mTRACE[0m] [sprout::supervisor] [CPU0] SPROUT: Loop iteration: spawn_bristle_if_needed
[98787734694] [[35mTRACE[0m] [sprout::supervisor] [CPU0] SPROUT: Loop iteration: spawn_display_if_needed
[98789214711] [[35mTRACE[0m] [sprout::supervisor] [CPU0] SPROUT: Loop iteration: spawn_bloom_if_ready
[98790632688] [[35mTRACE[0m] [sprout::supervisor] [CPU0] SPROUT: Loop iteration: spawn_wayland_hello_if_ready
[98792149533] [[35mTRACE[0m] [sprout::supervisor] [CPU0] SPROUT: Loop iteration: spawn_clock_if_ready
[98793481644] [[35mTRACE[0m] [sprout::supervisor] [CPU0] SPROUT: Loop iteration: spawn_leaf_if_ready
[98794884771] [[35mTRACE[0m] [sprout::supervisor] [CPU0] SPROUT: Loop iteration: tick complete
[98796180186] [[34mDEBUG[0m] [sprout::supervisor] [CPU0] SPROUT: ServiceLoop waiting for next event...
[98981071134] [[34mDEBUG[0m] [kernel::vfs::provider] [CPU1] VFS_RPC: request op=DeviceCall len=48 tid=10
[98986240320] [[35mTRACE[0m] [display_virtio_gpu] [CPU3] display_virtio_gpu: VFS RPC op=DeviceCall
[98987425251] [[35mTRACE[0m] [display_virtio_gpu] [CPU3] DISP: DISPLAY_OP_GET_INFO requested
[98988008658] [[35mTRACE[0m] [display_virtio_gpu] [CPU3] DISP: Returning dimensions 1280x800
[98988810393] [[35mTRACE[0m] [display_virtio_gpu] [CPU3] display_virtio_gpu: VFS RPC response begin op=DeviceCall req_id=98
[98990562264] [[35mTRACE[0m] [display_virtio_gpu] [CPU3] display_virtio_gpu: VFS RPC response sent op=DeviceCall req_id=98
[98992866027] [[34mDEBUG[0m] [kernel::vfs::provider] [CPU1] VFS_RPC: response op=DeviceCall id=98 -> OK(48)
[99111218448] [[35mTRACE[0m] [sprout::supervisor] [CPU0] SPROUT: Supervisor tick...
[99114289692] [[35mTRACE[0m] [sprout::supervisor] [CPU0] SPROUT: Loop iteration: spawn_bristle_if_needed
[99115881348] [[35mTRACE[0m] [sprout::supervisor] [CPU0] SPROUT: Loop iteration: spawn_display_if_needed
[99118092810] [[35mTRACE[0m] [sprout::supervisor] [CPU0] SPROUT: Loop iteration: spawn_bloom_if_ready
[99119661960] [[35mTRACE[0m] [sprout::supervisor] [CPU0] SPROUT: Loop iteration: spawn_wayland_hello_if_ready
[99121127424] [[35mTRACE[0m] [sprout::supervisor] [CPU0] SPROUT: Loop iteration: spawn_clock_if_ready
[99122471481] [[35mTRACE[0m] [sprout::supervisor] [CPU0] SPROUT: Loop iteration: spawn_leaf_if_ready
[99123915825] [[35mTRACE[0m] [sprout::supervisor] [CPU0] SPROUT: Loop iteration: tick complete
[99125236485] [[34mDEBUG[0m] [sprout::supervisor] [CPU0] SPROUT: ServiceLoop waiting for next event...
[99330975711] [[32mINFO [0m] [kernel::time] [CPU0] System clock tick: utc=2026-05-01 23:20:59.098510409 unix_secs=1777677659.098510409
[99441431694] [[35mTRACE[0m] [sprout::supervisor] [CPU0] SPROUT: Supervisor tick...
[99443477298] [[35mTRACE[0m] [sprout::supervisor] [CPU0] SPROUT: Loop iteration: spawn_bristle_if_needed
[99445001172] [[35mTRACE[0m] [sprout::supervisor] [CPU0] SPROUT: Loop iteration: spawn_display_if_needed
[99447151089] [[35mTRACE[0m] [sprout::supervisor] [CPU0] SPROUT: Loop iteration: spawn_bloom_if_ready
[99448634274] [[35mTRACE[0m] [sprout::supervisor] [CPU0] SPROUT: Loop iteration: spawn_wayland_hello_if_ready
[99450154122] [[35mTRACE[0m] [sprout::supervisor] [CPU0] SPROUT: Loop iteration: spawn_clock_if_ready
[99451551111] [[35mTRACE[0m] [sprout::supervisor] [CPU0] SPROUT: Loop iteration: spawn_leaf_if_ready
[99452977140] [[35mTRACE[0m] [sprout::supervisor] [CPU0] SPROUT: Loop iteration: tick complete
[99454382676] [[34mDEBUG[0m] [sprout::supervisor] [CPU0] SPROUT: ServiceLoop waiting for next event...
[99771046815] [[35mTRACE[0m] [sprout::supervisor] [CPU0] SPROUT: Supervisor tick...
[99772718034] [[35mTRACE[0m] [sprout::supervisor] [CPU0] SPROUT: Loop iteration: spawn_bristle_if_needed
[99774486966] [[35mTRACE[0m] [sprout::supervisor] [CPU0] SPROUT: Loop iteration: spawn_display_if_needed
[99776004009] [[35mTRACE[0m] [sprout::supervisor] [CPU0] SPROUT: Loop iteration: spawn_bloom_if_ready
[99777468153] [[35mTRACE[0m] [sprout::supervisor] [CPU0] SPROUT: Loop iteration: spawn_wayland_hello_if_ready
[99778994502] [[35mTRACE[0m] [sprout::supervisor] [CPU0] SPROUT: Loop iteration: spawn_clock_if_ready
[99780345654] [[35mTRACE[0m] [sprout::supervisor] [CPU0] SPROUT: Loop iteration: spawn_leaf_if_ready
[99781721226] [[35mTRACE[0m] [sprout::supervisor] [CPU0] SPROUT: Loop iteration: tick complete
[99783085809] [[34mDEBUG[0m] [sprout::supervisor] [CPU0] SPROUT: ServiceLoop waiting for next event...
[99803428032] [[34mDEBUG[0m] [kernel::vfs::provider] [CPU1] VFS_RPC: request op=DeviceCall len=48 tid=10
[99807754662] [[35mTRACE[0m] [display_virtio_gpu] [CPU3] display_virtio_gpu: VFS RPC op=DeviceCall
[99808814391] [[35mTRACE[0m] [display_virtio_gpu] [CPU3] DISP: DISPLAY_OP_GET_INFO requested
[99809600022] [[35mTRACE[0m] [display_virtio_gpu] [CPU3] DISP: Returning dimensions 1280x800
[99810321600] [[35mTRACE[0m] [display_virtio_gpu] [CPU3] display_virtio_gpu: VFS RPC response begin op=DeviceCall req_id=99
[99812197452] [[35mTRACE[0m] [display_virtio_gpu] [CPU3] display_virtio_gpu: VFS RPC response sent op=DeviceCall req_id=99
[99815478939] [[34mDEBUG[0m] [kernel::vfs::provider] [CPU1] VFS_RPC: response op=DeviceCall id=99 -> OK(48)
[100099705860] [[35mTRACE[0m] [sprout::supervisor] [CPU0] SPROUT: Supervisor tick...
[100101181752] [[35mTRACE[0m] [sprout::supervisor] [CPU0] SPROUT: Loop iteration: spawn_bristle_if_needed
[100102618935] [[35mTRACE[0m] [sprout::supervisor] [CPU0] SPROUT: Loop iteration: spawn_display_if_needed
[100104164787] [[35mTRACE[0m] [sprout::supervisor] [CPU0] SPROUT: Loop iteration: spawn_bloom_if_ready
[100105626720] [[35mTRACE[0m] [sprout::supervisor] [CPU0] SPROUT: Loop iteration: spawn_wayland_hello_if_ready
[100107019716] [[35mTRACE[0m] [sprout::supervisor] [CPU0] SPROUT: Loop iteration: spawn_clock_if_ready
[100108420533] [[35mTRACE[0m] [sprout::supervisor] [CPU0] SPROUT: Loop iteration: spawn_leaf_if_ready
[100109727960] [[35mTRACE[0m] [sprout::supervisor] [CPU0] SPROUT: Loop iteration: tick complete
[100111080234] [[34mDEBUG[0m] [sprout::supervisor] [CPU0] SPROUT: ServiceLoop waiting for next event...
[100427834991] [[35mTRACE[0m] [sprout::supervisor] [CPU0] SPROUT: Supervisor tick...
[100429303359] [[35mTRACE[0m] [sprout::supervisor] [CPU0] SPROUT: Loop iteration: spawn_bristle_if_needed
[100431774135] [[35mTRACE[0m] [sprout::supervisor] [CPU0] SPROUT: Loop iteration: spawn_display_if_needed
[100434775749] [[35mTRACE[0m] [sprout::supervisor] [CPU0] SPROUT: Loop iteration: spawn_bloom_if_ready
[100436143071] [[35mTRACE[0m] [sprout::supervisor] [CPU0] SPROUT: Loop iteration: spawn_wayland_hello_if_ready
[100437777825] [[35mTRACE[0m] [sprout::supervisor] [CPU0] SPROUT: Loop iteration: spawn_clock_if_ready
[100440019482] [[35mTRACE[0m] [sprout::supervisor] [CPU0] SPROUT: Loop iteration: spawn_leaf_if_ready
[100442834118] [[35mTRACE[0m] [sprout::supervisor] [CPU0] SPROUT: Loop iteration: tick complete
[100444164810] [[34mDEBUG[0m] [sprout::supervisor] [CPU0] SPROUT: ServiceLoop waiting for next event...

[hunter] running random action
[100624961646] [[34mDEBUG[0m] [kernel::vfs::provider] [CPU1] VFS_RPC: request op=DeviceCall len=48 tid=10
[100630327875] [[35mTRACE[0m] [display_virtio_gpu] [CPU3] display_virtio_gpu: VFS RPC op=DeviceCall
[100631456178] [[35mTRACE[0m] [display_virtio_gpu] [CPU3] DISP: DISPLAY_OP_GET_INFO requested
[100632067734] [[35mTRACE[0m] [display_virtio_gpu] [CPU3] DISP: Returning dimensions 1280x800
[100632798387] [[35mTRACE[0m] [display_virtio_gpu] [CPU3] display_virtio_gpu: VFS RPC response begin op=DeviceCall req_id=100
[100634540259] [[35mTRACE[0m] [display_virtio_gpu] [CPU3] display_virtio_gpu: VFS RPC response sent op=DeviceCall req_id=100
[100636798779] [[34mDEBUG[0m] [kernel::vfs::provider] [CPU1] VFS_RPC: response op=DeviceCall id=100 -> OK(48)
[100757732196] [[35mTRACE[0m] [sprout::supervisor] [CPU0] SPROUT: Supervisor tick...
[100760397045] [[35mTRACE[0m] [sprout::supervisor] [CPU0] SPROUT: Loop iteration: spawn_bristle_if_needed
[100762511025] [[35mTRACE[0m] [sprout::supervisor] [CPU0] SPROUT: Loop iteration: spawn_display_if_needed
[100765308006] [[35mTRACE[0m] [sprout::supervisor] [CPU0] SPROUT: Loop iteration: spawn_bloom_if_ready
[100767467229] [[35mTRACE[0m] [sprout::supervisor] [CPU0] SPROUT: Loop iteration: spawn_wayland_hello_if_ready
[100769101983] [[35mTRACE[0m] [sprout::supervisor] [CPU0] SPROUT: Loop iteration: spawn_clock_if_ready
[100770581472] [[35mTRACE[0m] [sprout::supervisor] [CPU0] SPROUT: Loop iteration: spawn_leaf_if_ready
[100772063865] [[35mTRACE[0m] [sprout::supervisor] [CPU0] SPROUT: Loop iteration: tick complete
[100773651792] [[34mDEBUG[0m] [sprout::supervisor] [CPU0] SPROUT: ServiceLoop waiting for next event...
[100776682281] [[35mTRACE[0m] [bran::arch::x86_64::idt] [CPU1] PS/2 byte received: 0x18 (is_aux=true)
[100777778376] [[35mTRACE[0m] [bran::arch::x86_64::idt] [CPU0] PS/2 byte received: 0x81 (is_aux=true)
[100778107683] [[35mTRACE[0m] [bran::arch::x86_64::idt] [CPU1] PS/2 byte received: 0x7f (is_aux=true)
[100778470320] [[35mTRACE[0m] [bran::arch::x86_64::idt] [CPU0] PS/2 byte received: 0x18 (is_aux=true)
[100778782203] [[35mTRACE[0m] [bran::arch::x86_64::idt] [CPU1] PS/2 byte received: 0x81 (is_aux=true)
[100779219486] [[35mTRACE[0m] [bran::arch::x86_64::idt] [CPU0] PS/2 byte received: 0x7f (is_aux=true)
[100779304329] [[35mTRACE[0m] [bran::arch::x86_64::idt] [CPU1] PS/2 byte received: 0x18 (is_aux=true)
[100779890673] [[35mTRACE[0m] [bran::arch::x86_64::idt] [CPU0] PS/2 byte received: 0x81 (is_aux=true)
[100779993897] [[35mTRACE[0m] [bran::arch::x86_64::idt] [CPU1] PS/2 byte received: 0x7f (is_aux=true)
[100780553709] [[35mTRACE[0m] [bran::arch::x86_64::idt] [CPU0] PS/2 byte received: 0x18 (is_aux=true)
[100780658484] [[35mTRACE[0m] [bran::arch::x86_64::idt] [CPU1] PS/2 byte received: 0x81 (is_aux=true)
[100781231826] [[35mTRACE[0m] [bran::arch::x86_64::idt] [CPU0] PS/2 byte received: 0x7f (is_aux=true)
[100781332344] [[35mTRACE[0m] [bran::arch::x86_64::idt] [CPU1] PS/2 byte received: 0x18 (is_aux=true)
[100781903772] [[35mTRACE[0m] [bran::arch::x86_64::idt] [CPU0] PS/2 byte received: 0x81 (is_aux=true)
[100782007128] [[35mTRACE[0m] [bran::arch::x86_64::idt] [CPU1] PS/2 byte received: 0x7f (is_aux=true)
[100788246108] [[35mTRACE[0m] [ps2_kbd] [CPU2] ps2_kbd: yield on AUX data (mouse packet)
[100798460268] [[35mTRACE[0m] [kernel::irq::ps2] [CPU3] PS/2 take_scancode: popped 0x18 (is_aux=true)
[100800088686] [[35mTRACE[0m] [kernel::irq::ps2] [CPU3] PS/2 take_scancode: popped 0x81 (is_aux=true)
[100801548210] [[35mTRACE[0m] [kernel::irq::ps2] [CPU3] PS/2 take_scancode: popped 0x7f (is_aux=true)
[100803063669] [[35mTRACE[0m] [kernel::irq::ps2] [CPU3] PS/2 take_scancode: popped 0x18 (is_aux=true)
[100804550682] [[35mTRACE[0m] [kernel::irq::ps2] [CPU3] PS/2 take_scancode: popped 0x81 (is_aux=true)
[100806015618] [[35mTRACE[0m] [kernel::irq::ps2] [CPU3] PS/2 take_scancode: popped 0x7f (is_aux=true)
[100807601400] [[35mTRACE[0m] [kernel::irq::ps2] [CPU3] PS/2 take_scancode: popped 0x18 (is_aux=true)
[100809123129] [[35mTRACE[0m] [kernel::irq::ps2] [CPU3] PS/2 take_scancode: popped 0x81 (is_aux=true)
[100810603905] [[35mTRACE[0m] [kernel::irq::ps2] [CPU3] PS/2 take_scancode: popped 0x7f (is_aux=true)
[100820440149] [[35mTRACE[0m] [kernel::irq::ps2] [CPU3] PS/2 take_scancode: popped 0x18 (is_aux=true)
[100822066917] [[35mTRACE[0m] [kernel::irq::ps2] [CPU3] PS/2 take_scancode: popped 0x81 (is_aux=true)
[100823695764] [[35mTRACE[0m] [kernel::irq::ps2] [CPU3] PS/2 take_scancode: popped 0x7f (is_aux=true)
[100825630323] [[35mTRACE[0m] [kernel::irq::ps2] [CPU3] PS/2 take_scancode: popped 0x18 (is_aux=true)
[100827127632] [[35mTRACE[0m] [kernel::irq::ps2] [CPU3] PS/2 take_scancode: popped 0x81 (is_aux=true)
[100828653552] [[35mTRACE[0m] [kernel::irq::ps2] [CPU3] PS/2 take_scancode: popped 0x7f (is_aux=true)
[101047259544] [[35mTRACE[0m] [bran::arch::x86_64::idt] [CPU0] PS/2 byte received: 0x18 (is_aux=true)
[101047525029] [[35mTRACE[0m] [bran::arch::x86_64::idt] [CPU3] PS/2 byte received: 0x81 (is_aux=true)
[101048892945] [[35mTRACE[0m] [bran::arch::x86_64::idt] [CPU3] PS/2 byte received: 0x18 (is_aux=true)
[101048913768] [[35mTRACE[0m] [bran::arch::x86_64::idt] [CPU0] PS/2 byte received: 0x7f (is_aux=true)
[101049414543] [[35mTRACE[0m] [bran::arch::x86_64::idt] [CPU3] PS/2 byte received: 0x81 (is_aux=true)
[101050425036] [[35mTRACE[0m] [bran::arch::x86_64::idt] [CPU3] PS/2 byte received: 0x18 (is_aux=true)
[101050404675] [[35mTRACE[0m] [bran::arch::x86_64::idt] [CPU0] PS/2 byte received: 0x7f (is_aux=true)
[101051014713] [[35mTRACE[0m] [bran::arch::x86_64::idt] [CPU3] PS/2 byte received: 0x81 (is_aux=true)
[101051509746] [[35mTRACE[0m] [bran::arch::x86_64::idt] [CPU0] PS/2 byte received: 0x7f (is_aux=true)
[101051556639] [[35mTRACE[0m] [bran::arch::x86_64::idt] [CPU3] PS/2 byte received: 0x18 (is_aux=true)
[101052371475] [[35mTRACE[0m] [bran::arch::x86_64::idt] [CPU0] PS/2 byte received: 0x81 (is_aux=true)
[101052430314] [[35mTRACE[0m] [bran::arch::x86_64::idt] [CPU3] PS/2 byte received: 0x7f (is_aux=true)
[101053238781] [[35mTRACE[0m] [bran::arch::x86_64::idt] [CPU0] PS/2 byte received: 0x18 (is_aux=true)
[101053291020] [[35mTRACE[0m] [bran::arch::x86_64::idt] [CPU3] PS/2 byte received: 0x81 (is_aux=true)
[101054108463] [[35mTRACE[0m] [bran::arch::x86_64::idt] [CPU0] PS/2 byte received: 0x7f (is_aux=true)
[101058480732] [[35mTRACE[0m] [ps2_kbd] [CPU2] ps2_kbd: yield on AUX data (mouse packet)
[101063620152] [[35mTRACE[0m] [kernel::irq::ps2] [CPU3] PS/2 take_scancode: popped 0x18 (is_aux=true)
[101066372517] [[35mTRACE[0m] [kernel::irq::ps2] [CPU3] PS/2 take_scancode: popped 0x81 (is_aux=true)
[101069273514] [[35mTRACE[0m] [kernel::irq::ps2] [CPU3] PS/2 take_scancode: popped 0x18 (is_aux=true)
[101071888764] [[35mTRACE[0m] [kernel::irq::ps2] [CPU3] PS/2 take_scancode: popped 0x7f (is_aux=true)
[101076775932] [[35mTRACE[0m] [kernel::irq::ps2] [CPU3] PS/2 take_scancode: popped 0x81 (is_aux=true)
[101079642411] [[35mTRACE[0m] [kernel::irq::ps2] [CPU3] PS/2 take_scancode: popped 0x18 (is_aux=true)
[101082747744] [[35mTRACE[0m] [sprout::supervisor] [CPU0] SPROUT: Supervisor tick...
[101084176479] [[35mTRACE[0m] [sprout::supervisor] [CPU0] SPROUT: Loop iteration: spawn_bristle_if_needed
[101085586305] [[35mTRACE[0m] [sprout::supervisor] [CPU0] SPROUT: Loop iteration: spawn_display_if_needed
[101086957092] [[35mTRACE[0m] [sprout::supervisor] [CPU0] SPROUT: Loop iteration: spawn_bloom_if_ready
[101088668175] [[35mTRACE[0m] [sprout::supervisor] [CPU0] SPROUT: Loop iteration: spawn_wayland_hello_if_ready
[101090244783] [[35mTRACE[0m] [sprout::supervisor] [CPU0] SPROUT: Loop iteration: spawn_clock_if_ready
[101091506703] [[35mTRACE[0m] [kernel::irq::ps2] [CPU3] PS/2 take_scancode: popped 0x7f (is_aux=true)
[101091588411] [[35mTRACE[0m] [sprout::supervisor] [CPU0] SPROUT: Loop iteration: spawn_leaf_if_ready
[101093260455] [[35mTRACE[0m] [kernel::irq::ps2] [CPU3] PS/2 take_scancode: popped 0x81 (is_aux=true)
[101094428688] [[35mTRACE[0m] [sprout::supervisor] [CPU0] SPROUT: Loop iteration: tick complete
[101094582699] [[35mTRACE[0m] [kernel::irq::ps2] [CPU3] PS/2 take_scancode: popped 0x7f (is_aux=true)
[101096179239] [[35mTRACE[0m] [kernel::irq::ps2] [CPU3] PS/2 take_scancode: popped 0x18 (is_aux=true)
[101096397072] [[34mDEBUG[0m] [sprout::supervisor] [CPU0] SPROUT: ServiceLoop waiting for next event...
[101097675921] [[35mTRACE[0m] [kernel::irq::ps2] [CPU3] PS/2 take_scancode: popped 0x81 (is_aux=true)
[101099233191] [[35mTRACE[0m] [kernel::irq::ps2] [CPU3] PS/2 take_scancode: popped 0x7f (is_aux=true)
[101100974403] [[35mTRACE[0m] [kernel::irq::ps2] [CPU3] PS/2 take_scancode: popped 0x18 (is_aux=true)
[101102392446] [[35mTRACE[0m] [kernel::irq::ps2] [CPU3] PS/2 take_scancode: popped 0x81 (is_aux=true)
[101105066502] [[35mTRACE[0m] [kernel::irq::ps2] [CPU3] PS/2 take_scancode: popped 0x7f (is_aux=true)
[101207899947] [[34mDEBUG[0m] [bloom::wayland::dispatch] [CPU2] wayland-server: wl_surface obj=10 registered frame callback cb=1001
[101215826514] [[34mDEBUG[0m] [kernel::vfs::provider] [CPU1] VFS_RPC: request op=DeviceCall len=96 tid=10
[101219425296] [[35mTRACE[0m] [display_virtio_gpu] [CPU3] display_virtio_gpu: VFS RPC op=DeviceCall
[101220277653] [[35mTRACE[0m] [display_virtio_gpu] [CPU3] DISP: DISPLAY_OP_IMPORT_BUFFER requested: memfd=24, size=520x220
[101226950517] [[34mDEBUG[0m] [display_virtio_gpu] [CPU3] DISP: imported buffer as ID=17
[101227833135] [[35mTRACE[0m] [display_virtio_gpu] [CPU3] display_virtio_gpu: VFS RPC response begin op=DeviceCall req_id=101
[101229436671] [[35mTRACE[0m] [display_virtio_gpu] [CPU3] display_virtio_gpu: VFS RPC response sent op=DeviceCall req_id=101
[101233500786] [[34mDEBUG[0m] [kernel::vfs::provider] [CPU1] VFS_RPC: response op=DeviceCall id=101 -> OK(12)
[101234613711] [[34mDEBUG[0m] [bloom::display] [CPU1] bloom: imported buffer 520x220 as ID=17
[101235542067] [[34mDEBUG[0m] [kernel::vfs::provider] [CPU1] VFS_RPC: request op=DeviceCall len=52 tid=10
[101239632219] [[35mTRACE[0m] [display_virtio_gpu] [CPU3] display_virtio_gpu: VFS RPC op=DeviceCall
[101240537442] [[35mTRACE[0m] [display_virtio_gpu] [CPU3] DISP: DISPLAY_OP_RELEASE_BUFFER requested: id=10 size=457600
[101246516085] [[35mTRACE[0m] [kernel::syscall::handlers::vfs] [CPU3] sys_fs_close: fd=18
[101247834732] [[35mTRACE[0m] [display_virtio_gpu] [CPU3] display_virtio_gpu: VFS RPC response begin op=DeviceCall req_id=102
[101250367515] [[35mTRACE[0m] [display_virtio_gpu] [CPU3] display_virtio_gpu: VFS RPC response sent op=DeviceCall req_id=102
[101253905016] [[34mDEBUG[0m] [kernel::vfs::provider] [CPU1] VFS_RPC: response op=DeviceCall id=102 -> OK(8)
[101287831062] [[34mDEBUG[0m] [kernel::vfs::provider] [CPU1] VFS_RPC: request op=DeviceCall len=1256 tid=10
[101317631217] [[35mTRACE[0m] [display_virtio_gpu] [CPU3] display_virtio_gpu: VFS RPC op=DeviceCall
[101318520303] [[35mTRACE[0m] [display_virtio_gpu] [CPU3] display_virtio_gpu: [batch 0] copy_rect using CPU
[101321100507] [[35mTRACE[0m] [bran::arch::x86_64::idt] [CPU0] PS/2 byte received: 0x19 (is_aux=true)
[101321770704] [[35mTRACE[0m] [bran::arch::x86_64::idt] [CPU0] PS/2 byte received: 0x81 (is_aux=true)
[101322231285] [[35mTRACE[0m] [bran::arch::x86_64::idt] [CPU0] PS/2 byte received: 0x7f (is_aux=true)
[101322681174] [[35mTRACE[0m] [bran::arch::x86_64::idt] [CPU0] PS/2 byte received: 0x19 (is_aux=true)
[101323125156] [[35mTRACE[0m] [bran::arch::x86_64::idt] [CPU0] PS/2 byte received: 0x81 (is_aux=true)
[101323610157] [[35mTRACE[0m] [bran::arch::x86_64::idt] [CPU0] PS/2 byte received: 0x7f (is_aux=true)
[101324059815] [[35mTRACE[0m] [bran::arch::x86_64::idt] [CPU0] PS/2 byte received: 0x19 (is_aux=true)
[101324503764] [[35mTRACE[0m] [bran::arch::x86_64::idt] [CPU0] PS/2 byte received: 0x81 (is_aux=true)
[101324948604] [[35mTRACE[0m] [bran::arch::x86_64::idt] [CPU0] PS/2 byte received: 0x7f (is_aux=true)
[101325390276] [[35mTRACE[0m] [bran::arch::x86_64::idt] [CPU0] PS/2 byte received: 0x19 (is_aux=true)
[101325830298] [[35mTRACE[0m] [bran::arch::x86_64::idt] [CPU0] PS/2 byte received: 0x81 (is_aux=true)
[101326271244] [[35mTRACE[0m] [bran::arch::x86_64::idt] [CPU0] PS/2 byte received: 0x7f (is_aux=true)
[101326437762] [[35mTRACE[0m] [display_virtio_gpu] [CPU3] display_virtio_gpu: [batch 0] copy_rect using CPU
[101326863759] [[35mTRACE[0m] [bran::arch::x86_64::idt] [CPU0] PS/2 byte received: 0x19 (is_aux=true)
[101327339421] [[35mTRACE[0m] [bran::arch::x86_64::idt] [CPU0] PS/2 byte received: 0x81 (is_aux=true)
[101327784558] [[35mTRACE[0m] [bran::arch::x86_64::idt] [CPU0] PS/2 byte received: 0x7f (is_aux=true)
[101332056177] [[35mTRACE[0m] [kernel::irq::ps2] [CPU3] PS/2 take_scancode: popped 0x19 (is_aux=true)
[101333659020] [[35mTRACE[0m] [kernel::irq::ps2] [CPU3] PS/2 take_scancode: popped 0x81 (is_aux=true)
[101335181409] [[35mTRACE[0m] [kernel::irq::ps2] [CPU3] PS/2 take_scancode: popped 0x7f (is_aux=true)
[101336889654] [[35mTRACE[0m] [kernel::irq::ps2] [CPU3] PS/2 take_scancode: popped 0x19 (is_aux=true)
[101338257768] [[35mTRACE[0m] [kernel::irq::ps2] [CPU3] PS/2 take_scancode: popped 0x81 (is_aux=true)
[101339575095] [[35mTRACE[0m] [kernel::irq::ps2] [CPU3] PS/2 take_scancode: popped 0x7f (is_aux=true)
[101341256016] [[35mTRACE[0m] [kernel::irq::ps2] [CPU3] PS/2 take_scancode: popped 0x19 (is_aux=true)
[101349774075] [[35mTRACE[0m] [kernel::irq::ps2] [CPU3] PS/2 take_scancode: popped 0x81 (is_aux=true)
[101351326461] [[35mTRACE[0m] [kernel::irq::ps2] [CPU3] PS/2 take_scancode: popped 0x7f (is_aux=true)
[101352924618] [[35mTRACE[0m] [kernel::irq::ps2] [CPU3] PS/2 take_scancode: popped 0x19 (is_aux=true)
[101354433048] [[35mTRACE[0m] [kernel::irq::ps2] [CPU3] PS/2 take_scancode: popped 0x81 (is_aux=true)
[101355917883] [[35mTRACE[0m] [kernel::irq::ps2] [CPU3] PS/2 take_scancode: popped 0x7f (is_aux=true)
[101357429613] [[35mTRACE[0m] [kernel::irq::ps2] [CPU3] PS/2 take_scancode: popped 0x19 (is_aux=true)
[101358929331] [[35mTRACE[0m] [kernel::irq::ps2] [CPU3] PS/2 take_scancode: popped 0x81 (is_aux=true)
[101360464689] [[35mTRACE[0m] [kernel::irq::ps2] [CPU3] PS/2 take_scancode: popped 0x7f (is_aux=true)
[101364562629] [[35mTRACE[0m] [display_virtio_gpu] [CPU3] display_virtio_gpu: [batch 0] alpha_blit using CPU
[101384226768] [[35mTRACE[0m] [display_virtio_gpu] [CPU3] display_virtio_gpu: [batch 0] alpha_blit using CPU
[101399597310] [[35mTRACE[0m] [display_virtio_gpu] [CPU3] display_virtio_gpu: [batch 0] copy_rect using CPU
[101401672020] [[35mTRACE[0m] [display_virtio_gpu] [CPU3] display_virtio_gpu: [batch 0] alpha_blit using CPU
[101407781772] [[35mTRACE[0m] [sprout::supervisor] [CPU0] SPROUT: Supervisor tick...
[101409195261] [[35mTRACE[0m] [sprout::supervisor] [CPU0] SPROUT: Loop iteration: spawn_bristle_if_needed
[101410443189] [[35mTRACE[0m] [sprout::supervisor] [CPU0] SPROUT: Loop iteration: spawn_display_if_needed
[101412012174] [[35mTRACE[0m] [sprout::supervisor] [CPU0] SPROUT: Loop iteration: spawn_bloom_if_ready
[101413386591] [[35mTRACE[0m] [sprout::supervisor] [CPU0] SPROUT: Loop iteration: spawn_wayland_hello_if_ready
[101413463283] [[35mTRACE[0m] [display_virtio_gpu] [CPU3] display_virtio_gpu: [batch 0] alpha_blit using CPU
[101415574821] [[35mTRACE[0m] [sprout::supervisor] [CPU0] SPROUT: Loop iteration: spawn_clock_if_ready
[101416884096] [[35mTRACE[0m] [sprout::supervisor] [CPU0] SPROUT: Loop iteration: spawn_leaf_if_ready
[101418204558] [[35mTRACE[0m] [sprout::supervisor] [CPU0] SPROUT: Loop iteration: tick complete
[101419545876] [[34mDEBUG[0m] [sprout::supervisor] [CPU0] SPROUT: ServiceLoop waiting for next event...
[101420693946] [[35mTRACE[0m] [display_virtio_gpu] [CPU3] display_virtio_gpu: [batch 0] copy_rect using CPU
[101422466046] [[35mTRACE[0m] [display_virtio_gpu] [CPU3] display_virtio_gpu: [batch 0] alpha_blit using CPU
[101428071129] [[35mTRACE[0m] [display_virtio_gpu] [CPU3] display_virtio_gpu: [batch 0] alpha_blit using CPU
[101433347334] [[35mTRACE[0m] [display_virtio_gpu] [CPU3] display_virtio_gpu: [batch 0] copy_rect using CPU
[101434279386] [[35mTRACE[0m] [display_virtio_gpu] [CPU3] display_virtio_gpu: [batch 0] alpha_blit using CPU
[101435472072] [[35mTRACE[0m] [display_virtio_gpu] [CPU3] display_virtio_gpu: [batch 0] alpha_blit using CPU
[101436878433] [[35mTRACE[0m] [display_virtio_gpu] [CPU3] display_virtio_gpu: [batch 0] alpha_blit using CPU
[101439182889] [[35mTRACE[0m] [display_virtio_gpu] [CPU3] display_virtio_gpu: VFS RPC response begin op=DeviceCall req_id=103
[101446064049] [[35mTRACE[0m] [display_virtio_gpu] [CPU3] display_virtio_gpu: VFS RPC response sent op=DeviceCall req_id=103
[101449221324] [[34mDEBUG[0m] [kernel::vfs::provider] [CPU1] VFS_RPC: response op=DeviceCall id=103 -> OK(8)
[101453139315] [[35mTRACE[0m] [bloom::frame_clock] [CPU1] bloom: frame interval 26571504910ns (target 16666666ns)
[101454538515] [[34mDEBUG[0m] [kernel::vfs::provider] [CPU1] VFS_RPC: request op=DeviceCall len=48 tid=10
[101456933160] [[35mTRACE[0m] [bloom::wayland] [CPU2] wayland-server: frame callback done surface=2 ts=50725ms callbacks=1
[101484906105] [[35mTRACE[0m] [display_virtio_gpu] [CPU3] display_virtio_gpu: VFS RPC op=DeviceCall
[101485847133] [[35mTRACE[0m] [display_virtio_gpu] [CPU3] DISP: DISPLAY_OP_GET_INFO requested
[101486435358] [[35mTRACE[0m] [display_virtio_gpu] [CPU3] DISP: Returning dimensions 1280x800
[101487146310] [[35mTRACE[0m] [display_virtio_gpu] [CPU3] display_virtio_gpu: VFS RPC response begin op=DeviceCall req_id=104
[101488864092] [[35mTRACE[0m] [display_virtio_gpu] [CPU3] display_virtio_gpu: VFS RPC response sent op=DeviceCall req_id=104
[101491182672] [[34mDEBUG[0m] [kernel::vfs::provider] [CPU1] VFS_RPC: response op=DeviceCall id=104 -> OK(48)
[101594680209] [[35mTRACE[0m] [bran::arch::x86_64::idt] [CPU0] PS/2 byte received: 0x19 (is_aux=true)
[101595325062] [[35mTRACE[0m] [bran::arch::x86_64::idt] [CPU0] PS/2 byte received: 0x81 (is_aux=true)
[101595815013] [[35mTRACE[0m] [bran::arch::x86_64::idt] [CPU0] PS/2 byte received: 0x7f (is_aux=true)
[101596274439] [[35mTRACE[0m] [bran::arch::x86_64::idt] [CPU0] PS/2 byte received: 0x19 (is_aux=true)
[101596743864] [[35mTRACE[0m] [bran::arch::x86_64::idt] [CPU0] PS/2 byte received: 0x81 (is_aux=true)
[101597231604] [[35mTRACE[0m] [bran::arch::x86_64::idt] [CPU0] PS/2 byte received: 0x7f (is_aux=true)
[101597694858] [[35mTRACE[0m] [bran::arch::x86_64::idt] [CPU0] PS/2 byte received: 0x19 (is_aux=true)
[101598174249] [[35mTRACE[0m] [bran::arch::x86_64::idt] [CPU0] PS/2 byte received: 0x81 (is_aux=true)
[101598623346] [[35mTRACE[0m] [bran::arch::x86_64::idt] [CPU0] PS/2 byte received: 0x7f (is_aux=true)
[101598732444] [[35mTRACE[0m] [bran::arch::x86_64::idt] [CPU1] PS/2 byte received: 0x19 (is_aux=true)
[101599121085] [[35mTRACE[0m] [bran::arch::x86_64::idt] [CPU0] PS/2 byte received: 0x81 (is_aux=true)
[101600073003] [[35mTRACE[0m] [bran::arch::x86_64::idt] [CPU0] PS/2 byte received: 0x19 (is_aux=true)
[101600052708] [[35mTRACE[0m] [bran::arch::x86_64::idt] [CPU1] PS/2 byte received: 0x7f (is_aux=true)
[101600575857] [[35mTRACE[0m] [bran::arch::x86_64::idt] [CPU0] PS/2 byte received: 0x81 (is_aux=true)
[101600918595] [[35mTRACE[0m] [bran::arch::x86_64::idt] [CPU1] PS/2 byte received: 0x7f (is_aux=true)
[101604781938] [[35mTRACE[0m] [kernel::irq::ps2] [CPU3] PS/2 take_scancode: popped 0x19 (is_aux=true)
[101605369305] [[35mTRACE[0m] [ps2_kbd] [CPU2] ps2_kbd: yield on AUX data (mouse packet)
[101607189519] [[35mTRACE[0m] [kernel::irq::ps2] [CPU3] PS/2 take_scancode: popped 0x81 (is_aux=true)
[101609925681] [[35mTRACE[0m] [kernel::irq::ps2] [CPU3] PS/2 take_scancode: popped 0x7f (is_aux=true)
[101611727514] [[35mTRACE[0m] [kernel::irq::ps2] [CPU3] PS/2 take_scancode: popped 0x19 (is_aux=true)
[101613238848] [[35mTRACE[0m] [kernel::irq::ps2] [CPU3] PS/2 take_scancode: popped 0x81 (is_aux=true)
[101615143080] [[35mTRACE[0m] [kernel::irq::ps2] [CPU3] PS/2 take_scancode: popped 0x7f (is_aux=true)
[101616551157] [[35mTRACE[0m] [kernel::irq::ps2] [CPU3] PS/2 take_scancode: popped 0x19 (is_aux=true)
[101618412951] [[35mTRACE[0m] [kernel::irq::ps2] [CPU3] PS/2 take_scancode: popped 0x81 (is_aux=true)
[101619984543] [[35mTRACE[0m] [kernel::irq::ps2] [CPU3] PS/2 take_scancode: popped 0x7f (is_aux=true)
[101621407932] [[35mTRACE[0m] [kernel::irq::ps2] [CPU3] PS/2 take_scancode: popped 0x19 (is_aux=true)
[101622797925] [[35mTRACE[0m] [kernel::irq::ps2] [CPU3] PS/2 take_scancode: popped 0x81 (is_aux=true)
[101624353413] [[35mTRACE[0m] [kernel::irq::ps2] [CPU3] PS/2 take_scancode: popped 0x19 (is_aux=true)
[101625902103] [[35mTRACE[0m] [kernel::irq::ps2] [CPU3] PS/2 take_scancode: popped 0x7f (is_aux=true)
[101627302326] [[35mTRACE[0m] [kernel::irq::ps2] [CPU3] PS/2 take_scancode: popped 0x81 (is_aux=true)
[101628817356] [[35mTRACE[0m] [kernel::irq::ps2] [CPU3] PS/2 take_scancode: popped 0x7f (is_aux=true)
[101743730616] [[35mTRACE[0m] [sprout::supervisor] [CPU0] SPROUT: Supervisor tick...
[101745275280] [[35mTRACE[0m] [sprout::supervisor] [CPU0] SPROUT: Loop iteration: spawn_bristle_if_needed
[101746708965] [[35mTRACE[0m] [sprout::supervisor] [CPU0] SPROUT: Loop iteration: spawn_display_if_needed
[101748707544] [[35mTRACE[0m] [sprout::supervisor] [CPU0] SPROUT: Loop iteration: spawn_bloom_if_ready
[101750986095] [[35mTRACE[0m] [sprout::supervisor] [CPU0] SPROUT: Loop iteration: spawn_wayland_hello_if_ready
[101752564386] [[35mTRACE[0m] [bran::arch::x86_64::idt] [CPU0] PS/2 byte received: 0x19 (is_aux=true)
[101753383314] [[35mTRACE[0m] [bran::arch::x86_64::idt] [CPU0] PS/2 byte received: 0x81 (is_aux=true)
[101753959824] [[35mTRACE[0m] [bran::arch::x86_64::idt] [CPU0] PS/2 byte received: 0x7f (is_aux=true)
[101754696450] [[35mTRACE[0m] [bran::arch::x86_64::idt] [CPU0] PS/2 byte received: 0x19 (is_aux=true)
[101755479078] [[35mTRACE[0m] [bran::arch::x86_64::idt] [CPU0] PS/2 byte received: 0x81 (is_aux=true)
[101756215836] [[35mTRACE[0m] [bran::arch::x86_64::idt] [CPU0] PS/2 byte received: 0x7f (is_aux=true)
[101756943981] [[35mTRACE[0m] [bran::arch::x86_64::idt] [CPU0] PS/2 byte received: 0x19 (is_aux=true)
[101757612000] [[35mTRACE[0m] [bran::arch::x86_64::idt] [CPU0] PS/2 byte received: 0x81 (is_aux=true)
[101758317177] [[35mTRACE[0m] [bran::arch::x86_64::idt] [CPU0] PS/2 byte received: 0x7f (is_aux=true)
[101759029416] [[35mTRACE[0m] [bran::arch::x86_64::idt] [CPU0] PS/2 byte received: 0x19 (is_aux=true)
[101759717763] [[35mTRACE[0m] [bran::arch::x86_64::idt] [CPU0] PS/2 byte received: 0x81 (is_aux=true)
[101760414393] [[35mTRACE[0m] [bran::arch::x86_64::idt] [CPU0] PS/2 byte received: 0x7f (is_aux=true)
[101761105908] [[35mTRACE[0m] [bran::arch::x86_64::idt] [CPU0] PS/2 byte received: 0x19 (is_aux=true)
[101761844712] [[35mTRACE[0m] [bran::arch::x86_64::idt] [CPU0] PS/2 byte received: 0x81 (is_aux=true)
[101762602722] [[35mTRACE[0m] [bran::arch::x86_64::idt] [CPU0] PS/2 byte received: 0x7f (is_aux=true)
[101768535297] [[35mTRACE[0m] [kernel::irq::ps2] [CPU3] PS/2 take_scancode: popped 0x19 (is_aux=true)
[101770384122] [[35mTRACE[0m] [kernel::irq::ps2] [CPU3] PS/2 take_scancode: popped 0x81 (is_aux=true)
[101772808731] [[35mTRACE[0m] [kernel::irq::ps2] [CPU3] PS/2 take_scancode: popped 0x7f (is_aux=true)
[101773530969] [[35mTRACE[0m] [sprout::supervisor] [CPU0] SPROUT: Loop iteration: spawn_clock_if_ready
[101774543442] [[35mTRACE[0m] [kernel::irq::ps2] [CPU3] PS/2 take_scancode: popped 0x19 (is_aux=true)
[101776151235] [[35mTRACE[0m] [kernel::irq::ps2] [CPU3] PS/2 take_scancode: popped 0x81 (is_aux=true)
[101776761702] [[35mTRACE[0m] [sprout::supervisor] [CPU0] SPROUT: Loop iteration: spawn_leaf_if_ready
[101778001677] [[35mTRACE[0m] [kernel::irq::ps2] [CPU3] PS/2 take_scancode: popped 0x7f (is_aux=true)
[101779378767] [[35mTRACE[0m] [kernel::irq::ps2] [CPU3] PS/2 take_scancode: popped 0x19 (is_aux=true)
[101780730084] [[35mTRACE[0m] [kernel::irq::ps2] [CPU3] PS/2 take_scancode: popped 0x81 (is_aux=true)
[101782184262] [[35mTRACE[0m] [kernel::irq::ps2] [CPU3] PS/2 take_scancode: popped 0x7f (is_aux=true)
[101783548350] [[35mTRACE[0m] [kernel::irq::ps2] [CPU3] PS/2 take_scancode: popped 0x19 (is_aux=true)
[101784882837] [[35mTRACE[0m] [kernel::irq::ps2] [CPU3] PS/2 take_scancode: popped 0x81 (is_aux=true)
[101786207556] [[35mTRACE[0m] [kernel::irq::ps2] [CPU3] PS/2 take_scancode: popped 0x7f (is_aux=true)
[101787604446] [[35mTRACE[0m] [kernel::irq::ps2] [CPU3] PS/2 take_scancode: popped 0x19 (is_aux=true)
[101788135680] [[35mTRACE[0m] [sprout::supervisor] [CPU0] SPROUT: Loop iteration: tick complete
[101789130432] [[35mTRACE[0m] [kernel::irq::ps2] [CPU3] PS/2 take_scancode: popped 0x81 (is_aux=true)
[101790465645] [[35mTRACE[0m] [kernel::irq::ps2] [CPU3] PS/2 take_scancode: popped 0x7f (is_aux=true)
[101797103562] [[34mDEBUG[0m] [sprout::supervisor] [CPU0] SPROUT: ServiceLoop waiting for next event...
[101910683094] [[35mTRACE[0m] [bran::arch::x86_64::idt] [CPU2] PS/2 byte received: 0x81 (is_aux=true)
[101910573666] [[35mTRACE[0m] [bran::arch::x86_64::idt] [CPU0] PS/2 byte received: 0x19 (is_aux=true)
[101911535847] [[35mTRACE[0m] [bran::arch::x86_64::idt] [CPU2] PS/2 byte received: 0x7f (is_aux=true)
[101912257260] [[35mTRACE[0m] [bran::arch::x86_64::idt] [CPU2] PS/2 byte received: 0x19 (is_aux=true)
[101912315010] [[35mTRACE[0m] [bran::arch::x86_64::idt] [CPU0] PS/2 byte received: 0x81 (is_aux=true)
[101912755527] [[35mTRACE[0m] [bran::arch::x86_64::idt] [CPU2] PS/2 byte received: 0x7f (is_aux=true)
[101913271152] [[35mTRACE[0m] [bran::arch::x86_64::idt] [CPU0] PS/2 byte received: 0x19 (is_aux=true)
[101913688173] [[35mTRACE[0m] [bran::arch::x86_64::idt] [CPU2] PS/2 byte received: 0x81 (is_aux=true)
[101914576335] [[35mTRACE[0m] [bran::arch::x86_64::idt] [CPU2] PS/2 byte received: 0x19 (is_aux=true)
[101914588941] [[35mTRACE[0m] [bran::arch::x86_64::idt] [CPU0] PS/2 byte received: 0x7f (is_aux=true)
[101915089056] [[35mTRACE[0m] [bran::arch::x86_64::idt] [CPU2] PS/2 byte received: 0x81 (is_aux=true)
[101915871882] [[35mTRACE[0m] [bran::arch::x86_64::idt] [CPU2] PS/2 byte received: 0x19 (is_aux=true)
[101915836044] [[35mTRACE[0m] [bran::arch::x86_64::idt] [CPU0] PS/2 byte received: 0x7f (is_aux=true)
[101916854193] [[35mTRACE[0m] [bran::arch::x86_64::idt] [CPU0] PS/2 byte received: 0x81 (is_aux=true)
[101917660713] [[35mTRACE[0m] [bran::arch::x86_64::idt] [CPU0] PS/2 byte received: 0x7f (is_aux=true)
[101921536332] [[35mTRACE[0m] [ps2_kbd] [CPU2] ps2_kbd: yield on AUX data (mouse packet)
[101924947047] [[35mTRACE[0m] [kernel::irq::ps2] [CPU3] PS/2 take_scancode: popped 0x81 (is_aux=true)
[101926393767] [[35mTRACE[0m] [kernel::irq::ps2] [CPU3] PS/2 take_scancode: popped 0x7f (is_aux=true)
[101927924934] [[35mTRACE[0m] [kernel::irq::ps2] [CPU3] PS/2 take_scancode: popped 0x19 (is_aux=true)
[101929278528] [[35mTRACE[0m] [kernel::irq::ps2] [CPU3] PS/2 take_scancode: popped 0x19 (is_aux=true)
[101931028386] [[35mTRACE[0m] [kernel::irq::ps2] [CPU3] PS/2 take_scancode: popped 0x81 (is_aux=true)
[101943063783] [[35mTRACE[0m] [kernel::irq::ps2] [CPU3] PS/2 take_scancode: popped 0x7f (is_aux=true)
[101944618611] [[35mTRACE[0m] [kernel::irq::ps2] [CPU3] PS/2 take_scancode: popped 0x19 (is_aux=true)
[101946066552] [[35mTRACE[0m] [kernel::irq::ps2] [CPU3] PS/2 take_scancode: popped 0x81 (is_aux=true)
[101947401435] [[35mTRACE[0m] [kernel::irq::ps2] [CPU3] PS/2 take_scancode: popped 0x19 (is_aux=true)
[101948731698] [[35mTRACE[0m] [kernel::irq::ps2] [CPU3] PS/2 take_scancode: popped 0x7f (is_aux=true)
[101951163798] [[35mTRACE[0m] [kernel::irq::ps2] [CPU3] PS/2 take_scancode: popped 0x81 (is_aux=true)
[101952654738] [[35mTRACE[0m] [kernel::irq::ps2] [CPU3] PS/2 take_scancode: popped 0x19 (is_aux=true)
[101954163465] [[35mTRACE[0m] [kernel::irq::ps2] [CPU3] PS/2 take_scancode: popped 0x7f (is_aux=true)
[101955609360] [[35mTRACE[0m] [kernel::irq::ps2] [CPU3] PS/2 take_scancode: popped 0x81 (is_aux=true)
[101957124522] [[35mTRACE[0m] [kernel::irq::ps2] [CPU3] PS/2 take_scancode: popped 0x7f (is_aux=true)
[102066435207] [[35mTRACE[0m] [bran::arch::x86_64::idt] [CPU0] PS/2 byte received: 0x19 (is_aux=true)
[102067010133] [[35mTRACE[0m] [bran::arch::x86_64::idt] [CPU0] PS/2 byte received: 0x81 (is_aux=true)
[102067534470] [[35mTRACE[0m] [bran::arch::x86_64::idt] [CPU0] PS/2 byte received: 0x7f (is_aux=true)
[102068052537] [[35mTRACE[0m] [bran::arch::x86_64::idt] [CPU0] PS/2 byte received: 0x19 (is_aux=true)
[102068175891] [[35mTRACE[0m] [bran::arch::x86_64::idt] [CPU3] PS/2 byte received: 0x81 (is_aux=true)
[102068548428] [[35mTRACE[0m] [bran::arch::x86_64::idt] [CPU0] PS/2 byte received: 0x7f (is_aux=true)
[102069021615] [[35mTRACE[0m] [bran::arch::x86_64::idt] [CPU3] PS/2 byte received: 0x19 (is_aux=true)
[102069180543] [[35mTRACE[0m] [bran::arch::x86_64::idt] [CPU0] PS/2 byte received: 0x81 (is_aux=true)
[102069543279] [[35mTRACE[0m] [bran::arch::x86_64::idt] [CPU3] PS/2 byte received: 0x7f (is_aux=true)
[102069886578] [[35mTRACE[0m] [bran::arch::x86_64::idt] [CPU0] PS/2 byte received: 0x19 (is_aux=true)
[102070025937] [[35mTRACE[0m] [bran::arch::x86_64::idt] [CPU3] PS/2 byte received: 0x81 (is_aux=true)
[102070529187] [[35mTRACE[0m] [bran::arch::x86_64::idt] [CPU0] PS/2 byte received: 0x7f (is_aux=true)
[102070619409] [[35mTRACE[0m] [bran::arch::x86_64::idt] [CPU3] PS/2 byte received: 0x19 (is_aux=true)
[102071245584] [[35mTRACE[0m] [bran::arch::x86_64::idt] [CPU0] PS/2 byte received: 0x81 (is_aux=true)
[102071340888] [[35mTRACE[0m] [bran::arch::x86_64::idt] [CPU3] PS/2 byte received: 0x7f (is_aux=true)
[102077981313] [[35mTRACE[0m] [ps2_kbd] [CPU2] ps2_kbd: yield on AUX data (mouse packet)
[102082404336] [[35mTRACE[0m] [kernel::irq::ps2] [CPU3] PS/2 take_scancode: popped 0x19 (is_aux=true)
[102084032292] [[35mTRACE[0m] [kernel::irq::ps2] [CPU3] PS/2 take_scancode: popped 0x81 (is_aux=true)
[102085539699] [[35mTRACE[0m] [kernel::irq::ps2] [CPU3] PS/2 take_scancode: popped 0x7f (is_aux=true)
[102086985363] [[35mTRACE[0m] [kernel::irq::ps2] [CPU3] PS/2 take_scancode: popped 0x19 (is_aux=true)
[102088503891] [[35mTRACE[0m] [kernel::irq::ps2] [CPU3] PS/2 take_scancode: popped 0x81 (is_aux=true)
[102089962755] [[35mTRACE[0m] [kernel::irq::ps2] [CPU3] PS/2 take_scancode: popped 0x7f (is_aux=true)
[102091492899] [[35mTRACE[0m] [kernel::irq::ps2] [CPU3] PS/2 take_scancode: popped 0x19 (is_aux=true)
[102093135441] [[35mTRACE[0m] [kernel::irq::ps2] [CPU3] PS/2 take_scancode: popped 0x81 (is_aux=true)
[102094804812] [[35mTRACE[0m] [kernel::irq::ps2] [CPU3] PS/2 take_scancode: popped 0x7f (is_aux=true)
[102097052706] [[35mTRACE[0m] [kernel::irq::ps2] [CPU3] PS/2 take_scancode: popped 0x19 (is_aux=true)
[102098572884] [[35mTRACE[0m] [kernel::irq::ps2] [CPU3] PS/2 take_scancode: popped 0x81 (is_aux=true)
[102100085835] [[35mTRACE[0m] [kernel::irq::ps2] [CPU3] PS/2 take_scancode: popped 0x7f (is_aux=true)
[102102326271] [[35mTRACE[0m] [kernel::irq::ps2] [CPU3] PS/2 take_scancode: popped 0x19 (is_aux=true)
[102103831038] [[35mTRACE[0m] [kernel::irq::ps2] [CPU3] PS/2 take_scancode: popped 0x81 (is_aux=true)
[102105360654] [[35mTRACE[0m] [kernel::irq::ps2] [CPU3] PS/2 take_scancode: popped 0x7f (is_aux=true)
[102138566871] [[35mTRACE[0m] [sprout::supervisor] [CPU0] SPROUT: Supervisor tick...
[102139899246] [[35mTRACE[0m] [sprout::supervisor] [CPU0] SPROUT: Loop iteration: spawn_bristle_if_needed
[102141420150] [[35mTRACE[0m] [sprout::supervisor] [CPU0] SPROUT: Loop iteration: spawn_display_if_needed
[102143670321] [[35mTRACE[0m] [sprout::supervisor] [CPU0] SPROUT: Loop iteration: spawn_bloom_if_ready
[102145086450] [[35mTRACE[0m] [sprout::supervisor] [CPU0] SPROUT: Loop iteration: spawn_wayland_hello_if_ready
[102146566698] [[35mTRACE[0m] [sprout::supervisor] [CPU0] SPROUT: Loop iteration: spawn_clock_if_ready
[102147988305] [[35mTRACE[0m] [sprout::supervisor] [CPU0] SPROUT: Loop iteration: spawn_leaf_if_ready
[102149392587] [[35mTRACE[0m] [sprout::supervisor] [CPU0] SPROUT: Loop iteration: tick complete
[102150791028] [[34mDEBUG[0m] [sprout::supervisor] [CPU0] SPROUT: ServiceLoop waiting for next event...
[102224251998] [[35mTRACE[0m] [bran::arch::x86_64::idt] [CPU0] PS/2 byte received: 0x18 (is_aux=true)
[102224389212] [[35mTRACE[0m] [bran::arch::x86_64::idt] [CPU1] PS/2 byte received: 0x81 (is_aux=true)
[102225565497] [[35mTRACE[0m] [bran::arch::x86_64::idt] [CPU0] PS/2 byte received: 0x7f (is_aux=true)
[102226440558] [[35mTRACE[0m] [bran::arch::x86_64::idt] [CPU0] PS/2 byte received: 0x81 (is_aux=true)
[102226374162] [[35mTRACE[0m] [bran::arch::x86_64::idt] [CPU1] PS/2 byte received: 0x18 (is_aux=true)
[102226919685] [[35mTRACE[0m] [bran::arch::x86_64::idt] [CPU0] PS/2 byte received: 0x7f (is_aux=true)
[102227695119] [[35mTRACE[0m] [bran::arch::x86_64::idt] [CPU0] PS/2 byte received: 0x81 (is_aux=true)
[102227596449] [[35mTRACE[0m] [bran::arch::x86_64::idt] [CPU1] PS/2 byte received: 0x18 (is_aux=true)
[102228182232] [[35mTRACE[0m] [bran::arch::x86_64::idt] [CPU0] PS/2 byte received: 0x7f (is_aux=true)
[102228923280] [[35mTRACE[0m] [bran::arch::x86_64::idt] [CPU0] PS/2 byte received: 0x81 (is_aux=true)
[102228824346] [[35mTRACE[0m] [bran::arch::x86_64::idt] [CPU1] PS/2 byte received: 0x18 (is_aux=true)
[102229549620] [[35mTRACE[0m] [bran::arch::x86_64::idt] [CPU0] PS/2 byte received: 0x7f (is_aux=true)
[102229652052] [[35mTRACE[0m] [bran::arch::x86_64::idt] [CPU1] PS/2 byte received: 0x18 (is_aux=true)
[102230198829] [[35mTRACE[0m] [bran::arch::x86_64::idt] [CPU0] PS/2 byte received: 0x81 (is_aux=true)
[102230292912] [[35mTRACE[0m] [bran::arch::x86_64::idt] [CPU1] PS/2 byte received: 0x7f (is_aux=true)
[102237602049] [[35mTRACE[0m] [ps2_kbd] [CPU2] ps2_kbd: yield on AUX data (mouse packet)
[102238310790] [[35mTRACE[0m] [kernel::irq::ps2] [CPU3] PS/2 take_scancode: popped 0x18 (is_aux=true)
[102247686585] [[35mTRACE[0m] [kernel::irq::ps2] [CPU3] PS/2 take_scancode: popped 0x81 (is_aux=true)
[102249268242] [[35mTRACE[0m] [kernel::irq::ps2] [CPU3] PS/2 take_scancode: popped 0x7f (is_aux=true)
[102250734729] [[35mTRACE[0m] [kernel::irq::ps2] [CPU3] PS/2 take_scancode: popped 0x81 (is_aux=true)
[102252250320] [[35mTRACE[0m] [kernel::irq::ps2] [CPU3] PS/2 take_scancode: popped 0x18 (is_aux=true)
[102253697238] [[35mTRACE[0m] [kernel::irq::ps2] [CPU3] PS/2 take_scancode: popped 0x7f (is_aux=true)
[102255146763] [[35mTRACE[0m] [kernel::irq::ps2] [CPU3] PS/2 take_scancode: popped 0x81 (is_aux=true)
[102256911207] [[35mTRACE[0m] [kernel::irq::ps2] [CPU3] PS/2 take_scancode: popped 0x18 (is_aux=true)
[102258511245] [[35mTRACE[0m] [kernel::irq::ps2] [CPU3] PS/2 take_scancode: popped 0x7f (is_aux=true)
[102260476626] [[35mTRACE[0m] [kernel::irq::ps2] [CPU3] PS/2 take_scancode: popped 0x81 (is_aux=true)
[102262021389] [[34mDEBUG[0m] [kernel::vfs::provider] [CPU1] VFS_RPC: request op=DeviceCall len=48 tid=10
[102262239354] [[35mTRACE[0m] [kernel::irq::ps2] [CPU3] PS/2 take_scancode: popped 0x18 (is_aux=true)
[102264020991] [[35mTRACE[0m] [kernel::irq::ps2] [CPU3] PS/2 take_scancode: popped 0x7f (is_aux=true)
[102272599506] [[35mTRACE[0m] [display_virtio_gpu] [CPU3] display_virtio_gpu: VFS RPC op=DeviceCall
[102273461796] [[35mTRACE[0m] [display_virtio_gpu] [CPU3] DISP: DISPLAY_OP_GET_INFO requested
[102274040121] [[35mTRACE[0m] [display_virtio_gpu] [CPU3] DISP: Returning dimensions 1280x800
[102274801596] [[35mTRACE[0m] [display_virtio_gpu] [CPU3] display_virtio_gpu: VFS RPC response begin op=DeviceCall req_id=105
[102276283593] [[35mTRACE[0m] [display_virtio_gpu] [CPU3] display_virtio_gpu: VFS RPC response sent op=DeviceCall req_id=105
[102280761858] [[34mDEBUG[0m] [kernel::vfs::provider] [CPU1] VFS_RPC: response op=DeviceCall id=105 -> OK(48)
[102287419806] [[35mTRACE[0m] [kernel::irq::ps2] [CPU3] PS/2 take_scancode: popped 0x18 (is_aux=true)
[102288947475] [[35mTRACE[0m] [kernel::irq::ps2] [CPU3] PS/2 take_scancode: popped 0x81 (is_aux=true)
[102301468302] [[35mTRACE[0m] [kernel::irq::ps2] [CPU3] PS/2 take_scancode: popped 0x7f (is_aux=true)
[102467082036] [[35mTRACE[0m] [sprout::supervisor] [CPU0] SPROUT: Supervisor tick...
[102468443253] [[35mTRACE[0m] [sprout::supervisor] [CPU0] SPROUT: Loop iteration: spawn_bristle_if_needed
[102471208323] [[35mTRACE[0m] [sprout::supervisor] [CPU0] SPROUT: Loop iteration: spawn_display_if_needed
[102474391602] [[35mTRACE[0m] [sprout::supervisor] [CPU0] SPROUT: Loop iteration: spawn_bloom_if_ready
[102475797303] [[35mTRACE[0m] [sprout::supervisor] [CPU0] SPROUT: Loop iteration: spawn_wayland_hello_if_ready
[102477496704] [[35mTRACE[0m] [sprout::supervisor] [CPU0] SPROUT: Loop iteration: spawn_clock_if_ready
[102479966688] [[35mTRACE[0m] [sprout::supervisor] [CPU0] SPROUT: Loop iteration: spawn_leaf_if_ready
[102482536398] [[35mTRACE[0m] [sprout::supervisor] [CPU0] SPROUT: Loop iteration: tick complete
[102483840657] [[34mDEBUG[0m] [sprout::supervisor] [CPU0] SPROUT: ServiceLoop waiting for next event...
[102788765673] [[35mTRACE[0m] [sprout::supervisor] [CPU0] SPROUT: Supervisor tick...
[102790270968] [[35mTRACE[0m] [sprout::supervisor] [CPU0] SPROUT: Loop iteration: spawn_bristle_if_needed
[102791735937] [[35mTRACE[0m] [sprout::supervisor] [CPU0] SPROUT: Loop iteration: spawn_display_if_needed
[102793102863] [[35mTRACE[0m] [sprout::supervisor] [CPU0] SPROUT: Loop iteration: spawn_bloom_if_ready
[102794392503] [[35mTRACE[0m] [sprout::supervisor] [CPU0] SPROUT: Loop iteration: spawn_wayland_hello_if_ready
[102795762234] [[35mTRACE[0m] [sprout::supervisor] [CPU0] SPROUT: Loop iteration: spawn_clock_if_ready
[102797128203] [[35mTRACE[0m] [sprout::supervisor] [CPU0] SPROUT: Loop iteration: spawn_leaf_if_ready
[102798686463] [[35mTRACE[0m] [sprout::supervisor] [CPU0] SPROUT: Loop iteration: tick complete
[102800057283] [[34mDEBUG[0m] [sprout::supervisor] [CPU0] SPROUT: ServiceLoop waiting for next event...
[102864909510] [[35mTRACE[0m] [kernel::task] [CPU2] SCHED: CPU 2 idle pulse
[102914791320] [[35mTRACE[0m] [kernel::task] [CPU1] SCHED: CPU 1 idle pulse
[103057670463] [[34mDEBUG[0m] [kernel::vfs::provider] [CPU1] VFS_RPC: request op=DeviceCall len=48 tid=10
[103063597758] [[35mTRACE[0m] [display_virtio_gpu] [CPU3] display_virtio_gpu: VFS RPC op=DeviceCall
[103064641911] [[35mTRACE[0m] [display_virtio_gpu] [CPU3] DISP: DISPLAY_OP_GET_INFO requested
[103065380682] [[35mTRACE[0m] [display_virtio_gpu] [CPU3] DISP: Returning dimensions 1280x800
[103065995670] [[35mTRACE[0m] [display_virtio_gpu] [CPU3] display_virtio_gpu: VFS RPC response begin op=DeviceCall req_id=106
[103067883600] [[35mTRACE[0m] [display_virtio_gpu] [CPU3] display_virtio_gpu: VFS RPC response sent op=DeviceCall req_id=106
[103071996786] [[34mDEBUG[0m] [kernel::vfs::provider] [CPU1] VFS_RPC: response op=DeviceCall id=106 -> OK(48)
[103124309376] [[35mTRACE[0m] [sprout::supervisor] [CPU0] SPROUT: Supervisor tick...
[103126840410] [[35mTRACE[0m] [sprout::supervisor] [CPU0] SPROUT: Loop iteration: spawn_bristle_if_needed
[103128342174] [[35mTRACE[0m] [sprout::supervisor] [CPU0] SPROUT: Loop iteration: spawn_display_if_needed
[103129703094] [[35mTRACE[0m] [sprout::supervisor] [CPU0] SPROUT: Loop iteration: spawn_bloom_if_ready
[103131075729] [[35mTRACE[0m] [sprout::supervisor] [CPU0] SPROUT: Loop iteration: spawn_wayland_hello_if_ready
[103132546803] [[35mTRACE[0m] [sprout::supervisor] [CPU0] SPROUT: Loop iteration: spawn_clock_if_ready
[103133921154] [[35mTRACE[0m] [sprout::supervisor] [CPU0] SPROUT: Loop iteration: spawn_leaf_if_ready
[103135319001] [[35mTRACE[0m] [sprout::supervisor] [CPU0] SPROUT: Loop iteration: tick complete
[103136611017] [[34mDEBUG[0m] [sprout::supervisor] [CPU0] SPROUT: ServiceLoop waiting for next event...
[103393880271] [[35mTRACE[0m] [kernel::syscall::handlers::vfs] [CPU1] VFS: sys_fs_open path='/session/wayland/components' tid=10
[103396342929] [[35mTRACE[0m] [kernel::syscall::handlers::vfs] [CPU1] sys_fs_close: fd=33
[103397304285] [[35mTRACE[0m] [kernel::syscall::handlers::vfs] [CPU1] VFS: sys_fs_open path='/session/wayland/status' tid=10
[103399217658] [[35mTRACE[0m] [kernel::syscall::handlers::vfs] [CPU1] sys_fs_close: fd=33
[103400079585] [[35mTRACE[0m] [kernel::syscall::handlers::vfs] [CPU1] VFS: sys_fs_open path='/session/wayland/surfaces/index' tid=10
[103402203036] [[35mTRACE[0m] [kernel::syscall::handlers::vfs] [CPU1] sys_fs_close: fd=33
[103403166768] [[35mTRACE[0m] [kernel::syscall::handlers::vfs] [CPU1] VFS: sys_fs_open path='/session/wayland/windows/index' tid=10
[103405354206] [[35mTRACE[0m] [kernel::syscall::handlers::vfs] [CPU1] sys_fs_close: fd=33
[103406227353] [[35mTRACE[0m] [kernel::syscall::handlers::vfs] [CPU1] VFS: sys_fs_open path='/session/wayland/events/latest' tid=10
[103408825212] [[35mTRACE[0m] [kernel::syscall::handlers::vfs] [CPU1] sys_fs_close: fd=33
[103454447448] [[35mTRACE[0m] [sprout::supervisor] [CPU0] SPROUT: Supervisor tick...
[103455978714] [[35mTRACE[0m] [sprout::supervisor] [CPU0] SPROUT: Loop iteration: spawn_bristle_if_needed
[103457487672] [[35mTRACE[0m] [sprout::supervisor] [CPU0] SPROUT: Loop iteration: spawn_display_if_needed
[103459261620] [[35mTRACE[0m] [sprout::supervisor] [CPU0] SPROUT: Loop iteration: spawn_bloom_if_ready
[103460681247] [[35mTRACE[0m] [sprout::supervisor] [CPU0] SPROUT: Loop iteration: spawn_wayland_hello_if_ready
[103462134699] [[35mTRACE[0m] [sprout::supervisor] [CPU0] SPROUT: Loop iteration: spawn_clock_if_ready
[103463602770] [[35mTRACE[0m] [sprout::supervisor] [CPU0] SPROUT: Loop iteration: spawn_leaf_if_ready
[103465040745] [[35mTRACE[0m] [sprout::supervisor] [CPU0] SPROUT: Loop iteration: tick complete
[103466397672] [[34mDEBUG[0m] [sprout::supervisor] [CPU0] SPROUT: ServiceLoop waiting for next event...
[103684314261] [[34mDEBUG[0m] [kernel::vfs::provider] [CPU1] VFS_RPC: request op=DeviceCall len=48 tid=10
[103689081606] [[35mTRACE[0m] [display_virtio_gpu] [CPU3] display_virtio_gpu: VFS RPC op=DeviceCall
[103690159617] [[35mTRACE[0m] [display_virtio_gpu] [CPU3] DISP: DISPLAY_OP_GET_INFO requested
[103690942971] [[35mTRACE[0m] [display_virtio_gpu] [CPU3] DISP: Returning dimensions 1280x800
[103691548785] [[35mTRACE[0m] [display_virtio_gpu] [CPU3] display_virtio_gpu: VFS RPC response begin op=DeviceCall req_id=107
[103693556175] [[35mTRACE[0m] [display_virtio_gpu] [CPU3] display_virtio_gpu: VFS RPC response sent op=DeviceCall req_id=107
[103695885678] [[34mDEBUG[0m] [kernel::vfs::provider] [CPU1] VFS_RPC: response op=DeviceCall id=107 -> OK(48)
[103783172493] [[35mTRACE[0m] [sprout::supervisor] [CPU0] SPROUT: Supervisor tick...
[103784692605] [[35mTRACE[0m] [sprout::supervisor] [CPU0] SPROUT: Loop iteration: spawn_bristle_if_needed
[103786357224] [[35mTRACE[0m] [sprout::supervisor] [CPU0] SPROUT: Loop iteration: spawn_display_if_needed
[103788931653] [[35mTRACE[0m] [sprout::supervisor] [CPU0] SPROUT: Loop iteration: spawn_bloom_if_ready
[103790464635] [[35mTRACE[0m] [sprout::supervisor] [CPU0] SPROUT: Loop iteration: spawn_wayland_hello_if_ready
[103791950823] [[35mTRACE[0m] [sprout::supervisor] [CPU0] SPROUT: Loop iteration: spawn_clock_if_ready
[103793392131] [[35mTRACE[0m] [sprout::supervisor] [CPU0] SPROUT: Loop iteration: spawn_leaf_if_ready
[103794951447] [[35mTRACE[0m] [sprout::supervisor] [CPU0] SPROUT: Loop iteration: tick complete
[103796267388] [[34mDEBUG[0m] [sprout::supervisor] [CPU0] SPROUT: ServiceLoop waiting for next event...
[104111577735] [[35mTRACE[0m] [sprout::supervisor] [CPU0] SPROUT: Supervisor tick...
[104113087485] [[35mTRACE[0m] [sprout::supervisor] [CPU0] SPROUT: Loop iteration: spawn_bristle_if_needed
[104114606244] [[35mTRACE[0m] [sprout::supervisor] [CPU0] SPROUT: Loop iteration: spawn_display_if_needed
[104116240503] [[35mTRACE[0m] [sprout::supervisor] [CPU0] SPROUT: Loop iteration: spawn_bloom_if_ready
[104117753916] [[35mTRACE[0m] [sprout::supervisor] [CPU0] SPROUT: Loop iteration: spawn_wayland_hello_if_ready
[104119293861] [[35mTRACE[0m] [sprout::supervisor] [CPU0] SPROUT: Loop iteration: spawn_clock_if_ready
[104120658543] [[35mTRACE[0m] [sprout::supervisor] [CPU0] SPROUT: Loop iteration: spawn_leaf_if_ready
[104121996165] [[35mTRACE[0m] [sprout::supervisor] [CPU0] SPROUT: Loop iteration: tick complete
[104123371341] [[34mDEBUG[0m] [sprout::supervisor] [CPU0] SPROUT: ServiceLoop waiting for next event...
[104433395352] [[35mTRACE[0m] [sprout::supervisor] [CPU0] SPROUT: Supervisor tick...
[104434964139] [[35mTRACE[0m] [sprout::supervisor] [CPU0] SPROUT: Loop iteration: spawn_bristle_if_needed
[104436417261] [[35mTRACE[0m] [sprout::supervisor] [CPU0] SPROUT: Loop iteration: spawn_display_if_needed
[104437761681] [[35mTRACE[0m] [sprout::supervisor] [CPU0] SPROUT: Loop iteration: spawn_bloom_if_ready
[104439074124] [[35mTRACE[0m] [sprout::supervisor] [CPU0] SPROUT: Loop iteration: spawn_wayland_hello_if_ready
[104440468440] [[35mTRACE[0m] [sprout::supervisor] [CPU0] SPROUT: Loop iteration: spawn_clock_if_ready
[104441804082] [[35mTRACE[0m] [sprout::supervisor] [CPU0] SPROUT: Loop iteration: spawn_leaf_if_ready
[104443379073] [[35mTRACE[0m] [sprout::supervisor] [CPU0] SPROUT: Loop iteration: tick complete
[104444763291] [[34mDEBUG[0m] [sprout::supervisor] [CPU0] SPROUT: ServiceLoop waiting for next event...
[104506227903] [[34mDEBUG[0m] [kernel::vfs::provider] [CPU1] VFS_RPC: request op=DeviceCall len=48 tid=10
[104510772300] [[35mTRACE[0m] [display_virtio_gpu] [CPU3] display_virtio_gpu: VFS RPC op=DeviceCall
[104511839619] [[35mTRACE[0m] [display_virtio_gpu] [CPU3] DISP: DISPLAY_OP_GET_INFO requested
[104512608552] [[35mTRACE[0m] [display_virtio_gpu] [CPU3] DISP: Returning dimensions 1280x800
[104513208162] [[35mTRACE[0m] [display_virtio_gpu] [CPU3] display_virtio_gpu: VFS RPC response begin op=DeviceCall req_id=108
[104514935283] [[35mTRACE[0m] [display_virtio_gpu] [CPU3] display_virtio_gpu: VFS RPC response sent op=DeviceCall req_id=108
[104517244293] [[34mDEBUG[0m] [kernel::vfs::provider] [CPU1] VFS_RPC: response op=DeviceCall id=108 -> OK(48)
[104769686142] [[35mTRACE[0m] [sprout::supervisor] [CPU0] SPROUT: Supervisor tick...
[104772701451] [[35mTRACE[0m] [sprout::supervisor] [CPU0] SPROUT: Loop iteration: spawn_bristle_if_needed
[104775149490] [[35mTRACE[0m] [sprout::supervisor] [CPU0] SPROUT: Loop iteration: spawn_display_if_needed
[104776571328] [[35mTRACE[0m] [sprout::supervisor] [CPU0] SPROUT: Loop iteration: spawn_bloom_if_ready
[104777977458] [[35mTRACE[0m] [sprout::supervisor] [CPU0] SPROUT: Loop iteration: spawn_wayland_hello_if_ready
[104779477935] [[35mTRACE[0m] [sprout::supervisor] [CPU0] SPROUT: Loop iteration: spawn_clock_if_ready
[104780856906] [[35mTRACE[0m] [sprout::supervisor] [CPU0] SPROUT: Loop iteration: spawn_leaf_if_ready
[104782229838] [[35mTRACE[0m] [sprout::supervisor] [CPU0] SPROUT: Loop iteration: tick complete
[104783545053] [[34mDEBUG[0m] [sprout::supervisor] [CPU0] SPROUT: ServiceLoop waiting for next event...
[105099964860] [[35mTRACE[0m] [sprout::supervisor] [CPU0] SPROUT: Supervisor tick...
[105102799296] [[35mTRACE[0m] [sprout::supervisor] [CPU0] SPROUT: Loop iteration: spawn_bristle_if_needed
[105104211267] [[35mTRACE[0m] [sprout::supervisor] [CPU0] SPROUT: Loop iteration: spawn_display_if_needed
[105105716826] [[35mTRACE[0m] [sprout::supervisor] [CPU0] SPROUT: Loop iteration: spawn_bloom_if_ready
[105107138070] [[35mTRACE[0m] [sprout::supervisor] [CPU0] SPROUT: Loop iteration: spawn_wayland_hello_if_ready
[105108573636] [[35mTRACE[0m] [sprout::supervisor] [CPU0] SPROUT: Loop iteration: spawn_clock_if_ready
[105109915482] [[35mTRACE[0m] [sprout::supervisor] [CPU0] SPROUT: Loop iteration: spawn_leaf_if_ready
[105111386919] [[35mTRACE[0m] [sprout::supervisor] [CPU0] SPROUT: Loop iteration: tick complete
[105112712265] [[34mDEBUG[0m] [sprout::supervisor] [CPU0] SPROUT: ServiceLoop waiting for next event...
[105328647501] [[34mDEBUG[0m] [kernel::vfs::provider] [CPU1] VFS_RPC: request op=DeviceCall len=48 tid=10
[105333759135] [[35mTRACE[0m] [display_virtio_gpu] [CPU3] display_virtio_gpu: VFS RPC op=DeviceCall
[105334936311] [[35mTRACE[0m] [display_virtio_gpu] [CPU3] DISP: DISPLAY_OP_GET_INFO requested
[105335587203] [[35mTRACE[0m] [display_virtio_gpu] [CPU3] DISP: Returning dimensions 1280x800
[105336182259] [[35mTRACE[0m] [display_virtio_gpu] [CPU3] display_virtio_gpu: VFS RPC response begin op=DeviceCall req_id=109
[105337865424] [[35mTRACE[0m] [display_virtio_gpu] [CPU3] display_virtio_gpu: VFS RPC response sent op=DeviceCall req_id=109
[105340250334] [[34mDEBUG[0m] [kernel::vfs::provider] [CPU1] VFS_RPC: response op=DeviceCall id=109 -> OK(48)
[105349990317] [[32mINFO [0m] [kernel::time] [CPU0] System clock tick: utc=2026-05-01 23:21:02.108015616 unix_secs=1777677662.108015616
[105427607703] [[35mTRACE[0m] [sprout::supervisor] [CPU0] SPROUT: Supervisor tick...
[105429131379] [[35mTRACE[0m] [sprout::supervisor] [CPU0] SPROUT: Loop iteration: spawn_bristle_if_needed
[105430747455] [[35mTRACE[0m] [sprout::supervisor] [CPU0] SPROUT: Loop iteration: spawn_display_if_needed
[105432149031] [[35mTRACE[0m] [sprout::supervisor] [CPU0] SPROUT: Loop iteration: spawn_bloom_if_ready
[105433560012] [[35mTRACE[0m] [sprout::supervisor] [CPU0] SPROUT: Loop iteration: spawn_wayland_hello_if_ready
[105434982180] [[35mTRACE[0m] [sprout::supervisor] [CPU0] SPROUT: Loop iteration: spawn_clock_if_ready
[105436321023] [[35mTRACE[0m] [sprout::supervisor] [CPU0] SPROUT: Loop iteration: spawn_leaf_if_ready
[105437729001] [[35mTRACE[0m] [sprout::supervisor] [CPU0] SPROUT: Loop iteration: tick complete
[105439040223] [[34mDEBUG[0m] [sprout::supervisor] [CPU0] SPROUT: ServiceLoop waiting for next event...
[105756068220] [[35mTRACE[0m] [sprout::supervisor] [CPU0] SPROUT: Supervisor tick...
[105757617075] [[35mTRACE[0m] [sprout::supervisor] [CPU0] SPROUT: Loop iteration: spawn_bristle_if_needed
[105759718515] [[35mTRACE[0m] [sprout::supervisor] [CPU0] SPROUT: Loop iteration: spawn_display_if_needed
[105761151375] [[35mTRACE[0m] [sprout::supervisor] [CPU0] SPROUT: Loop iteration: spawn_bloom_if_ready
[105762534702] [[35mTRACE[0m] [sprout::supervisor] [CPU0] SPROUT: Loop iteration: spawn_wayland_hello_if_ready
[105763978716] [[35mTRACE[0m] [sprout::supervisor] [CPU0] SPROUT: Loop iteration: spawn_clock_if_ready
[105765387321] [[35mTRACE[0m] [sprout::supervisor] [CPU0] SPROUT: Loop iteration: spawn_leaf_if_ready
[105766766259] [[35mTRACE[0m] [sprout::supervisor] [CPU0] SPROUT: Loop iteration: tick complete
[105768088503] [[34mDEBUG[0m] [sprout::supervisor] [CPU0] SPROUT: ServiceLoop waiting for next event...
[106084981926] [[35mTRACE[0m] [sprout::supervisor] [CPU0] SPROUT: Supervisor tick...
[106088111547] [[35mTRACE[0m] [sprout::supervisor] [CPU0] SPROUT: Loop iteration: spawn_bristle_if_needed
[106091139693] [[35mTRACE[0m] [sprout::supervisor] [CPU0] SPROUT: Loop iteration: spawn_display_if_needed
[106092621855] [[35mTRACE[0m] [sprout::supervisor] [CPU0] SPROUT: Loop iteration: spawn_bloom_if_ready
[106094078937] [[35mTRACE[0m] [sprout::supervisor] [CPU0] SPROUT: Loop iteration: spawn_wayland_hello_if_ready
[106095566841] [[35mTRACE[0m] [sprout::supervisor] [CPU0] SPROUT: Loop iteration: spawn_clock_if_ready
[106096964556] [[35mTRACE[0m] [sprout::supervisor] [CPU0] SPROUT: Loop iteration: spawn_leaf_if_ready
[106098324618] [[35mTRACE[0m] [sprout::supervisor] [CPU0] SPROUT: Loop iteration: tick complete
[106099683888] [[34mDEBUG[0m] [sprout::supervisor] [CPU0] SPROUT: ServiceLoop waiting for next event...
[106150756833] [[34mDEBUG[0m] [kernel::vfs::provider] [CPU1] VFS_RPC: request op=DeviceCall len=48 tid=10
[106155574965] [[35mTRACE[0m] [display_virtio_gpu] [CPU3] display_virtio_gpu: VFS RPC op=DeviceCall
[106156650435] [[35mTRACE[0m] [display_virtio_gpu] [CPU3] DISP: DISPLAY_OP_GET_INFO requested
[106157388150] [[35mTRACE[0m] [display_virtio_gpu] [CPU3] DISP: Returning dimensions 1280x800
[106158109728] [[35mTRACE[0m] [display_virtio_gpu] [CPU3] display_virtio_gpu: VFS RPC response begin op=DeviceCall req_id=110
[106159953966] [[35mTRACE[0m] [display_virtio_gpu] [CPU3] display_virtio_gpu: VFS RPC response sent op=DeviceCall req_id=110
[106162329570] [[34mDEBUG[0m] [kernel::vfs::provider] [CPU1] VFS_RPC: response op=DeviceCall id=110 -> OK(48)
[106415266122] [[35mTRACE[0m] [sprout::supervisor] [CPU0] SPROUT: Supervisor tick...
[106418362050] [[35mTRACE[0m] [sprout::supervisor] [CPU0] SPROUT: Loop iteration: spawn_bristle_if_needed
[106420096035] [[35mTRACE[0m] [sprout::supervisor] [CPU0] SPROUT: Loop iteration: spawn_display_if_needed
[106421565624] [[35mTRACE[0m] [sprout::supervisor] [CPU0] SPROUT: Loop iteration: spawn_bloom_if_ready
[106423018746] [[35mTRACE[0m] [sprout::supervisor] [CPU0] SPROUT: Loop iteration: spawn_wayland_hello_if_ready
[106424461110] [[35mTRACE[0m] [sprout::supervisor] [CPU0] SPROUT: Loop iteration: spawn_clock_if_ready
[106425961554] [[35mTRACE[0m] [sprout::supervisor] [CPU0] SPROUT: Loop iteration: spawn_leaf_if_ready
[106427361579] [[35mTRACE[0m] [sprout::supervisor] [CPU0] SPROUT: Loop iteration: tick complete
[106428663594] [[34mDEBUG[0m] [sprout::supervisor] [CPU0] SPROUT: ServiceLoop waiting for next event...
[106575505476] [[35mTRACE[0m] [ps2_mouse] [CPU3] ps2_mouse: irq_wakes=52 poll_timeouts=1740 last_drain_bytes=0
[106736920224] [[35mTRACE[0m] [sprout::supervisor] [CPU0] SPROUT: Supervisor tick...
[106739068953] [[35mTRACE[0m] [sprout::supervisor] [CPU0] SPROUT: Loop iteration: spawn_bristle_if_needed
[106740532338] [[35mTRACE[0m] [sprout::supervisor] [CPU0] SPROUT: Loop iteration: spawn_display_if_needed
[106742136402] [[35mTRACE[0m] [sprout::supervisor] [CPU0] SPROUT: Loop iteration: spawn_bloom_if_ready
[106743649584] [[35mTRACE[0m] [sprout::supervisor] [CPU0] SPROUT: Loop iteration: spawn_wayland_hello_if_ready
[106745098251] [[35mTRACE[0m] [sprout::supervisor] [CPU0] SPROUT: Loop iteration: spawn_clock_if_ready
[106746665322] [[35mTRACE[0m] [sprout::supervisor] [CPU0] SPROUT: Loop iteration: spawn_leaf_if_ready
[106748060199] [[35mTRACE[0m] [sprout::supervisor] [CPU0] SPROUT: Loop iteration: tick complete
[106749416796] [[34mDEBUG[0m] [sprout::supervisor] [CPU0] SPROUT: ServiceLoop waiting for next event...
[106752691419] [[35mTRACE[0m] [kernel::sched] [CPU0] SCHED-DBG: cpus_online=4
[106753254267] [[35mTRACE[0m] [kernel::sched] [CPU0] SCHED-DBG: cpu=0 curr=Some(0) runq=0 runq_avg=1 runq_samples=3755 ctxsw=448 idle2busy=0 tick=468 ipi=170 enq=3761 deq=3760 wake=399 lock_miss=0 lock_pending=0 lock_blocked=0
[106754054517] [[35mTRACE[0m] [kernel::sched] [CPU0] SCHED-DBG: cpu=1 curr=Some(2) runq=0 runq_avg=0 runq_samples=2750 ctxsw=559 idle2busy=259 tick=473 ipi=239 enq=333 deq=332 wake=551 lock_miss=0 lock_pending=0 lock_blocked=0
[106754836617] [[35mTRACE[0m] [kernel::sched] [CPU0] SCHED-DBG: cpu=2 curr=Some(3) runq=0 runq_avg=0 runq_samples=2622 ctxsw=340 idle2busy=121 tick=1630 ipi=85 enq=235 deq=234 wake=329 lock_miss=0 lock_pending=0 lock_blocked=0
[106755589710] [[35mTRACE[0m] [kernel::sched] [CPU0] SCHED-DBG: cpu=3 curr=Some(4) runq=1 runq_avg=1 runq_samples=415173 ctxsw=6052 idle2busy=2048 tick=2139 ipi=423 enq=4207 deq=4205 wake=4574 lock_miss=0 lock_pending=0 lock_blocked=0
[106972945893] [[34mDEBUG[0m] [kernel::vfs::provider] [CPU1] VFS_RPC: request op=DeviceCall len=48 tid=10
[106978089867] [[35mTRACE[0m] [display_virtio_gpu] [CPU3] display_virtio_gpu: VFS RPC op=DeviceCall
[106979274996] [[35mTRACE[0m] [display_virtio_gpu] [CPU3] DISP: DISPLAY_OP_GET_INFO requested
[106980028155] [[35mTRACE[0m] [display_virtio_gpu] [CPU3] DISP: Returning dimensions 1280x800
[106980604698] [[35mTRACE[0m] [display_virtio_gpu] [CPU3] display_virtio_gpu: VFS RPC response begin op=DeviceCall req_id=111
[106982334657] [[35mTRACE[0m] [display_virtio_gpu] [CPU3] display_virtio_gpu: VFS RPC response sent op=DeviceCall req_id=111
[106984612416] [[34mDEBUG[0m] [kernel::vfs::provider] [CPU1] VFS_RPC: response op=DeviceCall id=111 -> OK(48)
[107071430004] [[35mTRACE[0m] [sprout::supervisor] [CPU0] SPROUT: Supervisor tick...
[107072988462] [[35mTRACE[0m] [sprout::supervisor] [CPU0] SPROUT: Loop iteration: spawn_bristle_if_needed
[107074740993] [[35mTRACE[0m] [sprout::supervisor] [CPU0] SPROUT: Loop iteration: spawn_display_if_needed
[107076491874] [[35mTRACE[0m] [sprout::supervisor] [CPU0] SPROUT: Loop iteration: spawn_bloom_if_ready
[107077971429] [[35mTRACE[0m] [sprout::supervisor] [CPU0] SPROUT: Loop iteration: spawn_wayland_hello_if_ready
[107079499692] [[35mTRACE[0m] [sprout::supervisor] [CPU0] SPROUT: Loop iteration: spawn_clock_if_ready
[107080875264] [[35mTRACE[0m] [sprout::supervisor] [CPU0] SPROUT: Loop iteration: spawn_leaf_if_ready
[107082252090] [[35mTRACE[0m] [sprout::supervisor] [CPU0] SPROUT: Loop iteration: tick complete
[107083565523] [[34mDEBUG[0m] [sprout::supervisor] [CPU0] SPROUT: ServiceLoop waiting for next event...
[107400850788] [[35mTRACE[0m] [sprout::supervisor] [CPU0] SPROUT: Supervisor tick...
[107402355225] [[35mTRACE[0m] [sprout::supervisor] [CPU0] SPROUT: Loop iteration: spawn_bristle_if_needed
[107404000539] [[35mTRACE[0m] [sprout::supervisor] [CPU0] SPROUT: Loop iteration: spawn_display_if_needed
[107405436864] [[35mTRACE[0m] [sprout::supervisor] [CPU0] SPROUT: Loop iteration: spawn_bloom_if_ready
[107406765411] [[35mTRACE[0m] [sprout::supervisor] [CPU0] SPROUT: Loop iteration: spawn_wayland_hello_if_ready
[107408292948] [[35mTRACE[0m] [sprout::supervisor] [CPU0] SPROUT: Loop iteration: spawn_clock_if_ready
[107409669246] [[35mTRACE[0m] [sprout::supervisor] [CPU0] SPROUT: Loop iteration: spawn_leaf_if_ready
[107411045214] [[35mTRACE[0m] [sprout::supervisor] [CPU0] SPROUT: Loop iteration: tick complete
[107412370725] [[34mDEBUG[0m] [sprout::supervisor] [CPU0] SPROUT: ServiceLoop waiting for next event...
[107729105616] [[35mTRACE[0m] [sprout::supervisor] [CPU0] SPROUT: Supervisor tick...
[107731782972] [[35mTRACE[0m] [sprout::supervisor] [CPU0] SPROUT: Loop iteration: spawn_bristle_if_needed
[107733221013] [[35mTRACE[0m] [sprout::supervisor] [CPU0] SPROUT: Loop iteration: spawn_display_if_needed
[107734806399] [[35mTRACE[0m] [sprout::supervisor] [CPU0] SPROUT: Loop iteration: spawn_bloom_if_ready
[107736210054] [[35mTRACE[0m] [sprout::supervisor] [CPU0] SPROUT: Loop iteration: spawn_wayland_hello_if_ready
[107737892295] [[35mTRACE[0m] [sprout::supervisor] [CPU0] SPROUT: Loop iteration: spawn_clock_if_ready
[107739353568] [[35mTRACE[0m] [sprout::supervisor] [CPU0] SPROUT: Loop iteration: spawn_leaf_if_ready
[107740722210] [[35mTRACE[0m] [sprout::supervisor] [CPU0] SPROUT: Loop iteration: tick complete
[107742120321] [[34mDEBUG[0m] [sprout::supervisor] [CPU0] SPROUT: ServiceLoop waiting for next event...
[107794947711] [[34mDEBUG[0m] [kernel::vfs::provider] [CPU1] VFS_RPC: request op=DeviceCall len=48 tid=10
[107799812109] [[35mTRACE[0m] [display_virtio_gpu] [CPU3] display_virtio_gpu: VFS RPC op=DeviceCall
[107800919094] [[35mTRACE[0m] [display_virtio_gpu] [CPU3] DISP: DISPLAY_OP_GET_INFO requested
[107801754390] [[35mTRACE[0m] [display_virtio_gpu] [CPU3] DISP: Returning dimensions 1280x800
[107802512598] [[35mTRACE[0m] [display_virtio_gpu] [CPU3] display_virtio_gpu: VFS RPC response begin op=DeviceCall req_id=112
[107804333043] [[35mTRACE[0m] [display_virtio_gpu] [CPU3] display_virtio_gpu: VFS RPC response sent op=DeviceCall req_id=112
[107806607304] [[34mDEBUG[0m] [kernel::vfs::provider] [CPU1] VFS_RPC: response op=DeviceCall id=112 -> OK(48)

[hunter] running random action
[107977100187] [[35mTRACE[0m] [bran::arch::x86_64::idt] [CPU0] PS/2 byte received: 0x39 (is_aux=false)
[107980490772] [[35mTRACE[0m] [kernel::irq::ps2] [CPU2] PS/2 take_scancode: popped 0x39 (is_aux=false)
[107981698539] [[32mINFO [0m] [ps2_kbd] [CPU2] ps2_kbd: read scancode 0x39
[107982589605] [[32mINFO [0m] [ps2_kbd] [CPU2] ps2_kbd: edge detected: Down { key: Space, mods: Mods(0), repeat: false }
[107984674545] [[32mINFO [0m] [ps2_kbd] [CPU2] ps2_kbd: sent Space to bristle (pid=8)
[107987932305] [[35mTRACE[0m] [kernel::syscall::handlers::socket] [CPU2] RECVMSG: thing=3 data_len=40 caps_len=0 node=Pointer { addr: 0xffffffffb00d8d10, metadata: DynMetadata(0xffffffff802c7ed0) }
[107989687542] [[32mINFO [0m] [bristle] [CPU2] bristle: KeyDown received: Space
[107994661401] [[32mINFO [0m] [bloom::input] [CPU1] bloom: KeyDown received: Space (raw=0x002c, mods=Mods(0), repeat=false)
[108057222834] [[35mTRACE[0m] [sprout::supervisor] [CPU0] SPROUT: Supervisor tick...
[108058646388] [[35mTRACE[0m] [sprout::supervisor] [CPU0] SPROUT: Loop iteration: spawn_bristle_if_needed
[108060011037] [[35mTRACE[0m] [sprout::supervisor] [CPU0] SPROUT: Loop iteration: spawn_display_if_needed
[108061418025] [[35mTRACE[0m] [sprout::supervisor] [CPU0] SPROUT: Loop iteration: spawn_bloom_if_ready
[108063734064] [[35mTRACE[0m] [sprout::supervisor] [CPU0] SPROUT: Loop iteration: spawn_wayland_hello_if_ready
[108065174184] [[35mTRACE[0m] [sprout::supervisor] [CPU0] SPROUT: Loop iteration: spawn_clock_if_ready
[108066655719] [[35mTRACE[0m] [sprout::supervisor] [CPU0] SPROUT: Loop iteration: spawn_leaf_if_ready
[108068001492] [[35mTRACE[0m] [sprout::supervisor] [CPU0] SPROUT: Loop iteration: tick complete
[108069497250] [[34mDEBUG[0m] [sprout::supervisor] [CPU0] SPROUT: ServiceLoop waiting for next event...
[108084236370] [[35mTRACE[0m] [bran::arch::x86_64::idt] [CPU0] PS/2 byte received: 0xb9 (is_aux=false)
[108088572570] [[35mTRACE[0m] [kernel::irq::ps2] [CPU2] PS/2 take_scancode: popped 0xb9 (is_aux=false)
[108090688827] [[32mINFO [0m] [ps2_kbd] [CPU2] ps2_kbd: read scancode 0xb9
[108091633914] [[32mINFO [0m] [ps2_kbd] [CPU2] ps2_kbd: edge detected: Up { key: Space, mods: Mods(0) }
[108094145907] [[32mINFO [0m] [ps2_kbd] [CPU2] ps2_kbd: sent Space to bristle (pid=8)
[108097464519] [[35mTRACE[0m] [kernel::syscall::handlers::socket] [CPU2] RECVMSG: thing=3 data_len=40 caps_len=0 node=Pointer { addr: 0xffffffffb00d8d10, metadata: DynMetadata(0xffffffff802c7ed0) }
[108388128024] [[35mTRACE[0m] [sprout::supervisor] [CPU0] SPROUT: Supervisor tick...
[108389638467] [[35mTRACE[0m] [sprout::supervisor] [CPU0] SPROUT: Loop iteration: spawn_bristle_if_needed
[108391204548] [[35mTRACE[0m] [sprout::supervisor] [CPU0] SPROUT: Loop iteration: spawn_display_if_needed
[108392687568] [[35mTRACE[0m] [sprout::supervisor] [CPU0] SPROUT: Loop iteration: spawn_bloom_if_ready
[108394115874] [[35mTRACE[0m] [sprout::supervisor] [CPU0] SPROUT: Loop iteration: spawn_wayland_hello_if_ready
[108395606418] [[35mTRACE[0m] [sprout::supervisor] [CPU0] SPROUT: Loop iteration: spawn_clock_if_ready
[108396946152] [[35mTRACE[0m] [sprout::supervisor] [CPU0] SPROUT: Loop iteration: spawn_leaf_if_ready
[108398285292] [[35mTRACE[0m] [sprout::supervisor] [CPU0] SPROUT: Loop iteration: tick complete
[108399768906] [[34mDEBUG[0m] [sprout::supervisor] [CPU0] SPROUT: ServiceLoop waiting for next event...
[108420939000] [[34mDEBUG[0m] [kernel::vfs::provider] [CPU1] VFS_RPC: request op=DeviceCall len=48 tid=10
[108426007470] [[35mTRACE[0m] [display_virtio_gpu] [CPU3] display_virtio_gpu: VFS RPC op=DeviceCall
[108427045815] [[35mTRACE[0m] [display_virtio_gpu] [CPU3] DISP: DISPLAY_OP_GET_INFO requested
[108427636383] [[35mTRACE[0m] [display_virtio_gpu] [CPU3] DISP: Returning dimensions 1280x800
[108428388222] [[35mTRACE[0m] [display_virtio_gpu] [CPU3] display_virtio_gpu: VFS RPC response begin op=DeviceCall req_id=113
[108430275525] [[35mTRACE[0m] [display_virtio_gpu] [CPU3] display_virtio_gpu: VFS RPC response sent op=DeviceCall req_id=113
[108433861998] [[34mDEBUG[0m] [kernel::vfs::provider] [CPU1] VFS_RPC: response op=DeviceCall id=113 -> OK(48)
[108709539015] [[35mTRACE[0m] [sprout::supervisor] [CPU0] SPROUT: Supervisor tick...
[108711204558] [[35mTRACE[0m] [sprout::supervisor] [CPU0] SPROUT: Loop iteration: spawn_bristle_if_needed
[108712597950] [[35mTRACE[0m] [sprout::supervisor] [CPU0] SPROUT: Loop iteration: spawn_display_if_needed
[108714172710] [[35mTRACE[0m] [sprout::supervisor] [CPU0] SPROUT: Loop iteration: spawn_bloom_if_ready
[108715552209] [[35mTRACE[0m] [sprout::supervisor] [CPU0] SPROUT: Loop iteration: spawn_wayland_hello_if_ready
[108716945271] [[35mTRACE[0m] [sprout::supervisor] [CPU0] SPROUT: Loop iteration: spawn_clock_if_ready
[108718333845] [[35mTRACE[0m] [sprout::supervisor] [CPU0] SPROUT: Loop iteration: spawn_leaf_if_ready
[108720519600] [[35mTRACE[0m] [sprout::supervisor] [CPU0] SPROUT: Loop iteration: tick complete
[108721970082] [[34mDEBUG[0m] [sprout::supervisor] [CPU0] SPROUT: ServiceLoop waiting for next event...
[109044876402] [[35mTRACE[0m] [sprout::supervisor] [CPU0] SPROUT: Supervisor tick...
[109046437929] [[35mTRACE[0m] [sprout::supervisor] [CPU0] SPROUT: Loop iteration: spawn_bristle_if_needed
[109048143237] [[35mTRACE[0m] [sprout::supervisor] [CPU0] SPROUT: Loop iteration: spawn_display_if_needed
[109049903787] [[35mTRACE[0m] [sprout::supervisor] [CPU0] SPROUT: Loop iteration: spawn_bloom_if_ready
[109051416738] [[35mTRACE[0m] [sprout::supervisor] [CPU0] SPROUT: Loop iteration: spawn_wayland_hello_if_ready
[109053039975] [[35mTRACE[0m] [sprout::supervisor] [CPU0] SPROUT: Loop iteration: spawn_clock_if_ready
[109054460328] [[35mTRACE[0m] [sprout::supervisor] [CPU0] SPROUT: Loop iteration: spawn_leaf_if_ready
[109055824548] [[35mTRACE[0m] [sprout::supervisor] [CPU0] SPROUT: Loop iteration: tick complete
[109057249686] [[34mDEBUG[0m] [sprout::supervisor] [CPU0] SPROUT: ServiceLoop waiting for next event...
[109242498981] [[34mDEBUG[0m] [kernel::vfs::provider] [CPU1] VFS_RPC: request op=DeviceCall len=48 tid=10
[109247706645] [[35mTRACE[0m] [display_virtio_gpu] [CPU3] display_virtio_gpu: VFS RPC op=DeviceCall
[109248800232] [[35mTRACE[0m] [display_virtio_gpu] [CPU3] DISP: DISPLAY_OP_GET_INFO requested
[109249586259] [[35mTRACE[0m] [display_virtio_gpu] [CPU3] DISP: Returning dimensions 1280x800
[109250311236] [[35mTRACE[0m] [display_virtio_gpu] [CPU3] display_virtio_gpu: VFS RPC response begin op=DeviceCall req_id=114
[109252222002] [[35mTRACE[0m] [display_virtio_gpu] [CPU3] display_virtio_gpu: VFS RPC response sent op=DeviceCall req_id=114
[109255880217] [[34mDEBUG[0m] [kernel::vfs::provider] [CPU1] VFS_RPC: response op=DeviceCall id=114 -> OK(48)
[109374104994] [[35mTRACE[0m] [sprout::supervisor] [CPU0] SPROUT: Supervisor tick...
[109376381367] [[35mTRACE[0m] [sprout::supervisor] [CPU0] SPROUT: Loop iteration: spawn_bristle_if_needed
[109379504751] [[35mTRACE[0m] [sprout::supervisor] [CPU0] SPROUT: Loop iteration: spawn_display_if_needed
[109381060833] [[35mTRACE[0m] [sprout::supervisor] [CPU0] SPROUT: Loop iteration: spawn_bloom_if_ready
[109382478018] [[35mTRACE[0m] [sprout::supervisor] [CPU0] SPROUT: Loop iteration: spawn_wayland_hello_if_ready
[109383954900] [[35mTRACE[0m] [sprout::supervisor] [CPU0] SPROUT: Loop iteration: spawn_clock_if_ready
[109385371722] [[35mTRACE[0m] [sprout::supervisor] [CPU0] SPROUT: Loop iteration: spawn_leaf_if_ready
[109387256913] [[35mTRACE[0m] [sprout::supervisor] [CPU0] SPROUT: Loop iteration: tick complete
[109390524870] [[34mDEBUG[0m] [sprout::supervisor] [CPU0] SPROUT: ServiceLoop waiting for next event...
[109703367543] [[35mTRACE[0m] [sprout::supervisor] [CPU0] SPROUT: Supervisor tick...
[109705154658] [[35mTRACE[0m] [sprout::supervisor] [CPU0] SPROUT: Loop iteration: spawn_bristle_if_needed
[109706587221] [[35mTRACE[0m] [sprout::supervisor] [CPU0] SPROUT: Loop iteration: spawn_display_if_needed
[109708008861] [[35mTRACE[0m] [sprout::supervisor] [CPU0] SPROUT: Loop iteration: spawn_bloom_if_ready
[109709438817] [[35mTRACE[0m] [sprout::supervisor] [CPU0] SPROUT: Loop iteration: spawn_wayland_hello_if_ready
[109710887286] [[35mTRACE[0m] [sprout::supervisor] [CPU0] SPROUT: Loop iteration: spawn_clock_if_ready
[109712294769] [[35mTRACE[0m] [sprout::supervisor] [CPU0] SPROUT: Loop iteration: spawn_leaf_if_ready
[109713688095] [[35mTRACE[0m] [sprout::supervisor] [CPU0] SPROUT: Loop iteration: tick complete
[109714992486] [[34mDEBUG[0m] [sprout::supervisor] [CPU0] SPROUT: ServiceLoop waiting for next event...
[110032214853] [[35mTRACE[0m] [sprout::supervisor] [CPU0] SPROUT: Supervisor tick...
[110033693847] [[35mTRACE[0m] [sprout::supervisor] [CPU0] SPROUT: Loop iteration: spawn_bristle_if_needed
[110035268376] [[35mTRACE[0m] [sprout::supervisor] [CPU0] SPROUT: Loop iteration: spawn_display_if_needed
[110036676915] [[35mTRACE[0m] [sprout::supervisor] [CPU0] SPROUT: Loop iteration: spawn_bloom_if_ready
[110038083639] [[35mTRACE[0m] [sprout::supervisor] [CPU0] SPROUT: Loop iteration: spawn_wayland_hello_if_ready
[110039672721] [[35mTRACE[0m] [sprout::supervisor] [CPU0] SPROUT: Loop iteration: spawn_clock_if_ready
[110041037106] [[35mTRACE[0m] [sprout::supervisor] [CPU0] SPROUT: Loop iteration: spawn_leaf_if_ready
[110042392185] [[35mTRACE[0m] [sprout::supervisor] [CPU0] SPROUT: Loop iteration: tick complete
[110043749079] [[34mDEBUG[0m] [sprout::supervisor] [CPU0] SPROUT: ServiceLoop waiting for next event...
[110064517101] [[34mDEBUG[0m] [kernel::vfs::provider] [CPU1] VFS_RPC: request op=DeviceCall len=48 tid=10
[110069290023] [[35mTRACE[0m] [display_virtio_gpu] [CPU3] display_virtio_gpu: VFS RPC op=DeviceCall
[110070454824] [[35mTRACE[0m] [display_virtio_gpu] [CPU3] DISP: DISPLAY_OP_GET_INFO requested
[110071221876] [[35mTRACE[0m] [display_virtio_gpu] [CPU3] DISP: Returning dimensions 1280x800
[110071832409] [[35mTRACE[0m] [display_virtio_gpu] [CPU3] display_virtio_gpu: VFS RPC response begin op=DeviceCall req_id=115
[110073518214] [[35mTRACE[0m] [display_virtio_gpu] [CPU3] display_virtio_gpu: VFS RPC response sent op=DeviceCall req_id=115
[110076363573] [[34mDEBUG[0m] [kernel::vfs::provider] [CPU1] VFS_RPC: response op=DeviceCall id=115 -> OK(48)
[110360793213] [[35mTRACE[0m] [sprout::supervisor] [CPU0] SPROUT: Supervisor tick...
[110362363980] [[35mTRACE[0m] [sprout::supervisor] [CPU0] SPROUT: Loop iteration: spawn_bristle_if_needed
[110363809677] [[35mTRACE[0m] [sprout::supervisor] [CPU0] SPROUT: Loop iteration: spawn_display_if_needed
[110366627151] [[35mTRACE[0m] [sprout::supervisor] [CPU0] SPROUT: Loop iteration: spawn_bloom_if_ready
[110368661337] [[35mTRACE[0m] [sprout::supervisor] [CPU0] SPROUT: Loop iteration: spawn_wayland_hello_if_ready
[110370110763] [[35mTRACE[0m] [sprout::supervisor] [CPU0] SPROUT: Loop iteration: spawn_clock_if_ready
[110371488942] [[35mTRACE[0m] [sprout::supervisor] [CPU0] SPROUT: Loop iteration: spawn_leaf_if_ready
[110372871840] [[35mTRACE[0m] [sprout::supervisor] [CPU0] SPROUT: Loop iteration: tick complete
[110374203885] [[34mDEBUG[0m] [sprout::supervisor] [CPU0] SPROUT: ServiceLoop waiting for next event...
[110689343820] [[35mTRACE[0m] [sprout::supervisor] [CPU0] SPROUT: Supervisor tick...
[110690839017] [[35mTRACE[0m] [sprout::supervisor] [CPU0] SPROUT: Loop iteration: spawn_bristle_if_needed
[110692827465] [[35mTRACE[0m] [sprout::supervisor] [CPU0] SPROUT: Loop iteration: spawn_display_if_needed
[110695950420] [[35mTRACE[0m] [sprout::supervisor] [CPU0] SPROUT: Loop iteration: spawn_bloom_if_ready
[110697366615] [[35mTRACE[0m] [sprout::supervisor] [CPU0] SPROUT: Loop iteration: spawn_wayland_hello_if_ready
[110698904448] [[35mTRACE[0m] [sprout::supervisor] [CPU0] SPROUT: Loop iteration: spawn_clock_if_ready
[110700323052] [[35mTRACE[0m] [sprout::supervisor] [CPU0] SPROUT: Loop iteration: spawn_leaf_if_ready
[110701800594] [[35mTRACE[0m] [sprout::supervisor] [CPU0] SPROUT: Loop iteration: tick complete
[110703105249] [[34mDEBUG[0m] [sprout::supervisor] [CPU0] SPROUT: ServiceLoop waiting for next event...
[110880387255] [[34mDEBUG[0m] [kernel::vfs::provider] [CPU1] VFS_RPC: request op=DeviceCall len=48 tid=10
[110887583994] [[35mTRACE[0m] [display_virtio_gpu] [CPU3] display_virtio_gpu: VFS RPC op=DeviceCall
[110888920296] [[35mTRACE[0m] [display_virtio_gpu] [CPU3] DISP: DISPLAY_OP_GET_INFO requested
[110889790077] [[35mTRACE[0m] [display_virtio_gpu] [CPU3] DISP: Returning dimensions 1280x800
[110890527858] [[35mTRACE[0m] [display_virtio_gpu] [CPU3] display_virtio_gpu: VFS RPC response begin op=DeviceCall req_id=116
[110892399552] [[35mTRACE[0m] [display_virtio_gpu] [CPU3] display_virtio_gpu: VFS RPC response sent op=DeviceCall req_id=116
[110896785648] [[34mDEBUG[0m] [kernel::vfs::provider] [CPU1] VFS_RPC: response op=DeviceCall id=116 -> OK(48)
[111019021476] [[35mTRACE[0m] [sprout::supervisor] [CPU0] SPROUT: Supervisor tick...
[111021333423] [[35mTRACE[0m] [sprout::supervisor] [CPU0] SPROUT: Loop iteration: spawn_bristle_if_needed
[111022751004] [[35mTRACE[0m] [sprout::supervisor] [CPU0] SPROUT: Loop iteration: spawn_display_if_needed
[111024161127] [[35mTRACE[0m] [sprout::supervisor] [CPU0] SPROUT: Loop iteration: spawn_bloom_if_ready
[111025526898] [[35mTRACE[0m] [sprout::supervisor] [CPU0] SPROUT: Loop iteration: spawn_wayland_hello_if_ready
[111026982066] [[35mTRACE[0m] [sprout::supervisor] [CPU0] SPROUT: Loop iteration: spawn_clock_if_ready
[111028350279] [[35mTRACE[0m] [sprout::supervisor] [CPU0] SPROUT: Loop iteration: spawn_leaf_if_ready
[111029717403] [[35mTRACE[0m] [sprout::supervisor] [CPU0] SPROUT: Loop iteration: tick complete
[111031100565] [[34mDEBUG[0m] [sprout::supervisor] [CPU0] SPROUT: ServiceLoop waiting for next event...
[111348630063] [[35mTRACE[0m] [sprout::supervisor] [CPU0] SPROUT: Supervisor tick...
[111350113776] [[35mTRACE[0m] [sprout::supervisor] [CPU0] SPROUT: Loop iteration: spawn_bristle_if_needed
[111351618939] [[35mTRACE[0m] [sprout::supervisor] [CPU0] SPROUT: Loop iteration: spawn_display_if_needed
[111353267256] [[35mTRACE[0m] [sprout::supervisor] [CPU0] SPROUT: Loop iteration: spawn_bloom_if_ready
[111354678798] [[35mTRACE[0m] [sprout::supervisor] [CPU0] SPROUT: Loop iteration: spawn_wayland_hello_if_ready
[111356112318] [[35mTRACE[0m] [sprout::supervisor] [CPU0] SPROUT: Loop iteration: spawn_clock_if_ready
[111357576957] [[35mTRACE[0m] [sprout::supervisor] [CPU0] SPROUT: Loop iteration: spawn_leaf_if_ready
[111358999851] [[35mTRACE[0m] [sprout::supervisor] [CPU0] SPROUT: Loop iteration: tick complete
[111360399645] [[34mDEBUG[0m] [sprout::supervisor] [CPU0] SPROUT: ServiceLoop waiting for next event...
[111368927241] [[32mINFO [0m] [kernel::time] [CPU0] System clock tick: utc=2026-05-01 23:21:05.117503944 unix_secs=1777677665.117503944
[111676793976] [[35mTRACE[0m] [sprout::supervisor] [CPU0] SPROUT: Supervisor tick...
[111678254061] [[35mTRACE[0m] [sprout::supervisor] [CPU0] SPROUT: Loop iteration: spawn_bristle_if_needed
[111679898715] [[35mTRACE[0m] [sprout::supervisor] [CPU0] SPROUT: Loop iteration: spawn_display_if_needed
[111681414240] [[35mTRACE[0m] [sprout::supervisor] [CPU0] SPROUT: Loop iteration: spawn_bloom_if_ready
[111682987713] [[35mTRACE[0m] [sprout::supervisor] [CPU0] SPROUT: Loop iteration: spawn_wayland_hello_if_ready
[111684494064] [[35mTRACE[0m] [sprout::supervisor] [CPU0] SPROUT: Loop iteration: spawn_clock_if_ready
[111685961541] [[35mTRACE[0m] [sprout::supervisor] [CPU0] SPROUT: Loop iteration: spawn_leaf_if_ready
[111687380706] [[35mTRACE[0m] [sprout::supervisor] [CPU0] SPROUT: Loop iteration: tick complete
[111688682853] [[34mDEBUG[0m] [sprout::supervisor] [CPU0] SPROUT: ServiceLoop waiting for next event...
[111710491233] [[34mDEBUG[0m] [kernel::vfs::provider] [CPU1] VFS_RPC: request op=DeviceCall len=48 tid=10
[111715584057] [[35mTRACE[0m] [display_virtio_gpu] [CPU3] display_virtio_gpu: VFS RPC op=DeviceCall
[111717371073] [[35mTRACE[0m] [display_virtio_gpu] [CPU3] DISP: DISPLAY_OP_GET_INFO requested
[111718394799] [[35mTRACE[0m] [display_virtio_gpu] [CPU3] DISP: Returning dimensions 1280x800
[111719411925] [[35mTRACE[0m] [display_virtio_gpu] [CPU3] display_virtio_gpu: VFS RPC response begin op=DeviceCall req_id=117
[111721920783] [[35mTRACE[0m] [display_virtio_gpu] [CPU3] display_virtio_gpu: VFS RPC response sent op=DeviceCall req_id=117
[111724879530] [[34mDEBUG[0m] [kernel::vfs::provider] [CPU1] VFS_RPC: response op=DeviceCall id=117 -> OK(48)
[112005074478] [[35mTRACE[0m] [sprout::supervisor] [CPU0] SPROUT: Supervisor tick...
[112006615182] [[35mTRACE[0m] [sprout::supervisor] [CPU0] SPROUT: Loop iteration: spawn_bristle_if_needed
[112008160473] [[35mTRACE[0m] [sprout::supervisor] [CPU0] SPROUT: Loop iteration: spawn_display_if_needed
[112011420840] [[35mTRACE[0m] [sprout::supervisor] [CPU0] SPROUT: Loop iteration: spawn_bloom_if_ready
[112013297022] [[35mTRACE[0m] [sprout::supervisor] [CPU0] SPROUT: Loop iteration: spawn_wayland_hello_if_ready
[112014810138] [[35mTRACE[0m] [sprout::supervisor] [CPU0] SPROUT: Loop iteration: spawn_clock_if_ready
[112016355792] [[35mTRACE[0m] [sprout::supervisor] [CPU0] SPROUT: Loop iteration: spawn_leaf_if_ready
[112017728163] [[35mTRACE[0m] [sprout::supervisor] [CPU0] SPROUT: Loop iteration: tick complete
[112019105418] [[34mDEBUG[0m] [sprout::supervisor] [CPU0] SPROUT: ServiceLoop waiting for next event...
[112333583274] [[35mTRACE[0m] [sprout::supervisor] [CPU0] SPROUT: Supervisor tick...
[112336610826] [[35mTRACE[0m] [sprout::supervisor] [CPU0] SPROUT: Loop iteration: spawn_bristle_if_needed
[112338176610] [[35mTRACE[0m] [sprout::supervisor] [CPU0] SPROUT: Loop iteration: spawn_display_if_needed
[112339596666] [[35mTRACE[0m] [sprout::supervisor] [CPU0] SPROUT: Loop iteration: spawn_bloom_if_ready
[112341089751] [[35mTRACE[0m] [sprout::supervisor] [CPU0] SPROUT: Loop iteration: spawn_wayland_hello_if_ready
[112342563102] [[35mTRACE[0m] [sprout::supervisor] [CPU0] SPROUT: Loop iteration: spawn_clock_if_ready
[112343927751] [[35mTRACE[0m] [sprout::supervisor] [CPU0] SPROUT: Loop iteration: spawn_leaf_if_ready
[112345387341] [[35mTRACE[0m] [sprout::supervisor] [CPU0] SPROUT: Loop iteration: tick complete
[112346737371] [[34mDEBUG[0m] [sprout::supervisor] [CPU0] SPROUT: ServiceLoop waiting for next event...
[112530904563] [[34mDEBUG[0m] [kernel::vfs::provider] [CPU1] VFS_RPC: request op=DeviceCall len=48 tid=10
[112536537399] [[35mTRACE[0m] [display_virtio_gpu] [CPU3] display_virtio_gpu: VFS RPC op=DeviceCall
[112537560960] [[35mTRACE[0m] [display_virtio_gpu] [CPU3] DISP: DISPLAY_OP_GET_INFO requested
[112538328045] [[35mTRACE[0m] [display_virtio_gpu] [CPU3] DISP: Returning dimensions 1280x800
[112539098331] [[35mTRACE[0m] [display_virtio_gpu] [CPU3] display_virtio_gpu: VFS RPC response begin op=DeviceCall req_id=118
[112540856373] [[35mTRACE[0m] [display_virtio_gpu] [CPU3] display_virtio_gpu: VFS RPC response sent op=DeviceCall req_id=118
[112543479741] [[34mDEBUG[0m] [kernel::vfs::provider] [CPU1] VFS_RPC: response op=DeviceCall id=118 -> OK(48)
[112662326205] [[35mTRACE[0m] [sprout::supervisor] [CPU0] SPROUT: Supervisor tick...
[112664783484] [[35mTRACE[0m] [sprout::supervisor] [CPU0] SPROUT: Loop iteration: spawn_bristle_if_needed
[112668273201] [[35mTRACE[0m] [sprout::supervisor] [CPU0] SPROUT: Loop iteration: spawn_display_if_needed
[112669683720] [[35mTRACE[0m] [sprout::supervisor] [CPU0] SPROUT: Loop iteration: spawn_bloom_if_ready
[112671083448] [[35mTRACE[0m] [sprout::supervisor] [CPU0] SPROUT: Loop iteration: spawn_wayland_hello_if_ready
[112672488489] [[35mTRACE[0m] [sprout::supervisor] [CPU0] SPROUT: Loop iteration: spawn_clock_if_ready
[112673920326] [[35mTRACE[0m] [sprout::supervisor] [CPU0] SPROUT: Loop iteration: spawn_leaf_if_ready
[112675270290] [[35mTRACE[0m] [sprout::supervisor] [CPU0] SPROUT: Loop iteration: tick complete
[112676616063] [[34mDEBUG[0m] [sprout::supervisor] [CPU0] SPROUT: ServiceLoop waiting for next event...
[112993200045] [[35mTRACE[0m] [sprout::supervisor] [CPU0] SPROUT: Supervisor tick...
[112994871693] [[35mTRACE[0m] [sprout::supervisor] [CPU0] SPROUT: Loop iteration: spawn_bristle_if_needed
[112996244955] [[35mTRACE[0m] [sprout::supervisor] [CPU0] SPROUT: Loop iteration: spawn_display_if_needed
[112997652768] [[35mTRACE[0m] [sprout::supervisor] [CPU0] SPROUT: Loop iteration: spawn_bloom_if_ready
[112999163046] [[35mTRACE[0m] [sprout::supervisor] [CPU0] SPROUT: Loop iteration: spawn_wayland_hello_if_ready
[113000588514] [[35mTRACE[0m] [sprout::supervisor] [CPU0] SPROUT: Loop iteration: spawn_clock_if_ready
[113001944781] [[35mTRACE[0m] [sprout::supervisor] [CPU0] SPROUT: Loop iteration: spawn_leaf_if_ready
[113003376585] [[35mTRACE[0m] [sprout::supervisor] [CPU0] SPROUT: Loop iteration: tick complete
[113004726879] [[34mDEBUG[0m] [sprout::supervisor] [CPU0] SPROUT: ServiceLoop waiting for next event...
[113320920900] [[35mTRACE[0m] [sprout::supervisor] [CPU0] SPROUT: Supervisor tick...
[113322420783] [[35mTRACE[0m] [sprout::supervisor] [CPU0] SPROUT: Loop iteration: spawn_bristle_if_needed
[113324048871] [[35mTRACE[0m] [sprout::supervisor] [CPU0] SPROUT: Loop iteration: spawn_display_if_needed
[113325404907] [[35mTRACE[0m] [sprout::supervisor] [CPU0] SPROUT: Loop iteration: spawn_bloom_if_ready
[113326796154] [[35mTRACE[0m] [sprout::supervisor] [CPU0] SPROUT: Loop iteration: spawn_wayland_hello_if_ready
[113328253104] [[35mTRACE[0m] [sprout::supervisor] [CPU0] SPROUT: Loop iteration: spawn_clock_if_ready
[113329643988] [[35mTRACE[0m] [sprout::supervisor] [CPU0] SPROUT: Loop iteration: spawn_leaf_if_ready
[113331103974] [[35mTRACE[0m] [sprout::supervisor] [CPU0] SPROUT: Loop iteration: tick complete
[113332552839] [[34mDEBUG[0m] [sprout::supervisor] [CPU0] SPROUT: ServiceLoop waiting for next event...
[113353042704] [[34mDEBUG[0m] [kernel::vfs::provider] [CPU1] VFS_RPC: request op=DeviceCall len=48 tid=10
[113358902745] [[35mTRACE[0m] [display_virtio_gpu] [CPU3] display_virtio_gpu: VFS RPC op=DeviceCall
[113360241456] [[35mTRACE[0m] [display_virtio_gpu] [CPU3] DISP: DISPLAY_OP_GET_INFO requested
[113360994021] [[35mTRACE[0m] [display_virtio_gpu] [CPU3] DISP: Returning dimensions 1280x800
[113361702333] [[35mTRACE[0m] [display_virtio_gpu] [CPU3] display_virtio_gpu: VFS RPC response begin op=DeviceCall req_id=119
[113364601284] [[35mTRACE[0m] [display_virtio_gpu] [CPU3] display_virtio_gpu: VFS RPC response sent op=DeviceCall req_id=119
[113368796574] [[34mDEBUG[0m] [kernel::vfs::provider] [CPU1] VFS_RPC: response op=DeviceCall id=119 -> OK(48)
[113649920934] [[35mTRACE[0m] [sprout::supervisor] [CPU0] SPROUT: Supervisor tick...
[113652018480] [[35mTRACE[0m] [sprout::supervisor] [CPU0] SPROUT: Loop iteration: spawn_bristle_if_needed
[113655355539] [[35mTRACE[0m] [sprout::supervisor] [CPU0] SPROUT: Loop iteration: spawn_display_if_needed
[113657377251] [[35mTRACE[0m] [sprout::supervisor] [CPU0] SPROUT: Loop iteration: spawn_bloom_if_ready
[113658761502] [[35mTRACE[0m] [sprout::supervisor] [CPU0] SPROUT: Loop iteration: spawn_wayland_hello_if_ready
[113660194494] [[35mTRACE[0m] [sprout::supervisor] [CPU0] SPROUT: Loop iteration: spawn_clock_if_ready
[113661529443] [[35mTRACE[0m] [sprout::supervisor] [CPU0] SPROUT: Loop iteration: spawn_leaf_if_ready
[113663013486] [[35mTRACE[0m] [sprout::supervisor] [CPU0] SPROUT: Loop iteration: tick complete
[113664321870] [[34mDEBUG[0m] [sprout::supervisor] [CPU0] SPROUT: ServiceLoop waiting for next event...
[113978004657] [[35mTRACE[0m] [sprout::supervisor] [CPU0] SPROUT: Supervisor tick...
[113980722603] [[35mTRACE[0m] [sprout::supervisor] [CPU0] SPROUT: Loop iteration: spawn_bristle_if_needed
[113982036300] [[35mTRACE[0m] [sprout::supervisor] [CPU0] SPROUT: Loop iteration: spawn_display_if_needed
[113983704813] [[35mTRACE[0m] [sprout::supervisor] [CPU0] SPROUT: Loop iteration: spawn_bloom_if_ready
[113985107181] [[35mTRACE[0m] [sprout::supervisor] [CPU0] SPROUT: Loop iteration: spawn_wayland_hello_if_ready
[113986564032] [[35mTRACE[0m] [sprout::supervisor] [CPU0] SPROUT: Loop iteration: spawn_clock_if_ready
[113987895780] [[35mTRACE[0m] [sprout::supervisor] [CPU0] SPROUT: Loop iteration: spawn_leaf_if_ready
[113989331511] [[35mTRACE[0m] [sprout::supervisor] [CPU0] SPROUT: Loop iteration: tick complete
[113990622636] [[34mDEBUG[0m] [sprout::supervisor] [CPU0] SPROUT: ServiceLoop waiting for next event...
[114176730888] [[34mDEBUG[0m] [kernel::vfs::provider] [CPU1] VFS_RPC: request op=DeviceCall len=48 tid=10
[114181714548] [[35mTRACE[0m] [display_virtio_gpu] [CPU3] display_virtio_gpu: VFS RPC op=DeviceCall
[114182727285] [[35mTRACE[0m] [display_virtio_gpu] [CPU3] DISP: DISPLAY_OP_GET_INFO requested
[114183464406] [[35mTRACE[0m] [display_virtio_gpu] [CPU3] DISP: Returning dimensions 1280x800
[114184068570] [[35mTRACE[0m] [display_virtio_gpu] [CPU3] display_virtio_gpu: VFS RPC response begin op=DeviceCall req_id=120
[114185892876] [[35mTRACE[0m] [display_virtio_gpu] [CPU3] display_virtio_gpu: VFS RPC response sent op=DeviceCall req_id=120
[114188180931] [[34mDEBUG[0m] [kernel::vfs::provider] [CPU1] VFS_RPC: response op=DeviceCall id=120 -> OK(48)
[114307057392] [[35mTRACE[0m] [sprout::supervisor] [CPU0] SPROUT: Supervisor tick...
[114309288093] [[35mTRACE[0m] [sprout::supervisor] [CPU0] SPROUT: Loop iteration: spawn_bristle_if_needed
[114312220473] [[35mTRACE[0m] [sprout::supervisor] [CPU0] SPROUT: Loop iteration: spawn_display_if_needed
[114313915320] [[35mTRACE[0m] [sprout::supervisor] [CPU0] SPROUT: Loop iteration: spawn_bloom_if_ready
[114315393060] [[35mTRACE[0m] [sprout::supervisor] [CPU0] SPROUT: Loop iteration: spawn_wayland_hello_if_ready
[114316851792] [[35mTRACE[0m] [sprout::supervisor] [CPU0] SPROUT: Loop iteration: spawn_clock_if_ready
[114318281979] [[35mTRACE[0m] [sprout::supervisor] [CPU0] SPROUT: Loop iteration: spawn_leaf_if_ready
[114319648344] [[35mTRACE[0m] [sprout::supervisor] [CPU0] SPROUT: Loop iteration: tick complete
[114321090642] [[34mDEBUG[0m] [sprout::supervisor] [CPU0] SPROUT: ServiceLoop waiting for next event...

[hunter] running random action
[114517184793] [[35mTRACE[0m] [bran::arch::x86_64::idt] [CPU0] PS/2 byte received: 0x18 (is_aux=true)
[114518223897] [[35mTRACE[0m] [bran::arch::x86_64::idt] [CPU0] PS/2 byte received: 0x81 (is_aux=true)
[114519247194] [[35mTRACE[0m] [bran::arch::x86_64::idt] [CPU0] PS/2 byte received: 0x7f (is_aux=true)
[114520205349] [[35mTRACE[0m] [bran::arch::x86_64::idt] [CPU0] PS/2 byte received: 0x18 (is_aux=true)
[114521091564] [[35mTRACE[0m] [bran::arch::x86_64::idt] [CPU0] PS/2 byte received: 0x81 (is_aux=true)
[114522023022] [[35mTRACE[0m] [bran::arch::x86_64::idt] [CPU0] PS/2 byte received: 0x7f (is_aux=true)
[114522474165] [[35mTRACE[0m] [bran::arch::x86_64::idt] [CPU0] PS/2 byte received: 0x18 (is_aux=true)
[114522927453] [[35mTRACE[0m] [bran::arch::x86_64::idt] [CPU0] PS/2 byte received: 0x81 (is_aux=true)
[114523375395] [[35mTRACE[0m] [bran::arch::x86_64::idt] [CPU0] PS/2 byte received: 0x7f (is_aux=true)
[114523814328] [[35mTRACE[0m] [bran::arch::x86_64::idt] [CPU0] PS/2 byte received: 0x18 (is_aux=true)
[114524257023] [[35mTRACE[0m] [bran::arch::x86_64::idt] [CPU0] PS/2 byte received: 0x81 (is_aux=true)
[114524797563] [[35mTRACE[0m] [bran::arch::x86_64::idt] [CPU0] PS/2 byte received: 0x18 (is_aux=true)
[114524689290] [[35mTRACE[0m] [bran::arch::x86_64::idt] [CPU1] PS/2 byte received: 0x7f (is_aux=true)
[114525287745] [[35mTRACE[0m] [bran::arch::x86_64::idt] [CPU0] PS/2 byte received: 0x81 (is_aux=true)
[114526156371] [[35mTRACE[0m] [bran::arch::x86_64::idt] [CPU1] PS/2 byte received: 0x7f (is_aux=true)
[114530934474] [[35mTRACE[0m] [kernel::irq::ps2] [CPU3] PS/2 take_scancode: popped 0x18 (is_aux=true)
[114533290674] [[35mTRACE[0m] [kernel::irq::ps2] [CPU3] PS/2 take_scancode: popped 0x81 (is_aux=true)
[114534091782] [[35mTRACE[0m] [ps2_kbd] [CPU2] ps2_kbd: yield on AUX data (mouse packet)
[114535706802] [[35mTRACE[0m] [kernel::irq::ps2] [CPU3] PS/2 take_scancode: popped 0x7f (is_aux=true)
[114537035778] [[35mTRACE[0m] [kernel::irq::ps2] [CPU3] PS/2 take_scancode: popped 0x18 (is_aux=true)
[114538449861] [[35mTRACE[0m] [kernel::irq::ps2] [CPU3] PS/2 take_scancode: popped 0x81 (is_aux=true)
[114539940900] [[35mTRACE[0m] [kernel::irq::ps2] [CPU3] PS/2 take_scancode: popped 0x7f (is_aux=true)
[114541579416] [[35mTRACE[0m] [kernel::irq::ps2] [CPU3] PS/2 take_scancode: popped 0x18 (is_aux=true)
[114543007458] [[35mTRACE[0m] [kernel::irq::ps2] [CPU3] PS/2 take_scancode: popped 0x81 (is_aux=true)
[114544427745] [[35mTRACE[0m] [kernel::irq::ps2] [CPU3] PS/2 take_scancode: popped 0x7f (is_aux=true)
[114549229410] [[35mTRACE[0m] [kernel::irq::ps2] [CPU3] PS/2 take_scancode: popped 0x18 (is_aux=true)
[114550743780] [[35mTRACE[0m] [kernel::irq::ps2] [CPU3] PS/2 take_scancode: popped 0x81 (is_aux=true)
[114552248283] [[35mTRACE[0m] [kernel::irq::ps2] [CPU3] PS/2 take_scancode: popped 0x18 (is_aux=true)
[114553777536] [[35mTRACE[0m] [kernel::irq::ps2] [CPU3] PS/2 take_scancode: popped 0x7f (is_aux=true)
[114555282897] [[35mTRACE[0m] [kernel::irq::ps2] [CPU3] PS/2 take_scancode: popped 0x81 (is_aux=true)
[114556710015] [[35mTRACE[0m] [kernel::irq::ps2] [CPU3] PS/2 take_scancode: popped 0x7f (is_aux=true)
[114636707229] [[35mTRACE[0m] [sprout::supervisor] [CPU0] SPROUT: Supervisor tick...
[114638100291] [[35mTRACE[0m] [sprout::supervisor] [CPU0] SPROUT: Loop iteration: spawn_bristle_if_needed
[114639608523] [[35mTRACE[0m] [sprout::supervisor] [CPU0] SPROUT: Loop iteration: spawn_display_if_needed
[114641525559] [[35mTRACE[0m] [sprout::supervisor] [CPU0] SPROUT: Loop iteration: spawn_bloom_if_ready
[114642986172] [[35mTRACE[0m] [sprout::supervisor] [CPU0] SPROUT: Loop iteration: spawn_wayland_hello_if_ready
[114644497077] [[35mTRACE[0m] [sprout::supervisor] [CPU0] SPROUT: Loop iteration: spawn_clock_if_ready
[114645890535] [[35mTRACE[0m] [sprout::supervisor] [CPU0] SPROUT: Loop iteration: spawn_leaf_if_ready
[114647300262] [[35mTRACE[0m] [sprout::supervisor] [CPU0] SPROUT: Loop iteration: tick complete
[114648660621] [[34mDEBUG[0m] [sprout::supervisor] [CPU0] SPROUT: ServiceLoop waiting for next event...
[114792642228] [[35mTRACE[0m] [bran::arch::x86_64::idt] [CPU0] PS/2 byte received: 0x18 (is_aux=true)
[114793367502] [[35mTRACE[0m] [bran::arch::x86_64::idt] [CPU0] PS/2 byte received: 0x81 (is_aux=true)
[114793903554] [[35mTRACE[0m] [bran::arch::x86_64::idt] [CPU0] PS/2 byte received: 0x7f (is_aux=true)
[114794593683] [[35mTRACE[0m] [bran::arch::x86_64::idt] [CPU0] PS/2 byte received: 0x18 (is_aux=true)
[114795115875] [[35mTRACE[0m] [bran::arch::x86_64::idt] [CPU0] PS/2 byte received: 0x81 (is_aux=true)
[114795597906] [[35mTRACE[0m] [bran::arch::x86_64::idt] [CPU3] PS/2 byte received: 0x7f (is_aux=true)
[114795667272] [[35mTRACE[0m] [bran::arch::x86_64::idt] [CPU0] PS/2 byte received: 0x18 (is_aux=true)
[114796219131] [[35mTRACE[0m] [bran::arch::x86_64::idt] [CPU3] PS/2 byte received: 0x81 (is_aux=true)
[114796382844] [[35mTRACE[0m] [bran::arch::x86_64::idt] [CPU0] PS/2 byte received: 0x7f (is_aux=true)
[114796728387] [[35mTRACE[0m] [bran::arch::x86_64::idt] [CPU3] PS/2 byte received: 0x18 (is_aux=true)
[114797088186] [[35mTRACE[0m] [bran::arch::x86_64::idt] [CPU0] PS/2 byte received: 0x81 (is_aux=true)
[114797215566] [[35mTRACE[0m] [bran::arch::x86_64::idt] [CPU3] PS/2 byte received: 0x7f (is_aux=true)
[114797735184] [[35mTRACE[0m] [bran::arch::x86_64::idt] [CPU0] PS/2 byte received: 0x18 (is_aux=true)
[114797837649] [[35mTRACE[0m] [bran::arch::x86_64::idt] [CPU3] PS/2 byte received: 0x81 (is_aux=true)
[114798449106] [[35mTRACE[0m] [bran::arch::x86_64::idt] [CPU0] PS/2 byte received: 0x7f (is_aux=true)
[114805073493] [[35mTRACE[0m] [kernel::irq::ps2] [CPU3] PS/2 take_scancode: popped 0x18 (is_aux=true)
[114806212125] [[35mTRACE[0m] [ps2_kbd] [CPU2] ps2_kbd: yield on AUX data (mouse packet)
[114808475562] [[35mTRACE[0m] [kernel::irq::ps2] [CPU3] PS/2 take_scancode: popped 0x81 (is_aux=true)
[114810268419] [[35mTRACE[0m] [kernel::irq::ps2] [CPU3] PS/2 take_scancode: popped 0x7f (is_aux=true)
[114811605348] [[35mTRACE[0m] [kernel::irq::ps2] [CPU3] PS/2 take_scancode: popped 0x18 (is_aux=true)
[114812904030] [[35mTRACE[0m] [kernel::irq::ps2] [CPU3] PS/2 take_scancode: popped 0x81 (is_aux=true)
[114814373058] [[35mTRACE[0m] [kernel::irq::ps2] [CPU3] PS/2 take_scancode: popped 0x7f (is_aux=true)
[114815699691] [[35mTRACE[0m] [kernel::irq::ps2] [CPU3] PS/2 take_scancode: popped 0x18 (is_aux=true)
[114818110209] [[35mTRACE[0m] [kernel::irq::ps2] [CPU3] PS/2 take_scancode: popped 0x81 (is_aux=true)
[114819604548] [[35mTRACE[0m] [kernel::irq::ps2] [CPU3] PS/2 take_scancode: popped 0x7f (is_aux=true)
[114821125419] [[35mTRACE[0m] [kernel::irq::ps2] [CPU3] PS/2 take_scancode: popped 0x18 (is_aux=true)
[114822681303] [[35mTRACE[0m] [kernel::irq::ps2] [CPU3] PS/2 take_scancode: popped 0x81 (is_aux=true)
[114824223360] [[35mTRACE[0m] [kernel::irq::ps2] [CPU3] PS/2 take_scancode: popped 0x7f (is_aux=true)
[114825703377] [[35mTRACE[0m] [kernel::irq::ps2] [CPU3] PS/2 take_scancode: popped 0x18 (is_aux=true)
[114827166267] [[35mTRACE[0m] [kernel::irq::ps2] [CPU3] PS/2 take_scancode: popped 0x81 (is_aux=true)
[114836424516] [[35mTRACE[0m] [kernel::irq::ps2] [CPU3] PS/2 take_scancode: popped 0x7f (is_aux=true)
[114965464548] [[35mTRACE[0m] [sprout::supervisor] [CPU0] SPROUT: Supervisor tick...
[114966832992] [[35mTRACE[0m] [sprout::supervisor] [CPU0] SPROUT: Loop iteration: spawn_bristle_if_needed
[114968387853] [[35mTRACE[0m] [sprout::supervisor] [CPU0] SPROUT: Loop iteration: spawn_display_if_needed
[114969894897] [[35mTRACE[0m] [sprout::supervisor] [CPU0] SPROUT: Loop iteration: spawn_bloom_if_ready
[114971460120] [[35mTRACE[0m] [sprout::supervisor] [CPU0] SPROUT: Loop iteration: spawn_wayland_hello_if_ready
[114972966834] [[35mTRACE[0m] [sprout::supervisor] [CPU0] SPROUT: Loop iteration: spawn_clock_if_ready
[114974326335] [[35mTRACE[0m] [sprout::supervisor] [CPU0] SPROUT: Loop iteration: spawn_leaf_if_ready
[114975685110] [[35mTRACE[0m] [sprout::supervisor] [CPU0] SPROUT: Loop iteration: tick complete
[114977008014] [[34mDEBUG[0m] [sprout::supervisor] [CPU0] SPROUT: ServiceLoop waiting for next event...
[114998599749] [[34mDEBUG[0m] [kernel::vfs::provider] [CPU1] VFS_RPC: request op=DeviceCall len=48 tid=10
[115002968982] [[35mTRACE[0m] [display_virtio_gpu] [CPU3] display_virtio_gpu: VFS RPC op=DeviceCall
[115004183415] [[35mTRACE[0m] [display_virtio_gpu] [CPU3] DISP: DISPLAY_OP_GET_INFO requested
[115004930337] [[35mTRACE[0m] [display_virtio_gpu] [CPU3] DISP: Returning dimensions 1280x800
[115005658515] [[35mTRACE[0m] [display_virtio_gpu] [CPU3] display_virtio_gpu: VFS RPC response begin op=DeviceCall req_id=121
[115008704118] [[35mTRACE[0m] [display_virtio_gpu] [CPU3] display_virtio_gpu: VFS RPC response sent op=DeviceCall req_id=121
[115011808362] [[34mDEBUG[0m] [kernel::vfs::provider] [CPU1] VFS_RPC: response op=DeviceCall id=121 -> OK(48)
[115061186658] [[35mTRACE[0m] [ps2_mouse] [CPU3] ps2_mouse: irq_wakes=54 poll_timeouts=1994 last_drain_bytes=0
[115068729138] [[35mTRACE[0m] [bran::arch::x86_64::idt] [CPU0] PS/2 byte received: 0x19 (is_aux=true)
[115069340859] [[35mTRACE[0m] [bran::arch::x86_64::idt] [CPU0] PS/2 byte received: 0x81 (is_aux=true)
[115069953702] [[35mTRACE[0m] [bran::arch::x86_64::idt] [CPU0] PS/2 byte received: 0x7f (is_aux=true)
[115070402964] [[35mTRACE[0m] [bran::arch::x86_64::idt] [CPU0] PS/2 byte received: 0x19 (is_aux=true)
[115070860113] [[35mTRACE[0m] [bran::arch::x86_64::idt] [CPU0] PS/2 byte received: 0x81 (is_aux=true)
[115071331881] [[35mTRACE[0m] [bran::arch::x86_64::idt] [CPU0] PS/2 byte received: 0x7f (is_aux=true)
[115071812592] [[35mTRACE[0m] [bran::arch::x86_64::idt] [CPU0] PS/2 byte received: 0x19 (is_aux=true)
[115072256211] [[35mTRACE[0m] [bran::arch::x86_64::idt] [CPU0] PS/2 byte received: 0x81 (is_aux=true)
[115072729167] [[35mTRACE[0m] [bran::arch::x86_64::idt] [CPU0] PS/2 byte received: 0x7f (is_aux=true)
[115073212815] [[35mTRACE[0m] [bran::arch::x86_64::idt] [CPU0] PS/2 byte received: 0x19 (is_aux=true)
[115073664519] [[35mTRACE[0m] [bran::arch::x86_64::idt] [CPU0] PS/2 byte received: 0x81 (is_aux=true)
[115074110151] [[35mTRACE[0m] [bran::arch::x86_64::idt] [CPU0] PS/2 byte received: 0x7f (is_aux=true)
[115074582480] [[35mTRACE[0m] [bran::arch::x86_64::idt] [CPU0] PS/2 byte received: 0x19 (is_aux=true)
[115075053258] [[35mTRACE[0m] [bran::arch::x86_64::idt] [CPU0] PS/2 byte received: 0x81 (is_aux=true)
[115075520538] [[35mTRACE[0m] [bran::arch::x86_64::idt] [CPU0] PS/2 byte received: 0x7f (is_aux=true)
[115079621547] [[35mTRACE[0m] [kernel::irq::ps2] [CPU3] PS/2 take_scancode: popped 0x19 (is_aux=true)
[115081138623] [[35mTRACE[0m] [kernel::irq::ps2] [CPU3] PS/2 take_scancode: popped 0x81 (is_aux=true)
[115082577753] [[35mTRACE[0m] [kernel::irq::ps2] [CPU3] PS/2 take_scancode: popped 0x7f (is_aux=true)
[115083900657] [[35mTRACE[0m] [kernel::irq::ps2] [CPU3] PS/2 take_scancode: popped 0x19 (is_aux=true)
[115085326884] [[35mTRACE[0m] [kernel::irq::ps2] [CPU3] PS/2 take_scancode: popped 0x81 (is_aux=true)
[115086831684] [[35mTRACE[0m] [kernel::irq::ps2] [CPU3] PS/2 take_scancode: popped 0x7f (is_aux=true)
[115089567087] [[35mTRACE[0m] [kernel::irq::ps2] [CPU3] PS/2 take_scancode: popped 0x19 (is_aux=true)
[115090908999] [[35mTRACE[0m] [kernel::irq::ps2] [CPU3] PS/2 take_scancode: popped 0x81 (is_aux=true)
[115096166790] [[35mTRACE[0m] [kernel::irq::ps2] [CPU3] PS/2 take_scancode: popped 0x7f (is_aux=true)
[115097685615] [[35mTRACE[0m] [kernel::irq::ps2] [CPU3] PS/2 take_scancode: popped 0x19 (is_aux=true)
[115100178105] [[35mTRACE[0m] [kernel::irq::ps2] [CPU3] PS/2 take_scancode: popped 0x81 (is_aux=true)
[115101648288] [[35mTRACE[0m] [kernel::irq::ps2] [CPU3] PS/2 take_scancode: popped 0x7f (is_aux=true)
[115103210640] [[35mTRACE[0m] [kernel::irq::ps2] [CPU3] PS/2 take_scancode: popped 0x19 (is_aux=true)
[115104754215] [[35mTRACE[0m] [kernel::irq::ps2] [CPU3] PS/2 take_scancode: popped 0x81 (is_aux=true)
[115106288253] [[35mTRACE[0m] [kernel::irq::ps2] [CPU3] PS/2 take_scancode: popped 0x7f (is_aux=true)
[115296033138] [[35mTRACE[0m] [sprout::supervisor] [CPU0] SPROUT: Supervisor tick...
[115297962483] [[35mTRACE[0m] [sprout::supervisor] [CPU0] SPROUT: Loop iteration: spawn_bristle_if_needed
[115299361023] [[35mTRACE[0m] [sprout::supervisor] [CPU0] SPROUT: Loop iteration: spawn_display_if_needed
[115300706235] [[35mTRACE[0m] [sprout::supervisor] [CPU0] SPROUT: Loop iteration: spawn_bloom_if_ready
[115302294261] [[35mTRACE[0m] [sprout::supervisor] [CPU0] SPROUT: Loop iteration: spawn_wayland_hello_if_ready
[115303765698] [[35mTRACE[0m] [sprout::supervisor] [CPU0] SPROUT: Loop iteration: spawn_clock_if_ready
[115305147540] [[35mTRACE[0m] [sprout::supervisor] [CPU0] SPROUT: Loop iteration: spawn_leaf_if_ready
[115306489617] [[35mTRACE[0m] [sprout::supervisor] [CPU0] SPROUT: Loop iteration: tick complete
[115308020685] [[34mDEBUG[0m] [sprout::supervisor] [CPU0] SPROUT: ServiceLoop waiting for next event...
[115342187037] [[35mTRACE[0m] [bran::arch::x86_64::idt] [CPU0] PS/2 byte received: 0x19 (is_aux=true)
[115343373552] [[35mTRACE[0m] [bran::arch::x86_64::idt] [CPU0] PS/2 byte received: 0x81 (is_aux=true)
[115344213138] [[35mTRACE[0m] [bran::arch::x86_64::idt] [CPU0] PS/2 byte received: 0x7f (is_aux=true)
[115344662103] [[35mTRACE[0m] [bran::arch::x86_64::idt] [CPU0] PS/2 byte received: 0x19 (is_aux=true)
[115345126347] [[35mTRACE[0m] [bran::arch::x86_64::idt] [CPU0] PS/2 byte received: 0x81 (is_aux=true)
[115345579701] [[35mTRACE[0m] [bran::arch::x86_64::idt] [CPU0] PS/2 byte received: 0x7f (is_aux=true)
[115346016060] [[35mTRACE[0m] [bran::arch::x86_64::idt] [CPU0] PS/2 byte received: 0x19 (is_aux=true)
[115346448162] [[35mTRACE[0m] [bran::arch::x86_64::idt] [CPU0] PS/2 byte received: 0x81 (is_aux=true)
[115346925144] [[35mTRACE[0m] [bran::arch::x86_64::idt] [CPU0] PS/2 byte received: 0x19 (is_aux=true)
[115346707047] [[35mTRACE[0m] [bran::arch::x86_64::idt] [CPU1] PS/2 byte received: 0x7f (is_aux=true)
[115347426447] [[35mTRACE[0m] [bran::arch::x86_64::idt] [CPU0] PS/2 byte received: 0x81 (is_aux=true)
[115348134066] [[35mTRACE[0m] [bran::arch::x86_64::idt] [CPU1] PS/2 byte received: 0x7f (is_aux=true)
[115348216731] [[35mTRACE[0m] [bran::arch::x86_64::idt] [CPU0] PS/2 byte received: 0x19 (is_aux=true)
[115348774002] [[35mTRACE[0m] [bran::arch::x86_64::idt] [CPU1] PS/2 byte received: 0x81 (is_aux=true)
[115348936494] [[35mTRACE[0m] [bran::arch::x86_64::idt] [CPU0] PS/2 byte received: 0x7f (is_aux=true)
[115353805314] [[35mTRACE[0m] [ps2_kbd] [CPU2] ps2_kbd: yield on AUX data (mouse packet)
[115355418783] [[35mTRACE[0m] [kernel::irq::ps2] [CPU3] PS/2 take_scancode: popped 0x19 (is_aux=true)
[115357007106] [[35mTRACE[0m] [kernel::irq::ps2] [CPU3] PS/2 take_scancode: popped 0x81 (is_aux=true)
[115358365881] [[35mTRACE[0m] [kernel::irq::ps2] [CPU3] PS/2 take_scancode: popped 0x7f (is_aux=true)
[115359860418] [[35mTRACE[0m] [kernel::irq::ps2] [CPU3] PS/2 take_scancode: popped 0x19 (is_aux=true)
[115361148672] [[35mTRACE[0m] [kernel::irq::ps2] [CPU3] PS/2 take_scancode: popped 0x81 (is_aux=true)
[115362558036] [[35mTRACE[0m] [kernel::irq::ps2] [CPU3] PS/2 take_scancode: popped 0x7f (is_aux=true)
[115363866387] [[35mTRACE[0m] [kernel::irq::ps2] [CPU3] PS/2 take_scancode: popped 0x19 (is_aux=true)
[115365469758] [[35mTRACE[0m] [kernel::irq::ps2] [CPU3] PS/2 take_scancode: popped 0x81 (is_aux=true)
[115370316897] [[35mTRACE[0m] [kernel::irq::ps2] [CPU3] PS/2 take_scancode: popped 0x19 (is_aux=true)
[115371865554] [[35mTRACE[0m] [kernel::irq::ps2] [CPU3] PS/2 take_scancode: popped 0x7f (is_aux=true)
[115373337024] [[35mTRACE[0m] [kernel::irq::ps2] [CPU3] PS/2 take_scancode: popped 0x81 (is_aux=true)
[115374840702] [[35mTRACE[0m] [kernel::irq::ps2] [CPU3] PS/2 take_scancode: popped 0x7f (is_aux=true)
[115376279238] [[35mTRACE[0m] [kernel::irq::ps2] [CPU3] PS/2 take_scancode: popped 0x19 (is_aux=true)
[115377701142] [[35mTRACE[0m] [kernel::irq::ps2] [CPU3] PS/2 take_scancode: popped 0x81 (is_aux=true)
[115379164824] [[35mTRACE[0m] [kernel::irq::ps2] [CPU3] PS/2 take_scancode: popped 0x7f (is_aux=true)
[115499257467] [[35mTRACE[0m] [bran::arch::x86_64::idt] [CPU0] PS/2 byte received: 0x19 (is_aux=true)
[115500546711] [[35mTRACE[0m] [bran::arch::x86_64::idt] [CPU0] PS/2 byte received: 0x81 (is_aux=true)
[115501601160] [[35mTRACE[0m] [bran::arch::x86_64::idt] [CPU0] PS/2 byte received: 0x7f (is_aux=true)
[115502412564] [[35mTRACE[0m] [bran::arch::x86_64::idt] [CPU0] PS/2 byte received: 0x19 (is_aux=true)
[115502862882] [[35mTRACE[0m] [bran::arch::x86_64::idt] [CPU0] PS/2 byte received: 0x81 (is_aux=true)
[115503657291] [[35mTRACE[0m] [bran::arch::x86_64::idt] [CPU0] PS/2 byte received: 0x7f (is_aux=true)
[115504812654] [[35mTRACE[0m] [bran::arch::x86_64::idt] [CPU0] PS/2 byte received: 0x19 (is_aux=true)
[115505901390] [[35mTRACE[0m] [bran::arch::x86_64::idt] [CPU0] PS/2 byte received: 0x81 (is_aux=true)
[115506634188] [[35mTRACE[0m] [bran::arch::x86_64::idt] [CPU0] PS/2 byte received: 0x7f (is_aux=true)
[115507115724] [[35mTRACE[0m] [bran::arch::x86_64::idt] [CPU0] PS/2 byte received: 0x19 (is_aux=true)
[115507570563] [[35mTRACE[0m] [bran::arch::x86_64::idt] [CPU0] PS/2 byte received: 0x81 (is_aux=true)
[115508013126] [[35mTRACE[0m] [bran::arch::x86_64::idt] [CPU0] PS/2 byte received: 0x7f (is_aux=true)
[115508461101] [[35mTRACE[0m] [bran::arch::x86_64::idt] [CPU0] PS/2 byte received: 0x19 (is_aux=true)
[115508913102] [[35mTRACE[0m] [bran::arch::x86_64::idt] [CPU0] PS/2 byte received: 0x81 (is_aux=true)
[115509358503] [[35mTRACE[0m] [bran::arch::x86_64::idt] [CPU0] PS/2 byte received: 0x7f (is_aux=true)
[115514079615] [[35mTRACE[0m] [kernel::irq::ps2] [CPU3] PS/2 take_scancode: popped 0x19 (is_aux=true)
[115515527919] [[35mTRACE[0m] [kernel::irq::ps2] [CPU3] PS/2 take_scancode: popped 0x81 (is_aux=true)
[115522073403] [[35mTRACE[0m] [kernel::irq::ps2] [CPU3] PS/2 take_scancode: popped 0x7f (is_aux=true)
[115523721753] [[35mTRACE[0m] [kernel::irq::ps2] [CPU3] PS/2 take_scancode: popped 0x19 (is_aux=true)
[115525179330] [[35mTRACE[0m] [kernel::irq::ps2] [CPU3] PS/2 take_scancode: popped 0x81 (is_aux=true)
[115526682414] [[35mTRACE[0m] [kernel::irq::ps2] [CPU3] PS/2 take_scancode: popped 0x7f (is_aux=true)
[115528135833] [[35mTRACE[0m] [kernel::irq::ps2] [CPU3] PS/2 take_scancode: popped 0x19 (is_aux=true)
[115529614860] [[35mTRACE[0m] [kernel::irq::ps2] [CPU3] PS/2 take_scancode: popped 0x81 (is_aux=true)
[115531175727] [[35mTRACE[0m] [kernel::irq::ps2] [CPU3] PS/2 take_scancode: popped 0x7f (is_aux=true)
[115532609577] [[35mTRACE[0m] [kernel::irq::ps2] [CPU3] PS/2 take_scancode: popped 0x19 (is_aux=true)
[115534112727] [[35mTRACE[0m] [kernel::irq::ps2] [CPU3] PS/2 take_scancode: popped 0x81 (is_aux=true)
[115535567697] [[35mTRACE[0m] [kernel::irq::ps2] [CPU3] PS/2 take_scancode: popped 0x7f (is_aux=true)
[115537038903] [[35mTRACE[0m] [kernel::irq::ps2] [CPU3] PS/2 take_scancode: popped 0x19 (is_aux=true)
[115538511627] [[35mTRACE[0m] [kernel::irq::ps2] [CPU3] PS/2 take_scancode: popped 0x81 (is_aux=true)
[115540012104] [[35mTRACE[0m] [kernel::irq::ps2] [CPU3] PS/2 take_scancode: popped 0x7f (is_aux=true)
[115621910085] [[35mTRACE[0m] [sprout::supervisor] [CPU0] SPROUT: Supervisor tick...
[115624761087] [[35mTRACE[0m] [sprout::supervisor] [CPU0] SPROUT: Loop iteration: spawn_bristle_if_needed
[115626490782] [[35mTRACE[0m] [sprout::supervisor] [CPU0] SPROUT: Loop iteration: spawn_display_if_needed
[115627944465] [[35mTRACE[0m] [sprout::supervisor] [CPU0] SPROUT: Loop iteration: spawn_bloom_if_ready
[115630559814] [[35mTRACE[0m] [sprout::supervisor] [CPU0] SPROUT: Loop iteration: spawn_wayland_hello_if_ready
[115633148730] [[35mTRACE[0m] [sprout::supervisor] [CPU0] SPROUT: Loop iteration: spawn_clock_if_ready
[115634565354] [[35mTRACE[0m] [sprout::supervisor] [CPU0] SPROUT: Loop iteration: spawn_leaf_if_ready
[115635959868] [[35mTRACE[0m] [sprout::supervisor] [CPU0] SPROUT: Loop iteration: tick complete
[115637254953] [[34mDEBUG[0m] [sprout::supervisor] [CPU0] SPROUT: ServiceLoop waiting for next event...
[115657842465] [[35mTRACE[0m] [bran::arch::x86_64::idt] [CPU0] PS/2 byte received: 0x19 (is_aux=true)
[115658561436] [[35mTRACE[0m] [bran::arch::x86_64::idt] [CPU0] PS/2 byte received: 0x7f (is_aux=true)
[115658277207] [[35mTRACE[0m] [bran::arch::x86_64::idt] [CPU2] PS/2 byte received: 0x81 (is_aux=true)
[115659102933] [[35mTRACE[0m] [bran::arch::x86_64::idt] [CPU0] PS/2 byte received: 0x19 (is_aux=true)
[115659980700] [[35mTRACE[0m] [bran::arch::x86_64::idt] [CPU0] PS/2 byte received: 0x7f (is_aux=true)
[115659937800] [[35mTRACE[0m] [bran::arch::x86_64::idt] [CPU2] PS/2 byte received: 0x81 (is_aux=true)
[115660577736] [[35mTRACE[0m] [bran::arch::x86_64::idt] [CPU0] PS/2 byte received: 0x19 (is_aux=true)
[115660720791] [[35mTRACE[0m] [bran::arch::x86_64::idt] [CPU2] PS/2 byte received: 0x81 (is_aux=true)
[115661181900] [[35mTRACE[0m] [bran::arch::x86_64::idt] [CPU0] PS/2 byte received: 0x7f (is_aux=true)
[115661339871] [[35mTRACE[0m] [bran::arch::x86_64::idt] [CPU2] PS/2 byte received: 0x19 (is_aux=true)
[115661809230] [[35mTRACE[0m] [bran::arch::x86_64::idt] [CPU0] PS/2 byte received: 0x81 (is_aux=true)
[115661922321] [[35mTRACE[0m] [bran::arch::x86_64::idt] [CPU2] PS/2 byte received: 0x7f (is_aux=true)
[115662430488] [[35mTRACE[0m] [bran::arch::x86_64::idt] [CPU0] PS/2 byte received: 0x19 (is_aux=true)
[115662543843] [[35mTRACE[0m] [bran::arch::x86_64::idt] [CPU2] PS/2 byte received: 0x81 (is_aux=true)
[115663123884] [[35mTRACE[0m] [bran::arch::x86_64::idt] [CPU0] PS/2 byte received: 0x7f (is_aux=true)
[115666428966] [[35mTRACE[0m] [ps2_kbd] [CPU2] ps2_kbd: yield on AUX data (mouse packet)
[115668432891] [[35mTRACE[0m] [kernel::irq::ps2] [CPU3] PS/2 take_scancode: popped 0x19 (is_aux=true)
[115670195157] [[35mTRACE[0m] [kernel::irq::ps2] [CPU3] PS/2 take_scancode: popped 0x7f (is_aux=true)
[115683139539] [[35mTRACE[0m] [kernel::irq::ps2] [CPU3] PS/2 take_scancode: popped 0x81 (is_aux=true)
[115693794117] [[35mTRACE[0m] [kernel::irq::ps2] [CPU3] PS/2 take_scancode: popped 0x19 (is_aux=true)
[115695332181] [[35mTRACE[0m] [kernel::irq::ps2] [CPU3] PS/2 take_scancode: popped 0x7f (is_aux=true)
[115696814442] [[35mTRACE[0m] [kernel::irq::ps2] [CPU3] PS/2 take_scancode: popped 0x81 (is_aux=true)
[115698292083] [[35mTRACE[0m] [kernel::irq::ps2] [CPU3] PS/2 take_scancode: popped 0x19 (is_aux=true)
[115699860177] [[35mTRACE[0m] [kernel::irq::ps2] [CPU3] PS/2 take_scancode: popped 0x81 (is_aux=true)
[115701493512] [[35mTRACE[0m] [kernel::irq::ps2] [CPU3] PS/2 take_scancode: popped 0x7f (is_aux=true)
[115702973661] [[35mTRACE[0m] [kernel::irq::ps2] [CPU3] PS/2 take_scancode: popped 0x19 (is_aux=true)
[115704467043] [[35mTRACE[0m] [kernel::irq::ps2] [CPU3] PS/2 take_scancode: popped 0x81 (is_aux=true)
[115705962438] [[35mTRACE[0m] [kernel::irq::ps2] [CPU3] PS/2 take_scancode: popped 0x7f (is_aux=true)
[115707461661] [[35mTRACE[0m] [kernel::irq::ps2] [CPU3] PS/2 take_scancode: popped 0x19 (is_aux=true)
[115709062029] [[35mTRACE[0m] [kernel::irq::ps2] [CPU3] PS/2 take_scancode: popped 0x81 (is_aux=true)
[115710628242] [[35mTRACE[0m] [kernel::irq::ps2] [CPU3] PS/2 take_scancode: popped 0x7f (is_aux=true)
[115816843263] [[35mTRACE[0m] [bran::arch::x86_64::idt] [CPU0] PS/2 byte received: 0x19 (is_aux=true)
[115817376081] [[35mTRACE[0m] [bran::arch::x86_64::idt] [CPU0] PS/2 byte received: 0x81 (is_aux=true)
[115817887515] [[35mTRACE[0m] [bran::arch::x86_64::idt] [CPU0] PS/2 byte received: 0x7f (is_aux=true)
[115818371064] [[35mTRACE[0m] [bran::arch::x86_64::idt] [CPU0] PS/2 byte received: 0x19 (is_aux=true)
[115819284603] [[35mTRACE[0m] [bran::arch::x86_64::idt] [CPU0] PS/2 byte received: 0x81 (is_aux=true)
[115820232957] [[35mTRACE[0m] [bran::arch::x86_64::idt] [CPU0] PS/2 byte received: 0x7f (is_aux=true)
[115820702712] [[35mTRACE[0m] [kernel::irq::ps2] [CPU3] PS/2 take_scancode: popped 0x19 (is_aux=true)
[115821676509] [[35mTRACE[0m] [bran::arch::x86_64::idt] [CPU0] PS/2 byte received: 0x19 (is_aux=true)
[115822232625] [[34mDEBUG[0m] [kernel::vfs::provider] [CPU1] VFS_RPC: request op=DeviceCall len=48 tid=10
[115822789830] [[35mTRACE[0m] [kernel::irq::ps2] [CPU3] PS/2 take_scancode: popped 0x81 (is_aux=true)
[115822694526] [[35mTRACE[0m] [bran::arch::x86_64::idt] [CPU2] PS/2 byte received: 0x7f (is_aux=true)
[115822656411] [[35mTRACE[0m] [bran::arch::x86_64::idt] [CPU0] PS/2 byte received: 0x81 (is_aux=true)
[115823685615] [[35mTRACE[0m] [bran::arch::x86_64::idt] [CPU2] PS/2 byte received: 0x19 (is_aux=true)
[115823847150] [[35mTRACE[0m] [bran::arch::x86_64::idt] [CPU0] PS/2 byte received: 0x81 (is_aux=true)
[115824195828] [[35mTRACE[0m] [bran::arch::x86_64::idt] [CPU2] PS/2 byte received: 0x7f (is_aux=true)
[115824477087] [[35mTRACE[0m] [kernel::irq::ps2] [CPU3] PS/2 take_scancode: popped 0x7f (is_aux=true)
[115824696306] [[35mTRACE[0m] [bran::arch::x86_64::idt] [CPU2] PS/2 byte received: 0x81 (is_aux=true)
[115824572424] [[35mTRACE[0m] [bran::arch::x86_64::idt] [CPU0] PS/2 byte received: 0x19 (is_aux=true)
[115825381650] [[35mTRACE[0m] [bran::arch::x86_64::idt] [CPU2] PS/2 byte received: 0x7f (is_aux=true)
[115826245887] [[35mTRACE[0m] [kernel::irq::ps2] [CPU3] PS/2 take_scancode: popped 0x19 (is_aux=true)
[115828406100] [[35mTRACE[0m] [ps2_kbd] [CPU2] ps2_kbd: yield on AUX data (mouse packet)
[115828573047] [[35mTRACE[0m] [kernel::irq::ps2] [CPU3] PS/2 take_scancode: popped 0x81 (is_aux=true)
[115830614856] [[35mTRACE[0m] [kernel::irq::ps2] [CPU3] PS/2 take_scancode: popped 0x7f (is_aux=true)
[115831926936] [[35mTRACE[0m] [kernel::irq::ps2] [CPU3] PS/2 take_scancode: popped 0x19 (is_aux=true)
[115833277395] [[35mTRACE[0m] [kernel::irq::ps2] [CPU3] PS/2 take_scancode: popped 0x7f (is_aux=true)
[115834576869] [[35mTRACE[0m] [kernel::irq::ps2] [CPU3] PS/2 take_scancode: popped 0x81 (is_aux=true)
[115836080514] [[35mTRACE[0m] [kernel::irq::ps2] [CPU3] PS/2 take_scancode: popped 0x19 (is_aux=true)
[115837431435] [[35mTRACE[0m] [kernel::irq::ps2] [CPU3] PS/2 take_scancode: popped 0x81 (is_aux=true)
[115838743152] [[35mTRACE[0m] [kernel::irq::ps2] [CPU3] PS/2 take_scancode: popped 0x7f (is_aux=true)
[115849337241] [[35mTRACE[0m] [kernel::irq::ps2] [CPU3] PS/2 take_scancode: popped 0x81 (is_aux=true)
[115850847189] [[35mTRACE[0m] [kernel::irq::ps2] [CPU3] PS/2 take_scancode: popped 0x19 (is_aux=true)
[115852341957] [[35mTRACE[0m] [kernel::irq::ps2] [CPU3] PS/2 take_scancode: popped 0x7f (is_aux=true)
[115861090389] [[35mTRACE[0m] [display_virtio_gpu] [CPU3] display_virtio_gpu: VFS RPC op=DeviceCall
[115862032935] [[35mTRACE[0m] [display_virtio_gpu] [CPU3] DISP: DISPLAY_OP_GET_INFO requested
[115862635086] [[35mTRACE[0m] [display_virtio_gpu] [CPU3] DISP: Returning dimensions 1280x800
[115863207933] [[35mTRACE[0m] [display_virtio_gpu] [CPU3] display_virtio_gpu: VFS RPC response begin op=DeviceCall req_id=122
[115864753488] [[35mTRACE[0m] [display_virtio_gpu] [CPU3] display_virtio_gpu: VFS RPC response sent op=DeviceCall req_id=122
[115868267922] [[34mDEBUG[0m] [kernel::vfs::provider] [CPU1] VFS_RPC: response op=DeviceCall id=122 -> OK(48)
[115952307801] [[35mTRACE[0m] [sprout::supervisor] [CPU0] SPROUT: Supervisor tick...
[115955545002] [[35mTRACE[0m] [sprout::supervisor] [CPU0] SPROUT: Loop iteration: spawn_bristle_if_needed
[115957771611] [[35mTRACE[0m] [sprout::supervisor] [CPU0] SPROUT: Loop iteration: spawn_display_if_needed
[115959198597] [[35mTRACE[0m] [sprout::supervisor] [CPU0] SPROUT: Loop iteration: spawn_bloom_if_ready
[115960574829] [[35mTRACE[0m] [sprout::supervisor] [CPU0] SPROUT: Loop iteration: spawn_wayland_hello_if_ready
[115962097086] [[35mTRACE[0m] [sprout::supervisor] [CPU0] SPROUT: Loop iteration: spawn_clock_if_ready
[115963463583] [[35mTRACE[0m] [sprout::supervisor] [CPU0] SPROUT: Loop iteration: spawn_leaf_if_ready
[115964835096] [[35mTRACE[0m] [sprout::supervisor] [CPU0] SPROUT: Loop iteration: tick complete
[115966226244] [[34mDEBUG[0m] [sprout::supervisor] [CPU0] SPROUT: ServiceLoop waiting for next event...
[115976560491] [[35mTRACE[0m] [bran::arch::x86_64::idt] [CPU0] PS/2 byte received: 0x19 (is_aux=true)
[115977829935] [[35mTRACE[0m] [bran::arch::x86_64::idt] [CPU0] PS/2 byte received: 0x81 (is_aux=true)
[115978877982] [[35mTRACE[0m] [bran::arch::x86_64::idt] [CPU0] PS/2 byte received: 0x7f (is_aux=true)
[115979789772] [[35mTRACE[0m] [bran::arch::x86_64::idt] [CPU3] PS/2 byte received: 0x19 (is_aux=true)
[115980034632] [[35mTRACE[0m] [bran::arch::x86_64::idt] [CPU0] PS/2 byte received: 0x81 (is_aux=true)
[115980400173] [[35mTRACE[0m] [bran::arch::x86_64::idt] [CPU3] PS/2 byte received: 0x7f (is_aux=true)
[115981063671] [[35mTRACE[0m] [bran::arch::x86_64::idt] [CPU0] PS/2 byte received: 0x19 (is_aux=true)
[115981185441] [[35mTRACE[0m] [bran::arch::x86_64::idt] [CPU3] PS/2 byte received: 0x81 (is_aux=true)
[115981720173] [[35mTRACE[0m] [bran::arch::x86_64::idt] [CPU0] PS/2 byte received: 0x7f (is_aux=true)
[115981821120] [[35mTRACE[0m] [bran::arch::x86_64::idt] [CPU3] PS/2 byte received: 0x19 (is_aux=true)
[115982386443] [[35mTRACE[0m] [bran::arch::x86_64::idt] [CPU0] PS/2 byte received: 0x81 (is_aux=true)
[115982486961] [[35mTRACE[0m] [bran::arch::x86_64::idt] [CPU3] PS/2 byte received: 0x7f (is_aux=true)
[115983046245] [[35mTRACE[0m] [bran::arch::x86_64::idt] [CPU0] PS/2 byte received: 0x19 (is_aux=true)
[115983142341] [[35mTRACE[0m] [bran::arch::x86_64::idt] [CPU3] PS/2 byte received: 0x81 (is_aux=true)
[115983677634] [[35mTRACE[0m] [bran::arch::x86_64::idt] [CPU0] PS/2 byte received: 0x7f (is_aux=true)
[115989812136] [[35mTRACE[0m] [kernel::irq::ps2] [CPU3] PS/2 take_scancode: popped 0x19 (is_aux=true)
[115992729633] [[35mTRACE[0m] [ps2_kbd] [CPU2] ps2_kbd: yield on AUX data (mouse packet)
[116000819715] [[35mTRACE[0m] [kernel::irq::ps2] [CPU3] PS/2 take_scancode: popped 0x81 (is_aux=true)
[116002382463] [[35mTRACE[0m] [kernel::irq::ps2] [CPU3] PS/2 take_scancode: popped 0x7f (is_aux=true)
[116003915544] [[35mTRACE[0m] [kernel::irq::ps2] [CPU3] PS/2 take_scancode: popped 0x19 (is_aux=true)
[116005558053] [[35mTRACE[0m] [kernel::irq::ps2] [CPU3] PS/2 take_scancode: popped 0x81 (is_aux=true)
[116006880099] [[35mTRACE[0m] [kernel::irq::ps2] [CPU3] PS/2 take_scancode: popped 0x7f (is_aux=true)
[116008212177] [[35mTRACE[0m] [kernel::irq::ps2] [CPU3] PS/2 take_scancode: popped 0x19 (is_aux=true)
[116009511618] [[35mTRACE[0m] [kernel::irq::ps2] [CPU3] PS/2 take_scancode: popped 0x81 (is_aux=true)
[116011245834] [[35mTRACE[0m] [kernel::irq::ps2] [CPU3] PS/2 take_scancode: popped 0x7f (is_aux=true)
[116021312121] [[35mTRACE[0m] [kernel::irq::ps2] [CPU3] PS/2 take_scancode: popped 0x19 (is_aux=true)
[116022947799] [[35mTRACE[0m] [kernel::irq::ps2] [CPU3] PS/2 take_scancode: popped 0x81 (is_aux=true)
[116024500053] [[35mTRACE[0m] [kernel::irq::ps2] [CPU3] PS/2 take_scancode: popped 0x7f (is_aux=true)
[116025969246] [[35mTRACE[0m] [kernel::irq::ps2] [CPU3] PS/2 take_scancode: popped 0x19 (is_aux=true)
[116027459130] [[35mTRACE[0m] [kernel::irq::ps2] [CPU3] PS/2 take_scancode: popped 0x81 (is_aux=true)
[116028899613] [[35mTRACE[0m] [kernel::irq::ps2] [CPU3] PS/2 take_scancode: popped 0x7f (is_aux=true)
[116136244158] [[35mTRACE[0m] [bran::arch::x86_64::idt] [CPU0] PS/2 byte received: 0x81 (is_aux=true)
[116136221091] [[35mTRACE[0m] [bran::arch::x86_64::idt] [CPU1] PS/2 byte received: 0x19 (is_aux=true)
[116136992235] [[35mTRACE[0m] [bran::arch::x86_64::idt] [CPU0] PS/2 byte received: 0x7f (is_aux=true)
[116137166013] [[35mTRACE[0m] [bran::arch::x86_64::idt] [CPU1] PS/2 byte received: 0x19 (is_aux=true)
[116137672365] [[35mTRACE[0m] [bran::arch::x86_64::idt] [CPU0] PS/2 byte received: 0x81 (is_aux=true)
[116137849311] [[35mTRACE[0m] [bran::arch::x86_64::idt] [CPU1] PS/2 byte received: 0x7f (is_aux=true)
[116138355465] [[35mTRACE[0m] [bran::arch::x86_64::idt] [CPU0] PS/2 byte received: 0x19 (is_aux=true)
[116138489742] [[35mTRACE[0m] [bran::arch::x86_64::idt] [CPU1] PS/2 byte received: 0x81 (is_aux=true)
[116139006126] [[35mTRACE[0m] [bran::arch::x86_64::idt] [CPU0] PS/2 byte received: 0x7f (is_aux=true)
[116139124827] [[35mTRACE[0m] [bran::arch::x86_64::idt] [CPU1] PS/2 byte received: 0x19 (is_aux=true)
[116139641838] [[35mTRACE[0m] [bran::arch::x86_64::idt] [CPU0] PS/2 byte received: 0x81 (is_aux=true)
[116139807663] [[35mTRACE[0m] [bran::arch::x86_64::idt] [CPU1] PS/2 byte received: 0x7f (is_aux=true)
[116140268244] [[35mTRACE[0m] [bran::arch::x86_64::idt] [CPU0] PS/2 byte received: 0x19 (is_aux=true)
[116140402719] [[35mTRACE[0m] [bran::arch::x86_64::idt] [CPU1] PS/2 byte received: 0x81 (is_aux=true)
[116140917123] [[35mTRACE[0m] [bran::arch::x86_64::idt] [CPU0] PS/2 byte received: 0x7f (is_aux=true)
[116146080633] [[35mTRACE[0m] [ps2_kbd] [CPU2] ps2_kbd: yield on AUX data (mouse packet)
[116147898603] [[35mTRACE[0m] [kernel::irq::ps2] [CPU3] PS/2 take_scancode: popped 0x81 (is_aux=true)
[116149414194] [[35mTRACE[0m] [kernel::irq::ps2] [CPU3] PS/2 take_scancode: popped 0x19 (is_aux=true)
[116150762937] [[35mTRACE[0m] [kernel::irq::ps2] [CPU3] PS/2 take_scancode: popped 0x7f (is_aux=true)
[116152168209] [[35mTRACE[0m] [kernel::irq::ps2] [CPU3] PS/2 take_scancode: popped 0x19 (is_aux=true)
[116153594568] [[35mTRACE[0m] [kernel::irq::ps2] [CPU3] PS/2 take_scancode: popped 0x81 (is_aux=true)
[116154961725] [[35mTRACE[0m] [kernel::irq::ps2] [CPU3] PS/2 take_scancode: popped 0x7f (is_aux=true)
[116156373366] [[35mTRACE[0m] [kernel::irq::ps2] [CPU3] PS/2 take_scancode: popped 0x19 (is_aux=true)
[116157730920] [[35mTRACE[0m] [kernel::irq::ps2] [CPU3] PS/2 take_scancode: popped 0x81 (is_aux=true)
[116159193909] [[35mTRACE[0m] [kernel::irq::ps2] [CPU3] PS/2 take_scancode: popped 0x7f (is_aux=true)
[116168978970] [[35mTRACE[0m] [kernel::irq::ps2] [CPU3] PS/2 take_scancode: popped 0x19 (is_aux=true)
[116170522710] [[35mTRACE[0m] [kernel::irq::ps2] [CPU3] PS/2 take_scancode: popped 0x81 (is_aux=true)
[116179760796] [[35mTRACE[0m] [kernel::irq::ps2] [CPU3] PS/2 take_scancode: popped 0x7f (is_aux=true)
[116181307374] [[35mTRACE[0m] [kernel::irq::ps2] [CPU3] PS/2 take_scancode: popped 0x19 (is_aux=true)
[116182829862] [[35mTRACE[0m] [kernel::irq::ps2] [CPU3] PS/2 take_scancode: popped 0x81 (is_aux=true)
[116184267573] [[35mTRACE[0m] [kernel::irq::ps2] [CPU3] PS/2 take_scancode: popped 0x7f (is_aux=true)
[116274244812] [[35mTRACE[0m] [sprout::supervisor] [CPU0] SPROUT: Supervisor tick...
[116275775253] [[35mTRACE[0m] [sprout::supervisor] [CPU0] SPROUT: Loop iteration: spawn_bristle_if_needed
[116277222996] [[35mTRACE[0m] [sprout::supervisor] [CPU0] SPROUT: Loop iteration: spawn_display_if_needed
[116278563786] [[35mTRACE[0m] [sprout::supervisor] [CPU0] SPROUT: Loop iteration: spawn_bloom_if_ready
[116279894412] [[35mTRACE[0m] [sprout::supervisor] [CPU0] SPROUT: Loop iteration: spawn_wayland_hello_if_ready
[116281299783] [[35mTRACE[0m] [sprout::supervisor] [CPU0] SPROUT: Loop iteration: spawn_clock_if_ready
[116282740728] [[35mTRACE[0m] [sprout::supervisor] [CPU0] SPROUT: Loop iteration: spawn_leaf_if_ready
[116284016937] [[35mTRACE[0m] [sprout::supervisor] [CPU0] SPROUT: Loop iteration: tick complete
[116285852034] [[34mDEBUG[0m] [sprout::supervisor] [CPU0] SPROUT: ServiceLoop waiting for next event...
[116292516450] [[35mTRACE[0m] [bran::arch::x86_64::idt] [CPU0] PS/2 byte received: 0x18 (is_aux=true)
[116293320792] [[35mTRACE[0m] [bran::arch::x86_64::idt] [CPU0] PS/2 byte received: 0x81 (is_aux=true)
[116293819587] [[35mTRACE[0m] [bran::arch::x86_64::idt] [CPU0] PS/2 byte received: 0x7f (is_aux=true)
[116294276340] [[35mTRACE[0m] [bran::arch::x86_64::idt] [CPU0] PS/2 byte received: 0x18 (is_aux=true)
[116294754114] [[35mTRACE[0m] [bran::arch::x86_64::idt] [CPU0] PS/2 byte received: 0x81 (is_aux=true)
[116295211824] [[35mTRACE[0m] [bran::arch::x86_64::idt] [CPU0] PS/2 byte received: 0x7f (is_aux=true)
[116295667290] [[35mTRACE[0m] [bran::arch::x86_64::idt] [CPU0] PS/2 byte received: 0x18 (is_aux=true)
[116296123647] [[35mTRACE[0m] [bran::arch::x86_64::idt] [CPU0] PS/2 byte received: 0x81 (is_aux=true)
[116296564098] [[35mTRACE[0m] [bran::arch::x86_64::idt] [CPU0] PS/2 byte received: 0x7f (is_aux=true)
[116297110809] [[35mTRACE[0m] [bran::arch::x86_64::idt] [CPU0] PS/2 byte received: 0x18 (is_aux=true)
[116297758368] [[35mTRACE[0m] [bran::arch::x86_64::idt] [CPU0] PS/2 byte received: 0x81 (is_aux=true)
[116298343821] [[35mTRACE[0m] [bran::arch::x86_64::idt] [CPU0] PS/2 byte received: 0x7f (is_aux=true)
[116298929538] [[35mTRACE[0m] [bran::arch::x86_64::idt] [CPU0] PS/2 byte received: 0x18 (is_aux=true)
[116299510536] [[35mTRACE[0m] [bran::arch::x86_64::idt] [CPU0] PS/2 byte received: 0x81 (is_aux=true)
[116300082030] [[35mTRACE[0m] [bran::arch::x86_64::idt] [CPU0] PS/2 byte received: 0x7f (is_aux=true)
[116312146005] [[35mTRACE[0m] [kernel::irq::ps2] [CPU3] PS/2 take_scancode: popped 0x18 (is_aux=true)
[116313626319] [[35mTRACE[0m] [kernel::irq::ps2] [CPU3] PS/2 take_scancode: popped 0x81 (is_aux=true)
[116314943943] [[35mTRACE[0m] [kernel::irq::ps2] [CPU3] PS/2 take_scancode: popped 0x7f (is_aux=true)
[116316883485] [[35mTRACE[0m] [kernel::irq::ps2] [CPU3] PS/2 take_scancode: popped 0x18 (is_aux=true)
[116318222922] [[35mTRACE[0m] [kernel::irq::ps2] [CPU3] PS/2 take_scancode: popped 0x81 (is_aux=true)
[116319535860] [[35mTRACE[0m] [kernel::irq::ps2] [CPU3] PS/2 take_scancode: popped 0x7f (is_aux=true)
[116320888794] [[35mTRACE[0m] [kernel::irq::ps2] [CPU3] PS/2 take_scancode: popped 0x18 (is_aux=true)
[116322169458] [[35mTRACE[0m] [kernel::irq::ps2] [CPU3] PS/2 take_scancode: popped 0x81 (is_aux=true)
[116323545954] [[35mTRACE[0m] [kernel::irq::ps2] [CPU3] PS/2 take_scancode: popped 0x7f (is_aux=true)
[116324874039] [[35mTRACE[0m] [kernel::irq::ps2] [CPU3] PS/2 take_scancode: popped 0x18 (is_aux=true)
[116326404909] [[35mTRACE[0m] [kernel::irq::ps2] [CPU3] PS/2 take_scancode: popped 0x81 (is_aux=true)
[116327999601] [[35mTRACE[0m] [kernel::irq::ps2] [CPU3] PS/2 take_scancode: popped 0x7f (is_aux=true)
[116329610001] [[35mTRACE[0m] [kernel::irq::ps2] [CPU3] PS/2 take_scancode: popped 0x18 (is_aux=true)
[116332828326] [[35mTRACE[0m] [kernel::irq::ps2] [CPU3] PS/2 take_scancode: popped 0x81 (is_aux=true)
[116334517134] [[35mTRACE[0m] [kernel::irq::ps2] [CPU3] PS/2 take_scancode: popped 0x7f (is_aux=true)
[116609598336] [[34mDEBUG[0m] [kernel::vfs::provider] [CPU1] VFS_RPC: request op=DeviceCall len=48 tid=10
[116611149897] [[35mTRACE[0m] [sprout::supervisor] [CPU0] SPROUT: Supervisor tick...
[116613958131] [[35mTRACE[0m] [sprout::supervisor] [CPU0] SPROUT: Loop iteration: spawn_bristle_if_needed
[116617297632] [[35mTRACE[0m] [sprout::supervisor] [CPU0] SPROUT: Loop iteration: spawn_display_if_needed
[116619797250] [[35mTRACE[0m] [sprout::supervisor] [CPU0] SPROUT: Loop iteration: spawn_bloom_if_ready
[116622151668] [[35mTRACE[0m] [sprout::supervisor] [CPU0] SPROUT: Loop iteration: spawn_wayland_hello_if_ready
[116624644290] [[35mTRACE[0m] [sprout::supervisor] [CPU0] SPROUT: Loop iteration: spawn_clock_if_ready
[116627439753] [[35mTRACE[0m] [sprout::supervisor] [CPU0] SPROUT: Loop iteration: spawn_leaf_if_ready
[116629887759] [[35mTRACE[0m] [sprout::supervisor] [CPU0] SPROUT: Loop iteration: tick complete
[116631634416] [[34mDEBUG[0m] [sprout::supervisor] [CPU0] SPROUT: ServiceLoop waiting for next event...
[116643617277] [[35mTRACE[0m] [display_virtio_gpu] [CPU3] display_virtio_gpu: VFS RPC op=DeviceCall
[116644638528] [[35mTRACE[0m] [display_virtio_gpu] [CPU3] DISP: DISPLAY_OP_GET_INFO requested
[116645517714] [[35mTRACE[0m] [display_virtio_gpu] [CPU3] DISP: Returning dimensions 1280x800
[116646234111] [[35mTRACE[0m] [display_virtio_gpu] [CPU3] display_virtio_gpu: VFS RPC response begin op=DeviceCall req_id=123
[116648135868] [[35mTRACE[0m] [display_virtio_gpu] [CPU3] display_virtio_gpu: VFS RPC response sent op=DeviceCall req_id=123
[116652995712] [[34mDEBUG[0m] [kernel::vfs::provider] [CPU1] VFS_RPC: response op=DeviceCall id=123 -> OK(48)
[116964345663] [[35mTRACE[0m] [sprout::supervisor] [CPU0] SPROUT: Supervisor tick...
[116965875906] [[35mTRACE[0m] [sprout::supervisor] [CPU0] SPROUT: Loop iteration: spawn_bristle_if_needed
[116967323418] [[35mTRACE[0m] [sprout::supervisor] [CPU0] SPROUT: Loop iteration: spawn_display_if_needed
[116968683480] [[35mTRACE[0m] [sprout::supervisor] [CPU0] SPROUT: Loop iteration: spawn_bloom_if_ready
[116970108288] [[35mTRACE[0m] [sprout::supervisor] [CPU0] SPROUT: Loop iteration: spawn_wayland_hello_if_ready
[116971541841] [[35mTRACE[0m] [sprout::supervisor] [CPU0] SPROUT: Loop iteration: spawn_clock_if_ready
[116972902926] [[35mTRACE[0m] [sprout::supervisor] [CPU0] SPROUT: Loop iteration: spawn_leaf_if_ready
[116974759308] [[35mTRACE[0m] [sprout::supervisor] [CPU0] SPROUT: Loop iteration: tick complete
[116976328062] [[34mDEBUG[0m] [sprout::supervisor] [CPU0] SPROUT: ServiceLoop waiting for next event...
[117301030836] [[35mTRACE[0m] [sprout::supervisor] [CPU0] SPROUT: Supervisor tick...
[117302517321] [[35mTRACE[0m] [sprout::supervisor] [CPU0] SPROUT: Loop iteration: spawn_bristle_if_needed
[117304475805] [[35mTRACE[0m] [sprout::supervisor] [CPU0] SPROUT: Loop iteration: spawn_display_if_needed
[117305966019] [[35mTRACE[0m] [sprout::supervisor] [CPU0] SPROUT: Loop iteration: spawn_bloom_if_ready
[117307306413] [[35mTRACE[0m] [sprout::supervisor] [CPU0] SPROUT: Loop iteration: spawn_wayland_hello_if_ready
[117308793921] [[35mTRACE[0m] [sprout::supervisor] [CPU0] SPROUT: Loop iteration: spawn_clock_if_ready
[117310214043] [[35mTRACE[0m] [sprout::supervisor] [CPU0] SPROUT: Loop iteration: spawn_leaf_if_ready
[117311600307] [[35mTRACE[0m] [sprout::supervisor] [CPU0] SPROUT: Loop iteration: tick complete
[117312893577] [[34mDEBUG[0m] [sprout::supervisor] [CPU0] SPROUT: ServiceLoop waiting for next event...
[117387732891] [[32mINFO [0m] [kernel::time] [CPU0] System clock tick: utc=2026-05-01 23:21:08.126872251 unix_secs=1777677668.126872251
[117397142214] [[34mDEBUG[0m] [kernel::vfs::provider] [CPU1] VFS_RPC: request op=DeviceCall len=48 tid=10
[117400838907] [[35mTRACE[0m] [display_virtio_gpu] [CPU3] display_virtio_gpu: VFS RPC op=DeviceCall
[117402000804] [[35mTRACE[0m] [display_virtio_gpu] [CPU3] DISP: DISPLAY_OP_GET_INFO requested
[117402740433] [[35mTRACE[0m] [display_virtio_gpu] [CPU3] DISP: Returning dimensions 1280x800
[117403317108] [[35mTRACE[0m] [display_virtio_gpu] [CPU3] display_virtio_gpu: VFS RPC response begin op=DeviceCall req_id=124
[117405188967] [[35mTRACE[0m] [display_virtio_gpu] [CPU3] display_virtio_gpu: VFS RPC response sent op=DeviceCall req_id=124
[117407693106] [[34mDEBUG[0m] [kernel::vfs::provider] [CPU1] VFS_RPC: response op=DeviceCall id=124 -> OK(48)
[117629757432] [[35mTRACE[0m] [sprout::supervisor] [CPU0] SPROUT: Supervisor tick...
[117631286421] [[35mTRACE[0m] [sprout::supervisor] [CPU0] SPROUT: Loop iteration: spawn_bristle_if_needed
[117633145344] [[35mTRACE[0m] [sprout::supervisor] [CPU0] SPROUT: Loop iteration: spawn_display_if_needed
[117634650705] [[35mTRACE[0m] [sprout::supervisor] [CPU0] SPROUT: Loop iteration: spawn_bloom_if_ready
[117636003738] [[35mTRACE[0m] [sprout::supervisor] [CPU0] SPROUT: Loop iteration: spawn_wayland_hello_if_ready
[117637442175] [[35mTRACE[0m] [sprout::supervisor] [CPU0] SPROUT: Loop iteration: spawn_clock_if_ready
[117638838966] [[35mTRACE[0m] [sprout::supervisor] [CPU0] SPROUT: Loop iteration: spawn_leaf_if_ready
[117640195464] [[35mTRACE[0m] [sprout::supervisor] [CPU0] SPROUT: Loop iteration: tick complete
[117641564205] [[34mDEBUG[0m] [sprout::supervisor] [CPU0] SPROUT: ServiceLoop waiting for next event...
[117959635101] [[35mTRACE[0m] [sprout::supervisor] [CPU0] SPROUT: Supervisor tick...
[117961952559] [[35mTRACE[0m] [sprout::supervisor] [CPU0] SPROUT: Loop iteration: spawn_bristle_if_needed
[117963332421] [[35mTRACE[0m] [sprout::supervisor] [CPU0] SPROUT: Loop iteration: spawn_display_if_needed
[117964857384] [[35mTRACE[0m] [sprout::supervisor] [CPU0] SPROUT: Loop iteration: spawn_bloom_if_ready
[117966231141] [[35mTRACE[0m] [sprout::supervisor] [CPU0] SPROUT: Loop iteration: spawn_wayland_hello_if_ready
[117967791150] [[35mTRACE[0m] [sprout::supervisor] [CPU0] SPROUT: Loop iteration: spawn_clock_if_ready
[117969174906] [[35mTRACE[0m] [sprout::supervisor] [CPU0] SPROUT: Loop iteration: spawn_leaf_if_ready
[117970557012] [[35mTRACE[0m] [sprout::supervisor] [CPU0] SPROUT: Loop iteration: tick complete
[117971905557] [[34mDEBUG[0m] [sprout::supervisor] [CPU0] SPROUT: ServiceLoop waiting for next event...
[118221572403] [[34mDEBUG[0m] [kernel::vfs::provider] [CPU1] VFS_RPC: request op=DeviceCall len=48 tid=10
[118251892242] [[35mTRACE[0m] [display_virtio_gpu] [CPU3] display_virtio_gpu: VFS RPC op=DeviceCall
[118253347080] [[35mTRACE[0m] [display_virtio_gpu] [CPU3] DISP: DISPLAY_OP_GET_INFO requested
[118254111723] [[35mTRACE[0m] [display_virtio_gpu] [CPU3] DISP: Returning dimensions 1280x800
[118254710937] [[35mTRACE[0m] [display_virtio_gpu] [CPU3] display_virtio_gpu: VFS RPC response begin op=DeviceCall req_id=125
[118256644770] [[35mTRACE[0m] [display_virtio_gpu] [CPU3] display_virtio_gpu: VFS RPC response sent op=DeviceCall req_id=125
[118261446567] [[34mDEBUG[0m] [kernel::vfs::provider] [CPU1] VFS_RPC: response op=DeviceCall id=125 -> OK(48)
[118285887588] [[35mTRACE[0m] [sprout::supervisor] [CPU0] SPROUT: Supervisor tick...
[118289020311] [[35mTRACE[0m] [sprout::supervisor] [CPU0] SPROUT: Loop iteration: spawn_bristle_if_needed
[118290229101] [[35mTRACE[0m] [sprout::supervisor] [CPU0] SPROUT: Loop iteration: spawn_display_if_needed
[118292127360] [[35mTRACE[0m] [sprout::supervisor] [CPU0] SPROUT: Loop iteration: spawn_bloom_if_ready
[118293548505] [[35mTRACE[0m] [sprout::supervisor] [CPU0] SPROUT: Loop iteration: spawn_wayland_hello_if_ready
[118294985358] [[35mTRACE[0m] [sprout::supervisor] [CPU0] SPROUT: Loop iteration: spawn_clock_if_ready
[118296405051] [[35mTRACE[0m] [sprout::supervisor] [CPU0] SPROUT: Loop iteration: spawn_leaf_if_ready
[118297783362] [[35mTRACE[0m] [sprout::supervisor] [CPU0] SPROUT: Loop iteration: tick complete
[118299073662] [[34mDEBUG[0m] [sprout::supervisor] [CPU0] SPROUT: ServiceLoop waiting for next event...
[118616537490] [[35mTRACE[0m] [sprout::supervisor] [CPU0] SPROUT: Supervisor tick...
[118620268140] [[35mTRACE[0m] [sprout::supervisor] [CPU0] SPROUT: Loop iteration: spawn_bristle_if_needed
[118622183394] [[35mTRACE[0m] [sprout::supervisor] [CPU0] SPROUT: Loop iteration: spawn_display_if_needed
[118623625065] [[35mTRACE[0m] [sprout::supervisor] [CPU0] SPROUT: Loop iteration: spawn_bloom_if_ready
[118625049477] [[35mTRACE[0m] [sprout::supervisor] [CPU0] SPROUT: Loop iteration: spawn_wayland_hello_if_ready
[118626518571] [[35mTRACE[0m] [sprout::supervisor] [CPU0] SPROUT: Loop iteration: spawn_clock_if_ready
[118627891668] [[35mTRACE[0m] [sprout::supervisor] [CPU0] SPROUT: Loop iteration: spawn_leaf_if_ready
[118629274896] [[35mTRACE[0m] [sprout::supervisor] [CPU0] SPROUT: Loop iteration: tick complete
[118630584303] [[34mDEBUG[0m] [sprout::supervisor] [CPU0] SPROUT: ServiceLoop waiting for next event...
[118945396581] [[35mTRACE[0m] [sprout::supervisor] [CPU0] SPROUT: Supervisor tick...
[118946877192] [[35mTRACE[0m] [sprout::supervisor] [CPU0] SPROUT: Loop iteration: spawn_bristle_if_needed
[118949088291] [[35mTRACE[0m] [sprout::supervisor] [CPU0] SPROUT: Loop iteration: spawn_display_if_needed
[118950639390] [[35mTRACE[0m] [sprout::supervisor] [CPU0] SPROUT: Loop iteration: spawn_bloom_if_ready
[118952127162] [[35mTRACE[0m] [sprout::supervisor] [CPU0] SPROUT: Loop iteration: spawn_wayland_hello_if_ready
[118953663048] [[35mTRACE[0m] [sprout::supervisor] [CPU0] SPROUT: Loop iteration: spawn_clock_if_ready
[118955065449] [[35mTRACE[0m] [sprout::supervisor] [CPU0] SPROUT: Loop iteration: spawn_leaf_if_ready
[118956443826] [[35mTRACE[0m] [sprout::supervisor] [CPU0] SPROUT: Loop iteration: tick complete
[118957793526] [[34mDEBUG[0m] [sprout::supervisor] [CPU0] SPROUT: ServiceLoop waiting for next event...
[119009811888] [[34mDEBUG[0m] [kernel::vfs::provider] [CPU1] VFS_RPC: request op=DeviceCall len=48 tid=10
[119044911381] [[35mTRACE[0m] [display_virtio_gpu] [CPU3] display_virtio_gpu: VFS RPC op=DeviceCall
[119046269067] [[35mTRACE[0m] [display_virtio_gpu] [CPU3] DISP: DISPLAY_OP_GET_INFO requested
[119046848877] [[35mTRACE[0m] [display_virtio_gpu] [CPU3] DISP: Returning dimensions 1280x800
[119047547817] [[35mTRACE[0m] [display_virtio_gpu] [CPU3] display_virtio_gpu: VFS RPC response begin op=DeviceCall req_id=126
[119050487226] [[35mTRACE[0m] [display_virtio_gpu] [CPU3] display_virtio_gpu: VFS RPC response sent op=DeviceCall req_id=126
[119055583680] [[34mDEBUG[0m] [kernel::vfs::provider] [CPU1] VFS_RPC: response op=DeviceCall id=126 -> OK(48)
[119274114894] [[35mTRACE[0m] [sprout::supervisor] [CPU0] SPROUT: Supervisor tick...
[119275719519] [[35mTRACE[0m] [sprout::supervisor] [CPU0] SPROUT: Loop iteration: spawn_bristle_if_needed
[119277404862] [[35mTRACE[0m] [sprout::supervisor] [CPU0] SPROUT: Loop iteration: spawn_display_if_needed
[119278783074] [[35mTRACE[0m] [sprout::supervisor] [CPU0] SPROUT: Loop iteration: spawn_bloom_if_ready
[119280171714] [[35mTRACE[0m] [sprout::supervisor] [CPU0] SPROUT: Loop iteration: spawn_wayland_hello_if_ready
[119281626552] [[35mTRACE[0m] [sprout::supervisor] [CPU0] SPROUT: Loop iteration: spawn_clock_if_ready
[119283064131] [[35mTRACE[0m] [sprout::supervisor] [CPU0] SPROUT: Loop iteration: spawn_leaf_if_ready
[119284441221] [[35mTRACE[0m] [sprout::supervisor] [CPU0] SPROUT: Loop iteration: tick complete
[119285754786] [[34mDEBUG[0m] [sprout::supervisor] [CPU0] SPROUT: ServiceLoop waiting for next event...
[119603559174] [[35mTRACE[0m] [sprout::supervisor] [CPU0] SPROUT: Supervisor tick...
[119606311209] [[35mTRACE[0m] [sprout::supervisor] [CPU0] SPROUT: Loop iteration: spawn_bristle_if_needed
[119607802479] [[35mTRACE[0m] [sprout::supervisor] [CPU0] SPROUT: Loop iteration: spawn_display_if_needed
[119609180328] [[35mTRACE[0m] [sprout::supervisor] [CPU0] SPROUT: Loop iteration: spawn_bloom_if_ready
[119610581805] [[35mTRACE[0m] [sprout::supervisor] [CPU0] SPROUT: Loop iteration: spawn_wayland_hello_if_ready
[119611988298] [[35mTRACE[0m] [sprout::supervisor] [CPU0] SPROUT: Loop iteration: spawn_clock_if_ready
[119613335193] [[35mTRACE[0m] [sprout::supervisor] [CPU0] SPROUT: Loop iteration: spawn_leaf_if_ready
[119614709049] [[35mTRACE[0m] [sprout::supervisor] [CPU0] SPROUT: Loop iteration: tick complete
[119616008160] [[34mDEBUG[0m] [sprout::supervisor] [CPU0] SPROUT: ServiceLoop waiting for next event...
[119799972237] [[34mDEBUG[0m] [kernel::vfs::provider] [CPU1] VFS_RPC: request op=DeviceCall len=48 tid=10
[119834453805] [[35mTRACE[0m] [display_virtio_gpu] [CPU3] display_virtio_gpu: VFS RPC op=DeviceCall
[119835644907] [[35mTRACE[0m] [display_virtio_gpu] [CPU3] DISP: DISPLAY_OP_GET_INFO requested
[119836627944] [[35mTRACE[0m] [display_virtio_gpu] [CPU3] DISP: Returning dimensions 1280x800
[119837382390] [[35mTRACE[0m] [display_virtio_gpu] [CPU3] display_virtio_gpu: VFS RPC response begin op=DeviceCall req_id=127
[119839143864] [[35mTRACE[0m] [display_virtio_gpu] [CPU3] display_virtio_gpu: VFS RPC response sent op=DeviceCall req_id=127
[119843348262] [[34mDEBUG[0m] [kernel::vfs::provider] [CPU1] VFS_RPC: response op=DeviceCall id=127 -> OK(48)
[119930402097] [[35mTRACE[0m] [sprout::supervisor] [CPU0] SPROUT: Supervisor tick...
[119933342034] [[35mTRACE[0m] [sprout::supervisor] [CPU0] SPROUT: Loop iteration: spawn_bristle_if_needed
[119935075029] [[35mTRACE[0m] [sprout::supervisor] [CPU0] SPROUT: Loop iteration: spawn_display_if_needed
[119936439414] [[35mTRACE[0m] [sprout::supervisor] [CPU0] SPROUT: Loop iteration: spawn_bloom_if_ready
[119937811290] [[35mTRACE[0m] [sprout::supervisor] [CPU0] SPROUT: Loop iteration: spawn_wayland_hello_if_ready
[119939206431] [[35mTRACE[0m] [sprout::supervisor] [CPU0] SPROUT: Loop iteration: spawn_clock_if_ready
[119940607281] [[35mTRACE[0m] [sprout::supervisor] [CPU0] SPROUT: Loop iteration: spawn_leaf_if_ready
[119941969587] [[35mTRACE[0m] [sprout::supervisor] [CPU0] SPROUT: Loop iteration: tick complete
[119943331497] [[34mDEBUG[0m] [sprout::supervisor] [CPU0] SPROUT: ServiceLoop waiting for next event...
[120260145489] [[35mTRACE[0m] [sprout::supervisor] [CPU0] SPROUT: Supervisor tick...
[120262233696] [[35mTRACE[0m] [sprout::supervisor] [CPU0] SPROUT: Loop iteration: spawn_bristle_if_needed
[120264028698] [[35mTRACE[0m] [sprout::supervisor] [CPU0] SPROUT: Loop iteration: spawn_display_if_needed
[120265464297] [[35mTRACE[0m] [sprout::supervisor] [CPU0] SPROUT: Loop iteration: spawn_bloom_if_ready
[120266874816] [[35mTRACE[0m] [sprout::supervisor] [CPU0] SPROUT: Loop iteration: spawn_wayland_hello_if_ready
[120268344735] [[35mTRACE[0m] [sprout::supervisor] [CPU0] SPROUT: Loop iteration: spawn_clock_if_ready
[120269991336] [[35mTRACE[0m] [sprout::supervisor] [CPU0] SPROUT: Loop iteration: spawn_leaf_if_ready
[120271928337] [[35mTRACE[0m] [sprout::supervisor] [CPU0] SPROUT: Loop iteration: tick complete
[120274140657] [[34mDEBUG[0m] [sprout::supervisor] [CPU0] SPROUT: ServiceLoop waiting for next event...
[120590073780] [[35mTRACE[0m] [sprout::supervisor] [CPU0] SPROUT: Supervisor tick...
[120590158986] [[34mDEBUG[0m] [kernel::vfs::provider] [CPU1] VFS_RPC: request op=DeviceCall len=48 tid=10
[120593055858] [[35mTRACE[0m] [sprout::supervisor] [CPU0] SPROUT: Loop iteration: spawn_bristle_if_needed
[120594686718] [[35mTRACE[0m] [sprout::supervisor] [CPU0] SPROUT: Loop iteration: spawn_display_if_needed
[120596073939] [[35mTRACE[0m] [sprout::supervisor] [CPU0] SPROUT: Loop iteration: spawn_bloom_if_ready
[120597428160] [[35mTRACE[0m] [sprout::supervisor] [CPU0] SPROUT: Loop iteration: spawn_wayland_hello_if_ready
[120598852671] [[35mTRACE[0m] [sprout::supervisor] [CPU0] SPROUT: Loop iteration: spawn_clock_if_ready
[120600242334] [[35mTRACE[0m] [sprout::supervisor] [CPU0] SPROUT: Loop iteration: spawn_leaf_if_ready
[120601619655] [[35mTRACE[0m] [sprout::supervisor] [CPU0] SPROUT: Loop iteration: tick complete
[120602976351] [[34mDEBUG[0m] [sprout::supervisor] [CPU0] SPROUT: ServiceLoop waiting for next event...
[120623756913] [[35mTRACE[0m] [display_virtio_gpu] [CPU3] display_virtio_gpu: VFS RPC op=DeviceCall
[120625046256] [[35mTRACE[0m] [display_virtio_gpu] [CPU3] DISP: DISPLAY_OP_GET_INFO requested
[120625623294] [[35mTRACE[0m] [display_virtio_gpu] [CPU3] DISP: Returning dimensions 1280x800
[120626191752] [[35mTRACE[0m] [display_virtio_gpu] [CPU3] display_virtio_gpu: VFS RPC response begin op=DeviceCall req_id=128
[120627935967] [[35mTRACE[0m] [display_virtio_gpu] [CPU3] display_virtio_gpu: VFS RPC response sent op=DeviceCall req_id=128
[120631965993] [[34mDEBUG[0m] [kernel::vfs::provider] [CPU1] VFS_RPC: response op=DeviceCall id=128 -> OK(48)
[120919328442] [[35mTRACE[0m] [sprout::supervisor] [CPU0] SPROUT: Supervisor tick...
[120921010221] [[35mTRACE[0m] [sprout::supervisor] [CPU0] SPROUT: Loop iteration: spawn_bristle_if_needed
[120922573992] [[35mTRACE[0m] [sprout::supervisor] [CPU0] SPROUT: Loop iteration: spawn_display_if_needed
[120923947650] [[35mTRACE[0m] [sprout::supervisor] [CPU0] SPROUT: Loop iteration: spawn_bloom_if_ready
[120925332495] [[35mTRACE[0m] [sprout::supervisor] [CPU0] SPROUT: Loop iteration: spawn_wayland_hello_if_ready
[120926826636] [[35mTRACE[0m] [sprout::supervisor] [CPU0] SPROUT: Loop iteration: spawn_clock_if_ready
[120928191120] [[35mTRACE[0m] [sprout::supervisor] [CPU0] SPROUT: Loop iteration: spawn_leaf_if_ready
[120929551611] [[35mTRACE[0m] [sprout::supervisor] [CPU0] SPROUT: Loop iteration: tick complete
[120930890223] [[34mDEBUG[0m] [sprout::supervisor] [CPU0] SPROUT: ServiceLoop waiting for next event...
[121246738305] [[35mTRACE[0m] [sprout::supervisor] [CPU0] SPROUT: Supervisor tick...
[121248259539] [[35mTRACE[0m] [sprout::supervisor] [CPU0] SPROUT: Loop iteration: spawn_bristle_if_needed
[121249657353] [[35mTRACE[0m] [sprout::supervisor] [CPU0] SPROUT: Loop iteration: spawn_display_if_needed
[121251284814] [[35mTRACE[0m] [sprout::supervisor] [CPU0] SPROUT: Loop iteration: spawn_bloom_if_ready
[121252616232] [[35mTRACE[0m] [sprout::supervisor] [CPU0] SPROUT: Loop iteration: spawn_wayland_hello_if_ready
[121254047871] [[35mTRACE[0m] [sprout::supervisor] [CPU0] SPROUT: Loop iteration: spawn_clock_if_ready
[121255426941] [[35mTRACE[0m] [sprout::supervisor] [CPU0] SPROUT: Loop iteration: spawn_leaf_if_ready
[121256852508] [[35mTRACE[0m] [sprout::supervisor] [CPU0] SPROUT: Loop iteration: tick complete
[121258226991] [[34mDEBUG[0m] [sprout::supervisor] [CPU0] SPROUT: ServiceLoop waiting for next event...
[121378748931] [[34mDEBUG[0m] [kernel::vfs::provider] [CPU1] VFS_RPC: request op=DeviceCall len=48 tid=10
[121409146947] [[35mTRACE[0m] [display_virtio_gpu] [CPU3] display_virtio_gpu: VFS RPC op=DeviceCall
[121410258222] [[35mTRACE[0m] [display_virtio_gpu] [CPU3] DISP: DISPLAY_OP_GET_INFO requested
[121410828858] [[35mTRACE[0m] [display_virtio_gpu] [CPU3] DISP: Returning dimensions 1280x800
[121411420218] [[35mTRACE[0m] [display_virtio_gpu] [CPU3] display_virtio_gpu: VFS RPC response begin op=DeviceCall req_id=129
[121413172584] [[35mTRACE[0m] [display_virtio_gpu] [CPU3] display_virtio_gpu: VFS RPC response sent op=DeviceCall req_id=129
[121417321047] [[34mDEBUG[0m] [kernel::vfs::provider] [CPU1] VFS_RPC: response op=DeviceCall id=129 -> OK(48)
[121575440085] [[35mTRACE[0m] [sprout::supervisor] [CPU0] SPROUT: Supervisor tick...
[121578107970] [[35mTRACE[0m] [sprout::supervisor] [CPU0] SPROUT: Loop iteration: spawn_bristle_if_needed
[121580014743] [[35mTRACE[0m] [sprout::supervisor] [CPU0] SPROUT: Loop iteration: spawn_display_if_needed
[121581449286] [[35mTRACE[0m] [sprout::supervisor] [CPU0] SPROUT: Loop iteration: spawn_bloom_if_ready
[121582874754] [[35mTRACE[0m] [sprout::supervisor] [CPU0] SPROUT: Loop iteration: spawn_wayland_hello_if_ready
[121584320055] [[35mTRACE[0m] [sprout::supervisor] [CPU0] SPROUT: Loop iteration: spawn_clock_if_ready
[121585638735] [[35mTRACE[0m] [sprout::supervisor] [CPU0] SPROUT: Loop iteration: spawn_leaf_if_ready
[121586991405] [[35mTRACE[0m] [sprout::supervisor] [CPU0] SPROUT: Loop iteration: tick complete
[121588313550] [[34mDEBUG[0m] [sprout::supervisor] [CPU0] SPROUT: ServiceLoop waiting for next event...

[hunter] running random action
[121868868231] [[35mTRACE[0m] [bran::arch::x86_64::idt] [CPU0] PS/2 byte received: 0x18 (is_aux=true)
[121870302378] [[35mTRACE[0m] [bran::arch::x86_64::idt] [CPU0] PS/2 byte received: 0x81 (is_aux=true)
[121871216643] [[35mTRACE[0m] [bran::arch::x86_64::idt] [CPU0] PS/2 byte received: 0x7f (is_aux=true)
[121872109953] [[35mTRACE[0m] [bran::arch::x86_64::idt] [CPU0] PS/2 byte received: 0x18 (is_aux=true)
[121873026627] [[35mTRACE[0m] [bran::arch::x86_64::idt] [CPU0] PS/2 byte received: 0x81 (is_aux=true)
[121874101932] [[35mTRACE[0m] [bran::arch::x86_64::idt] [CPU0] PS/2 byte received: 0x7f (is_aux=true)
[121874723751] [[35mTRACE[0m] [bran::arch::x86_64::idt] [CPU0] PS/2 byte received: 0x81 (is_aux=true)
[121874606106] [[35mTRACE[0m] [bran::arch::x86_64::idt] [CPU2] PS/2 byte received: 0x18 (is_aux=true)
[121875208257] [[35mTRACE[0m] [bran::arch::x86_64::idt] [CPU0] PS/2 byte received: 0x7f (is_aux=true)
[121875992799] [[35mTRACE[0m] [bran::arch::x86_64::idt] [CPU0] PS/2 byte received: 0x81 (is_aux=true)
[121875915381] [[35mTRACE[0m] [bran::arch::x86_64::idt] [CPU2] PS/2 byte received: 0x18 (is_aux=true)
[121876488888] [[35mTRACE[0m] [bran::arch::x86_64::idt] [CPU0] PS/2 byte received: 0x7f (is_aux=true)
[121877100114] [[35mTRACE[0m] [bran::arch::x86_64::idt] [CPU2] PS/2 byte received: 0x18 (is_aux=true)
[121877249802] [[35mTRACE[0m] [bran::arch::x86_64::idt] [CPU0] PS/2 byte received: 0x81 (is_aux=true)
[121878040812] [[35mTRACE[0m] [bran::arch::x86_64::idt] [CPU2] PS/2 byte received: 0x7f (is_aux=true)
[121882396680] [[35mTRACE[0m] [ps2_kbd] [CPU2] ps2_kbd: yield on AUX data (mouse packet)
[121882694142] [[35mTRACE[0m] [kernel::irq::ps2] [CPU3] PS/2 take_scancode: popped 0x18 (is_aux=true)
[121884658929] [[35mTRACE[0m] [kernel::irq::ps2] [CPU3] PS/2 take_scancode: popped 0x81 (is_aux=true)
[121886525607] [[35mTRACE[0m] [kernel::irq::ps2] [CPU3] PS/2 take_scancode: popped 0x7f (is_aux=true)
[121887829965] [[35mTRACE[0m] [kernel::irq::ps2] [CPU3] PS/2 take_scancode: popped 0x18 (is_aux=true)
[121889276223] [[35mTRACE[0m] [kernel::irq::ps2] [CPU3] PS/2 take_scancode: popped 0x81 (is_aux=true)
[121890659814] [[35mTRACE[0m] [kernel::irq::ps2] [CPU3] PS/2 take_scancode: popped 0x7f (is_aux=true)
[121891963677] [[35mTRACE[0m] [kernel::irq::ps2] [CPU3] PS/2 take_scancode: popped 0x81 (is_aux=true)
[121893405084] [[35mTRACE[0m] [kernel::irq::ps2] [CPU3] PS/2 take_scancode: popped 0x18 (is_aux=true)
[121894714887] [[35mTRACE[0m] [kernel::irq::ps2] [CPU3] PS/2 take_scancode: popped 0x7f (is_aux=true)
[121896020235] [[35mTRACE[0m] [kernel::irq::ps2] [CPU3] PS/2 take_scancode: popped 0x81 (is_aux=true)
[121897647234] [[35mTRACE[0m] [kernel::irq::ps2] [CPU3] PS/2 take_scancode: popped 0x18 (is_aux=true)
[121900933506] [[35mTRACE[0m] [sprout::supervisor] [CPU0] SPROUT: Supervisor tick...
[121902329736] [[35mTRACE[0m] [sprout::supervisor] [CPU0] SPROUT: Loop iteration: spawn_bristle_if_needed
[121903761606] [[35mTRACE[0m] [sprout::supervisor] [CPU0] SPROUT: Loop iteration: spawn_display_if_needed
[121905196215] [[35mTRACE[0m] [sprout::supervisor] [CPU0] SPROUT: Loop iteration: spawn_bloom_if_ready
[121906592610] [[35mTRACE[0m] [sprout::supervisor] [CPU0] SPROUT: Loop iteration: spawn_wayland_hello_if_ready
[121908195156] [[35mTRACE[0m] [sprout::supervisor] [CPU0] SPROUT: Loop iteration: spawn_clock_if_ready
[121908692202] [[35mTRACE[0m] [kernel::irq::ps2] [CPU3] PS/2 take_scancode: popped 0x7f (is_aux=true)
[121910359395] [[35mTRACE[0m] [kernel::irq::ps2] [CPU3] PS/2 take_scancode: popped 0x18 (is_aux=true)
[121911857859] [[35mTRACE[0m] [kernel::irq::ps2] [CPU3] PS/2 take_scancode: popped 0x81 (is_aux=true)
[121913335368] [[35mTRACE[0m] [kernel::irq::ps2] [CPU3] PS/2 take_scancode: popped 0x7f (is_aux=true)
[121910545548] [[35mTRACE[0m] [sprout::supervisor] [CPU0] SPROUT: Loop iteration: spawn_leaf_if_ready
[121916986554] [[35mTRACE[0m] [sprout::supervisor] [CPU0] SPROUT: Loop iteration: tick complete
[121918330446] [[34mDEBUG[0m] [sprout::supervisor] [CPU0] SPROUT: ServiceLoop waiting for next event...
[122143621908] [[35mTRACE[0m] [bran::arch::x86_64::idt] [CPU0] PS/2 byte received: 0x18 (is_aux=true)
[122144950290] [[35mTRACE[0m] [bran::arch::x86_64::idt] [CPU0] PS/2 byte received: 0x81 (is_aux=true)
[122145915936] [[35mTRACE[0m] [bran::arch::x86_64::idt] [CPU0] PS/2 byte received: 0x7f (is_aux=true)
[122146831917] [[35mTRACE[0m] [bran::arch::x86_64::idt] [CPU0] PS/2 byte received: 0x18 (is_aux=true)
[122147305203] [[35mTRACE[0m] [bran::arch::x86_64::idt] [CPU0] PS/2 byte received: 0x81 (is_aux=true)
[122147773770] [[35mTRACE[0m] [bran::arch::x86_64::idt] [CPU0] PS/2 byte received: 0x7f (is_aux=true)
[122148229896] [[35mTRACE[0m] [bran::arch::x86_64::idt] [CPU0] PS/2 byte received: 0x18 (is_aux=true)
[122148669852] [[35mTRACE[0m] [bran::arch::x86_64::idt] [CPU0] PS/2 byte received: 0x81 (is_aux=true)
[122149109577] [[35mTRACE[0m] [bran::arch::x86_64::idt] [CPU0] PS/2 byte received: 0x7f (is_aux=true)
[122149549005] [[35mTRACE[0m] [bran::arch::x86_64::idt] [CPU0] PS/2 byte received: 0x18 (is_aux=true)
[122150010378] [[35mTRACE[0m] [bran::arch::x86_64::idt] [CPU0] PS/2 byte received: 0x81 (is_aux=true)
[122150455152] [[35mTRACE[0m] [bran::arch::x86_64::idt] [CPU0] PS/2 byte received: 0x7f (is_aux=true)
[122150915073] [[35mTRACE[0m] [bran::arch::x86_64::idt] [CPU0] PS/2 byte received: 0x18 (is_aux=true)
[122151396246] [[35mTRACE[0m] [bran::arch::x86_64::idt] [CPU0] PS/2 byte received: 0x81 (is_aux=true)
[122151856728] [[35mTRACE[0m] [bran::arch::x86_64::idt] [CPU0] PS/2 byte received: 0x7f (is_aux=true)
[122156608299] [[35mTRACE[0m] [kernel::irq::ps2] [CPU3] PS/2 take_scancode: popped 0x18 (is_aux=true)
[122158335750] [[35mTRACE[0m] [kernel::irq::ps2] [CPU3] PS/2 take_scancode: popped 0x81 (is_aux=true)
[122159718483] [[35mTRACE[0m] [kernel::irq::ps2] [CPU3] PS/2 take_scancode: popped 0x7f (is_aux=true)
[122161123359] [[35mTRACE[0m] [kernel::irq::ps2] [CPU3] PS/2 take_scancode: popped 0x18 (is_aux=true)
[122162434152] [[35mTRACE[0m] [kernel::irq::ps2] [CPU3] PS/2 take_scancode: popped 0x81 (is_aux=true)
[122164522854] [[35mTRACE[0m] [kernel::irq::ps2] [CPU3] PS/2 take_scancode: popped 0x7f (is_aux=true)
[122166155991] [[35mTRACE[0m] [kernel::irq::ps2] [CPU3] PS/2 take_scancode: popped 0x18 (is_aux=true)
[122167469919] [[34mDEBUG[0m] [kernel::vfs::provider] [CPU1] VFS_RPC: request op=DeviceCall len=48 tid=10
[122167782627] [[35mTRACE[0m] [kernel::irq::ps2] [CPU3] PS/2 take_scancode: popped 0x81 (is_aux=true)
[122169373623] [[35mTRACE[0m] [kernel::irq::ps2] [CPU3] PS/2 take_scancode: popped 0x7f (is_aux=true)
[122170810476] [[35mTRACE[0m] [kernel::irq::ps2] [CPU3] PS/2 take_scancode: popped 0x18 (is_aux=true)
[122172385005] [[35mTRACE[0m] [kernel::irq::ps2] [CPU3] PS/2 take_scancode: popped 0x81 (is_aux=true)
[122173880136] [[35mTRACE[0m] [kernel::irq::ps2] [CPU3] PS/2 take_scancode: popped 0x7f (is_aux=true)
[122175352497] [[35mTRACE[0m] [kernel::irq::ps2] [CPU3] PS/2 take_scancode: popped 0x18 (is_aux=true)
[122176887888] [[35mTRACE[0m] [kernel::irq::ps2] [CPU3] PS/2 take_scancode: popped 0x81 (is_aux=true)
[122178357807] [[35mTRACE[0m] [kernel::irq::ps2] [CPU3] PS/2 take_scancode: popped 0x7f (is_aux=true)
[122187172074] [[35mTRACE[0m] [display_virtio_gpu] [CPU3] display_virtio_gpu: VFS RPC op=DeviceCall
[122188246158] [[35mTRACE[0m] [display_virtio_gpu] [CPU3] DISP: DISPLAY_OP_GET_INFO requested
[122188818906] [[35mTRACE[0m] [display_virtio_gpu] [CPU3] DISP: Returning dimensions 1280x800
[122189384856] [[35mTRACE[0m] [display_virtio_gpu] [CPU3] display_virtio_gpu: VFS RPC response begin op=DeviceCall req_id=130
[122190934041] [[35mTRACE[0m] [display_virtio_gpu] [CPU3] display_virtio_gpu: VFS RPC response sent op=DeviceCall req_id=130
[122193786924] [[34mDEBUG[0m] [kernel::vfs::provider] [CPU1] VFS_RPC: response op=DeviceCall id=130 -> OK(48)
[122233990824] [[35mTRACE[0m] [sprout::supervisor] [CPU0] SPROUT: Supervisor tick...
[122235325839] [[35mTRACE[0m] [sprout::supervisor] [CPU0] SPROUT: Loop iteration: spawn_bristle_if_needed
[122237331513] [[35mTRACE[0m] [sprout::supervisor] [CPU0] SPROUT: Loop iteration: spawn_display_if_needed
[122238805821] [[35mTRACE[0m] [sprout::supervisor] [CPU0] SPROUT: Loop iteration: spawn_bloom_if_ready
[122240233005] [[35mTRACE[0m] [sprout::supervisor] [CPU0] SPROUT: Loop iteration: spawn_wayland_hello_if_ready
[122241723417] [[35mTRACE[0m] [sprout::supervisor] [CPU0] SPROUT: Loop iteration: spawn_clock_if_ready
[122243136345] [[35mTRACE[0m] [sprout::supervisor] [CPU0] SPROUT: Loop iteration: spawn_leaf_if_ready
[122244529539] [[35mTRACE[0m] [sprout::supervisor] [CPU0] SPROUT: Loop iteration: tick complete
[122245861023] [[34mDEBUG[0m] [sprout::supervisor] [CPU0] SPROUT: ServiceLoop waiting for next event...
[122417050899] [[35mTRACE[0m] [bran::arch::x86_64::idt] [CPU0] PS/2 byte received: 0x19 (is_aux=true)
[122417706477] [[35mTRACE[0m] [bran::arch::x86_64::idt] [CPU0] PS/2 byte received: 0x81 (is_aux=true)
[122418262857] [[35mTRACE[0m] [bran::arch::x86_64::idt] [CPU0] PS/2 byte received: 0x19 (is_aux=true)
[122418190356] [[35mTRACE[0m] [bran::arch::x86_64::idt] [CPU1] PS/2 byte received: 0x7f (is_aux=true)
[122418754755] [[35mTRACE[0m] [bran::arch::x86_64::idt] [CPU0] PS/2 byte received: 0x81 (is_aux=true)
[122419625427] [[35mTRACE[0m] [bran::arch::x86_64::idt] [CPU0] PS/2 byte received: 0x19 (is_aux=true)
[122419583847] [[35mTRACE[0m] [bran::arch::x86_64::idt] [CPU1] PS/2 byte received: 0x7f (is_aux=true)
[122420089110] [[35mTRACE[0m] [bran::arch::x86_64::idt] [CPU0] PS/2 byte received: 0x81 (is_aux=true)
[122420953941] [[35mTRACE[0m] [bran::arch::x86_64::idt] [CPU0] PS/2 byte received: 0x19 (is_aux=true)
[122420893518] [[35mTRACE[0m] [bran::arch::x86_64::idt] [CPU1] PS/2 byte received: 0x7f (is_aux=true)
[122421428745] [[35mTRACE[0m] [bran::arch::x86_64::idt] [CPU0] PS/2 byte received: 0x81 (is_aux=true)
[122422210317] [[35mTRACE[0m] [bran::arch::x86_64::idt] [CPU0] PS/2 byte received: 0x19 (is_aux=true)
[122422124913] [[35mTRACE[0m] [bran::arch::x86_64::idt] [CPU1] PS/2 byte received: 0x7f (is_aux=true)
[122422701885] [[35mTRACE[0m] [bran::arch::x86_64::idt] [CPU0] PS/2 byte received: 0x81 (is_aux=true)
[122423503158] [[35mTRACE[0m] [bran::arch::x86_64::idt] [CPU0] PS/2 byte received: 0x7f (is_aux=true)
[122426918361] [[35mTRACE[0m] [ps2_kbd] [CPU2] ps2_kbd: yield on AUX data (mouse packet)
[122430288684] [[35mTRACE[0m] [kernel::irq::ps2] [CPU3] PS/2 take_scancode: popped 0x19 (is_aux=true)
[122431669932] [[35mTRACE[0m] [kernel::irq::ps2] [CPU3] PS/2 take_scancode: popped 0x81 (is_aux=true)
[122432981517] [[35mTRACE[0m] [kernel::irq::ps2] [CPU3] PS/2 take_scancode: popped 0x19 (is_aux=true)
[122434445331] [[35mTRACE[0m] [kernel::irq::ps2] [CPU3] PS/2 take_scancode: popped 0x7f (is_aux=true)
[122435748270] [[35mTRACE[0m] [kernel::irq::ps2] [CPU3] PS/2 take_scancode: popped 0x81 (is_aux=true)
[122437053783] [[35mTRACE[0m] [kernel::irq::ps2] [CPU3] PS/2 take_scancode: popped 0x19 (is_aux=true)
[122438524263] [[35mTRACE[0m] [kernel::irq::ps2] [CPU3] PS/2 take_scancode: popped 0x7f (is_aux=true)
[122439989661] [[35mTRACE[0m] [kernel::irq::ps2] [CPU3] PS/2 take_scancode: popped 0x81 (is_aux=true)
[122441504559] [[35mTRACE[0m] [kernel::irq::ps2] [CPU3] PS/2 take_scancode: popped 0x19 (is_aux=true)
[122442840003] [[35mTRACE[0m] [kernel::irq::ps2] [CPU3] PS/2 take_scancode: popped 0x7f (is_aux=true)
[122444171883] [[35mTRACE[0m] [kernel::irq::ps2] [CPU3] PS/2 take_scancode: popped 0x81 (is_aux=true)
[122445684966] [[35mTRACE[0m] [kernel::irq::ps2] [CPU3] PS/2 take_scancode: popped 0x19 (is_aux=true)
[122447213196] [[35mTRACE[0m] [kernel::irq::ps2] [CPU3] PS/2 take_scancode: popped 0x81 (is_aux=true)
[122448516300] [[35mTRACE[0m] [kernel::irq::ps2] [CPU3] PS/2 take_scancode: popped 0x7f (is_aux=true)
[122450008032] [[35mTRACE[0m] [kernel::irq::ps2] [CPU3] PS/2 take_scancode: popped 0x7f (is_aux=true)
[122562941061] [[35mTRACE[0m] [sprout::supervisor] [CPU0] SPROUT: Supervisor tick...
[122564590797] [[35mTRACE[0m] [sprout::supervisor] [CPU0] SPROUT: Loop iteration: spawn_bristle_if_needed
[122566483083] [[35mTRACE[0m] [sprout::supervisor] [CPU0] SPROUT: Loop iteration: spawn_display_if_needed
[122567877729] [[35mTRACE[0m] [sprout::supervisor] [CPU0] SPROUT: Loop iteration: spawn_bloom_if_ready
[122569319334] [[35mTRACE[0m] [sprout::supervisor] [CPU0] SPROUT: Loop iteration: spawn_wayland_hello_if_ready
[122570877330] [[35mTRACE[0m] [sprout::supervisor] [CPU0] SPROUT: Loop iteration: spawn_clock_if_ready
[122572264353] [[35mTRACE[0m] [sprout::supervisor] [CPU0] SPROUT: Loop iteration: spawn_leaf_if_ready
[122573618871] [[35mTRACE[0m] [sprout::supervisor] [CPU0] SPROUT: Loop iteration: tick complete
[122574977415] [[34mDEBUG[0m] [sprout::supervisor] [CPU0] SPROUT: ServiceLoop waiting for next event...
[122687932224] [[35mTRACE[0m] [bran::arch::x86_64::idt] [CPU0] PS/2 byte received: 0x19 (is_aux=true)
[122688642186] [[35mTRACE[0m] [bran::arch::x86_64::idt] [CPU0] PS/2 byte received: 0x81 (is_aux=true)
[122689094814] [[35mTRACE[0m] [bran::arch::x86_64::idt] [CPU0] PS/2 byte received: 0x7f (is_aux=true)
[122689536882] [[35mTRACE[0m] [bran::arch::x86_64::idt] [CPU0] PS/2 byte received: 0x19 (is_aux=true)
[122689978686] [[35mTRACE[0m] [bran::arch::x86_64::idt] [CPU0] PS/2 byte received: 0x81 (is_aux=true)
[122690479461] [[35mTRACE[0m] [bran::arch::x86_64::idt] [CPU0] PS/2 byte received: 0x7f (is_aux=true)
[122690950800] [[35mTRACE[0m] [bran::arch::x86_64::idt] [CPU0] PS/2 byte received: 0x19 (is_aux=true)
[122691394518] [[35mTRACE[0m] [bran::arch::x86_64::idt] [CPU0] PS/2 byte received: 0x81 (is_aux=true)
[122691831537] [[35mTRACE[0m] [bran::arch::x86_64::idt] [CPU0] PS/2 byte received: 0x7f (is_aux=true)
[122692272120] [[35mTRACE[0m] [bran::arch::x86_64::idt] [CPU0] PS/2 byte received: 0x19 (is_aux=true)
[122692707324] [[35mTRACE[0m] [bran::arch::x86_64::idt] [CPU0] PS/2 byte received: 0x81 (is_aux=true)
[122693158236] [[35mTRACE[0m] [bran::arch::x86_64::idt] [CPU0] PS/2 byte received: 0x7f (is_aux=true)
[122693662509] [[35mTRACE[0m] [bran::arch::x86_64::idt] [CPU0] PS/2 byte received: 0x19 (is_aux=true)
[122693725341] [[35mTRACE[0m] [bran::arch::x86_64::idt] [CPU3] PS/2 byte received: 0x81 (is_aux=true)
[122694196680] [[35mTRACE[0m] [bran::arch::x86_64::idt] [CPU0] PS/2 byte received: 0x7f (is_aux=true)
[122700421404] [[35mTRACE[0m] [kernel::irq::ps2] [CPU3] PS/2 take_scancode: popped 0x19 (is_aux=true)
[122701625772] [[35mTRACE[0m] [ps2_kbd] [CPU2] ps2_kbd: yield on AUX data (mouse packet)
[122702294517] [[35mTRACE[0m] [kernel::irq::ps2] [CPU3] PS/2 take_scancode: popped 0x81 (is_aux=true)
[122703879606] [[35mTRACE[0m] [kernel::irq::ps2] [CPU3] PS/2 take_scancode: popped 0x7f (is_aux=true)
[122705180730] [[35mTRACE[0m] [kernel::irq::ps2] [CPU3] PS/2 take_scancode: popped 0x19 (is_aux=true)
[122706692262] [[35mTRACE[0m] [kernel::irq::ps2] [CPU3] PS/2 take_scancode: popped 0x81 (is_aux=true)
[122707992990] [[35mTRACE[0m] [kernel::irq::ps2] [CPU3] PS/2 take_scancode: popped 0x7f (is_aux=true)
[122709342855] [[35mTRACE[0m] [kernel::irq::ps2] [CPU3] PS/2 take_scancode: popped 0x19 (is_aux=true)
[122710708263] [[35mTRACE[0m] [kernel::irq::ps2] [CPU3] PS/2 take_scancode: popped 0x81 (is_aux=true)
[122726986800] [[35mTRACE[0m] [kernel::irq::ps2] [CPU3] PS/2 take_scancode: popped 0x7f (is_aux=true)
[122728534203] [[35mTRACE[0m] [kernel::irq::ps2] [CPU3] PS/2 take_scancode: popped 0x19 (is_aux=true)
[122730037815] [[35mTRACE[0m] [kernel::irq::ps2] [CPU3] PS/2 take_scancode: popped 0x81 (is_aux=true)
[122731449060] [[35mTRACE[0m] [kernel::irq::ps2] [CPU3] PS/2 take_scancode: popped 0x7f (is_aux=true)
[122732877168] [[35mTRACE[0m] [kernel::irq::ps2] [CPU3] PS/2 take_scancode: popped 0x19 (is_aux=true)
[122734342863] [[35mTRACE[0m] [kernel::irq::ps2] [CPU3] PS/2 take_scancode: popped 0x81 (is_aux=true)
[122735779320] [[35mTRACE[0m] [kernel::irq::ps2] [CPU3] PS/2 take_scancode: popped 0x7f (is_aux=true)
[122845906590] [[35mTRACE[0m] [bran::arch::x86_64::idt] [CPU0] PS/2 byte received: 0x19 (is_aux=true)
[122845912431] [[35mTRACE[0m] [bran::arch::x86_64::idt] [CPU1] PS/2 byte received: 0x81 (is_aux=true)
[122848601667] [[35mTRACE[0m] [bran::arch::x86_64::idt] [CPU0] PS/2 byte received: 0x7f (is_aux=true)
[122848908864] [[35mTRACE[0m] [bran::arch::x86_64::idt] [CPU1] PS/2 byte received: 0x19 (is_aux=true)
[122850635787] [[35mTRACE[0m] [bran::arch::x86_64::idt] [CPU0] PS/2 byte received: 0x81 (is_aux=true)
[122850783594] [[35mTRACE[0m] [bran::arch::x86_64::idt] [CPU1] PS/2 byte received: 0x7f (is_aux=true)
[122851674957] [[35mTRACE[0m] [bran::arch::x86_64::idt] [CPU0] PS/2 byte received: 0x19 (is_aux=true)
[122851830552] [[35mTRACE[0m] [bran::arch::x86_64::idt] [CPU1] PS/2 byte received: 0x81 (is_aux=true)
[122852707263] [[35mTRACE[0m] [bran::arch::x86_64::idt] [CPU0] PS/2 byte received: 0x7f (is_aux=true)
[122852852694] [[35mTRACE[0m] [bran::arch::x86_64::idt] [CPU1] PS/2 byte received: 0x19 (is_aux=true)
[122853682248] [[35mTRACE[0m] [bran::arch::x86_64::idt] [CPU3] PS/2 byte received: 0x81 (is_aux=true)
[122853912225] [[35mTRACE[0m] [bran::arch::x86_64::idt] [CPU1] PS/2 byte received: 0x19 (is_aux=true)
[122854273971] [[35mTRACE[0m] [bran::arch::x86_64::idt] [CPU3] PS/2 byte received: 0x81 (is_aux=true)
[122853790422] [[35mTRACE[0m] [bran::arch::x86_64::idt] [CPU0] PS/2 byte received: 0x7f (is_aux=true)
[122854685580] [[35mTRACE[0m] [bran::arch::x86_64::idt] [CPU1] PS/2 byte received: 0x7f (is_aux=true)
[122864501793] [[35mTRACE[0m] [kernel::irq::ps2] [CPU3] PS/2 take_scancode: popped 0x19 (is_aux=true)
[122865715830] [[35mTRACE[0m] [ps2_kbd] [CPU2] ps2_kbd: yield on AUX data (mouse packet)
[122867498820] [[35mTRACE[0m] [kernel::irq::ps2] [CPU3] PS/2 take_scancode: popped 0x81 (is_aux=true)
[122869044804] [[35mTRACE[0m] [kernel::irq::ps2] [CPU3] PS/2 take_scancode: popped 0x7f (is_aux=true)
[122870610291] [[35mTRACE[0m] [kernel::irq::ps2] [CPU3] PS/2 take_scancode: popped 0x19 (is_aux=true)
[122872091892] [[35mTRACE[0m] [kernel::irq::ps2] [CPU3] PS/2 take_scancode: popped 0x81 (is_aux=true)
[122873394732] [[35mTRACE[0m] [kernel::irq::ps2] [CPU3] PS/2 take_scancode: popped 0x7f (is_aux=true)
[122874861648] [[35mTRACE[0m] [kernel::irq::ps2] [CPU3] PS/2 take_scancode: popped 0x19 (is_aux=true)
[122876170527] [[35mTRACE[0m] [kernel::irq::ps2] [CPU3] PS/2 take_scancode: popped 0x81 (is_aux=true)
[122878688559] [[35mTRACE[0m] [kernel::irq::ps2] [CPU3] PS/2 take_scancode: popped 0x7f (is_aux=true)
[122880168807] [[35mTRACE[0m] [kernel::irq::ps2] [CPU3] PS/2 take_scancode: popped 0x19 (is_aux=true)
[122881732908] [[35mTRACE[0m] [kernel::irq::ps2] [CPU3] PS/2 take_scancode: popped 0x81 (is_aux=true)
[122883076635] [[35mTRACE[0m] [kernel::irq::ps2] [CPU3] PS/2 take_scancode: popped 0x19 (is_aux=true)
[122884607538] [[35mTRACE[0m] [kernel::irq::ps2] [CPU3] PS/2 take_scancode: popped 0x81 (is_aux=true)
[122884631859] [[35mTRACE[0m] [sprout::supervisor] [CPU0] SPROUT: Supervisor tick...
[122886086334] [[35mTRACE[0m] [kernel::irq::ps2] [CPU3] PS/2 take_scancode: popped 0x7f (is_aux=true)
[122886571566] [[35mTRACE[0m] [sprout::supervisor] [CPU0] SPROUT: Loop iteration: spawn_bristle_if_needed
[122888796723] [[35mTRACE[0m] [sprout::supervisor] [CPU0] SPROUT: Loop iteration: spawn_display_if_needed
[122890175826] [[35mTRACE[0m] [sprout::supervisor] [CPU0] SPROUT: Loop iteration: spawn_bloom_if_ready
[122891516979] [[35mTRACE[0m] [sprout::supervisor] [CPU0] SPROUT: Loop iteration: spawn_wayland_hello_if_ready
[122892934560] [[35mTRACE[0m] [sprout::supervisor] [CPU0] SPROUT: Loop iteration: spawn_clock_if_ready
[122894473152] [[35mTRACE[0m] [sprout::supervisor] [CPU0] SPROUT: Loop iteration: spawn_leaf_if_ready
[122895594294] [[35mTRACE[0m] [kernel::irq::ps2] [CPU3] PS/2 take_scancode: popped 0x7f (is_aux=true)
[122895831432] [[35mTRACE[0m] [sprout::supervisor] [CPU0] SPROUT: Loop iteration: tick complete
[122897912049] [[34mDEBUG[0m] [sprout::supervisor] [CPU0] SPROUT: ServiceLoop waiting for next event...
[122984085939] [[34mDEBUG[0m] [kernel::vfs::provider] [CPU1] VFS_RPC: request op=DeviceCall len=48 tid=10
[122990868726] [[35mTRACE[0m] [display_virtio_gpu] [CPU3] display_virtio_gpu: VFS RPC op=DeviceCall
[122991880902] [[35mTRACE[0m] [display_virtio_gpu] [CPU3] DISP: DISPLAY_OP_GET_INFO requested
[122992627329] [[35mTRACE[0m] [display_virtio_gpu] [CPU3] DISP: Returning dimensions 1280x800
[122993371050] [[35mTRACE[0m] [display_virtio_gpu] [CPU3] display_virtio_gpu: VFS RPC response begin op=DeviceCall req_id=131
[122995122459] [[35mTRACE[0m] [display_virtio_gpu] [CPU3] display_virtio_gpu: VFS RPC response sent op=DeviceCall req_id=131
[123002003916] [[34mDEBUG[0m] [kernel::vfs::provider] [CPU1] VFS_RPC: response op=DeviceCall id=131 -> OK(48)
[123003255969] [[35mTRACE[0m] [bran::arch::x86_64::idt] [CPU0] PS/2 byte received: 0x19 (is_aux=true)
[123003838518] [[35mTRACE[0m] [bran::arch::x86_64::idt] [CPU0] PS/2 byte received: 0x81 (is_aux=true)
[123004293819] [[35mTRACE[0m] [bran::arch::x86_64::idt] [CPU0] PS/2 byte received: 0x7f (is_aux=true)
[123004937880] [[35mTRACE[0m] [bran::arch::x86_64::idt] [CPU0] PS/2 byte received: 0x19 (is_aux=true)
[123005843598] [[35mTRACE[0m] [bran::arch::x86_64::idt] [CPU0] PS/2 byte received: 0x81 (is_aux=true)
[123006795846] [[35mTRACE[0m] [bran::arch::x86_64::idt] [CPU0] PS/2 byte received: 0x7f (is_aux=true)
[123007722486] [[35mTRACE[0m] [bran::arch::x86_64::idt] [CPU0] PS/2 byte received: 0x19 (is_aux=true)
[123008609130] [[35mTRACE[0m] [bran::arch::x86_64::idt] [CPU0] PS/2 byte received: 0x81 (is_aux=true)
[123009093768] [[35mTRACE[0m] [bran::arch::x86_64::idt] [CPU0] PS/2 byte received: 0x7f (is_aux=true)
[123009572895] [[35mTRACE[0m] [bran::arch::x86_64::idt] [CPU0] PS/2 byte received: 0x19 (is_aux=true)
[123010035390] [[35mTRACE[0m] [bran::arch::x86_64::idt] [CPU1] PS/2 byte received: 0x81 (is_aux=true)
[123010173396] [[35mTRACE[0m] [bran::arch::x86_64::idt] [CPU0] PS/2 byte received: 0x7f (is_aux=true)
[123010680243] [[35mTRACE[0m] [bran::arch::x86_64::idt] [CPU1] PS/2 byte received: 0x19 (is_aux=true)
[123010841019] [[35mTRACE[0m] [bran::arch::x86_64::idt] [CPU0] PS/2 byte received: 0x81 (is_aux=true)
[123011225205] [[35mTRACE[0m] [bran::arch::x86_64::idt] [CPU1] PS/2 byte received: 0x7f (is_aux=true)
[123014742180] [[35mTRACE[0m] [kernel::irq::ps2] [CPU3] PS/2 take_scancode: popped 0x19 (is_aux=true)
[123016703106] [[35mTRACE[0m] [kernel::irq::ps2] [CPU3] PS/2 take_scancode: popped 0x81 (is_aux=true)
[123017187645] [[35mTRACE[0m] [ps2_kbd] [CPU2] ps2_kbd: yield on AUX data (mouse packet)
[123018990171] [[35mTRACE[0m] [kernel::irq::ps2] [CPU3] PS/2 take_scancode: popped 0x7f (is_aux=true)
[123020335317] [[35mTRACE[0m] [kernel::irq::ps2] [CPU3] PS/2 take_scancode: popped 0x19 (is_aux=true)
[123021640137] [[35mTRACE[0m] [kernel::irq::ps2] [CPU3] PS/2 take_scancode: popped 0x81 (is_aux=true)
[123023212224] [[35mTRACE[0m] [kernel::irq::ps2] [CPU3] PS/2 take_scancode: popped 0x7f (is_aux=true)
[123024706662] [[35mTRACE[0m] [kernel::irq::ps2] [CPU3] PS/2 take_scancode: popped 0x19 (is_aux=true)
[123026066064] [[35mTRACE[0m] [kernel::irq::ps2] [CPU3] PS/2 take_scancode: popped 0x81 (is_aux=true)
[123027451371] [[35mTRACE[0m] [kernel::irq::ps2] [CPU3] PS/2 take_scancode: popped 0x7f (is_aux=true)
[123028754079] [[35mTRACE[0m] [kernel::irq::ps2] [CPU3] PS/2 take_scancode: popped 0x19 (is_aux=true)
[123030125031] [[35mTRACE[0m] [kernel::irq::ps2] [CPU3] PS/2 take_scancode: popped 0x81 (is_aux=true)
[123031461201] [[35mTRACE[0m] [kernel::irq::ps2] [CPU3] PS/2 take_scancode: popped 0x7f (is_aux=true)
[123032944848] [[35mTRACE[0m] [kernel::irq::ps2] [CPU3] PS/2 take_scancode: popped 0x19 (is_aux=true)
[123035397210] [[35mTRACE[0m] [kernel::irq::ps2] [CPU3] PS/2 take_scancode: popped 0x81 (is_aux=true)
[123036911415] [[35mTRACE[0m] [kernel::irq::ps2] [CPU3] PS/2 take_scancode: popped 0x7f (is_aux=true)
[123160269606] [[35mTRACE[0m] [bran::arch::x86_64::idt] [CPU0] PS/2 byte received: 0x19 (is_aux=true)
[123161542317] [[35mTRACE[0m] [bran::arch::x86_64::idt] [CPU0] PS/2 byte received: 0x81 (is_aux=true)
[123162598416] [[35mTRACE[0m] [bran::arch::x86_64::idt] [CPU0] PS/2 byte received: 0x7f (is_aux=true)
[123163120707] [[35mTRACE[0m] [bran::arch::x86_64::idt] [CPU0] PS/2 byte received: 0x19 (is_aux=true)
[123163614189] [[35mTRACE[0m] [bran::arch::x86_64::idt] [CPU0] PS/2 byte received: 0x81 (is_aux=true)
[123164065002] [[35mTRACE[0m] [bran::arch::x86_64::idt] [CPU0] PS/2 byte received: 0x7f (is_aux=true)
[123164534427] [[35mTRACE[0m] [bran::arch::x86_64::idt] [CPU0] PS/2 byte received: 0x19 (is_aux=true)
[123164992731] [[35mTRACE[0m] [bran::arch::x86_64::idt] [CPU0] PS/2 byte received: 0x81 (is_aux=true)
[123165442785] [[35mTRACE[0m] [bran::arch::x86_64::idt] [CPU0] PS/2 byte received: 0x7f (is_aux=true)
[123165894159] [[35mTRACE[0m] [bran::arch::x86_64::idt] [CPU0] PS/2 byte received: 0x19 (is_aux=true)
[123166334874] [[35mTRACE[0m] [bran::arch::x86_64::idt] [CPU0] PS/2 byte received: 0x81 (is_aux=true)
[123166787205] [[35mTRACE[0m] [bran::arch::x86_64::idt] [CPU0] PS/2 byte received: 0x7f (is_aux=true)
[123167226468] [[35mTRACE[0m] [bran::arch::x86_64::idt] [CPU0] PS/2 byte received: 0x19 (is_aux=true)
[123167692329] [[35mTRACE[0m] [bran::arch::x86_64::idt] [CPU0] PS/2 byte received: 0x81 (is_aux=true)
[123168161787] [[35mTRACE[0m] [bran::arch::x86_64::idt] [CPU0] PS/2 byte received: 0x7f (is_aux=true)
[123172596261] [[35mTRACE[0m] [kernel::irq::ps2] [CPU3] PS/2 take_scancode: popped 0x19 (is_aux=true)
[123173962593] [[35mTRACE[0m] [kernel::irq::ps2] [CPU3] PS/2 take_scancode: popped 0x81 (is_aux=true)
[123175401690] [[35mTRACE[0m] [kernel::irq::ps2] [CPU3] PS/2 take_scancode: popped 0x7f (is_aux=true)
[123177581340] [[35mTRACE[0m] [kernel::irq::ps2] [CPU3] PS/2 take_scancode: popped 0x19 (is_aux=true)
[123178918005] [[35mTRACE[0m] [kernel::irq::ps2] [CPU3] PS/2 take_scancode: popped 0x81 (is_aux=true)
[123180239952] [[35mTRACE[0m] [kernel::irq::ps2] [CPU3] PS/2 take_scancode: popped 0x7f (is_aux=true)
[123194499615] [[35mTRACE[0m] [kernel::irq::ps2] [CPU3] PS/2 take_scancode: popped 0x19 (is_aux=true)
[123196115757] [[35mTRACE[0m] [kernel::irq::ps2] [CPU3] PS/2 take_scancode: popped 0x81 (is_aux=true)
[123197697480] [[35mTRACE[0m] [kernel::irq::ps2] [CPU3] PS/2 take_scancode: popped 0x7f (is_aux=true)
[123199006722] [[35mTRACE[0m] [kernel::irq::ps2] [CPU3] PS/2 take_scancode: popped 0x19 (is_aux=true)
[123200454531] [[35mTRACE[0m] [kernel::irq::ps2] [CPU3] PS/2 take_scancode: popped 0x81 (is_aux=true)
[123201957714] [[35mTRACE[0m] [kernel::irq::ps2] [CPU3] PS/2 take_scancode: popped 0x7f (is_aux=true)
[123203372457] [[35mTRACE[0m] [kernel::irq::ps2] [CPU3] PS/2 take_scancode: popped 0x19 (is_aux=true)
[123204876597] [[35mTRACE[0m] [kernel::irq::ps2] [CPU3] PS/2 take_scancode: popped 0x81 (is_aux=true)
[123206314440] [[35mTRACE[0m] [kernel::irq::ps2] [CPU3] PS/2 take_scancode: popped 0x7f (is_aux=true)
[123212017962] [[35mTRACE[0m] [sprout::supervisor] [CPU0] SPROUT: Supervisor tick...
[123213337830] [[35mTRACE[0m] [sprout::supervisor] [CPU0] SPROUT: Loop iteration: spawn_bristle_if_needed
[123214698618] [[35mTRACE[0m] [sprout::supervisor] [CPU0] SPROUT: Loop iteration: spawn_display_if_needed
[123216061056] [[35mTRACE[0m] [sprout::supervisor] [CPU0] SPROUT: Loop iteration: spawn_bloom_if_ready
[123217419270] [[35mTRACE[0m] [sprout::supervisor] [CPU0] SPROUT: Loop iteration: spawn_wayland_hello_if_ready
[123218849952] [[35mTRACE[0m] [sprout::supervisor] [CPU0] SPROUT: Loop iteration: spawn_clock_if_ready
[123220187673] [[35mTRACE[0m] [sprout::supervisor] [CPU0] SPROUT: Loop iteration: spawn_leaf_if_ready
[123221574300] [[35mTRACE[0m] [sprout::supervisor] [CPU0] SPROUT: Loop iteration: tick complete
[123222907797] [[34mDEBUG[0m] [sprout::supervisor] [CPU0] SPROUT: ServiceLoop waiting for next event...
[123319873215] [[35mTRACE[0m] [bran::arch::x86_64::idt] [CPU0] PS/2 byte received: 0x19 (is_aux=true)
[123321048477] [[35mTRACE[0m] [bran::arch::x86_64::idt] [CPU0] PS/2 byte received: 0x81 (is_aux=true)
[123321683925] [[35mTRACE[0m] [bran::arch::x86_64::idt] [CPU2] PS/2 byte received: 0x7f (is_aux=true)
[123322211001] [[35mTRACE[0m] [bran::arch::x86_64::idt] [CPU0] PS/2 byte received: 0x19 (is_aux=true)
[123323087151] [[35mTRACE[0m] [bran::arch::x86_64::idt] [CPU2] PS/2 byte received: 0x81 (is_aux=true)
[123323869284] [[35mTRACE[0m] [bran::arch::x86_64::idt] [CPU2] PS/2 byte received: 0x19 (is_aux=true)
[123323872881] [[35mTRACE[0m] [bran::arch::x86_64::idt] [CPU0] PS/2 byte received: 0x7f (is_aux=true)
[123324371841] [[35mTRACE[0m] [bran::arch::x86_64::idt] [CPU2] PS/2 byte received: 0x81 (is_aux=true)
[123324992340] [[35mTRACE[0m] [bran::arch::x86_64::idt] [CPU0] PS/2 byte received: 0x7f (is_aux=true)
[123325093584] [[35mTRACE[0m] [bran::arch::x86_64::idt] [CPU2] PS/2 byte received: 0x19 (is_aux=true)
[123325620396] [[35mTRACE[0m] [bran::arch::x86_64::idt] [CPU0] PS/2 byte received: 0x81 (is_aux=true)
[123325721673] [[35mTRACE[0m] [bran::arch::x86_64::idt] [CPU2] PS/2 byte received: 0x7f (is_aux=true)
[123326291286] [[35mTRACE[0m] [bran::arch::x86_64::idt] [CPU0] PS/2 byte received: 0x19 (is_aux=true)
[123326394180] [[35mTRACE[0m] [bran::arch::x86_64::idt] [CPU2] PS/2 byte received: 0x81 (is_aux=true)
[123326989731] [[35mTRACE[0m] [bran::arch::x86_64::idt] [CPU0] PS/2 byte received: 0x7f (is_aux=true)
[123330187959] [[35mTRACE[0m] [ps2_kbd] [CPU2] ps2_kbd: yield on AUX data (mouse packet)
[123332014542] [[35mTRACE[0m] [kernel::irq::ps2] [CPU3] PS/2 take_scancode: popped 0x19 (is_aux=true)
[123333474033] [[35mTRACE[0m] [kernel::irq::ps2] [CPU3] PS/2 take_scancode: popped 0x81 (is_aux=true)
[123334955271] [[35mTRACE[0m] [kernel::irq::ps2] [CPU3] PS/2 take_scancode: popped 0x7f (is_aux=true)
[123336498813] [[35mTRACE[0m] [kernel::irq::ps2] [CPU3] PS/2 take_scancode: popped 0x19 (is_aux=true)
[123346427787] [[35mTRACE[0m] [kernel::irq::ps2] [CPU3] PS/2 take_scancode: popped 0x81 (is_aux=true)
[123348700497] [[35mTRACE[0m] [kernel::irq::ps2] [CPU3] PS/2 take_scancode: popped 0x19 (is_aux=true)
[123350182758] [[35mTRACE[0m] [kernel::irq::ps2] [CPU3] PS/2 take_scancode: popped 0x7f (is_aux=true)
[123351605553] [[35mTRACE[0m] [kernel::irq::ps2] [CPU3] PS/2 take_scancode: popped 0x81 (is_aux=true)
[123353040360] [[35mTRACE[0m] [kernel::irq::ps2] [CPU3] PS/2 take_scancode: popped 0x7f (is_aux=true)
[123354567138] [[35mTRACE[0m] [kernel::irq::ps2] [CPU3] PS/2 take_scancode: popped 0x19 (is_aux=true)
[123357272577] [[35mTRACE[0m] [kernel::irq::ps2] [CPU3] PS/2 take_scancode: popped 0x81 (is_aux=true)
[123360194859] [[35mTRACE[0m] [kernel::irq::ps2] [CPU3] PS/2 take_scancode: popped 0x7f (is_aux=true)
[123361758036] [[35mTRACE[0m] [kernel::irq::ps2] [CPU3] PS/2 take_scancode: popped 0x19 (is_aux=true)
[123363230958] [[35mTRACE[0m] [kernel::irq::ps2] [CPU3] PS/2 take_scancode: popped 0x81 (is_aux=true)
[123364777965] [[35mTRACE[0m] [kernel::irq::ps2] [CPU3] PS/2 take_scancode: popped 0x7f (is_aux=true)
[123406416243] [[32mINFO [0m] [kernel::time] [CPU0] System clock tick: utc=2026-05-01 23:21:11.136227738 unix_secs=1777677671.136227738
[123476295162] [[35mTRACE[0m] [bran::arch::x86_64::idt] [CPU0] PS/2 byte received: 0x18 (is_aux=true)
[123476845470] [[35mTRACE[0m] [bran::arch::x86_64::idt] [CPU0] PS/2 byte received: 0x81 (is_aux=true)
[123477325983] [[35mTRACE[0m] [bran::arch::x86_64::idt] [CPU0] PS/2 byte received: 0x7f (is_aux=true)
[123477830025] [[35mTRACE[0m] [bran::arch::x86_64::idt] [CPU0] PS/2 byte received: 0x18 (is_aux=true)
[123478320504] [[35mTRACE[0m] [bran::arch::x86_64::idt] [CPU0] PS/2 byte received: 0x81 (is_aux=true)
[123478388781] [[35mTRACE[0m] [bran::arch::x86_64::idt] [CPU3] PS/2 byte received: 0x7f (is_aux=true)
[123478986411] [[35mTRACE[0m] [bran::arch::x86_64::idt] [CPU0] PS/2 byte received: 0x18 (is_aux=true)
[123479144844] [[35mTRACE[0m] [bran::arch::x86_64::idt] [CPU3] PS/2 byte received: 0x81 (is_aux=true)
[123479617536] [[35mTRACE[0m] [bran::arch::x86_64::idt] [CPU0] PS/2 byte received: 0x7f (is_aux=true)
[123479719110] [[35mTRACE[0m] [bran::arch::x86_64::idt] [CPU3] PS/2 byte received: 0x18 (is_aux=true)
[123480269352] [[35mTRACE[0m] [bran::arch::x86_64::idt] [CPU0] PS/2 byte received: 0x81 (is_aux=true)
[123480363270] [[35mTRACE[0m] [bran::arch::x86_64::idt] [CPU3] PS/2 byte received: 0x7f (is_aux=true)
[123480998223] [[35mTRACE[0m] [bran::arch::x86_64::idt] [CPU0] PS/2 byte received: 0x18 (is_aux=true)
[123481078974] [[35mTRACE[0m] [bran::arch::x86_64::idt] [CPU3] PS/2 byte received: 0x81 (is_aux=true)
[123481619481] [[35mTRACE[0m] [bran::arch::x86_64::idt] [CPU0] PS/2 byte received: 0x7f (is_aux=true)
[123487788039] [[35mTRACE[0m] [kernel::irq::ps2] [CPU3] PS/2 take_scancode: popped 0x18 (is_aux=true)
[123488959209] [[35mTRACE[0m] [ps2_kbd] [CPU2] ps2_kbd: yield on AUX data (mouse packet)
[123489697386] [[35mTRACE[0m] [kernel::irq::ps2] [CPU3] PS/2 take_scancode: popped 0x81 (is_aux=true)
[123491123712] [[35mTRACE[0m] [kernel::irq::ps2] [CPU3] PS/2 take_scancode: popped 0x7f (is_aux=true)
[123492995439] [[35mTRACE[0m] [kernel::irq::ps2] [CPU3] PS/2 take_scancode: popped 0x18 (is_aux=true)
[123494334447] [[35mTRACE[0m] [kernel::irq::ps2] [CPU3] PS/2 take_scancode: popped 0x81 (is_aux=true)
[123495676194] [[35mTRACE[0m] [kernel::irq::ps2] [CPU3] PS/2 take_scancode: popped 0x7f (is_aux=true)
[123496965735] [[35mTRACE[0m] [kernel::irq::ps2] [CPU3] PS/2 take_scancode: popped 0x18 (is_aux=true)
[123498341934] [[35mTRACE[0m] [kernel::irq::ps2] [CPU3] PS/2 take_scancode: popped 0x81 (is_aux=true)
[123499815549] [[35mTRACE[0m] [kernel::irq::ps2] [CPU3] PS/2 take_scancode: popped 0x7f (is_aux=true)
[123501339555] [[35mTRACE[0m] [kernel::irq::ps2] [CPU3] PS/2 take_scancode: popped 0x18 (is_aux=true)
[123502804128] [[35mTRACE[0m] [kernel::irq::ps2] [CPU3] PS/2 take_scancode: popped 0x81 (is_aux=true)
[123504368229] [[35mTRACE[0m] [kernel::irq::ps2] [CPU3] PS/2 take_scancode: popped 0x7f (is_aux=true)
[123506102379] [[35mTRACE[0m] [kernel::irq::ps2] [CPU3] PS/2 take_scancode: popped 0x18 (is_aux=true)
[123507670935] [[35mTRACE[0m] [kernel::irq::ps2] [CPU3] PS/2 take_scancode: popped 0x81 (is_aux=true)
[123509116170] [[35mTRACE[0m] [kernel::irq::ps2] [CPU3] PS/2 take_scancode: popped 0x7f (is_aux=true)
[123549576744] [[35mTRACE[0m] [sprout::supervisor] [CPU0] SPROUT: Supervisor tick...
[123551280237] [[35mTRACE[0m] [sprout::supervisor] [CPU0] SPROUT: Loop iteration: spawn_bristle_if_needed
[123552842127] [[35mTRACE[0m] [sprout::supervisor] [CPU0] SPROUT: Loop iteration: spawn_display_if_needed
[123554372469] [[35mTRACE[0m] [sprout::supervisor] [CPU0] SPROUT: Loop iteration: spawn_bloom_if_ready
[123555875388] [[35mTRACE[0m] [sprout::supervisor] [CPU0] SPROUT: Loop iteration: spawn_wayland_hello_if_ready
[123557385237] [[35mTRACE[0m] [sprout::supervisor] [CPU0] SPROUT: Loop iteration: spawn_clock_if_ready
[123558735894] [[35mTRACE[0m] [sprout::supervisor] [CPU0] SPROUT: Loop iteration: spawn_leaf_if_ready
[123560147997] [[35mTRACE[0m] [sprout::supervisor] [CPU0] SPROUT: Loop iteration: tick complete
[123561465357] [[34mDEBUG[0m] [sprout::supervisor] [CPU0] SPROUT: ServiceLoop waiting for next event...
[123813136821] [[34mDEBUG[0m] [kernel::vfs::provider] [CPU1] VFS_RPC: request op=DeviceCall len=48 tid=10
[123817606407] [[35mTRACE[0m] [display_virtio_gpu] [CPU3] display_virtio_gpu: VFS RPC op=DeviceCall
[123818846283] [[35mTRACE[0m] [display_virtio_gpu] [CPU3] DISP: DISPLAY_OP_GET_INFO requested
[123819432891] [[35mTRACE[0m] [display_virtio_gpu] [CPU3] DISP: Returning dimensions 1280x800
[123820038804] [[35mTRACE[0m] [display_virtio_gpu] [CPU3] display_virtio_gpu: VFS RPC response begin op=DeviceCall req_id=132
[123821752263] [[35mTRACE[0m] [display_virtio_gpu] [CPU3] display_virtio_gpu: VFS RPC response sent op=DeviceCall req_id=132
[123824055993] [[34mDEBUG[0m] [kernel::vfs::provider] [CPU1] VFS_RPC: response op=DeviceCall id=132 -> OK(48)
[123878865363] [[35mTRACE[0m] [sprout::supervisor] [CPU0] SPROUT: Supervisor tick...
[123880448571] [[35mTRACE[0m] [sprout::supervisor] [CPU0] SPROUT: Loop iteration: spawn_bristle_if_needed
[123882068211] [[35mTRACE[0m] [sprout::supervisor] [CPU0] SPROUT: Loop iteration: spawn_display_if_needed
[123883543806] [[35mTRACE[0m] [sprout::supervisor] [CPU0] SPROUT: Loop iteration: spawn_bloom_if_ready
[123885015903] [[35mTRACE[0m] [sprout::supervisor] [CPU0] SPROUT: Loop iteration: spawn_wayland_hello_if_ready
[123886508295] [[35mTRACE[0m] [sprout::supervisor] [CPU0] SPROUT: Loop iteration: spawn_clock_if_ready
[123887922015] [[35mTRACE[0m] [sprout::supervisor] [CPU0] SPROUT: Loop iteration: spawn_leaf_if_ready
[123889263300] [[35mTRACE[0m] [sprout::supervisor] [CPU0] SPROUT: Loop iteration: tick complete
[123890649300] [[34mDEBUG[0m] [sprout::supervisor] [CPU0] SPROUT: ServiceLoop waiting for next event...
[124201743369] [[35mTRACE[0m] [sprout::supervisor] [CPU0] SPROUT: Supervisor tick...
[124203355848] [[35mTRACE[0m] [sprout::supervisor] [CPU0] SPROUT: Loop iteration: spawn_bristle_if_needed
[124204744785] [[35mTRACE[0m] [sprout::supervisor] [CPU0] SPROUT: Loop iteration: spawn_display_if_needed
[124206196158] [[35mTRACE[0m] [sprout::supervisor] [CPU0] SPROUT: Loop iteration: spawn_bloom_if_ready
[124207758906] [[35mTRACE[0m] [sprout::supervisor] [CPU0] SPROUT: Loop iteration: spawn_wayland_hello_if_ready
[124209229254] [[35mTRACE[0m] [sprout::supervisor] [CPU0] SPROUT: Loop iteration: spawn_clock_if_ready
[124211083920] [[35mTRACE[0m] [sprout::supervisor] [CPU0] SPROUT: Loop iteration: spawn_leaf_if_ready
[124213359567] [[35mTRACE[0m] [sprout::supervisor] [CPU0] SPROUT: Loop iteration: tick complete
[124214722533] [[34mDEBUG[0m] [sprout::supervisor] [CPU0] SPROUT: ServiceLoop waiting for next event...
[124535391321] [[35mTRACE[0m] [sprout::supervisor] [CPU0] SPROUT: Supervisor tick...
[124538450850] [[35mTRACE[0m] [sprout::supervisor] [CPU0] SPROUT: Loop iteration: spawn_bristle_if_needed
[124541334654] [[35mTRACE[0m] [sprout::supervisor] [CPU0] SPROUT: Loop iteration: spawn_display_if_needed
[124543229646] [[35mTRACE[0m] [sprout::supervisor] [CPU0] SPROUT: Loop iteration: spawn_bloom_if_ready
[124544595978] [[35mTRACE[0m] [sprout::supervisor] [CPU0] SPROUT: Loop iteration: spawn_wayland_hello_if_ready
[124546053126] [[35mTRACE[0m] [sprout::supervisor] [CPU0] SPROUT: Loop iteration: spawn_clock_if_ready
[124547480079] [[35mTRACE[0m] [sprout::supervisor] [CPU0] SPROUT: Loop iteration: spawn_leaf_if_ready
[124548896835] [[35mTRACE[0m] [sprout::supervisor] [CPU0] SPROUT: Loop iteration: tick complete
[124550212677] [[34mDEBUG[0m] [sprout::supervisor] [CPU0] SPROUT: ServiceLoop waiting for next event...
[124630875435] [[34mDEBUG[0m] [kernel::vfs::provider] [CPU1] VFS_RPC: request op=DeviceCall len=48 tid=10
[124637545230] [[35mTRACE[0m] [display_virtio_gpu] [CPU3] display_virtio_gpu: VFS RPC op=DeviceCall
[124638612351] [[35mTRACE[0m] [display_virtio_gpu] [CPU3] DISP: DISPLAY_OP_GET_INFO requested
[124639191864] [[35mTRACE[0m] [display_virtio_gpu] [CPU3] DISP: Returning dimensions 1280x800
[124639780980] [[35mTRACE[0m] [display_virtio_gpu] [CPU3] display_virtio_gpu: VFS RPC response begin op=DeviceCall req_id=133
[124641934065] [[35mTRACE[0m] [display_virtio_gpu] [CPU3] display_virtio_gpu: VFS RPC response sent op=DeviceCall req_id=133
[124644580962] [[34mDEBUG[0m] [kernel::vfs::provider] [CPU1] VFS_RPC: response op=DeviceCall id=133 -> OK(48)
[124864984464] [[35mTRACE[0m] [sprout::supervisor] [CPU0] SPROUT: Supervisor tick...
[124867147812] [[35mTRACE[0m] [sprout::supervisor] [CPU0] SPROUT: Loop iteration: spawn_bristle_if_needed
[124868746332] [[35mTRACE[0m] [sprout::supervisor] [CPU0] SPROUT: Loop iteration: spawn_display_if_needed
[124870894203] [[35mTRACE[0m] [sprout::supervisor] [CPU0] SPROUT: Loop iteration: spawn_bloom_if_ready
[124872321321] [[35mTRACE[0m] [sprout::supervisor] [CPU0] SPROUT: Loop iteration: spawn_wayland_hello_if_ready
[124873810611] [[35mTRACE[0m] [sprout::supervisor] [CPU0] SPROUT: Loop iteration: spawn_clock_if_ready
[124875228060] [[35mTRACE[0m] [sprout::supervisor] [CPU0] SPROUT: Loop iteration: spawn_leaf_if_ready
[124876583700] [[35mTRACE[0m] [sprout::supervisor] [CPU0] SPROUT: Loop iteration: tick complete
[124877916999] [[34mDEBUG[0m] [sprout::supervisor] [CPU0] SPROUT: ServiceLoop waiting for next event...
[125195083662] [[35mTRACE[0m] [sprout::supervisor] [CPU0] SPROUT: Supervisor tick...
[125196929649] [[35mTRACE[0m] [sprout::supervisor] [CPU0] SPROUT: Loop iteration: spawn_bristle_if_needed
[125198649246] [[35mTRACE[0m] [sprout::supervisor] [CPU0] SPROUT: Loop iteration: spawn_display_if_needed
[125200132695] [[35mTRACE[0m] [sprout::supervisor] [CPU0] SPROUT: Loop iteration: spawn_bloom_if_ready
[125201553609] [[35mTRACE[0m] [sprout::supervisor] [CPU0] SPROUT: Loop iteration: spawn_wayland_hello_if_ready
[125202980100] [[35mTRACE[0m] [sprout::supervisor] [CPU0] SPROUT: Loop iteration: spawn_clock_if_ready
[125204378145] [[35mTRACE[0m] [sprout::supervisor] [CPU0] SPROUT: Loop iteration: spawn_leaf_if_ready
[125205845589] [[35mTRACE[0m] [sprout::supervisor] [CPU0] SPROUT: Loop iteration: tick complete
[125207191164] [[34mDEBUG[0m] [sprout::supervisor] [CPU0] SPROUT: ServiceLoop waiting for next event...
[125458169958] [[34mDEBUG[0m] [kernel::vfs::provider] [CPU1] VFS_RPC: request op=DeviceCall len=48 tid=10
[125462386665] [[35mTRACE[0m] [display_virtio_gpu] [CPU3] display_virtio_gpu: VFS RPC op=DeviceCall
[125463702210] [[35mTRACE[0m] [display_virtio_gpu] [CPU3] DISP: DISPLAY_OP_GET_INFO requested
[125464459494] [[35mTRACE[0m] [display_virtio_gpu] [CPU3] DISP: Returning dimensions 1280x800
[125465063625] [[35mTRACE[0m] [display_virtio_gpu] [CPU3] display_virtio_gpu: VFS RPC response begin op=DeviceCall req_id=134
[125467070124] [[35mTRACE[0m] [display_virtio_gpu] [CPU3] display_virtio_gpu: VFS RPC response sent op=DeviceCall req_id=134
[125471120808] [[34mDEBUG[0m] [kernel::vfs::provider] [CPU1] VFS_RPC: response op=DeviceCall id=134 -> OK(48)
[125523146166] [[35mTRACE[0m] [sprout::supervisor] [CPU0] SPROUT: Supervisor tick...
[125524587573] [[35mTRACE[0m] [sprout::supervisor] [CPU0] SPROUT: Loop iteration: spawn_bristle_if_needed
[125526059340] [[35mTRACE[0m] [sprout::supervisor] [CPU0] SPROUT: Loop iteration: spawn_display_if_needed
[125527521702] [[35mTRACE[0m] [sprout::supervisor] [CPU0] SPROUT: Loop iteration: spawn_bloom_if_ready
[125528964957] [[35mTRACE[0m] [sprout::supervisor] [CPU0] SPROUT: Loop iteration: spawn_wayland_hello_if_ready
[125530514472] [[35mTRACE[0m] [sprout::supervisor] [CPU0] SPROUT: Loop iteration: spawn_clock_if_ready
[125531952942] [[35mTRACE[0m] [sprout::supervisor] [CPU0] SPROUT: Loop iteration: spawn_leaf_if_ready
[125533334520] [[35mTRACE[0m] [sprout::supervisor] [CPU0] SPROUT: Loop iteration: tick complete
[125534679930] [[34mDEBUG[0m] [sprout::supervisor] [CPU0] SPROUT: ServiceLoop waiting for next event...
[125852521971] [[35mTRACE[0m] [sprout::supervisor] [CPU0] SPROUT: Supervisor tick...
[125854036506] [[35mTRACE[0m] [sprout::supervisor] [CPU0] SPROUT: Loop iteration: spawn_bristle_if_needed
[125855480850] [[35mTRACE[0m] [sprout::supervisor] [CPU0] SPROUT: Loop iteration: spawn_display_if_needed
[125856976806] [[35mTRACE[0m] [sprout::supervisor] [CPU0] SPROUT: Loop iteration: spawn_bloom_if_ready
[125858510085] [[35mTRACE[0m] [sprout::supervisor] [CPU0] SPROUT: Loop iteration: spawn_wayland_hello_if_ready
[125859977892] [[35mTRACE[0m] [sprout::supervisor] [CPU0] SPROUT: Loop iteration: spawn_clock_if_ready
[125861351385] [[35mTRACE[0m] [sprout::supervisor] [CPU0] SPROUT: Loop iteration: spawn_leaf_if_ready
[125862744843] [[35mTRACE[0m] [sprout::supervisor] [CPU0] SPROUT: Loop iteration: tick complete
[125864086161] [[34mDEBUG[0m] [sprout::supervisor] [CPU0] SPROUT: ServiceLoop waiting for next event...
[126180654303] [[35mTRACE[0m] [sprout::supervisor] [CPU0] SPROUT: Supervisor tick...
[126183087327] [[35mTRACE[0m] [sprout::supervisor] [CPU0] SPROUT: Loop iteration: spawn_bristle_if_needed
[126184487451] [[35mTRACE[0m] [sprout::supervisor] [CPU0] SPROUT: Loop iteration: spawn_display_if_needed
[126185858040] [[35mTRACE[0m] [sprout::supervisor] [CPU0] SPROUT: Loop iteration: spawn_bloom_if_ready
[126187558959] [[35mTRACE[0m] [sprout::supervisor] [CPU0] SPROUT: Loop iteration: spawn_wayland_hello_if_ready
[126189046830] [[35mTRACE[0m] [sprout::supervisor] [CPU0] SPROUT: Loop iteration: spawn_clock_if_ready
[126190382307] [[35mTRACE[0m] [sprout::supervisor] [CPU0] SPROUT: Loop iteration: spawn_leaf_if_ready
[126191796786] [[35mTRACE[0m] [sprout::supervisor] [CPU0] SPROUT: Loop iteration: tick complete
[126193082202] [[34mDEBUG[0m] [sprout::supervisor] [CPU0] SPROUT: ServiceLoop waiting for next event...
[126280874709] [[34mDEBUG[0m] [kernel::vfs::provider] [CPU1] VFS_RPC: request op=DeviceCall len=48 tid=10
[126285084387] [[35mTRACE[0m] [display_virtio_gpu] [CPU3] display_virtio_gpu: VFS RPC op=DeviceCall
[126286322316] [[35mTRACE[0m] [display_virtio_gpu] [CPU3] DISP: DISPLAY_OP_GET_INFO requested
[126287126823] [[35mTRACE[0m] [display_virtio_gpu] [CPU3] DISP: Returning dimensions 1280x800
[126287908395] [[35mTRACE[0m] [display_virtio_gpu] [CPU3] display_virtio_gpu: VFS RPC response begin op=DeviceCall req_id=135
[126290931426] [[35mTRACE[0m] [display_virtio_gpu] [CPU3] display_virtio_gpu: VFS RPC response sent op=DeviceCall req_id=135
[126293308482] [[34mDEBUG[0m] [kernel::vfs::provider] [CPU1] VFS_RPC: response op=DeviceCall id=135 -> OK(48)
[126509066145] [[35mTRACE[0m] [sprout::supervisor] [CPU0] SPROUT: Supervisor tick...
[126511416603] [[35mTRACE[0m] [sprout::supervisor] [CPU0] SPROUT: Loop iteration: spawn_bristle_if_needed
[126512827881] [[35mTRACE[0m] [sprout::supervisor] [CPU0] SPROUT: Loop iteration: spawn_display_if_needed
[126515074884] [[35mTRACE[0m] [sprout::supervisor] [CPU0] SPROUT: Loop iteration: spawn_bloom_if_ready
[126516516489] [[35mTRACE[0m] [sprout::supervisor] [CPU0] SPROUT: Loop iteration: spawn_wayland_hello_if_ready
[126518073165] [[35mTRACE[0m] [sprout::supervisor] [CPU0] SPROUT: Loop iteration: spawn_clock_if_ready
[126519449694] [[35mTRACE[0m] [sprout::supervisor] [CPU0] SPROUT: Loop iteration: spawn_leaf_if_ready
[126520804179] [[35mTRACE[0m] [sprout::supervisor] [CPU0] SPROUT: Loop iteration: tick complete
[126522231000] [[34mDEBUG[0m] [sprout::supervisor] [CPU0] SPROUT: ServiceLoop waiting for next event...
[126839025357] [[35mTRACE[0m] [sprout::supervisor] [CPU0] SPROUT: Supervisor tick...
[126841385187] [[35mTRACE[0m] [sprout::supervisor] [CPU0] SPROUT: Loop iteration: spawn_bristle_if_needed
[126843506130] [[35mTRACE[0m] [sprout::supervisor] [CPU0] SPROUT: Loop iteration: spawn_display_if_needed
[126845634762] [[35mTRACE[0m] [sprout::supervisor] [CPU0] SPROUT: Loop iteration: spawn_bloom_if_ready
[126847826688] [[35mTRACE[0m] [sprout::supervisor] [CPU0] SPROUT: Loop iteration: spawn_wayland_hello_if_ready
[126850084581] [[35mTRACE[0m] [sprout::supervisor] [CPU0] SPROUT: Loop iteration: spawn_clock_if_ready
[126852184437] [[35mTRACE[0m] [sprout::supervisor] [CPU0] SPROUT: Loop iteration: spawn_leaf_if_ready
[126854313729] [[35mTRACE[0m] [sprout::supervisor] [CPU0] SPROUT: Loop iteration: tick complete
[126856333263] [[34mDEBUG[0m] [sprout::supervisor] [CPU0] SPROUT: ServiceLoop waiting for next event...
[127096262436] [[34mDEBUG[0m] [kernel::vfs::provider] [CPU1] VFS_RPC: request op=DeviceCall len=48 tid=10
[127102703310] [[35mTRACE[0m] [display_virtio_gpu] [CPU3] display_virtio_gpu: VFS RPC op=DeviceCall
[127103726046] [[35mTRACE[0m] [display_virtio_gpu] [CPU3] DISP: DISPLAY_OP_GET_INFO requested
[127104568998] [[35mTRACE[0m] [display_virtio_gpu] [CPU3] DISP: Returning dimensions 1280x800
[127105169895] [[35mTRACE[0m] [display_virtio_gpu] [CPU3] display_virtio_gpu: VFS RPC response begin op=DeviceCall req_id=136
[127106851080] [[35mTRACE[0m] [display_virtio_gpu] [CPU3] display_virtio_gpu: VFS RPC response sent op=DeviceCall req_id=136
[127111028154] [[34mDEBUG[0m] [kernel::vfs::provider] [CPU1] VFS_RPC: response op=DeviceCall id=136 -> OK(48)
[127198958766] [[35mTRACE[0m] [sprout::supervisor] [CPU0] SPROUT: Supervisor tick...
[127201600845] [[35mTRACE[0m] [sprout::supervisor] [CPU0] SPROUT: Loop iteration: spawn_bristle_if_needed
[127203599952] [[35mTRACE[0m] [sprout::supervisor] [CPU0] SPROUT: Loop iteration: spawn_display_if_needed
[127204969188] [[35mTRACE[0m] [sprout::supervisor] [CPU0] SPROUT: Loop iteration: spawn_bloom_if_ready
[127206398451] [[35mTRACE[0m] [sprout::supervisor] [CPU0] SPROUT: Loop iteration: spawn_wayland_hello_if_ready
[127207845732] [[35mTRACE[0m] [sprout::supervisor] [CPU0] SPROUT: Loop iteration: spawn_clock_if_ready
[127209213516] [[35mTRACE[0m] [sprout::supervisor] [CPU0] SPROUT: Loop iteration: spawn_leaf_if_ready
[127210655946] [[35mTRACE[0m] [sprout::supervisor] [CPU0] SPROUT: Loop iteration: tick complete
[127211947566] [[34mDEBUG[0m] [sprout::supervisor] [CPU0] SPROUT: ServiceLoop waiting for next event...
[127530175806] [[35mTRACE[0m] [sprout::supervisor] [CPU0] SPROUT: Supervisor tick...
[127532185110] [[35mTRACE[0m] [sprout::supervisor] [CPU0] SPROUT: Loop iteration: spawn_bristle_if_needed
[127533576159] [[35mTRACE[0m] [sprout::supervisor] [CPU0] SPROUT: Loop iteration: spawn_display_if_needed
[127534957836] [[35mTRACE[0m] [sprout::supervisor] [CPU0] SPROUT: Loop iteration: spawn_bloom_if_ready
[127536488673] [[35mTRACE[0m] [sprout::supervisor] [CPU0] SPROUT: Loop iteration: spawn_wayland_hello_if_ready
[127537922061] [[35mTRACE[0m] [sprout::supervisor] [CPU0] SPROUT: Loop iteration: spawn_clock_if_ready
[127539302880] [[35mTRACE[0m] [sprout::supervisor] [CPU0] SPROUT: Loop iteration: spawn_leaf_if_ready
[127540704093] [[35mTRACE[0m] [sprout::supervisor] [CPU0] SPROUT: Loop iteration: tick complete
[127542223314] [[34mDEBUG[0m] [sprout::supervisor] [CPU0] SPROUT: ServiceLoop waiting for next event...
[127858981701] [[35mTRACE[0m] [sprout::supervisor] [CPU0] SPROUT: Supervisor tick...
[127861753470] [[35mTRACE[0m] [sprout::supervisor] [CPU0] SPROUT: Loop iteration: spawn_bristle_if_needed
[127864003641] [[35mTRACE[0m] [sprout::supervisor] [CPU0] SPROUT: Loop iteration: spawn_display_if_needed
[127865478477] [[35mTRACE[0m] 
[hunter] running random action
[sprout::supervisor] [CPU0] SPROUT: Loop iteration: spawn_bloom_if_ready
[127867509165] [[35mTRACE[0m] [sprout::supervisor] [CPU0] SPROUT: Loop iteration: spawn_wayland_hello_if_ready
[127869748050] [[35mTRACE[0m] [sprout::supervisor] [CPU0] SPROUT: Loop iteration: spawn_clock_if_ready
[127872168006] [[35mTRACE[0m] [sprout::supervisor] [CPU0] SPROUT: Loop iteration: spawn_leaf_if_ready
[127873211301] [[35mTRACE[0m] [bran::arch::x86_64::idt] [CPU0] PS/2 byte received: 0x18 (is_aux=true)
[127873940766] [[35mTRACE[0m] [bran::arch::x86_64::idt] [CPU0] PS/2 byte received: 0x81 (is_aux=true)
[127874419860] [[35mTRACE[0m] [bran::arch::x86_64::idt] [CPU0] PS/2 byte received: 0x7f (is_aux=true)
[127875010989] [[35mTRACE[0m] [bran::arch::x86_64::idt] [CPU0] PS/2 byte received: 0x18 (is_aux=true)
[127875508794] [[35mTRACE[0m] [bran::arch::x86_64::idt] [CPU0] PS/2 byte received: 0x81 (is_aux=true)
[127875997293] [[35mTRACE[0m] [bran::arch::x86_64::idt] [CPU0] PS/2 byte received: 0x7f (is_aux=true)
[127876496484] [[35mTRACE[0m] [bran::arch::x86_64::idt] [CPU0] PS/2 byte received: 0x18 (is_aux=true)
[127877010756] [[35mTRACE[0m] [bran::arch::x86_64::idt] [CPU0] PS/2 byte received: 0x81 (is_aux=true)
[127877492259] [[35mTRACE[0m] [bran::arch::x86_64::idt] [CPU0] PS/2 byte received: 0x7f (is_aux=true)
[127877687553] [[35mTRACE[0m] [bran::arch::x86_64::idt] [CPU1] PS/2 byte received: 0x18 (is_aux=true)
[127878039201] [[35mTRACE[0m] [bran::arch::x86_64::idt] [CPU0] PS/2 byte received: 0x81 (is_aux=true)
[127878404214] [[35mTRACE[0m] [bran::arch::x86_64::idt] [CPU1] PS/2 byte received: 0x7f (is_aux=true)
[127878819816] [[35mTRACE[0m] [bran::arch::x86_64::idt] [CPU0] PS/2 byte received: 0x18 (is_aux=true)
[127878915120] [[35mTRACE[0m] [bran::arch::x86_64::idt] [CPU1] PS/2 byte received: 0x81 (is_aux=true)
[127879363524] [[35mTRACE[0m] [bran::arch::x86_64::idt] [CPU0] PS/2 byte received: 0x7f (is_aux=true)
[127886884455] [[35mTRACE[0m] [ps2_kbd] [CPU2] ps2_kbd: yield on AUX data (mouse packet)
[127887930753] [[35mTRACE[0m] [kernel::irq::ps2] [CPU3] PS/2 take_scancode: popped 0x18 (is_aux=true)
[127889999160] [[35mTRACE[0m] [kernel::irq::ps2] [CPU3] PS/2 take_scancode: popped 0x81 (is_aux=true)
[127891370970] [[35mTRACE[0m] [kernel::irq::ps2] [CPU3] PS/2 take_scancode: popped 0x7f (is_aux=true)
[127891945302] [[35mTRACE[0m] [sprout::supervisor] [CPU0] SPROUT: Loop iteration: tick complete
[127892878377] [[35mTRACE[0m] [kernel::irq::ps2] [CPU3] PS/2 take_scancode: popped 0x18 (is_aux=true)
[127894273881] [[35mTRACE[0m] [kernel::irq::ps2] [CPU3] PS/2 take_scancode: popped 0x81 (is_aux=true)
[127895674599] [[35mTRACE[0m] [kernel::irq::ps2] [CPU3] PS/2 take_scancode: popped 0x7f (is_aux=true)
[127897079145] [[35mTRACE[0m] [kernel::irq::ps2] [CPU3] PS/2 take_scancode: popped 0x18 (is_aux=true)
[127897577775] [[34mDEBUG[0m] [sprout::supervisor] [CPU0] SPROUT: ServiceLoop waiting for next event...
[127898606979] [[35mTRACE[0m] [kernel::irq::ps2] [CPU3] PS/2 take_scancode: popped 0x81 (is_aux=true)
[127899935064] [[35mTRACE[0m] [kernel::irq::ps2] [CPU3] PS/2 take_scancode: popped 0x7f (is_aux=true)
[127901430888] [[35mTRACE[0m] [kernel::irq::ps2] [CPU3] PS/2 take_scancode: popped 0x18 (is_aux=true)
[127902906153] [[35mTRACE[0m] [kernel::irq::ps2] [CPU3] PS/2 take_scancode: popped 0x81 (is_aux=true)
[127904243313] [[35mTRACE[0m] [kernel::irq::ps2] [CPU3] PS/2 take_scancode: popped 0x7f (is_aux=true)
[127905832263] [[35mTRACE[0m] [kernel::irq::ps2] [CPU3] PS/2 take_scancode: popped 0x18 (is_aux=true)
[127907182491] [[35mTRACE[0m] [kernel::irq::ps2] [CPU3] PS/2 take_scancode: popped 0x81 (is_aux=true)
[127908759924] [[35mTRACE[0m] [kernel::irq::ps2] [CPU3] PS/2 take_scancode: popped 0x7f (is_aux=true)
[127923920091] [[34mDEBUG[0m] [kernel::vfs::provider] [CPU1] VFS_RPC: request op=DeviceCall len=48 tid=10
[127961594508] [[35mTRACE[0m] [display_virtio_gpu] [CPU3] display_virtio_gpu: VFS RPC op=DeviceCall
[127963255101] [[35mTRACE[0m] [display_virtio_gpu] [CPU3] DISP: DISPLAY_OP_GET_INFO requested
[127964519199] [[35mTRACE[0m] [display_virtio_gpu] [CPU3] DISP: Returning dimensions 1280x800
[127965746964] [[35mTRACE[0m] [display_virtio_gpu] [CPU3] display_virtio_gpu: VFS RPC response begin op=DeviceCall req_id=137
[127968749997] [[35mTRACE[0m] [display_virtio_gpu] [CPU3] display_virtio_gpu: VFS RPC response sent op=DeviceCall req_id=137
[127974126555] [[34mDEBUG[0m] [kernel::vfs::provider] [CPU1] VFS_RPC: response op=DeviceCall id=137 -> OK(48)
[128159654271] [[35mTRACE[0m] [bran::arch::x86_64::idt] [CPU0] PS/2 byte received: 0x18 (is_aux=true)
[128160805476] [[35mTRACE[0m] [bran::arch::x86_64::idt] [CPU0] PS/2 byte received: 0x81 (is_aux=true)
[128161624371] [[35mTRACE[0m] [bran::arch::x86_64::idt] [CPU0] PS/2 byte received: 0x7f (is_aux=true)
[128162107788] [[35mTRACE[0m] [bran::arch::x86_64::idt] [CPU0] PS/2 byte received: 0x18 (is_aux=true)
[128162690700] [[35mTRACE[0m] [bran::arch::x86_64::idt] [CPU0] PS/2 byte received: 0x81 (is_aux=true)
[128163513192] [[35mTRACE[0m] [bran::arch::x86_64::idt] [CPU0] PS/2 byte received: 0x7f (is_aux=true)
[128164557147] [[35mTRACE[0m] [bran::arch::x86_64::idt] [CPU0] PS/2 byte received: 0x18 (is_aux=true)
[128165628030] [[35mTRACE[0m] [bran::arch::x86_64::idt] [CPU0] PS/2 byte received: 0x81 (is_aux=true)
[128166617502] [[35mTRACE[0m] [bran::arch::x86_64::idt] [CPU0] PS/2 byte received: 0x7f (is_aux=true)
[128167204275] [[35mTRACE[0m] [bran::arch::x86_64::idt] [CPU0] PS/2 byte received: 0x18 (is_aux=true)
[128167675284] [[35mTRACE[0m] [bran::arch::x86_64::idt] [CPU0] PS/2 byte received: 0x81 (is_aux=true)
[128168150055] [[35mTRACE[0m] [bran::arch::x86_64::idt] [CPU0] PS/2 byte received: 0x7f (is_aux=true)
[128168596017] [[35mTRACE[0m] [bran::arch::x86_64::idt] [CPU0] PS/2 byte received: 0x18 (is_aux=true)
[128169052077] [[35mTRACE[0m] [bran::arch::x86_64::idt] [CPU0] PS/2 byte received: 0x81 (is_aux=true)
[128169502164] [[35mTRACE[0m] [bran::arch::x86_64::idt] [CPU0] PS/2 byte received: 0x7f (is_aux=true)
[128174062764] [[35mTRACE[0m] [kernel::irq::ps2] [CPU3] PS/2 take_scancode: popped 0x18 (is_aux=true)
[128175843180] [[35mTRACE[0m] [kernel::irq::ps2] [CPU3] PS/2 take_scancode: popped 0x81 (is_aux=true)
[128187922302] [[35mTRACE[0m] [kernel::irq::ps2] [CPU3] PS/2 take_scancode: popped 0x7f (is_aux=true)
[128189508117] [[35mTRACE[0m] [kernel::irq::ps2] [CPU3] PS/2 take_scancode: popped 0x18 (is_aux=true)
[128191086870] [[35mTRACE[0m] [kernel::irq::ps2] [CPU3] PS/2 take_scancode: popped 0x81 (is_aux=true)
[128192594145] [[35mTRACE[0m] [kernel::irq::ps2] [CPU3] PS/2 take_scancode: popped 0x7f (is_aux=true)
[128194081026] [[35mTRACE[0m] [kernel::irq::ps2] [CPU3] PS/2 take_scancode: popped 0x18 (is_aux=true)
[128195582130] [[35mTRACE[0m] [kernel::irq::ps2] [CPU3] PS/2 take_scancode: popped 0x81 (is_aux=true)
[128197072014] [[35mTRACE[0m] [kernel::irq::ps2] [CPU3] PS/2 take_scancode: popped 0x7f (is_aux=true)
[128198586120] [[35mTRACE[0m] [kernel::irq::ps2] [CPU3] PS/2 take_scancode: popped 0x18 (is_aux=true)
[128200170351] [[35mTRACE[0m] [kernel::irq::ps2] [CPU3] PS/2 take_scancode: popped 0x81 (is_aux=true)
[128201704917] [[35mTRACE[0m] [kernel::irq::ps2] [CPU3] PS/2 take_scancode: popped 0x7f (is_aux=true)
[128203177080] [[35mTRACE[0m] [kernel::irq::ps2] [CPU3] PS/2 take_scancode: popped 0x18 (is_aux=true)
[128204684421] [[35mTRACE[0m] [kernel::irq::ps2] [CPU3] PS/2 take_scancode: popped 0x81 (is_aux=true)
[128206214862] [[35mTRACE[0m] [kernel::irq::ps2] [CPU3] PS/2 take_scancode: popped 0x7f (is_aux=true)
[128211264588] [[35mTRACE[0m] [sprout::supervisor] [CPU0] SPROUT: Supervisor tick...
[128212632504] [[35mTRACE[0m] [sprout::supervisor] [CPU0] SPROUT: Loop iteration: spawn_bristle_if_needed
[128214085956] [[35mTRACE[0m] [sprout::supervisor] [CPU0] SPROUT: Loop iteration: spawn_display_if_needed
[128215446810] [[35mTRACE[0m] [sprout::supervisor] [CPU0] SPROUT: Loop iteration: spawn_bloom_if_ready
[128216983455] [[35mTRACE[0m] [sprout::supervisor] [CPU0] SPROUT: Loop iteration: spawn_wayland_hello_if_ready
[128218514787] [[35mTRACE[0m] [sprout::supervisor] [CPU0] SPROUT: Loop iteration: spawn_clock_if_ready
[128219893560] [[35mTRACE[0m] [sprout::supervisor] [CPU0] SPROUT: Loop iteration: spawn_leaf_if_ready
[128221398822] [[35mTRACE[0m] [sprout::supervisor] [CPU0] SPROUT: Loop iteration: tick complete
[128222892006] [[34mDEBUG[0m] [sprout::supervisor] [CPU0] SPROUT: ServiceLoop waiting for next event...
[128414713185] [[35mTRACE[0m] [bran::arch::x86_64::idt] [CPU0] PS/2 byte received: 0x18 (is_aux=true)
[128416025958] [[35mTRACE[0m] [bran::arch::x86_64::idt] [CPU0] PS/2 byte received: 0x81 (is_aux=true)
[128417037573] [[35mTRACE[0m] [bran::arch::x86_64::idt] [CPU0] PS/2 byte received: 0x7f (is_aux=true)
[128418010809] [[35mTRACE[0m] [bran::arch::x86_64::idt] [CPU0] PS/2 byte received: 0x18 (is_aux=true)
[128419307115] [[35mTRACE[0m] [bran::arch::x86_64::idt] [CPU0] PS/2 byte received: 0x81 (is_aux=true)
[128419682523] [[35mTRACE[0m] [bran::arch::x86_64::idt] [CPU2] PS/2 byte received: 0x7f (is_aux=true)
[128420249496] [[35mTRACE[0m] [bran::arch::x86_64::idt] [CPU0] PS/2 byte received: 0x18 (is_aux=true)
[128420417433] [[35mTRACE[0m] [bran::arch::x86_64::idt] [CPU2] PS/2 byte received: 0x81 (is_aux=true)
[128420910882] [[35mTRACE[0m] [bran::arch::x86_64::idt] [CPU0] PS/2 byte received: 0x7f (is_aux=true)
[128421025029] [[35mTRACE[0m] [bran::arch::x86_64::idt] [CPU2] PS/2 byte received: 0x18 (is_aux=true)
[128421610053] [[35mTRACE[0m] [bran::arch::x86_64::idt] [CPU0] PS/2 byte received: 0x81 (is_aux=true)
[128421705159] [[35mTRACE[0m] [bran::arch::x86_64::idt] [CPU2] PS/2 byte received: 0x7f (is_aux=true)
[128422276455] [[35mTRACE[0m] [bran::arch::x86_64::idt] [CPU0] PS/2 byte received: 0x18 (is_aux=true)
[128422372353] [[35mTRACE[0m] [bran::arch::x86_64::idt] [CPU2] PS/2 byte received: 0x81 (is_aux=true)
[128422951569] [[35mTRACE[0m] [bran::arch::x86_64::idt] [CPU0] PS/2 byte received: 0x7f (is_aux=true)
[128426100792] [[35mTRACE[0m] [ps2_kbd] [CPU2] ps2_kbd: yield on AUX data (mouse packet)
[128430644595] [[35mTRACE[0m] [kernel::irq::ps2] [CPU3] PS/2 take_scancode: popped 0x18 (is_aux=true)
[128432070723] [[35mTRACE[0m] [kernel::irq::ps2] [CPU3] PS/2 take_scancode: popped 0x81 (is_aux=true)
[128433382308] [[35mTRACE[0m] [kernel::irq::ps2] [CPU3] PS/2 take_scancode: popped 0x7f (is_aux=true)
[128434730160] [[35mTRACE[0m] [kernel::irq::ps2] [CPU3] PS/2 take_scancode: popped 0x18 (is_aux=true)
[128436194172] [[35mTRACE[0m] [kernel::irq::ps2] [CPU3] PS/2 take_scancode: popped 0x81 (is_aux=true)
[128437543608] [[35mTRACE[0m] [kernel::irq::ps2] [CPU3] PS/2 take_scancode: popped 0x7f (is_aux=true)
[128438916342] [[35mTRACE[0m] [kernel::irq::ps2] [CPU3] PS/2 take_scancode: popped 0x18 (is_aux=true)
[128440206807] [[35mTRACE[0m] [kernel::irq::ps2] [CPU3] PS/2 take_scancode: popped 0x81 (is_aux=true)
[128441611188] [[35mTRACE[0m] [kernel::irq::ps2] [CPU3] PS/2 take_scancode: popped 0x7f (is_aux=true)
[128452114527] [[35mTRACE[0m] [kernel::irq::ps2] [CPU3] PS/2 take_scancode: popped 0x18 (is_aux=true)
[128453831748] [[35mTRACE[0m] [kernel::irq::ps2] [CPU3] PS/2 take_scancode: popped 0x81 (is_aux=true)
[128455249494] [[35mTRACE[0m] [kernel::irq::ps2] [CPU3] PS/2 take_scancode: popped 0x7f (is_aux=true)
[128456566887] [[35mTRACE[0m] [kernel::irq::ps2] [CPU3] PS/2 take_scancode: popped 0x18 (is_aux=true)
[128458043307] [[35mTRACE[0m] [kernel::irq::ps2] [CPU3] PS/2 take_scancode: popped 0x81 (is_aux=true)
[128459496660] [[35mTRACE[0m] [kernel::irq::ps2] [CPU3] PS/2 take_scancode: popped 0x7f (is_aux=true)
[128540167602] [[35mTRACE[0m] [bran::arch::x86_64::idt] [CPU0] PS/2 byte received: 0x18 (is_aux=true)
[128540909112] [[35mTRACE[0m] [bran::arch::x86_64::idt] [CPU0] PS/2 byte received: 0x81 (is_aux=true)
[128541383619] [[35mTRACE[0m] [bran::arch::x86_64::idt] [CPU0] PS/2 byte received: 0x7f (is_aux=true)
[128541491562] [[35mTRACE[0m] [kernel::irq::ps2] [CPU3] PS/2 take_scancode: popped 0x18 (is_aux=true)
[128541969369] [[35mTRACE[0m] [bran::arch::x86_64::idt] [CPU0] PS/2 byte received: 0x18 (is_aux=true)
[128542424439] [[35mTRACE[0m] [bran::arch::x86_64::idt] [CPU0] PS/2 byte received: 0x81 (is_aux=true)
[128542867629] [[35mTRACE[0m] [bran::arch::x86_64::idt] [CPU0] PS/2 byte received: 0x7f (is_aux=true)
[128543080908] [[35mTRACE[0m] [kernel::irq::ps2] [CPU3] PS/2 take_scancode: popped 0x81 (is_aux=true)
[128543327649] [[35mTRACE[0m] [bran::arch::x86_64::idt] [CPU0] PS/2 byte received: 0x18 (is_aux=true)
[128543971083] [[35mTRACE[0m] [bran::arch::x86_64::idt] [CPU0] PS/2 byte received: 0x81 (is_aux=true)
[128544116646] [[35mTRACE[0m] [bran::arch::x86_64::idt] [CPU3] PS/2 byte received: 0x7f (is_aux=true)
[128544590295] [[35mTRACE[0m] [bran::arch::x86_64::idt] [CPU0] PS/2 byte received: 0x18 (is_aux=true)
[128544754734] [[35mTRACE[0m] [bran::arch::x86_64::idt] [CPU3] PS/2 byte received: 0x81 (is_aux=true)
[128545240164] [[35mTRACE[0m] [bran::arch::x86_64::idt] [CPU0] PS/2 byte received: 0x7f (is_aux=true)
[128545335237] [[35mTRACE[0m] [bran::arch::x86_64::idt] [CPU3] PS/2 byte received: 0x18 (is_aux=true)
[128545874391] [[35mTRACE[0m] [bran::arch::x86_64::idt] [CPU0] PS/2 byte received: 0x81 (is_aux=true)
[128545967781] [[35mTRACE[0m] [bran::arch::x86_64::idt] [CPU3] PS/2 byte received: 0x7f (is_aux=true)
[128548937946] [[35mTRACE[0m] [kernel::irq::ps2] [CPU3] PS/2 take_scancode: popped 0x7f (is_aux=true)
[128551070307] [[35mTRACE[0m] [kernel::irq::ps2] [CPU3] PS/2 take_scancode: popped 0x18 (is_aux=true)
[128551088094] [[35mTRACE[0m] [ps2_kbd] [CPU2] ps2_kbd: yield on AUX data (mouse packet)
[128552530326] [[35mTRACE[0m] [kernel::irq::ps2] [CPU3] PS/2 take_scancode: popped 0x81 (is_aux=true)
[128554144257] [[35mTRACE[0m] [kernel::irq::ps2] [CPU3] PS/2 take_scancode: popped 0x7f (is_aux=true)
[128555749839] [[35mTRACE[0m] [kernel::irq::ps2] [CPU3] PS/2 take_scancode: popped 0x18 (is_aux=true)
[128557312686] [[35mTRACE[0m] [kernel::irq::ps2] [CPU3] PS/2 take_scancode: popped 0x81 (is_aux=true)
[128558667303] [[35mTRACE[0m] [kernel::irq::ps2] [CPU3] PS/2 take_scancode: popped 0x7f (is_aux=true)
[128560016376] [[35mTRACE[0m] [kernel::irq::ps2] [CPU3] PS/2 take_scancode: popped 0x18 (is_aux=true)
[128560540185] [[35mTRACE[0m] [sprout::supervisor] [CPU0] SPROUT: Supervisor tick...
[128561495106] [[35mTRACE[0m] [kernel::irq::ps2] [CPU3] PS/2 take_scancode: popped 0x81 (is_aux=true)
[128561979645] [[35mTRACE[0m] [sprout::supervisor] [CPU0] SPROUT: Loop iteration: spawn_bristle_if_needed
[128562956742] [[35mTRACE[0m] [kernel::irq::ps2] [CPU3] PS/2 take_scancode: popped 0x7f (is_aux=true)
[128564366700] [[35mTRACE[0m] [kernel::irq::ps2] [CPU3] PS/2 take_scancode: popped 0x18 (is_aux=true)
[128565686040] [[35mTRACE[0m] [kernel::irq::ps2] [CPU3] PS/2 take_scancode: popped 0x81 (is_aux=true)
[128567118207] [[35mTRACE[0m] [kernel::irq::ps2] [CPU3] PS/2 take_scancode: popped 0x7f (is_aux=true)
[128567595354] [[35mTRACE[0m] [sprout::supervisor] [CPU0] SPROUT: Loop iteration: spawn_display_if_needed
[128573729163] [[35mTRACE[0m] [sprout::supervisor] [CPU0] SPROUT: Loop iteration: spawn_bloom_if_ready
[128575140969] [[35mTRACE[0m] [sprout::supervisor] [CPU0] SPROUT: Loop iteration: spawn_wayland_hello_if_ready
[128576842548] [[35mTRACE[0m] [sprout::supervisor] [CPU0] SPROUT: Loop iteration: spawn_clock_if_ready
[128578428858] [[35mTRACE[0m] [sprout::supervisor] [CPU0] SPROUT: Loop iteration: spawn_leaf_if_ready
[128579960223] [[35mTRACE[0m] [sprout::supervisor] [CPU0] SPROUT: Loop iteration: tick complete
[128581289727] [[34mDEBUG[0m] [sprout::supervisor] [CPU0] SPROUT: ServiceLoop waiting for next event...
[128713568676] [[34mDEBUG[0m] [kernel::vfs::provider] [CPU1] VFS_RPC: request op=DeviceCall len=48 tid=10
[128719824354] [[35mTRACE[0m] [display_virtio_gpu] [CPU3] display_virtio_gpu: VFS RPC op=DeviceCall
[128720949654] [[35mTRACE[0m] [display_virtio_gpu] [CPU3] DISP: DISPLAY_OP_GET_INFO requested
[128721736341] [[35mTRACE[0m] [display_virtio_gpu] [CPU3] DISP: Returning dimensions 1280x800
[128722460064] [[35mTRACE[0m] [display_virtio_gpu] [CPU3] display_virtio_gpu: VFS RPC response begin op=DeviceCall req_id=138
[128724715548] [[35mTRACE[0m] [display_virtio_gpu] [CPU3] display_virtio_gpu: VFS RPC response sent op=DeviceCall req_id=138
[128727494082] [[34mDEBUG[0m] [kernel::vfs::provider] [CPU1] VFS_RPC: response op=DeviceCall id=138 -> OK(48)
[128828237571] [[35mTRACE[0m] [bran::arch::x86_64::idt] [CPU0] PS/2 byte received: 0x18 (is_aux=true)
[128829293670] [[35mTRACE[0m] [bran::arch::x86_64::idt] [CPU0] PS/2 byte received: 0x81 (is_aux=true)
[128830092831] [[35mTRACE[0m] [bran::arch::x86_64::idt] [CPU0] PS/2 byte received: 0x7f (is_aux=true)
[128830861467] [[35mTRACE[0m] [bran::arch::x86_64::idt] [CPU0] PS/2 byte received: 0x18 (is_aux=true)
[128831535327] [[35mTRACE[0m] [bran::arch::x86_64::idt] [CPU1] PS/2 byte received: 0x81 (is_aux=true)
[128831685906] [[35mTRACE[0m] [bran::arch::x86_64::idt] [CPU0] PS/2 byte received: 0x7f (is_aux=true)
[128832692538] [[35mTRACE[0m] [bran::arch::x86_64::idt] [CPU1] PS/2 byte received: 0x18 (is_aux=true)
[128832989538] [[35mTRACE[0m] [bran::arch::x86_64::idt] [CPU0] PS/2 byte received: 0x81 (is_aux=true)
[128833771209] [[35mTRACE[0m] [bran::arch::x86_64::idt] [CPU1] PS/2 byte received: 0x7f (is_aux=true)
[128834065536] [[35mTRACE[0m] [bran::arch::x86_64::idt] [CPU0] PS/2 byte received: 0x18 (is_aux=true)
[128834836086] [[35mTRACE[0m] [bran::arch::x86_64::idt] [CPU1] PS/2 byte received: 0x81 (is_aux=true)
[128835376626] [[35mTRACE[0m] [bran::arch::x86_64::idt] [CPU1] PS/2 byte received: 0x18 (is_aux=true)
[128835331581] [[35mTRACE[0m] [bran::arch::x86_64::idt] [CPU0] PS/2 byte received: 0x7f (is_aux=true)
[128835877929] [[35mTRACE[0m] [bran::arch::x86_64::idt] [CPU1] PS/2 byte received: 0x81 (is_aux=true)
[128836561425] [[35mTRACE[0m] [bran::arch::x86_64::idt] [CPU0] PS/2 byte received: 0x7f (is_aux=true)
[128839450641] [[35mTRACE[0m] [ps2_kbd] [CPU2] ps2_kbd: yield on AUX data (mouse packet)
[128848535079] [[35mTRACE[0m] [kernel::irq::ps2] [CPU3] PS/2 take_scancode: popped 0x18 (is_aux=true)
[128851235469] [[35mTRACE[0m] [kernel::irq::ps2] [CPU3] PS/2 take_scancode: popped 0x81 (is_aux=true)
[128853375453] [[35mTRACE[0m] [kernel::irq::ps2] [CPU3] PS/2 take_scancode: popped 0x7f (is_aux=true)
[128854706838] [[35mTRACE[0m] [kernel::irq::ps2] [CPU3] PS/2 take_scancode: popped 0x18 (is_aux=true)
[128856007170] [[35mTRACE[0m] [kernel::irq::ps2] [CPU3] PS/2 take_scancode: popped 0x81 (is_aux=true)
[128857285920] [[35mTRACE[0m] [kernel::sched] [CPU0] SCHED-DBG: cpus_online=4
[128857771350] [[35mTRACE[0m] [kernel::sched] [CPU0] SCHED-DBG: cpu=0 curr=Some(0) runq=0 runq_avg=1 runq_samples=4829 ctxsw=580 idle2busy=0 tick=570 ipi=224 enq=4835 deq=4834 wake=523 lock_miss=0 lock_pending=0 lock_blocked=0
[128858546685] [[35mTRACE[0m] [kernel::sched] [CPU0] SCHED-DBG: cpu=1 curr=Some(2) runq=0 runq_avg=0 runq_samples=3685 ctxsw=729 idle2busy=344 tick=584 ipi=307 enq=418 deq=417 wake=720 lock_miss=0 lock_pending=0 lock_blocked=0
[128859301626] [[35mTRACE[0m] [kernel::sched] [CPU0] SCHED-DBG: cpu=2 curr=Some(3) runq=0 runq_avg=0 runq_samples=3388 ctxsw=382 idle2busy=141 tick=2067 ipi=85 enq=258 deq=257 wake=366 lock_miss=0 lock_pending=0 lock_blocked=0
[128860080228] [[35mTRACE[0m] [kernel::sched] [CPU0] SCHED-DBG: cpu=3 curr=Some(18) runq=1 runq_avg=1 runq_samples=560087 ctxsw=7871 idle2busy=2715 tick=2797 ipi=508 enq=5391 deq=5389 wake=5882 lock_miss=0 lock_pending=0 lock_blocked=0
[128865041811] [[35mTRACE[0m] [kernel::irq::ps2] [CPU3] PS/2 take_scancode: popped 0x7f (is_aux=true)
[128866603206] [[35mTRACE[0m] [kernel::irq::ps2] [CPU3] PS/2 take_scancode: popped 0x18 (is_aux=true)
[128867917695] [[35mTRACE[0m] [kernel::irq::ps2] [CPU3] PS/2 take_scancode: popped 0x81 (is_aux=true)
[128869256340] [[35mTRACE[0m] [kernel::irq::ps2] [CPU3] PS/2 take_scancode: popped 0x7f (is_aux=true)
[128870600562] [[35mTRACE[0m] [kernel::irq::ps2] [CPU3] PS/2 take_scancode: popped 0x18 (is_aux=true)
[128881203396] [[35mTRACE[0m] [kernel::irq::ps2] [CPU3] PS/2 take_scancode: popped 0x81 (is_aux=true)
[128882809869] [[35mTRACE[0m] [kernel::irq::ps2] [CPU3] PS/2 take_scancode: popped 0x18 (is_aux=true)
[128884277544] [[35mTRACE[0m] [kernel::irq::ps2] [CPU3] PS/2 take_scancode: popped 0x7f (is_aux=true)
[128885714727] [[35mTRACE[0m] [kernel::irq::ps2] [CPU3] PS/2 take_scancode: popped 0x81 (is_aux=true)
[128887214709] [[35mTRACE[0m] [kernel::irq::ps2] [CPU3] PS/2 take_scancode: popped 0x7f (is_aux=true)
[128910321672] [[35mTRACE[0m] [sprout::supervisor] [CPU0] SPROUT: Supervisor tick...
[128911751595] [[35mTRACE[0m] [sprout::supervisor] [CPU0] SPROUT: Loop iteration: spawn_bristle_if_needed
[128913952332] [[35mTRACE[0m] [sprout::supervisor] [CPU0] SPROUT: Loop iteration: spawn_display_if_needed
[128915585139] [[35mTRACE[0m] [sprout::supervisor] [CPU0] SPROUT: Loop iteration: spawn_bloom_if_ready
[128916551313] [[35mTRACE[0m] [bran::arch::x86_64::idt] [CPU0] PS/2 byte received: 0x18 (is_aux=true)
[128917254609] [[35mTRACE[0m] [bran::arch::x86_64::idt] [CPU0] PS/2 byte received: 0x81 (is_aux=true)
[128917712484] [[35mTRACE[0m] [bran::arch::x86_64::idt] [CPU0] PS/2 byte received: 0x7f (is_aux=true)
[128918182140] [[35mTRACE[0m] [bran::arch::x86_64::idt] [CPU0] PS/2 byte received: 0x18 (is_aux=true)
[128918642094] [[35mTRACE[0m] [bran::arch::x86_64::idt] [CPU0] PS/2 byte received: 0x81 (is_aux=true)
[128919152208] [[35mTRACE[0m] [bran::arch::x86_64::idt] [CPU0] PS/2 byte received: 0x7f (is_aux=true)
[128919628794] [[35mTRACE[0m] [bran::arch::x86_64::idt] [CPU0] PS/2 byte received: 0x18 (is_aux=true)
[128920099341] [[35mTRACE[0m] [bran::arch::x86_64::idt] [CPU0] PS/2 byte received: 0x81 (is_aux=true)
[128920567545] [[35mTRACE[0m] [bran::arch::x86_64::idt] [CPU0] PS/2 byte received: 0x7f (is_aux=true)
[128921027796] [[35mTRACE[0m] [bran::arch::x86_64::idt] [CPU0] PS/2 byte received: 0x18 (is_aux=true)
[128921499861] [[35mTRACE[0m] [bran::arch::x86_64::idt] [CPU0] PS/2 byte received: 0x81 (is_aux=true)
[128921994267] [[35mTRACE[0m] [bran::arch::x86_64::idt] [CPU0] PS/2 byte received: 0x7f (is_aux=true)
[128922502830] [[35mTRACE[0m] [bran::arch::x86_64::idt] [CPU0] PS/2 byte received: 0x18 (is_aux=true)
[128922978723] [[35mTRACE[0m] [bran::arch::x86_64::idt] [CPU0] PS/2 byte received: 0x81 (is_aux=true)
[128923437324] [[35mTRACE[0m] [bran::arch::x86_64::idt] [CPU0] PS/2 byte received: 0x7f (is_aux=true)
[128927878266] [[35mTRACE[0m] [kernel::irq::ps2] [CPU3] PS/2 take_scancode: popped 0x18 (is_aux=true)
[128928502461] [[35mTRACE[0m] [sprout::supervisor] [CPU0] SPROUT: Loop iteration: spawn_wayland_hello_if_ready
[128929539387] [[35mTRACE[0m] [kernel::irq::ps2] [CPU3] PS/2 take_scancode: popped 0x81 (is_aux=true)
[128930025576] [[35mTRACE[0m] [sprout::supervisor] [CPU0] SPROUT: Loop iteration: spawn_clock_if_ready
[128931119889] [[35mTRACE[0m] [kernel::irq::ps2] [CPU3] PS/2 take_scancode: popped 0x7f (is_aux=true)
[128932470645] [[35mTRACE[0m] [kernel::irq::ps2] [CPU3] PS/2 take_scancode: popped 0x18 (is_aux=true)
[128934425631] [[35mTRACE[0m] [kernel::irq::ps2] [CPU3] PS/2 take_scancode: popped 0x81 (is_aux=true)
[128942976195] [[35mTRACE[0m] [sprout::supervisor] [CPU0] SPROUT: Loop iteration: spawn_leaf_if_ready
[128944396284] [[35mTRACE[0m] [sprout::supervisor] [CPU0] SPROUT: Loop iteration: tick complete
[128944499574] [[35mTRACE[0m] [kernel::irq::ps2] [CPU3] PS/2 take_scancode: popped 0x7f (is_aux=true)
[128946281871] [[35mTRACE[0m] [kernel::irq::ps2] [CPU3] PS/2 take_scancode: popped 0x18 (is_aux=true)
[128946932136] [[34mDEBUG[0m] [sprout::supervisor] [CPU0] SPROUT: ServiceLoop waiting for next event...
[128947682523] [[35mTRACE[0m] [kernel::irq::ps2] [CPU3] PS/2 take_scancode: popped 0x81 (is_aux=true)
[128950003215] [[35mTRACE[0m] [kernel::irq::ps2] [CPU3] PS/2 take_scancode: popped 0x7f (is_aux=true)
[128951671761] [[35mTRACE[0m] [kernel::irq::ps2] [CPU3] PS/2 take_scancode: popped 0x18 (is_aux=true)
[128953280049] [[35mTRACE[0m] [kernel::irq::ps2] [CPU3] PS/2 take_scancode: popped 0x81 (is_aux=true)
[128954921073] [[35mTRACE[0m] [kernel::irq::ps2] [CPU3] PS/2 take_scancode: popped 0x7f (is_aux=true)
[128956459698] [[35mTRACE[0m] [kernel::irq::ps2] [CPU3] PS/2 take_scancode: popped 0x18 (is_aux=true)
[128957956611] [[35mTRACE[0m] [kernel::irq::ps2] [CPU3] PS/2 take_scancode: popped 0x81 (is_aux=true)
[128959524639] [[35mTRACE[0m] [kernel::irq::ps2] [CPU3] PS/2 take_scancode: popped 0x7f (is_aux=true)
[129148790364] [[35mTRACE[0m] [bran::arch::x86_64::idt] [CPU0] PS/2 byte received: 0x18 (is_aux=true)
[129149509764] [[35mTRACE[0m] [bran::arch::x86_64::idt] [CPU0] PS/2 byte received: 0x81 (is_aux=true)
[129149990508] [[35mTRACE[0m] [bran::arch::x86_64::idt] [CPU0] PS/2 byte received: 0x7f (is_aux=true)
[129150447624] [[35mTRACE[0m] [bran::arch::x86_64::idt] [CPU0] PS/2 byte received: 0x18 (is_aux=true)
[129150895137] [[35mTRACE[0m] [bran::arch::x86_64::idt] [CPU0] PS/2 byte received: 0x81 (is_aux=true)
[129151345752] [[35mTRACE[0m] [bran::arch::x86_64::idt] [CPU0] PS/2 byte received: 0x7f (is_aux=true)
[129151798776] [[35mTRACE[0m] [bran::arch::x86_64::idt] [CPU0] PS/2 byte received: 0x18 (is_aux=true)
[129152256486] [[35mTRACE[0m] [bran::arch::x86_64::idt] [CPU0] PS/2 byte received: 0x81 (is_aux=true)
[129152747031] [[35mTRACE[0m] [bran::arch::x86_64::idt] [CPU0] PS/2 byte received: 0x7f (is_aux=true)
[129153203289] [[35mTRACE[0m] [bran::arch::x86_64::idt] [CPU0] PS/2 byte received: 0x18 (is_aux=true)
[129153662022] [[35mTRACE[0m] [bran::arch::x86_64::idt] [CPU0] PS/2 byte received: 0x81 (is_aux=true)
[129154103265] [[35mTRACE[0m] [bran::arch::x86_64::idt] [CPU0] PS/2 byte received: 0x7f (is_aux=true)
[129154546092] [[35mTRACE[0m] [bran::arch::x86_64::idt] [CPU0] PS/2 byte received: 0x18 (is_aux=true)
[129155013075] [[35mTRACE[0m] [bran::arch::x86_64::idt] [CPU0] PS/2 byte received: 0x81 (is_aux=true)
[129155475306] [[35mTRACE[0m] [bran::arch::x86_64::idt] [CPU0] PS/2 byte received: 0x7f (is_aux=true)
[129160144443] [[35mTRACE[0m] [kernel::irq::ps2] [CPU3] PS/2 take_scancode: popped 0x18 (is_aux=true)
[129161732634] [[35mTRACE[0m] [kernel::irq::ps2] [CPU3] PS/2 take_scancode: popped 0x81 (is_aux=true)
[129163639275] [[35mTRACE[0m] [kernel::irq::ps2] [CPU3] PS/2 take_scancode: popped 0x7f (is_aux=true)
[129165090813] [[35mTRACE[0m] [kernel::irq::ps2] [CPU3] PS/2 take_scancode: popped 0x18 (is_aux=true)
[129166882053] [[35mTRACE[0m] [kernel::irq::ps2] [CPU3] PS/2 take_scancode: popped 0x81 (is_aux=true)
[129171575445] [[35mTRACE[0m] [kernel::irq::ps2] [CPU3] PS/2 take_scancode: popped 0x7f (is_aux=true)
[129173243727] [[35mTRACE[0m] [kernel::irq::ps2] [CPU3] PS/2 take_scancode: popped 0x18 (is_aux=true)
[129175772121] [[35mTRACE[0m] [kernel::irq::ps2] [CPU3] PS/2 take_scancode: popped 0x81 (is_aux=true)
[129177300945] [[35mTRACE[0m] [kernel::irq::ps2] [CPU3] PS/2 take_scancode: popped 0x7f (is_aux=true)
[129178862406] [[35mTRACE[0m] [kernel::irq::ps2] [CPU3] PS/2 take_scancode: popped 0x18 (is_aux=true)
[129180450795] [[35mTRACE[0m] [kernel::irq::ps2] [CPU3] PS/2 take_scancode: popped 0x81 (is_aux=true)
[129181958466] [[35mTRACE[0m] [kernel::irq::ps2] [CPU3] PS/2 take_scancode: popped 0x7f (is_aux=true)
[129183499632] [[35mTRACE[0m] [kernel::irq::ps2] [CPU3] PS/2 take_scancode: popped 0x18 (is_aux=true)
[129185040930] [[35mTRACE[0m] [kernel::irq::ps2] [CPU3] PS/2 take_scancode: popped 0x81 (is_aux=true)
[129186635787] [[35mTRACE[0m] [kernel::irq::ps2] [CPU3] PS/2 take_scancode: popped 0x7f (is_aux=true)
[129267155589] [[35mTRACE[0m] [sprout::supervisor] [CPU0] SPROUT: Supervisor tick...
[129268719723] [[35mTRACE[0m] [sprout::supervisor] [CPU0] SPROUT: Loop iteration: spawn_bristle_if_needed
[129270179511] [[35mTRACE[0m] [sprout::supervisor] [CPU0] SPROUT: Loop iteration: spawn_display_if_needed
[129271540596] [[35mTRACE[0m] [sprout::supervisor] [CPU0] SPROUT: Loop iteration: spawn_bloom_if_ready
[129272846175] [[35mTRACE[0m] [sprout::supervisor] [CPU0] SPROUT: Loop iteration: spawn_wayland_hello_if_ready
[129274287879] [[35mTRACE[0m] [sprout::supervisor] [CPU0] SPROUT: Loop iteration: spawn_clock_if_ready
[129276417468] [[35mTRACE[0m] [sprout::supervisor] [CPU0] SPROUT: Loop iteration: spawn_leaf_if_ready
[129278791785] [[35mTRACE[0m] [sprout::supervisor] [CPU0] SPROUT: Loop iteration: tick complete
[129280154883] [[34mDEBUG[0m] [sprout::supervisor] [CPU0] SPROUT: ServiceLoop waiting for next event...
[129283780989] [[35mTRACE[0m] [bran::arch::x86_64::idt] [CPU0] PS/2 byte received: 0x18 (is_aux=true)
[129284387991] [[35mTRACE[0m] [bran::arch::x86_64::idt] [CPU0] PS/2 byte received: 0x81 (is_aux=true)
[129284878701] [[35mTRACE[0m] [bran::arch::x86_64::idt] [CPU0] PS/2 byte received: 0x7f (is_aux=true)
[129285332385] [[35mTRACE[0m] [bran::arch::x86_64::idt] [CPU0] PS/2 byte received: 0x18 (is_aux=true)
[129285790788] [[35mTRACE[0m] [bran::arch::x86_64::idt] [CPU0] PS/2 byte received: 0x81 (is_aux=true)
[129286250544] [[35mTRACE[0m] [bran::arch::x86_64::idt] [CPU0] PS/2 byte received: 0x7f (is_aux=true)
[129286711752] [[35mTRACE[0m] [bran::arch::x86_64::idt] [CPU0] PS/2 byte received: 0x18 (is_aux=true)
[129287154348] [[35mTRACE[0m] [bran::arch::x86_64::idt] [CPU0] PS/2 byte received: 0x81 (is_aux=true)
[129287599650] [[35mTRACE[0m] [bran::arch::x86_64::idt] [CPU0] PS/2 byte received: 0x7f (is_aux=true)
[129288090987] [[35mTRACE[0m] [bran::arch::x86_64::idt] [CPU0] PS/2 byte received: 0x18 (is_aux=true)
[129288538269] [[35mTRACE[0m] [bran::arch::x86_64::idt] [CPU0] PS/2 byte received: 0x81 (is_aux=true)
[129288978984] [[35mTRACE[0m] [bran::arch::x86_64::idt] [CPU0] PS/2 byte received: 0x7f (is_aux=true)
[129289432338] [[35mTRACE[0m] [bran::arch::x86_64::idt] [CPU0] PS/2 byte received: 0x18 (is_aux=true)
[129289907472] [[35mTRACE[0m] [bran::arch::x86_64::idt] [CPU0] PS/2 byte received: 0x81 (is_aux=true)
[129290366766] [[35mTRACE[0m] [bran::arch::x86_64::idt] [CPU0] PS/2 byte received: 0x7f (is_aux=true)
[129294452265] [[35mTRACE[0m] [kernel::irq::ps2] [CPU3] PS/2 take_scancode: popped 0x18 (is_aux=true)
[129295866051] [[35mTRACE[0m] [kernel::irq::ps2] [CPU3] PS/2 take_scancode: popped 0x81 (is_aux=true)
[129297277263] [[35mTRACE[0m] [kernel::irq::ps2] [CPU3] PS/2 take_scancode: popped 0x7f (is_aux=true)
[129308336553] [[35mTRACE[0m] [kernel::irq::ps2] [CPU3] PS/2 take_scancode: popped 0x18 (is_aux=true)
[129309933522] [[35mTRACE[0m] [kernel::irq::ps2] [CPU3] PS/2 take_scancode: popped 0x81 (is_aux=true)
[129311435880] [[35mTRACE[0m] [kernel::irq::ps2] [CPU3] PS/2 take_scancode: popped 0x7f (is_aux=true)
[129312897219] [[35mTRACE[0m] [kernel::irq::ps2] [CPU3] PS/2 take_scancode: popped 0x18 (is_aux=true)
[129314393967] [[35mTRACE[0m] [kernel::irq::ps2] [CPU3] PS/2 take_scancode: popped 0x81 (is_aux=true)
[129315905895] [[35mTRACE[0m] [kernel::irq::ps2] [CPU3] PS/2 take_scancode: popped 0x7f (is_aux=true)
[129317388684] [[35mTRACE[0m] [kernel::irq::ps2] [CPU3] PS/2 take_scancode: popped 0x18 (is_aux=true)
[129318867810] [[35mTRACE[0m] [kernel::irq::ps2] [CPU3] PS/2 take_scancode: popped 0x81 (is_aux=true)
[129320328126] [[35mTRACE[0m] [kernel::irq::ps2] [CPU3] PS/2 take_scancode: popped 0x7f (is_aux=true)
[129321838173] [[35mTRACE[0m] [kernel::irq::ps2] [CPU3] PS/2 take_scancode: popped 0x18 (is_aux=true)
[129323289051] [[35mTRACE[0m] [kernel::irq::ps2] [CPU3] PS/2 take_scancode: popped 0x81 (is_aux=true)
[129324791013] [[35mTRACE[0m] [kernel::irq::ps2] [CPU3] PS/2 take_scancode: popped 0x7f (is_aux=true)
[129425192556] [[32mINFO [0m] [kernel::time] [CPU0] System clock tick: utc=2026-05-01 23:21:14.145621488 unix_secs=1777677674.145621488
[129535400016] [[34mDEBUG[0m] [kernel::vfs::provider] [CPU1] VFS_RPC: request op=DeviceCall len=48 tid=10
[129540223923] [[35mTRACE[0m] [display_virtio_gpu] [CPU3] display_virtio_gpu: VFS RPC op=DeviceCall
[129541287975] [[35mTRACE[0m] [display_virtio_gpu] [CPU3] DISP: DISPLAY_OP_GET_INFO requested
[129542023842] [[35mTRACE[0m] [display_virtio_gpu] [CPU3] DISP: Returning dimensions 1280x800
[129542606457] [[35mTRACE[0m] [display_virtio_gpu] [CPU3] display_virtio_gpu: VFS RPC response begin op=DeviceCall req_id=139
[129544449045] [[35mTRACE[0m] [display_virtio_gpu] [CPU3] display_virtio_gpu: VFS RPC response sent op=DeviceCall req_id=139
[129546772938] [[34mDEBUG[0m] [kernel::vfs::provider] [CPU1] VFS_RPC: response op=DeviceCall id=139 -> OK(48)
[129601501392] [[35mTRACE[0m] [sprout::supervisor] [CPU0] SPROUT: Supervisor tick...
[129602982366] [[35mTRACE[0m] [sprout::supervisor] [CPU0] SPROUT: Loop iteration: spawn_bristle_if_needed
[129604494525] [[35mTRACE[0m] [sprout::supervisor] [CPU0] SPROUT: Loop iteration: spawn_display_if_needed
[129606586923] [[35mTRACE[0m] [sprout::supervisor] [CPU0] SPROUT: Loop iteration: spawn_bloom_if_ready
[129607983021] [[35mTRACE[0m] [sprout::supervisor] [CPU0] SPROUT: Loop iteration: spawn_wayland_hello_if_ready
[129609394596] [[35mTRACE[0m] [sprout::supervisor] [CPU0] SPROUT: Loop iteration: spawn_clock_if_ready
[129610782543] [[35mTRACE[0m] [sprout::supervisor] [CPU0] SPROUT: Loop iteration: spawn_leaf_if_ready
[129612131649] [[35mTRACE[0m] [sprout::supervisor] [CPU0] SPROUT: Loop iteration: tick complete
[129613425381] [[34mDEBUG[0m] [sprout::supervisor] [CPU0] SPROUT: ServiceLoop waiting for next event...
[129762766551] [[35mTRACE[0m] [ps2_mouse] [CPU3] ps2_mouse: irq_wakes=79 poll_timeouts=2225 last_drain_bytes=0
[129930456942] [[35mTRACE[0m] [sprout::supervisor] [CPU0] SPROUT: Supervisor tick...
[129931939599] [[35mTRACE[0m] [sprout::supervisor] [CPU0] SPROUT: Loop iteration: spawn_bristle_if_needed
[129933825252] [[35mTRACE[0m] [sprout::supervisor] [CPU0] SPROUT: Loop iteration: spawn_display_if_needed
[129935230425] [[35mTRACE[0m] [sprout::supervisor] [CPU0] SPROUT: Loop iteration: spawn_bloom_if_ready
[129936711135] [[35mTRACE[0m] [sprout::supervisor] [CPU0] SPROUT: Loop iteration: spawn_wayland_hello_if_ready
[129938180757] [[35mTRACE[0m] [sprout::supervisor] [CPU0] SPROUT: Loop iteration: spawn_clock_if_ready
[129939509832] [[35mTRACE[0m] [sprout::supervisor] [CPU0] SPROUT: Loop iteration: spawn_leaf_if_ready
[129940882434] [[35mTRACE[0m] [sprout::supervisor] [CPU0] SPROUT: Loop iteration: tick complete
[129942170061] [[34mDEBUG[0m] [sprout::supervisor] [CPU0] SPROUT: ServiceLoop waiting for next event...
[130250986008] [[35mTRACE[0m] [sprout::supervisor] [CPU0] SPROUT: Supervisor tick...
[130252571031] [[35mTRACE[0m] [sprout::supervisor] [CPU0] SPROUT: Loop iteration: spawn_bristle_if_needed
[130254111405] [[35mTRACE[0m] [sprout::supervisor] [CPU0] SPROUT: Loop iteration: spawn_display_if_needed
[130255537368] [[35mTRACE[0m] [sprout::supervisor] [CPU0] SPROUT: Loop iteration: spawn_bloom_if_ready
[130256968149] [[35mTRACE[0m] [sprout::supervisor] [CPU0] SPROUT: Loop iteration: spawn_wayland_hello_if_ready
[130258629105] [[35mTRACE[0m] [sprout::supervisor] [CPU0] SPROUT: Loop iteration: spawn_clock_if_ready
[130260062592] [[35mTRACE[0m] [sprout::supervisor] [CPU0] SPROUT: Loop iteration: spawn_leaf_if_ready
[130261799349] [[35mTRACE[0m] [sprout::supervisor] [CPU0] SPROUT: Loop iteration: tick complete
[130263670944] [[34mDEBUG[0m] [sprout::supervisor] [CPU0] SPROUT: ServiceLoop waiting for next event...
[130357847004] [[34mDEBUG[0m] [kernel::vfs::provider] [CPU1] VFS_RPC: request op=DeviceCall len=48 tid=10
[130363398264] [[35mTRACE[0m] [display_virtio_gpu] [CPU3] display_virtio_gpu: VFS RPC op=DeviceCall
[130364374008] [[35mTRACE[0m] [display_virtio_gpu] [CPU3] DISP: DISPLAY_OP_GET_INFO requested
[130365138618] [[35mTRACE[0m] [display_virtio_gpu] [CPU3] DISP: Returning dimensions 1280x800
[130365717966] [[35mTRACE[0m] [display_virtio_gpu] [CPU3] display_virtio_gpu: VFS RPC response begin op=DeviceCall req_id=140
[130367484852] [[35mTRACE[0m] [display_virtio_gpu] [CPU3] display_virtio_gpu: VFS RPC response sent op=DeviceCall req_id=140
[130370800923] [[34mDEBUG[0m] [kernel::vfs::provider] [CPU1] VFS_RPC: response op=DeviceCall id=140 -> OK(48)
[130587235020] [[35mTRACE[0m] [sprout::supervisor] [CPU0] SPROUT: Supervisor tick...
[130590135852] [[35mTRACE[0m] [sprout::supervisor] [CPU0] SPROUT: Loop iteration: spawn_bristle_if_needed
[130591825089] [[35mTRACE[0m] [sprout::supervisor] [CPU0] SPROUT: Loop iteration: spawn_display_if_needed
[130593310683] [[35mTRACE[0m] [sprout::supervisor] [CPU0] SPROUT: Loop iteration: spawn_bloom_if_ready
[130594898346] [[35mTRACE[0m] [sprout::supervisor] [CPU0] SPROUT: Loop iteration: spawn_wayland_hello_if_ready
[130596395523] [[35mTRACE[0m] [sprout::supervisor] [CPU0] SPROUT: Loop iteration: spawn_clock_if_ready
[130597851417] [[35mTRACE[0m] [sprout::supervisor] [CPU0] SPROUT: Loop iteration: spawn_leaf_if_ready
[130599264576] [[35mTRACE[0m] [sprout::supervisor] [CPU0] SPROUT: Loop iteration: tick complete
[130600565898] [[34mDEBUG[0m] [sprout::supervisor] [CPU0] SPROUT: ServiceLoop waiting for next event...
[130916074311] [[35mTRACE[0m] [sprout::supervisor] [CPU0] SPROUT: Supervisor tick...
[130917649698] [[35mTRACE[0m] [sprout::supervisor] [CPU0] SPROUT: Loop iteration: spawn_bristle_if_needed
[130918998243] [[35mTRACE[0m] [sprout::supervisor] [CPU0] SPROUT: Loop iteration: spawn_display_if_needed
[130920405429] [[35mTRACE[0m] [sprout::supervisor] [CPU0] SPROUT: Loop iteration: spawn_bloom_if_ready
[130922537757] [[35mTRACE[0m] [sprout::supervisor] [CPU0] SPROUT: Loop iteration: spawn_wayland_hello_if_ready
[130924025001] [[35mTRACE[0m] [sprout::supervisor] [CPU0] SPROUT: Loop iteration: spawn_clock_if_ready
[130925416215] [[35mTRACE[0m] [sprout::supervisor] [CPU0] SPROUT: Loop iteration: spawn_leaf_if_ready
[130926808320] [[35mTRACE[0m] [sprout::supervisor] [CPU0] SPROUT: Loop iteration: tick complete
[130928182275] [[34mDEBUG[0m] [sprout::supervisor] [CPU0] SPROUT: ServiceLoop waiting for next event...
[131178433188] [[34mDEBUG[0m] [kernel::vfs::provider] [CPU1] VFS_RPC: request op=DeviceCall len=48 tid=10
[131184270129] [[35mTRACE[0m] [display_virtio_gpu] [CPU3] display_virtio_gpu: VFS RPC op=DeviceCall
[131185325865] [[35mTRACE[0m] [display_virtio_gpu] [CPU3] DISP: DISPLAY_OP_GET_INFO requested
[131186063448] [[35mTRACE[0m] [display_virtio_gpu] [CPU3] DISP: Returning dimensions 1280x800
[131186790306] [[35mTRACE[0m] [display_virtio_gpu] [CPU3] display_virtio_gpu: VFS RPC response begin op=DeviceCall req_id=141
[131188628604] [[35mTRACE[0m] [display_virtio_gpu] [CPU3] display_virtio_gpu: VFS RPC response sent op=DeviceCall req_id=141
[131192110896] [[34mDEBUG[0m] [kernel::vfs::provider] [CPU1] VFS_RPC: response op=DeviceCall id=141 -> OK(48)
[131247193440] [[35mTRACE[0m] [sprout::supervisor] [CPU0] SPROUT: Supervisor tick...
[131249040516] [[35mTRACE[0m] [sprout::supervisor] [CPU0] SPROUT: Loop iteration: spawn_bristle_if_needed
[131250405297] [[35mTRACE[0m] [sprout::supervisor] [CPU0] SPROUT: Loop iteration: spawn_display_if_needed
[131251787172] [[35mTRACE[0m] [sprout::supervisor] [CPU0] SPROUT: Loop iteration: spawn_bloom_if_ready
[131253357576] [[35mTRACE[0m] [sprout::supervisor] [CPU0] SPROUT: Loop iteration: spawn_wayland_hello_if_ready
[131254854654] [[35mTRACE[0m] [sprout::supervisor] [CPU0] SPROUT: Loop iteration: spawn_clock_if_ready
[131256215640] [[35mTRACE[0m] [sprout::supervisor] [CPU0] SPROUT: Loop iteration: spawn_leaf_if_ready
[131257649193] [[35mTRACE[0m] [sprout::supervisor] [CPU0] SPROUT: Loop iteration: tick complete
[131258997276] [[34mDEBUG[0m] [sprout::supervisor] [CPU0] SPROUT: ServiceLoop waiting for next event...
[131576096718] [[35mTRACE[0m] [sprout::supervisor] [CPU0] SPROUT: Supervisor tick...
[131579012004] [[35mTRACE[0m] [sprout::supervisor] [CPU0] SPROUT: Loop iteration: spawn_bristle_if_needed
[131581635603] [[35mTRACE[0m] [sprout::supervisor] [CPU0] SPROUT: Loop iteration: spawn_display_if_needed
[131583963357] [[35mTRACE[0m] [sprout::supervisor] [CPU0] SPROUT: Loop iteration: spawn_bloom_if_ready
[131585389386] [[35mTRACE[0m] [sprout::supervisor] [CPU0] SPROUT: Loop iteration: spawn_wayland_hello_if_ready
[131586843168] [[35mTRACE[0m] [sprout::supervisor] [CPU0] SPROUT: Loop iteration: spawn_clock_if_ready
[131588248077] [[35mTRACE[0m] [sprout::supervisor] [CPU0] SPROUT: Loop iteration: spawn_leaf_if_ready
[131589581805] [[35mTRACE[0m] [sprout::supervisor] [CPU0] SPROUT: Loop iteration: tick complete
[131590954704] [[34mDEBUG[0m] [sprout::supervisor] [CPU0] SPROUT: ServiceLoop waiting for next event...
[131903933832] [[35mTRACE[0m] [sprout::supervisor] [CPU0] SPROUT: Supervisor tick...
[131906930100] [[35mTRACE[0m] [sprout::supervisor] [CPU0] SPROUT: Loop iteration: spawn_bristle_if_needed
[131908439454] [[35mTRACE[0m] [sprout::supervisor] [CPU0] SPROUT: Loop iteration: spawn_display_if_needed
[131909857926] [[35mTRACE[0m] [sprout::supervisor] [CPU0] SPROUT: Loop iteration: spawn_bloom_if_ready
[131911275342] [[35mTRACE[0m] [sprout::supervisor] [CPU0] SPROUT: Loop iteration: spawn_wayland_hello_if_ready
[131912699952] [[35mTRACE[0m] [sprout::supervisor] [CPU0] SPROUT: Loop iteration: spawn_clock_if_ready
[131914089582] [[35mTRACE[0m] [sprout::supervisor] [CPU0] SPROUT: Loop iteration: spawn_leaf_if_ready
[131915456772] [[35mTRACE[0m] [sprout::supervisor] [CPU0] SPROUT: Loop iteration: tick complete
[131916781491] [[34mDEBUG[0m] [sprout::supervisor] [CPU0] SPROUT: ServiceLoop waiting for next event...
[132002183874] [[34mDEBUG[0m] [kernel::vfs::provider] [CPU1] VFS_RPC: request op=DeviceCall len=48 tid=10
[132007229277] [[35mTRACE[0m] [display_virtio_gpu] [CPU3] display_virtio_gpu: VFS RPC op=DeviceCall
[132008748036] [[35mTRACE[0m] [display_virtio_gpu] [CPU3] DISP: DISPLAY_OP_GET_INFO requested
[132009518058] [[35mTRACE[0m] [display_virtio_gpu] [CPU3] DISP: Returning dimensions 1280x800
[132010106151] [[35mTRACE[0m] [display_virtio_gpu] [CPU3] display_virtio_gpu: VFS RPC response begin op=DeviceCall req_id=142
[132011900295] [[35mTRACE[0m] [display_virtio_gpu] [CPU3] display_virtio_gpu: VFS RPC response sent op=DeviceCall req_id=142
[132014970087] [[34mDEBUG[0m] [kernel::vfs::provider] [CPU1] VFS_RPC: response op=DeviceCall id=142 -> OK(48)
[132227225262] [[35mTRACE[0m] [sprout::supervisor] [CPU0] SPROUT: Supervisor tick...
[132229742139] [[35mTRACE[0m] [sprout::supervisor] [CPU0] SPROUT: Loop iteration: spawn_bristle_if_needed
[132231704253] [[35mTRACE[0m] [sprout::supervisor] [CPU0] SPROUT: Loop iteration: spawn_display_if_needed
[132233117280] [[35mTRACE[0m] [sprout::supervisor] [CPU0] SPROUT: Loop iteration: spawn_bloom_if_ready
[132234428733] [[35mTRACE[0m] [sprout::supervisor] [CPU0] SPROUT: Loop iteration: spawn_wayland_hello_if_ready
[132236068569] [[35mTRACE[0m] [sprout::supervisor] [CPU0] SPROUT: Loop iteration: spawn_clock_if_ready
[132237397182] [[35mTRACE[0m] [sprout::supervisor] [CPU0] SPROUT: Loop iteration: spawn_leaf_if_ready
[132238728534] [[35mTRACE[0m] [sprout::supervisor] [CPU0] SPROUT: Loop iteration: tick complete
[132240084966] [[34mDEBUG[0m] [sprout::supervisor] [CPU0] SPROUT: ServiceLoop waiting for next event...
[132252233553] [[35mTRACE[0m] [kernel::task] [CPU1] SCHED: CPU 1 idle pulse
[132561970530] [[35mTRACE[0m] [sprout::supervisor] [CPU0] SPROUT: Supervisor tick...
[132563573472] [[35mTRACE[0m] [sprout::supervisor] [CPU0] SPROUT: Loop iteration: spawn_bristle_if_needed
[132565682601] [[35mTRACE[0m] [sprout::supervisor] [CPU0] SPROUT: Loop iteration: spawn_display_if_needed
[132567097608] [[35mTRACE[0m] [sprout::supervisor] [CPU0] SPROUT: Loop iteration: spawn_bloom_if_ready
[132568573665] [[35mTRACE[0m] [sprout::supervisor] [CPU0] SPROUT: Loop iteration: spawn_wayland_hello_if_ready
[132570013323] [[35mTRACE[0m] [sprout::supervisor] [CPU0] SPROUT: Loop iteration: spawn_clock_if_ready
[132571386585] [[35mTRACE[0m] [sprout::supervisor] [CPU0] SPROUT: Loop iteration: spawn_leaf_if_ready
[132572787270] [[35mTRACE[0m] [sprout::supervisor] [CPU0] SPROUT: Loop iteration: tick complete
[132574086942] [[34mDEBUG[0m] [sprout::supervisor] [CPU0] SPROUT: ServiceLoop waiting for next event...
[132823965846] [[34mDEBUG[0m] [kernel::vfs::provider] [CPU1] VFS_RPC: request op=DeviceCall len=48 tid=10
[132829449159] [[35mTRACE[0m] [display_virtio_gpu] [CPU3] display_virtio_gpu: VFS RPC op=DeviceCall
[132830776650] [[35mTRACE[0m] [display_virtio_gpu] [CPU3] DISP: DISPLAY_OP_GET_INFO requested
[132831512583] [[35mTRACE[0m] [display_virtio_gpu] [CPU3] DISP: Returning dimensions 1280x800
[132832148460] [[35mTRACE[0m] [display_virtio_gpu] [CPU3] display_virtio_gpu: VFS RPC response begin op=DeviceCall req_id=143
[132833993622] [[35mTRACE[0m] [display_virtio_gpu] [CPU3] display_virtio_gpu: VFS RPC response sent op=DeviceCall req_id=143
[132837028731] [[34mDEBUG[0m] [kernel::vfs::provider] [CPU1] VFS_RPC: response op=DeviceCall id=143 -> OK(48)
[132891206316] [[35mTRACE[0m] [sprout::supervisor] [CPU0] SPROUT: Supervisor tick...
[132893126091] [[35mTRACE[0m] [sprout::supervisor] [CPU0] SPROUT: Loop iteration: spawn_bristle_if_needed
[132895367649] [[35mTRACE[0m] [sprout::supervisor] [CPU0] SPROUT: Loop iteration: spawn_display_if_needed
[132896777904] [[35mTRACE[0m] [sprout::supervisor] [CPU0] SPROUT: Loop iteration: spawn_bloom_if_ready
[132898205616] [[35mTRACE[0m] [sprout::supervisor] [CPU0] SPROUT: Loop iteration: spawn_wayland_hello_if_ready
[132899711538] [[35mTRACE[0m] [sprout::supervisor] [CPU0] SPROUT: Loop iteration: spawn_clock_if_ready
[132901052658] [[35mTRACE[0m] [sprout::supervisor] [CPU0] SPROUT: Loop iteration: spawn_leaf_if_ready
[132902349822] [[35mTRACE[0m] [sprout::supervisor] [CPU0] SPROUT: Loop iteration: tick complete
[132903624315] [[34mDEBUG[0m] [sprout::supervisor] [CPU0] SPROUT: ServiceLoop waiting for next event...
[133219646604] [[35mTRACE[0m] [sprout::supervisor] [CPU0] SPROUT: Supervisor tick...
[133221233046] [[35mTRACE[0m] [sprout::supervisor] [CPU0] SPROUT: Loop iteration: spawn_bristle_if_needed
[133222751574] [[35mTRACE[0m] [sprout::supervisor] [CPU0] SPROUT: Loop iteration: spawn_display_if_needed
[133225190802] [[35mTRACE[0m] [sprout::supervisor] [CPU0] SPROUT: Loop iteration: spawn_bloom_if_ready
[133226575911] [[35mTRACE[0m] [sprout::supervisor] [CPU0] SPROUT: Loop iteration: spawn_wayland_hello_if_ready
[133228075002] [[35mTRACE[0m] [sprout::supervisor] [CPU0] SPROUT: Loop iteration: spawn_clock_if_ready
[133229437572] [[35mTRACE[0m] [sprout::supervisor] [CPU0] SPROUT: Loop iteration: spawn_leaf_if_ready
[133230821592] [[35mTRACE[0m] [sprout::supervisor] [CPU0] SPROUT: Loop iteration: tick complete
[133232142549] [[34mDEBUG[0m] [sprout::supervisor] [CPU0] SPROUT: ServiceLoop waiting for next event...
[133548148635] [[35mTRACE[0m] [sprout::supervisor] [CPU0] SPROUT: Supervisor tick...
[133550315910] [[35mTRACE[0m] [sprout::supervisor] [CPU0] SPROUT: Loop iteration: spawn_bristle_if_needed
[133551929709] [[35mTRACE[0m] [sprout::supervisor] [CPU0] SPROUT: Loop iteration: spawn_display_if_needed
[133553392830] [[35mTRACE[0m] [sprout::supervisor] [CPU0] SPROUT: Loop iteration: spawn_bloom_if_ready
[133554789456] [[35mTRACE[0m] [sprout::supervisor] [CPU0] SPROUT: Loop iteration: spawn_wayland_hello_if_ready
[133556220567] [[35mTRACE[0m] [sprout::supervisor] [CPU0] SPROUT: Loop iteration: spawn_clock_if_ready
[133557672369] [[35mTRACE[0m] [sprout::supervisor] [CPU0] SPROUT: Loop iteration: spawn_leaf_if_ready
[133559060943] [[35mTRACE[0m] [sprout::supervisor] [CPU0] SPROUT: Loop iteration: tick complete
[133560462453] [[34mDEBUG[0m] [sprout::supervisor] [CPU0] SPROUT: ServiceLoop waiting for next event...
[133640516526] [[34mDEBUG[0m] [kernel::vfs::provider] [CPU1] VFS_RPC: request op=DeviceCall len=48 tid=10
[133647750093] [[35mTRACE[0m] [display_virtio_gpu] [CPU3] display_virtio_gpu: VFS RPC op=DeviceCall
[133648982841] [[35mTRACE[0m] [display_virtio_gpu] [CPU3] DISP: DISPLAY_OP_GET_INFO requested
[133649755899] [[35mTRACE[0m] [display_virtio_gpu] [CPU3] DISP: Returning dimensions 1280x800
[133650355773] [[35mTRACE[0m] [display_virtio_gpu] [CPU3] display_virtio_gpu: VFS RPC response begin op=DeviceCall req_id=144
[133652130183] [[35mTRACE[0m] [display_virtio_gpu] [CPU3] display_virtio_gpu: VFS RPC response sent op=DeviceCall req_id=144
[133656237132] [[34mDEBUG[0m] [kernel::vfs::provider] [CPU1] VFS_RPC: response op=DeviceCall id=144 -> OK(48)
[133876010004] [[35mTRACE[0m] [sprout::supervisor] [CPU0] SPROUT: Supervisor tick...
[133878611295] [[35mTRACE[0m] [sprout::supervisor] [CPU0] SPROUT: Loop iteration: spawn_bristle_if_needed
[133880076957] [[35mTRACE[0m] [sprout::supervisor] [CPU0] SPROUT: Loop iteration: spawn_display_if_needed
[133881501897] [[35mTRACE[0m] [sprout::supervisor] [CPU0] SPROUT: Loop iteration: spawn_bloom_if_ready
[133882893177] [[35mTRACE[0m] [sprout::supervisor] [CPU0] SPROUT: Loop iteration: spawn_wayland_hello_if_ready
[133884307194] [[35mTRACE[0m] [sprout::supervisor] [CPU0] SPROUT: Loop iteration: spawn_clock_if_ready
[133885777245] [[35mTRACE[0m] [sprout::supervisor] [CPU0] SPROUT: Loop iteration: spawn_leaf_if_ready
[133887146349] [[35mTRACE[0m] [sprout::supervisor] [CPU0] SPROUT: Loop iteration: tick complete
[133888454931] [[34mDEBUG[0m] [sprout::supervisor] [CPU0] SPROUT: ServiceLoop waiting for next event...
[134199523656] [[35mTRACE[0m] [sprout::supervisor] [CPU0] SPROUT: Supervisor tick...
[134201215962] [[35mTRACE[0m] [sprout::supervisor] [CPU0] SPROUT: Loop iteration: spawn_bristle_if_needed
[134202602589] [[35mTRACE[0m] [sprout::supervisor] [CPU0] SPROUT: Loop iteration: spawn_display_if_needed
[134203970373] [[35mTRACE[0m] [sprout::supervisor] [CPU0] SPROUT: Loop iteration: spawn_bloom_if_ready
[134205370431] [[35mTRACE[0m] [sprout::supervisor] [CPU0] SPROUT: Loop iteration: spawn_wayland_hello_if_ready
[134206799562] [[35mTRACE[0m] [sprout::supervisor] [CPU0] SPROUT: Loop iteration: spawn_clock_if_ready
[134208184341] [[35mTRACE[0m] [sprout::supervisor] [CPU0] SPROUT: Loop iteration: spawn_leaf_if_ready
[134209680495] [[35mTRACE[0m] [sprout::supervisor] [CPU0] SPROUT: Loop iteration: tick complete
[134211064812] [[34mDEBUG[0m] [sprout::supervisor] [CPU0] SPROUT: ServiceLoop waiting for next event...
[134467477122] [[34mDEBUG[0m] [kernel::vfs::provider] [CPU1] VFS_RPC: request op=DeviceCall len=48 tid=10
[134473789857] [[35mTRACE[0m] [display_virtio_gpu] [CPU3] display_virtio_gpu: VFS RPC op=DeviceCall
[134475299112] [[35mTRACE[0m] [display_virtio_gpu] [CPU3] DISP: DISPLAY_OP_GET_INFO requested
[134476373229] [[35mTRACE[0m] [display_virtio_gpu] [CPU3] DISP: Returning dimensions 1280x800
[134477466189] [[35mTRACE[0m] [display_virtio_gpu] [CPU3] display_virtio_gpu: VFS RPC response begin op=DeviceCall req_id=145
[134480275182] [[35mTRACE[0m] [display_virtio_gpu] [CPU3] display_virtio_gpu: VFS RPC response sent op=DeviceCall req_id=145
[134484216999] [[34mDEBUG[0m] [kernel::vfs::provider] [CPU1] VFS_RPC: response op=DeviceCall id=145 -> OK(48)
[134535040332] [[35mTRACE[0m] [sprout::supervisor] [CPU0] SPROUT: Supervisor tick...
[134536437057] [[35mTRACE[0m] [sprout::supervisor] [CPU0] SPROUT: Loop iteration: spawn_bristle_if_needed
[134539480218] [[35mTRACE[0m] [sprout::supervisor] [CPU0] SPROUT: Loop iteration: spawn_display_if_needed
[134543375208] [[35mTRACE[0m] [sprout::supervisor] [CPU0] SPROUT: Loop iteration: spawn_bloom_if_ready
[134545383654] [[35mTRACE[0m] [sprout::supervisor] [CPU0] SPROUT: Loop iteration: spawn_wayland_hello_if_ready
[134547502353] [[35mTRACE[0m] [sprout::supervisor] [CPU0] SPROUT: Loop iteration: spawn_clock_if_ready
[134549093811] [[35mTRACE[0m] [sprout::supervisor] [CPU0] SPROUT: Loop iteration: spawn_leaf_if_ready
[134550454170] [[35mTRACE[0m] [sprout::supervisor] [CPU0] SPROUT: Loop iteration: tick complete
[134551810173] [[34mDEBUG[0m] [sprout::supervisor] [CPU0] SPROUT: ServiceLoop waiting for next event...
[134864206818] [[35mTRACE[0m] [sprout::supervisor] [CPU0] SPROUT: Supervisor tick...
[134865724983] [[35mTRACE[0m] [sprout::supervisor] [CPU0] SPROUT: Loop iteration: spawn_bristle_if_needed
[134867260869] [[35mTRACE[0m] [sprout::supervisor] [CPU0] SPROUT: Loop iteration: spawn_display_if_needed
[134870360559] [[35mTRACE[0m] [sprout::supervisor] [CPU0] SPROUT: Loop iteration: spawn_bloom_if_ready
[134872262778] [[35mTRACE[0m] [sprout::supervisor] [CPU0] SPROUT: Loop iteration: spawn_wayland_hello_if_ready
[134873870340] [[35mTRACE[0m] [sprout::supervisor] [CPU0] SPROUT: Loop iteration: spawn_clock_if_ready
[134875306698] [[35mTRACE[0m] [sprout::supervisor] [CPU0] SPROUT: Loop iteration: spawn_leaf_if_ready
[134876856741] [[35mTRACE[0m] [sprout::supervisor] [CPU0] SPROUT: Loop iteration: tick complete
[134878237626] [[34mDEBUG[0m] [sprout::supervisor] [CPU0] SPROUT: ServiceLoop waiting for next event...

[hunter] running random action
[135131581002] [[35mTRACE[0m] [bran::arch::x86_64::idt] [CPU0] PS/2 byte received: 0x38 (is_aux=false)
[135135891099] [[35mTRACE[0m] [kernel::irq::ps2] [CPU2] PS/2 take_scancode: popped 0x38 (is_aux=false)
[135137082696] [[32mINFO [0m] [ps2_kbd] [CPU2] ps2_kbd: read scancode 0x38
[135138030324] [[32mINFO [0m] [ps2_kbd] [CPU2] ps2_kbd: edge detected: Down { key: LeftAlt, mods: Mods(4), repeat: false }
[135140343525] [[32mINFO [0m] [ps2_kbd] [CPU2] ps2_kbd: sent LeftAlt to bristle (pid=8)
[135143495586] [[35mTRACE[0m] [kernel::syscall::handlers::socket] [CPU2] RECVMSG: thing=3 data_len=40 caps_len=0 node=Pointer { addr: 0xffffffffb00d8d10, metadata: DynMetadata(0xffffffff802c7ed0) }
[135145261317] [[32mINFO [0m] [bristle] [CPU2] bristle: KeyDown received: LeftAlt
[135150015066] [[32mINFO [0m] [bloom::input] [CPU1] bloom: KeyDown received: LeftAlt (raw=0x00e2, mods=Mods(4), repeat=false)
[135151433208] [[34mDEBUG[0m] [kernel::vfs::provider] [CPU1] VFS_RPC: request op=DeviceCall len=48 tid=10
[135163281099] [[35mTRACE[0m] [display_virtio_gpu] [CPU3] display_virtio_gpu: VFS RPC op=DeviceCall
[135164418378] [[35mTRACE[0m] [display_virtio_gpu] [CPU3] DISP: DISPLAY_OP_GET_INFO requested
[135165001290] [[35mTRACE[0m] [display_virtio_gpu] [CPU3] DISP: Returning dimensions 1280x800
[135165871236] [[35mTRACE[0m] [display_virtio_gpu] [CPU3] display_virtio_gpu: VFS RPC response begin op=DeviceCall req_id=146
[135167722305] [[35mTRACE[0m] [display_virtio_gpu] [CPU3] display_virtio_gpu: VFS RPC response sent op=DeviceCall req_id=146
[135172079229] [[34mDEBUG[0m] [kernel::vfs::provider] [CPU1] VFS_RPC: response op=DeviceCall id=146 -> OK(48)
[135192427227] [[35mTRACE[0m] [sprout::supervisor] [CPU0] SPROUT: Supervisor tick...
[135193884078] [[35mTRACE[0m] [sprout::supervisor] [CPU0] SPROUT: Loop iteration: spawn_bristle_if_needed
[135195395379] [[35mTRACE[0m] [sprout::supervisor] [CPU0] SPROUT: Loop iteration: spawn_display_if_needed
[135196825302] [[35mTRACE[0m] [sprout::supervisor] [CPU0] SPROUT: Loop iteration: spawn_bloom_if_ready
[135198316539] [[35mTRACE[0m] [sprout::supervisor] [CPU0] SPROUT: Loop iteration: spawn_wayland_hello_if_ready
[135200038083] [[35mTRACE[0m] [sprout::supervisor] [CPU0] SPROUT: Loop iteration: spawn_clock_if_ready
[135202252779] [[35mTRACE[0m] [sprout::supervisor] [CPU0] SPROUT: Loop iteration: spawn_leaf_if_ready
[135204385668] [[35mTRACE[0m] [sprout::supervisor] [CPU0] SPROUT: Loop iteration: tick complete
[135206518986] [[34mDEBUG[0m] [sprout::supervisor] [CPU0] SPROUT: ServiceLoop waiting for next event...
[135219407136] [[35mTRACE[0m] [bran::arch::x86_64::idt] [CPU0] PS/2 byte received: 0x0f (is_aux=false)
[135226296249] [[35mTRACE[0m] [kernel::irq::ps2] [CPU2] PS/2 take_scancode: popped 0x0f (is_aux=false)
[135229721253] [[32mINFO [0m] [ps2_kbd] [CPU2] ps2_kbd: read scancode 0x0f
[135230649675] [[32mINFO [0m] [ps2_kbd] [CPU2] ps2_kbd: edge detected: Down { key: Tab, mods: Mods(4), repeat: false }
[135232669110] [[32mINFO [0m] [ps2_kbd] [CPU2] ps2_kbd: sent Tab to bristle (pid=8)
[135236329866] [[35mTRACE[0m] [kernel::syscall::handlers::socket] [CPU2] RECVMSG: thing=3 data_len=40 caps_len=0 node=Pointer { addr: 0xffffffffb00d8d10, metadata: DynMetadata(0xffffffff802c7ed0) }
[135239668707] [[32mINFO [0m] [bristle] [CPU2] bristle: KeyDown received: Tab
[135246946164] [[32mINFO [0m] [bloom::input] [CPU1] bloom: KeyDown received: Tab (raw=0x002b, mods=Mods(4), repeat=false)
[135250032786] [[32mINFO [0m] [bloom::input] [CPU1] bloom: focus cycled from None to Some(4) (forward=true)
[135265921428] [[32mINFO [0m] [wayland_hello] [CPU3] wayland_hello: keyboard enter surface=20
[135266959179] [[32mINFO [0m] [wayland_hello] [CPU3] wayland_hello: keyboard modifiers depressed=8
[135292006212] [[34mDEBUG[0m] [kernel::vfs::provider] [CPU1] VFS_RPC: request op=DeviceCall len=1256 tid=10
[135297379305] [[35mTRACE[0m] [display_virtio_gpu] [CPU3] display_virtio_gpu: VFS RPC op=DeviceCall
[135298284099] [[35mTRACE[0m] [display_virtio_gpu] [CPU3] display_virtio_gpu: [batch 0] copy_rect using CPU
[135306239574] [[35mTRACE[0m] [display_virtio_gpu] [CPU3] display_virtio_gpu: [batch 0] copy_rect using CPU
[135309798261] [[35mTRACE[0m] [display_virtio_gpu] [CPU3] display_virtio_gpu: [batch 0] alpha_blit using CPU
[135332632182] [[35mTRACE[0m] [display_virtio_gpu] [CPU3] display_virtio_gpu: [batch 0] alpha_blit using CPU
[135342933231] [[35mTRACE[0m] [bran::arch::x86_64::idt] [CPU0] PS/2 byte received: 0x8f (is_aux=false)
[135347611839] [[35mTRACE[0m] [kernel::irq::ps2] [CPU2] PS/2 take_scancode: popped 0x8f (is_aux=false)
[135349100469] [[32mINFO [0m] [ps2_kbd] [CPU2] ps2_kbd: read scancode 0x8f
[135349858710] [[32mINFO [0m] [ps2_kbd] [CPU2] ps2_kbd: edge detected: Up { key: Tab, mods: Mods(4) }
[135351780597] [[32mINFO [0m] [ps2_kbd] [CPU2] ps2_kbd: sent Tab to bristle (pid=8)
[135355167651] [[35mTRACE[0m] [kernel::syscall::handlers::socket] [CPU2] RECVMSG: thing=3 data_len=40 caps_len=0 node=Pointer { addr: 0xffffffffb00d8d10, metadata: DynMetadata(0xffffffff802c7ed0) }
[135355669317] [[35mTRACE[0m] [display_virtio_gpu] [CPU3] display_virtio_gpu: [batch 0] copy_rect using CPU
[135357800556] [[35mTRACE[0m] [display_virtio_gpu] [CPU3] display_virtio_gpu: [batch 0] alpha_blit using CPU
[135365120484] [[35mTRACE[0m] [display_virtio_gpu] [CPU3] display_virtio_gpu: [batch 0] alpha_blit using CPU
[135372441369] [[35mTRACE[0m] [display_virtio_gpu] [CPU3] display_virtio_gpu: [batch 0] copy_rect using CPU
[135374220465] [[35mTRACE[0m] [display_virtio_gpu] [CPU3] display_virtio_gpu: [batch 0] alpha_blit using CPU
[135379969659] [[35mTRACE[0m] [display_virtio_gpu] [CPU3] display_virtio_gpu: [batch 0] alpha_blit using CPU
[135390554574] [[35mTRACE[0m] [display_virtio_gpu] [CPU3] display_virtio_gpu: [batch 0] copy_rect using CPU
[135391709871] [[35mTRACE[0m] [display_virtio_gpu] [CPU3] display_virtio_gpu: [batch 0] alpha_blit using CPU
[135393224241] [[35mTRACE[0m] [display_virtio_gpu] [CPU3] display_virtio_gpu: [batch 0] alpha_blit using CPU
[135394466262] [[35mTRACE[0m] [display_virtio_gpu] [CPU3] display_virtio_gpu: [batch 0] alpha_blit using CPU
[135395601066] [[35mTRACE[0m] [display_virtio_gpu] [CPU3] display_virtio_gpu: VFS RPC response begin op=DeviceCall req_id=147
[135397391514] [[35mTRACE[0m] [display_virtio_gpu] [CPU3] display_virtio_gpu: VFS RPC response sent op=DeviceCall req_id=147
[135400214994] [[34mDEBUG[0m] [kernel::vfs::provider] [CPU1] VFS_RPC: response op=DeviceCall id=147 -> OK(8)
[135403709661] [[35mTRACE[0m] [bloom::frame_clock] [CPU1] bloom: frame interval 16975274646ns (target 16666666ns)
[135412095489] [[32mINFO [0m] [wayland_hello] [CPU3] wayland_hello: keyboard key key=15 state=0
[135412998666] [[35mTRACE[0m] [kernel::task] [CPU2] SCHED: CPU 2 idle pulse
[135436833510] [[35mTRACE[0m] [bran::arch::x86_64::idt] [CPU0] PS/2 byte received: 0xb8 (is_aux=false)
[135442741863] [[35mTRACE[0m] [kernel::irq::ps2] [CPU2] PS/2 take_scancode: popped 0xb8 (is_aux=false)
[135444172281] [[32mINFO [0m] [kernel::time] [CPU0] System clock tick: utc=2026-05-01 23:21:17.155112324 unix_secs=1777677677.155112324
[135444514755] [[32mINFO [0m] [ps2_kbd] [CPU2] ps2_kbd: read scancode 0xb8
[135445641441] [[32mINFO [0m] [ps2_kbd] [CPU2] ps2_kbd: edge detected: Up { key: LeftAlt, mods: Mods(0) }
[135447690477] [[32mINFO [0m] [ps2_kbd] [CPU2] ps2_kbd: sent LeftAlt to bristle (pid=8)
[135452274111] [[35mTRACE[0m] [kernel::syscall::handlers::socket] [CPU2] RECVMSG: thing=3 data_len=40 caps_len=0 node=Pointer { addr: 0xffffffffb00d8d10, metadata: DynMetadata(0xffffffff802c7ed0) }
[135465322245] [[32mINFO [0m] [wayland_hello] [CPU3] wayland_hello: keyboard modifiers depressed=0
[135466162557] [[32mINFO [0m] [wayland_hello] [CPU3] wayland_hello: keyboard key key=56 state=0
[135521663574] [[35mTRACE[0m] [sprout::supervisor] [CPU0] SPROUT: Supervisor tick...
[135524708946] [[35mTRACE[0m] [sprout::supervisor] [CPU0] SPROUT: Loop iteration: spawn_bristle_if_needed
[135526976508] [[35mTRACE[0m] [sprout::supervisor] [CPU0] SPROUT: Loop iteration: spawn_display_if_needed
[135528996999] [[35mTRACE[0m] [bran::arch::x86_64::idt] [CPU0] PS/2 byte received: 0x18 (is_aux=true)
[135529805235] [[35mTRACE[0m] [bran::arch::x86_64::idt] [CPU0] PS/2 byte received: 0x81 (is_aux=true)
[135530392239] [[35mTRACE[0m] [bran::arch::x86_64::idt] [CPU0] PS/2 byte received: 0x7f (is_aux=true)
[135530943999] [[35mTRACE[0m] [bran::arch::x86_64::idt] [CPU0] PS/2 byte received: 0x18 (is_aux=true)
[135531531069] [[35mTRACE[0m] [bran::arch::x86_64::idt] [CPU0] PS/2 byte received: 0x81 (is_aux=true)
[135532123419] [[35mTRACE[0m] [bran::arch::x86_64::idt] [CPU0] PS/2 byte received: 0x7f (is_aux=true)
[135532727682] [[35mTRACE[0m] [bran::arch::x86_64::idt] [CPU0] PS/2 byte received: 0x18 (is_aux=true)
[135533319075] [[35mTRACE[0m] [bran::arch::x86_64::idt] [CPU0] PS/2 byte received: 0x81 (is_aux=true)
[135533897829] [[35mTRACE[0m] [bran::arch::x86_64::idt] [CPU0] PS/2 byte received: 0x7f (is_aux=true)
[135534476187] [[35mTRACE[0m] [bran::arch::x86_64::idt] [CPU0] PS/2 byte received: 0x18 (is_aux=true)
[135535053654] [[35mTRACE[0m] [bran::arch::x86_64::idt] [CPU0] PS/2 byte received: 0x81 (is_aux=true)
[135535632771] [[35mTRACE[0m] [bran::arch::x86_64::idt] [CPU0] PS/2 byte received: 0x7f (is_aux=true)
[135536252775] [[35mTRACE[0m] [bran::arch::x86_64::idt] [CPU0] PS/2 byte received: 0x18 (is_aux=true)
[135536816250] [[35mTRACE[0m] [bran::arch::x86_64::idt] [CPU0] PS/2 byte received: 0x81 (is_aux=true)
[135537398238] [[35mTRACE[0m] [bran::arch::x86_64::idt] [CPU0] PS/2 byte received: 0x7f (is_aux=true)
[135542407968] [[35mTRACE[0m] [kernel::irq::ps2] [CPU3] PS/2 take_scancode: popped 0x18 (is_aux=true)
[135544439217] [[35mTRACE[0m] [kernel::irq::ps2] [CPU3] PS/2 take_scancode: popped 0x81 (is_aux=true)
[135546199899] [[35mTRACE[0m] [kernel::irq::ps2] [CPU3] PS/2 take_scancode: popped 0x7f (is_aux=true)
[135557874111] [[35mTRACE[0m] [kernel::irq::ps2] [CPU3] PS/2 take_scancode: popped 0x18 (is_aux=true)
[135559406565] [[35mTRACE[0m] [kernel::irq::ps2] [CPU3] PS/2 take_scancode: popped 0x81 (is_aux=true)
[135560887836] [[35mTRACE[0m] [kernel::irq::ps2] [CPU3] PS/2 take_scancode: popped 0x7f (is_aux=true)
[135562203612] [[35mTRACE[0m] [kernel::irq::ps2] [CPU3] PS/2 take_scancode: popped 0x18 (is_aux=true)
[135563564037] [[35mTRACE[0m] [kernel::irq::ps2] [CPU3] PS/2 take_scancode: popped 0x81 (is_aux=true)
[135564879219] [[35mTRACE[0m] [kernel::irq::ps2] [CPU3] PS/2 take_scancode: popped 0x7f (is_aux=true)
[135566255979] [[35mTRACE[0m] [kernel::irq::ps2] [CPU3] PS/2 take_scancode: popped 0x18 (is_aux=true)
[135567875685] [[35mTRACE[0m] [kernel::irq::ps2] [CPU3] PS/2 take_scancode: popped 0x81 (is_aux=true)
[135569482851] [[35mTRACE[0m] [kernel::irq::ps2] [CPU3] PS/2 take_scancode: popped 0x7f (is_aux=true)
[135570239805] [[35mTRACE[0m] [sprout::supervisor] [CPU0] SPROUT: Loop iteration: spawn_bloom_if_ready
[135570990291] [[35mTRACE[0m] [kernel::irq::ps2] [CPU3] PS/2 take_scancode: popped 0x18 (is_aux=true)
[135572483706] [[35mTRACE[0m] [kernel::irq::ps2] [CPU3] PS/2 take_scancode: popped 0x81 (is_aux=true)
[135573873567] [[35mTRACE[0m] [kernel::irq::ps2] [CPU3] PS/2 take_scancode: popped 0x7f (is_aux=true)
[135574379490] [[35mTRACE[0m] [sprout::supervisor] [CPU0] SPROUT: Loop iteration: spawn_wayland_hello_if_ready
[135578194455] [[35mTRACE[0m] [sprout::supervisor] [CPU0] SPROUT: Loop iteration: spawn_clock_if_ready
[135579682722] [[35mTRACE[0m] [sprout::supervisor] [CPU0] SPROUT: Loop iteration: spawn_leaf_if_ready
[135581072847] [[35mTRACE[0m] [sprout::supervisor] [CPU0] SPROUT: Loop iteration: tick complete
[135582548937] [[34mDEBUG[0m] [sprout::supervisor] [CPU0] SPROUT: ServiceLoop waiting for next event...
[135786480786] [[34mDEBUG[0m] [kernel::vfs::provider] [CPU1] VFS_RPC: request op=DeviceCall len=48 tid=10
[135790378944] [[35mTRACE[0m] [display_virtio_gpu] [CPU3] display_virtio_gpu: VFS RPC op=DeviceCall
[135791299248] [[35mTRACE[0m] [display_virtio_gpu] [CPU3] DISP: DISPLAY_OP_GET_INFO requested
[135791871633] [[35mTRACE[0m] [display_virtio_gpu] [CPU3] DISP: Returning dimensions 1280x800
[135792448077] [[35mTRACE[0m] [display_virtio_gpu] [CPU3] display_virtio_gpu: VFS RPC response begin op=DeviceCall req_id=148
[135794068476] [[35mTRACE[0m] [display_virtio_gpu] [CPU3] display_virtio_gpu: VFS RPC response sent op=DeviceCall req_id=148
[135797005113] [[34mDEBUG[0m] [kernel::vfs::provider] [CPU1] VFS_RPC: response op=DeviceCall id=148 -> OK(48)
[135916597641] [[35mTRACE[0m] [sprout::supervisor] [CPU0] SPROUT: Supervisor tick...
[135919652616] [[35mTRACE[0m] [sprout::supervisor] [CPU0] SPROUT: Loop iteration: spawn_bristle_if_needed
[135921956511] [[35mTRACE[0m] [sprout::supervisor] [CPU0] SPROUT: Loop iteration: spawn_display_if_needed
[135924104547] [[35mTRACE[0m] [sprout::supervisor] [CPU0] SPROUT: Loop iteration: spawn_bloom_if_ready
[135926301522] [[35mTRACE[0m] [sprout::supervisor] [CPU0] SPROUT: Loop iteration: spawn_wayland_hello_if_ready
[135928683000] [[35mTRACE[0m] [sprout::supervisor] [CPU0] SPROUT: Loop iteration: spawn_clock_if_ready
[135930796056] [[35mTRACE[0m] [sprout::supervisor] [CPU0] SPROUT: Loop iteration: spawn_leaf_if_ready
[135932882712] [[35mTRACE[0m] [sprout::supervisor] [CPU0] SPROUT: Loop iteration: tick complete
[135934929372] [[34mDEBUG[0m] [sprout::supervisor] [CPU0] SPROUT: ServiceLoop waiting for next event...
[136278934209] [[35mTRACE[0m] [sprout::supervisor] [CPU0] SPROUT: Supervisor tick...
[136281223980] [[35mTRACE[0m] [sprout::supervisor] [CPU0] SPROUT: Loop iteration: spawn_bristle_if_needed
[136283346606] [[35mTRACE[0m] [sprout::supervisor] [CPU0] SPROUT: Loop iteration: spawn_display_if_needed
[136285256118] [[35mTRACE[0m] [sprout::supervisor] [CPU0] SPROUT: Loop iteration: spawn_bloom_if_ready
[136287403329] [[35mTRACE[0m] [sprout::supervisor] [CPU0] SPROUT: Loop iteration: spawn_wayland_hello_if_ready
[136289597301] [[35mTRACE[0m] [sprout::supervisor] [CPU0] SPROUT: Loop iteration: spawn_clock_if_ready
[136291716066] [[35mTRACE[0m] [sprout::supervisor] [CPU0] SPROUT: Loop iteration: spawn_leaf_if_ready
[136294165986] [[35mTRACE[0m] [sprout::supervisor] [CPU0] SPROUT: Loop iteration: tick complete
[136297460013] [[34mDEBUG[0m] [sprout::supervisor] [CPU0] SPROUT: ServiceLoop waiting for next event...
[136606874580] [[34mDEBUG[0m] [kernel::vfs::provider] [CPU1] VFS_RPC: request op=DeviceCall len=48 tid=10
[136612495734] [[35mTRACE[0m] [display_virtio_gpu] [CPU3] display_virtio_gpu: VFS RPC op=DeviceCall
[136614028419] [[35mTRACE[0m] [display_virtio_gpu] [CPU3] DISP: DISPLAY_OP_GET_INFO requested
[136615322217] [[35mTRACE[0m] [display_virtio_gpu] [CPU3] DISP: Returning dimensions 1280x800
[136616305551] [[35mTRACE[0m] [display_virtio_gpu] [CPU3] display_virtio_gpu: VFS RPC response begin op=DeviceCall req_id=149
[136618952481] [[35mTRACE[0m] [display_virtio_gpu] [CPU3] display_virtio_gpu: VFS RPC response sent op=DeviceCall req_id=149
[136622987754] [[34mDEBUG[0m] [kernel::vfs::provider] [CPU1] VFS_RPC: response op=DeviceCall id=149 -> OK(48)
[136634276988] [[35mTRACE[0m] [sprout::supervisor] [CPU0] SPROUT: Supervisor tick...
[136636582269] [[35mTRACE[0m] [sprout::supervisor] [CPU0] SPROUT: Loop iteration: spawn_bristle_if_needed
[136638924906] [[35mTRACE[0m] [sprout::supervisor] [CPU0] SPROUT: Loop iteration: spawn_display_if_needed
[136641361362] [[35mTRACE[0m] [sprout::supervisor] [CPU0] SPROUT: Loop iteration: spawn_bloom_if_ready
[136644057561] [[35mTRACE[0m] [sprout::supervisor] [CPU0] SPROUT: Loop iteration: spawn_wayland_hello_if_ready
[136646573943] [[35mTRACE[0m] [sprout::supervisor] [CPU0] SPROUT: Loop iteration: spawn_clock_if_ready
[136648941891] [[35mTRACE[0m] [sprout::supervisor] [CPU0] SPROUT: Loop iteration: spawn_leaf_if_ready
[136651267005] [[35mTRACE[0m] [sprout::supervisor] [CPU0] SPROUT: Loop iteration: tick complete
[136653575982] [[34mDEBUG[0m] [sprout::supervisor] [CPU0] SPROUT: ServiceLoop waiting for next event...
[136969100862] [[35mTRACE[0m] [sprout::supervisor] [CPU0] SPROUT: Supervisor tick...
[136972620213] [[35mTRACE[0m] [sprout::supervisor] [CPU0] SPROUT: Loop iteration: spawn_bristle_if_needed
[136974516228] [[35mTRACE[0m] [sprout::supervisor] [CPU0] SPROUT: Loop iteration: spawn_display_if_needed
[136975956579] [[35mTRACE[0m] [sprout::supervisor] [CPU0] SPROUT: Loop iteration: spawn_bloom_if_ready
[136977290274] [[35mTRACE[0m] [sprout::supervisor] [CPU0] SPROUT: Loop iteration: spawn_wayland_hello_if_ready
[136978755045] [[35mTRACE[0m] [sprout::supervisor] [CPU0] SPROUT: Loop iteration: spawn_clock_if_ready
[136980209982] [[35mTRACE[0m] [sprout::supervisor] [CPU0] SPROUT: Loop iteration: spawn_leaf_if_ready
[136981562619] [[35mTRACE[0m] [sprout::supervisor] [CPU0] SPROUT: Loop iteration: tick complete
[136982925057] [[34mDEBUG[0m] [sprout::supervisor] [CPU0] SPROUT: ServiceLoop waiting for next event...
[137298383838] [[35mTRACE[0m] [sprout::supervisor] [CPU0] SPROUT: Supervisor tick...
[137299847520] [[35mTRACE[0m] [sprout::supervisor] [CPU0] SPROUT: Loop iteration: spawn_bristle_if_needed
[137301355191] [[35mTRACE[0m] [sprout::supervisor] [CPU0] SPROUT: Loop iteration: spawn_display_if_needed
[137302839531] [[35mTRACE[0m] [sprout::supervisor] [CPU0] SPROUT: Loop iteration: spawn_bloom_if_ready
[137304198009] [[35mTRACE[0m] [sprout::supervisor] [CPU0] SPROUT: Loop iteration: spawn_wayland_hello_if_ready
[137305667433] [[35mTRACE[0m] [sprout::supervisor] [CPU0] SPROUT: Loop iteration: spawn_clock_if_ready
[137307017661] [[35mTRACE[0m] [sprout::supervisor] [CPU0] SPROUT: Loop iteration: spawn_leaf_if_ready
[137308478373] [[35mTRACE[0m] [sprout::supervisor] [CPU0] SPROUT: Loop iteration: tick complete
[137309852790] [[34mDEBUG[0m] [sprout::supervisor] [CPU0] SPROUT: ServiceLoop waiting for next event...
[137427746874] [[34mDEBUG[0m] [kernel::vfs::provider] [CPU1] VFS_RPC: request op=DeviceCall len=48 tid=10
[137436683373] [[35mTRACE[0m] [display_virtio_gpu] [CPU3] display_virtio_gpu: VFS RPC op=DeviceCall
[137437718583] [[35mTRACE[0m] [display_virtio_gpu] [CPU3] DISP: DISPLAY_OP_GET_INFO requested
[137438455572] [[35mTRACE[0m] [display_virtio_gpu] [CPU3] DISP: Returning dimensions 1280x800
[137439163653] [[35mTRACE[0m] [display_virtio_gpu] [CPU3] display_virtio_gpu: VFS RPC response begin op=DeviceCall req_id=150
[137441024589] [[35mTRACE[0m] [display_virtio_gpu] [CPU3] display_virtio_gpu: VFS RPC response sent op=DeviceCall req_id=150
[137444911560] [[34mDEBUG[0m] [kernel::vfs::provider] [CPU1] VFS_RPC: response op=DeviceCall id=150 -> OK(48)
[137626667013] [[35mTRACE[0m] [sprout::supervisor] [CPU0] SPROUT: Supervisor tick...
[137628908142] [[35mTRACE[0m] [sprout::supervisor] [CPU0] SPROUT: Loop iteration: spawn_bristle_if_needed
[137631061128] [[35mTRACE[0m] [sprout::supervisor] [CPU0] SPROUT: Loop iteration: spawn_display_if_needed
[137633089374] [[35mTRACE[0m] [sprout::supervisor] [CPU0] SPROUT: Loop iteration: spawn_bloom_if_ready
[137635170420] [[35mTRACE[0m] [sprout::supervisor] [CPU0] SPROUT: Loop iteration: spawn_wayland_hello_if_ready
[137637411549] [[35mTRACE[0m] [sprout::supervisor] [CPU0] SPROUT: Loop iteration: spawn_clock_if_ready
[137639512329] [[35mTRACE[0m] [sprout::supervisor] [CPU0] SPROUT: Loop iteration: spawn_leaf_if_ready
[137641571694] [[35mTRACE[0m] [sprout::supervisor] [CPU0] SPROUT: Loop iteration: tick complete
[137643602811] [[34mDEBUG[0m] [sprout::supervisor] [CPU0] SPROUT: ServiceLoop waiting for next event...
[137954541846] [[35mTRACE[0m] [sprout::supervisor] [CPU0] SPROUT: Supervisor tick...
[137958378591] [[35mTRACE[0m] [sprout::supervisor] [CPU0] SPROUT: Loop iteration: spawn_bristle_if_needed
[137961216921] [[35mTRACE[0m] [sprout::supervisor] [CPU0] SPROUT: Loop iteration: spawn_display_if_needed
[137963228370] [[35mTRACE[0m] [sprout::supervisor] [CPU0] SPROUT: Loop iteration: spawn_bloom_if_ready
[137964637305] [[35mTRACE[0m] [sprout::supervisor] [CPU0] SPROUT: Loop iteration: spawn_wayland_hello_if_ready
[137966084850] [[35mTRACE[0m] [sprout::supervisor] [CPU0] SPROUT: Loop iteration: spawn_clock_if_ready
[137967479562] [[35mTRACE[0m] [sprout::supervisor] [CPU0] SPROUT: Loop iteration: spawn_leaf_if_ready
[137968870743] [[35mTRACE[0m] [sprout::supervisor] [CPU0] SPROUT: Loop iteration: tick complete
[137970203844] [[34mDEBUG[0m] [sprout::supervisor] [CPU0] SPROUT: ServiceLoop waiting for next event...
[138023301075] [[34mDEBUG[0m] [cambium] [CPU1] CAMBIUM: ServiceLoop wake ��� reconcile tick
[138024593025] [[35mTRACE[0m] [kernel::syscall::handlers::vfs] [CPU1] VFS: sys_fs_open path='/sys/device_snapshot' tid=7
[138026100366] [[34mDEBUG[0m] [kernel::vfs::sysfs] [CPU1] sysfs: lookup path='device_snapshot'
[138030177120] [[35mTRACE[0m] [kernel::syscall::handlers::vfs] [CPU1] sys_fs_close: fd=9
[138031598595] [[34mDEBUG[0m] [cambium] [CPU1] CAMBIUM: discovered device slot=pci-0000:00:00.0 kind=pci_device vendor=0x8086 device=0x29c0 class=0x060000 present=true
[138032489727] [[34mDEBUG[0m] [cambium] [CPU1] CAMBIUM: discovered device slot=pci-0000:00:01.0 kind=pci_device vendor=0x1af4 device=0x1050 class=0x030000 present=true
[138033231567] [[34mDEBUG[0m] [cambium] [CPU1] CAMBIUM: discovered device slot=pci-0000:00:02.0 kind=pci_device vendor=0x1af4 device=0x1000 class=0x020000 present=true
[138034065774] [[34mDEBUG[0m] [cambium] [CPU1] CAMBIUM: isolation mode skipping driver '/drivers/virtio_netd' class=Net for pci-0000:00:02.0
[138034717095] [[34mDEBUG[0m] [cambium] [CPU1] CAMBIUM: discovered device slot=pci-0000:00:03.0 kind=pci_device vendor=0x1af4 device=0x1059 class=0x040100 present=true
[138035614431] [[34mDEBUG[0m] [cambium] [CPU1] CAMBIUM: isolation mode skipping driver '/drivers/virtio_sound' class=Audio for pci-0000:00:03.0
[138036312843] [[34mDEBUG[0m] [cambium] [CPU1] CAMBIUM: discovered device slot=pci-0000:00:1f.0 kind=pci_device vendor=0x8086 device=0x2918 class=0x060100 present=true
[138037093821] [[34mDEBUG[0m] [cambium] [CPU1] CAMBIUM: discovered device slot=pci-0000:00:1f.2 kind=pci_device vendor=0x8086 device=0x2922 class=0x010601 present=true
[138038198265] [[34mDEBUG[0m] [cambium] [CPU1] CAMBIUM: discovered device slot=pci-0000:00:1f.3 kind=pci_device vendor=0x8086 device=0x2930 class=0x0c0500 present=true
[138039261426] [[34mDEBUG[0m] [cambium] [CPU1] CAMBIUM: discovered device slot=isa-0070 kind=dev.rtc.Cmos vendor=0x0000 device=0x0000 class=0x000000 present=true
[138046448133] [[34mDEBUG[0m] [cambium] [CPU1] CAMBIUM: discovered device slot=isa-0060 kind=drv.Ps2Keyboard vendor=0x0000 device=0x0000 class=0x000000 present=true
[138047363817] [[34mDEBUG[0m] [cambium] [CPU1] CAMBIUM: discovered device slot=isa-0064 kind=drv.Ps2Mouse vendor=0x0000 device=0x0000 class=0x000000 present=true
[138048098166] [[34mDEBUG[0m] [cambium] [CPU1] CAMBIUM: discovered device slot=isa-01f0 kind=dev.storage.ata vendor=0x0000 device=0x0000 class=0x000000 present=true
[138216128589] [[35mTRACE[0m] [ps2_mouse] [CPU3] ps2_mouse: irq_wakes=80 poll_timeouts=2480 last_drain_bytes=0
[138251230788] [[34mDEBUG[0m] [kernel::vfs::provider] [CPU1] VFS_RPC: request op=DeviceCall len=48 tid=10
[138256022388] [[35mTRACE[0m] [display_virtio_gpu] [CPU3] display_virtio_gpu: VFS RPC op=DeviceCall
[138257321928] [[35mTRACE[0m] [display_virtio_gpu] [CPU3] DISP: DISPLAY_OP_GET_INFO requested
[138257925267] [[35mTRACE[0m] [display_virtio_gpu] [CPU3] DISP: Returning dimensions 1280x800
[138258508806] [[35mTRACE[0m] [display_virtio_gpu] [CPU3] display_virtio_gpu: VFS RPC response begin op=DeviceCall req_id=151
[138260696145] [[35mTRACE[0m] [display_virtio_gpu] [CPU3] display_virtio_gpu: VFS RPC response sent op=DeviceCall req_id=151
[138263617239] [[34mDEBUG[0m] [kernel::vfs::provider] [CPU1] VFS_RPC: response op=DeviceCall id=151 -> OK(48)
[138284893989] [[35mTRACE[0m] [sprout::supervisor] [CPU0] SPROUT: Supervisor tick...
[138286936425] [[35mTRACE[0m] [sprout::supervisor] [CPU0] SPROUT: Loop iteration: spawn_bristle_if_needed
[138288413670] [[35mTRACE[0m] [sprout::supervisor] [CPU0] SPROUT: Loop iteration: spawn_display_if_needed
[138289953912] [[35mTRACE[0m] [sprout::supervisor] [CPU0] SPROUT: Loop iteration: spawn_bloom_if_ready
[138291360801] [[35mTRACE[0m] [sprout::supervisor] [CPU0] SPROUT: Loop iteration: spawn_wayland_hello_if_ready
[138292773234] [[35mTRACE[0m] [sprout::supervisor] [CPU0] SPROUT: Loop iteration: spawn_clock_if_ready
[138294165801] [[35mTRACE[0m] [sprout::supervisor] [CPU0] SPROUT: Loop iteration: spawn_leaf_if_ready
[138295510221] [[35mTRACE[0m] [sprout::supervisor] [CPU0] SPROUT: Loop iteration: tick complete
[138296997069] [[34mDEBUG[0m] [sprout::supervisor] [CPU0] SPROUT: ServiceLoop waiting for next event...
[138613942401] [[35mTRACE[0m] [sprout::supervisor] [CPU0] SPROUT: Supervisor tick...
[138615440205] [[35mTRACE[0m] [sprout::supervisor] [CPU0] SPROUT: Loop iteration: spawn_bristle_if_needed
[138616820661] [[35mTRACE[0m] [sprout::supervisor] [CPU0] SPROUT: Loop iteration: spawn_display_if_needed
[138618170493] [[35mTRACE[0m] [sprout::supervisor] [CPU0] SPROUT: Loop iteration: spawn_bloom_if_ready
[138619624869] [[35mTRACE[0m] [sprout::supervisor] [CPU0] SPROUT: Loop iteration: spawn_wayland_hello_if_ready
[138621040272] [[35mTRACE[0m] [sprout::supervisor] [CPU0] SPROUT: Loop iteration: spawn_clock_if_ready
[138622405449] [[35mTRACE[0m] [sprout::supervisor] [CPU0] SPROUT: Loop iteration: spawn_leaf_if_ready
[138623741421] [[35mTRACE[0m] [sprout::supervisor] [CPU0] SPROUT: Loop iteration: tick complete
[138624989943] [[34mDEBUG[0m] [sprout::supervisor] [CPU0] SPROUT: ServiceLoop waiting for next event...
[138942401565] [[35mTRACE[0m] [sprout::supervisor] [CPU0] SPROUT: Supervisor tick...
[138943860297] [[35mTRACE[0m] [sprout::supervisor] [CPU0] SPROUT: Loop iteration: spawn_bristle_if_needed
[138946373742] [[35mTRACE[0m] [sprout::supervisor] [CPU0] SPROUT: Loop iteration: spawn_display_if_needed
[138949708326] [[35mTRACE[0m] [sprout::supervisor] [CPU0] SPROUT: Loop iteration: spawn_bloom_if_ready
[138951232167] [[35mTRACE[0m] [sprout::supervisor] [CPU0] SPROUT: Loop iteration: spawn_wayland_hello_if_ready
[138952936749] [[35mTRACE[0m] [sprout::supervisor] [CPU0] SPROUT: Loop iteration: spawn_clock_if_ready
[138954302421] [[35mTRACE[0m] [sprout::supervisor] [CPU0] SPROUT: Loop iteration: spawn_leaf_if_ready
[138955713732] [[35mTRACE[0m] [sprout::supervisor] [CPU0] SPROUT: Loop iteration: tick complete
[138957144348] [[34mDEBUG[0m] [sprout::supervisor] [CPU0] SPROUT: ServiceLoop waiting for next event...
[139073225115] [[34mDEBUG[0m] [kernel::vfs::provider] [CPU1] VFS_RPC: request op=DeviceCall len=48 tid=10
[139078775385] [[35mTRACE[0m] [display_virtio_gpu] [CPU3] display_virtio_gpu: VFS RPC op=DeviceCall
[139079790069] [[35mTRACE[0m] [display_virtio_gpu] [CPU3] DISP: DISPLAY_OP_GET_INFO requested
[139080570816] [[35mTRACE[0m] [display_virtio_gpu] [CPU3] DISP: Returning dimensions 1280x800
[139081147755] [[35mTRACE[0m] [display_virtio_gpu] [CPU3] display_virtio_gpu: VFS RPC response begin op=DeviceCall req_id=152
[139082840523] [[35mTRACE[0m] [display_virtio_gpu] [CPU3] display_virtio_gpu: VFS RPC response sent op=DeviceCall req_id=152
[139085554080] [[34mDEBUG[0m] [kernel::vfs::provider] [CPU1] VFS_RPC: response op=DeviceCall id=152 -> OK(48)

[hunter] running random action
[139269599766] [[35mTRACE[0m] [sprout::supervisor] [CPU0] SPROUT: Supervisor tick...
[139271066682] [[35mTRACE[0m] [sprout::supervisor] [CPU0] SPROUT: Loop iteration: spawn_bristle_if_needed
[139272548910] [[35mTRACE[0m] [sprout::supervisor] [CPU0] SPROUT: Loop iteration: spawn_display_if_needed
[139274015034] [[35mTRACE[0m] [sprout::supervisor] [CPU0] SPROUT: Loop iteration: spawn_bloom_if_ready
[139275527754] [[35mTRACE[0m] [sprout::supervisor] [CPU0] SPROUT: Loop iteration: spawn_wayland_hello_if_ready
[139277143203] [[35mTRACE[0m] [sprout::supervisor] [CPU0] SPROUT: Loop iteration: spawn_clock_if_ready
[139278566988] [[35mTRACE[0m] [sprout::supervisor] [CPU0] SPROUT: Loop iteration: spawn_leaf_if_ready
[139279945959] [[35mTRACE[0m] [sprout::supervisor] [CPU0] SPROUT: Loop iteration: tick complete
[139281346083] [[34mDEBUG[0m] [sprout::supervisor] [CPU0] SPROUT: ServiceLoop waiting for next event...
[139295066196] [[35mTRACE[0m] [kernel::vfs::devfs] [CPU3] vfs: /dev/console write by PID=6 len=1
/[139296177669] [[35mTRACE[0m] [kernel::vfs::devfs] [CPU3] vfs: /dev/console read by PID=6 len=1
[139327814703] [[35mTRACE[0m] [kernel::vfs::devfs] [CPU3] vfs: /dev/console write by PID=6 len=1
b[139328855952] [[35mTRACE[0m] [kernel::vfs::devfs] [CPU3] vfs: /dev/console read by PID=6 len=1
[139394661714] [[35mTRACE[0m] [kernel::vfs::devfs] [CPU3] vfs: /dev/console write by PID=6 len=1
i[139395854070] [[35mTRACE[0m] [kernel::vfs::devfs] [CPU3] vfs: /dev/console read by PID=6 len=1
[139427156022] [[35mTRACE[0m] [kernel::vfs::devfs] [CPU3] vfs: /dev/console write by PID=6 len=1
n[139428284622] [[35mTRACE[0m] [kernel::vfs::devfs] [CPU3] vfs: /dev/console read by PID=6 len=1
[139492605120] [[35mTRACE[0m] [kernel::vfs::devfs] [CPU3] vfs: /dev/console write by PID=6 len=1
/[139493615151] [[35mTRACE[0m] [kernel::vfs::devfs] [CPU3] vfs: /dev/console read by PID=6 len=1
[139558450977] [[35mTRACE[0m] [kernel::vfs::devfs] [CPU3] vfs: /dev/console write by PID=6 len=1
c[139559659173] [[35mTRACE[0m] [kernel::vfs::devfs] [CPU3] vfs: /dev/console read by PID=6 len=1
[139590907401] [[35mTRACE[0m] [kernel::vfs::devfs] [CPU3] vfs: /dev/console write by PID=6 len=1
l[139591899645] [[35mTRACE[0m] [kernel::vfs::devfs] [CPU3] vfs: /dev/console read by PID=6 len=1
[139598430840] [[35mTRACE[0m] [sprout::supervisor] [CPU0] SPROUT: Supervisor tick...
[139600364442] [[35mTRACE[0m] [sprout::supervisor] [CPU0] SPROUT: Loop iteration: spawn_bristle_if_needed
[139602639561] [[35mTRACE[0m] [sprout::supervisor] [CPU0] SPROUT: Loop iteration: spawn_display_if_needed
[139604864454] [[35mTRACE[0m] [sprout::supervisor] [CPU0] SPROUT: Loop iteration: spawn_bloom_if_ready
[139606923720] [[35mTRACE[0m] [sprout::supervisor] [CPU0] SPROUT: Loop iteration: spawn_wayland_hello_if_ready
[139609218507] [[35mTRACE[0m] [sprout::supervisor] [CPU0] SPROUT: Loop iteration: spawn_clock_if_ready
[139611352287] [[35mTRACE[0m] [sprout::supervisor] [CPU0] SPROUT: Loop iteration: spawn_leaf_if_ready
[139613441088] [[35mTRACE[0m] [sprout::supervisor] [CPU0] SPROUT: Loop iteration: tick complete
[139615542231] [[34mDEBUG[0m] [sprout::supervisor] [CPU0] SPROUT: ServiceLoop waiting for next event...
[139657135068] [[35mTRACE[0m] [kernel::vfs::devfs] [CPU3] vfs: /dev/console write by PID=6 len=1
o[139658110086] [[35mTRACE[0m] [kernel::vfs::devfs] [CPU3] vfs: /dev/console read by PID=6 len=1
[139723294161] [[35mTRACE[0m] [kernel::vfs::devfs] [CPU3] vfs: /dev/console write by PID=6 len=1
c[139724490774] [[35mTRACE[0m] [kernel::vfs::devfs] [CPU3] vfs: /dev/console read by PID=6 len=1
[139755685872] [[35mTRACE[0m] [kernel::vfs::devfs] [CPU3] vfs: /dev/console write by PID=6 len=1
k[139756806519] [[35mTRACE[0m] [kernel::vfs::devfs] [CPU3] vfs: /dev/console read by PID=6 len=1
[139821356796] [[35mTRACE[0m] [kernel::vfs::devfs] [CPU3] vfs: /dev/console write by PID=6 len=1
 [139822419198] [[35mTRACE[0m] [kernel::vfs::devfs] [CPU3] vfs: /dev/console read by PID=6 len=1
[139855218195] [[35mTRACE[0m] [kernel::vfs::devfs] [CPU3] vfs: /dev/console write by PID=6 len=1
&[139856300232] [[35mTRACE[0m] [kernel::vfs::devfs] [CPU3] vfs: /dev/console read by PID=6 len=1
[139897567887] [[34mDEBUG[0m] [kernel::vfs::provider] [CPU1] VFS_RPC: request op=DeviceCall len=48 tid=10
[139901907024] [[35mTRACE[0m] [display_virtio_gpu] [CPU3] display_virtio_gpu: VFS RPC op=DeviceCall
[139902970383] [[35mTRACE[0m] [display_virtio_gpu] [CPU3] DISP: DISPLAY_OP_GET_INFO requested
[139903574778] [[35mTRACE[0m] [display_virtio_gpu] [CPU3] DISP: Returning dimensions 1280x800
[139904141850] [[35mTRACE[0m] [display_virtio_gpu] [CPU3] display_virtio_gpu: VFS RPC response begin op=DeviceCall req_id=153
[139905784293] [[35mTRACE[0m] [display_virtio_gpu] [CPU3] display_virtio_gpu: VFS RPC response sent op=DeviceCall req_id=153
[139908080070] [[34mDEBUG[0m] [kernel::vfs::provider] [CPU1] VFS_RPC: response op=DeviceCall id=153 -> OK(48)
[139919923638] [[35mTRACE[0m] [kernel::vfs::devfs] [CPU3] vfs: /dev/console write by PID=6 len=1

[139921443123] [[35mTRACE[0m] [kernel::syscall::handlers::vfs] [CPU3] VFS: sys_fs_open path='/dev/null' tid=6
[139928374641] [[35mTRACE[0m] [sprout::supervisor] [CPU0] SPROUT: Supervisor tick...
[139929352794] [[35mTRACE[0m] [kernel::syscall::handlers::vfs] [CPU3] VFS: sys_fs_open path='/dev/null' tid=6
[139929988374] [[35mTRACE[0m] [sprout::supervisor] [CPU0] SPROUT: Loop iteration: spawn_bristle_if_needed
[139931746977] [[34mDEBUG[0m] [sh] [CPU3] sh: spawning job cmd='/bin/clock'
[139932537558] [[34mDEBUG[0m] [sh] [CPU3] sh: spawning '/bin/clock' with argv=["/bin/clock"]
[139935242172] [[35mTRACE[0m] [sprout::supervisor] [CPU0] SPROUT: Loop iteration: spawn_display_if_needed
[139936772778] [[35mTRACE[0m] [sprout::supervisor] [CPU0] SPROUT: Loop iteration: spawn_bloom_if_ready
[139938129144] [[35mTRACE[0m] [sprout::supervisor] [CPU0] SPROUT: Loop iteration: spawn_wayland_hello_if_ready
[139939507818] [[35mTRACE[0m] [sprout::supervisor] [CPU0] SPROUT: Loop iteration: spawn_clock_if_ready
[139940867583] [[35mTRACE[0m] [sprout::supervisor] [CPU0] SPROUT: Loop iteration: spawn_leaf_if_ready
[139942161051] [[35mTRACE[0m] [sprout::supervisor] [CPU0] SPROUT: Loop iteration: tick complete
[139943140425] [[34mDEBUG[0m] [kernel::sched::spawn] [CPU3] SPAWN: page cache miss for '/bin/clock', caching 83048 bytes
[139943578566] [[34mDEBUG[0m] [sprout::supervisor] [CPU0] SPROUT: ServiceLoop waiting for next event...
[139944210417] [[34mDEBUG[0m] [kernel::task::loader] [CPU3] LOADER: Loading module 'clock' (len=83048, base=0x200000)
[139944753003] [[35mTRACE[0m] [kernel::task::loader] [CPU3]   Header: [7f, 45, 4c, 46, 02, 01, 01, 00, 00, 00, 00, 00, 00, 00, 00, 00]
[139945599585] [[34mDEBUG[0m] [kernel::task::loader] [CPU3] LOADER: ELF info: entry=200000, min_vaddr=200000, bias=0, entry_pc=200000
[139946043237] [[35mTRACE[0m] [kernel::task::loader] [CPU3] Segment: vaddr=200000 exec=true
[139948126263] [[35mTRACE[0m] [kernel::task::loader] [CPU3]   COPIED at 0x201420: [48, 83, c4, 58, c3, cc, cc, cc]
[139953497805] [[35mTRACE[0m] [kernel::task::loader] [CPU3] Segment: vaddr=20c000 exec=false
[139955102232] [[35mTRACE[0m] [kernel::task::loader] [CPU3] Segment: vaddr=20e000 exec=false
[139957402200] [[34mDEBUG[0m] [kernel::task::loader] [CPU3] LOADER: TLS block: tp=0x210000 filesz=0 memsz=0 align=1
[139962017382] [[34mDEBUG[0m] [kernel::sched::spawn] [CPU3] SPAWN_FROM_PATH: Starting Phase 1 for /bin/clock
[139963213071] [[34mDEBUG[0m] [bran::arch::x86_64::task] [CPU3] INIT KERNEL CTX: entry=0xffffffff800532f0 kstack_top=0xffffffffb03282c0 arg=0xffffffffb02e2060
[139965023682] [[34mDEBUG[0m] [kernel::sched::spawn] [CPU3] SPAWN_FROM_PATH: Phase 1 complete, ID=21, applying inserts
[139965572604] [[34mDEBUG[0m] [kernel::sched] [CPU3] REGISTRY: Applying 1 deferred inserts
[139966391202] [[34mDEBUG[0m] [kernel::sched] [CPU3] REGISTRY: Inserting TID=21
[139967977413] [[34mDEBUG[0m] [kernel::sched] [CPU3] REGISTRY: Inserts applied
[139969054929] [[34mDEBUG[0m] [kernel::sched::spawn] [CPU3] SPAWN_FROM_PATH: Inserts applied, entering Phase 2
[139972317804] [[34mDEBUG[0m] [kernel::sched::spawn] [CPU3] SETUP_STDIO: stdin=Fd(6) stdout=Fd(7) stderr=Fd(7)
[139977188340] [[34mDEBUG[0m] [kernel::sched::spawn] [CPU3] SPAWN_FROM_PATH: Phase 2 complete, waking task 21
[139979764848] [[34mDEBUG[0m] [kernel::sched::spawn] [CPU3] SPAWN_FROM_PATH: Task 21 woken, restoring IRQs
[139980327069] [[34mDEBUG[0m] [kernel::sched::spawn] [CPU3] SPAWN_FROM_PATH: Done for /bin/clock
[139981592322] [[34mDEBUG[0m] [kernel::syscall::handlers::process] [CPU3] SYSCALL SPAWN_PROCESS_EX: name='/bin/clock' TID=21 PID=21
[139985164704] [[34mDEBUG[0m] [kernel::sched::spawn] [CPU3] USER_TRAMPOLINE: PC=0x200000 SP=0x800000 ARG0=0x0
[139985948025] [[34mDEBUG[0m] [bran::arch::x86_64] [CPU3] ENTER_USER: TID=21 entry_pc=200000 user_sp=800000
[139988035011] [[34mDEBUG[0m] [kernel::syscall::handlers::process] [CPU3] sys_auxv_get: tid=21 buf_len=0
[139989837471] [[34mDEBUG[0m] [kernel::syscall::handlers::process] [CPU3] sys_auxv_get: tid=21 buf_len=100
[139993881918] [[32mINFO [0m] [clock] [CPU3] clock: running at low scheduler priority tid=21
[139997423643] [[32mINFO [0m] [clock] [CPU3] clock: connected to /run/wayland-0
[139998187758] [[35mTRACE[0m] [kernel::syscall::handlers::vfs] [CPU3] VFS: sys_fs_open path='/lib/libpistil.so' tid=21
[140002487229] [[34mDEBUG[0m] [bloom::wayland] [CPU2] wayland-server: new client fd=33
[140221309734] [[35mTRACE[0m] [kernel::syscall::handlers::vfs] [CPU3] sys_fs_close: fd=9
[140274951696] [[32mINFO [0m] [clock] [CPU3] clock: pistil DSEG7 text renderer loaded with /share/fonts/DSEG7Classic-Regular.ttf
[140275845798] [[32mINFO [0m] [clock] [CPU3] clock: pistil generic text renderer loaded with /share/fonts/Inter-Regular.ttf
[140280193020] [[34mDEBUG[0m] [sh] [CPU3] sh: spawned '/bin/clock' pid=21 idx=0 background=true pending_pgid=0
[140281266312] [[34mDEBUG[0m] [sh] [CPU3] sh: setpgid leader pid=21 -> pgid=21
[140281991091] [[34mDEBUG[0m] [sh] [CPU3] sh: cleaning up 0 pipes
[140282598522] [[35mTRACE[0m] [kernel::syscall::handlers::vfs] [CPU3] sys_fs_close: fd=6
[140283286968] [[35mTRACE[0m] [kernel::syscall::handlers::vfs] [CPU3] sys_fs_close: fd=7
[140284748868] [[35mTRACE[0m] [kernel::vfs::devfs] [CPU3] vfs: /dev/console write by PID=6 len=7
[2] 21
[140287714413] [[35mTRACE[0m] [kernel::vfs::devfs] [CPU3] vfs: /dev/console write by PID=6 len=95
[1;95mTHING[0m[1;96m-OS[0m [2;94m[[0m[1;92mOK[0m[2;94m][0m [1;93m/[0m [1;96m>[0m [140289143742] [[35mTRACE[0m] [kernel::vfs::devfs] [CPU3] vfs: /dev/console write by PID=6 len=6
[?25h[140290200402] [[35mTRACE[0m] [kernel::vfs::devfs] [CPU3] vfs: /dev/console read by PID=6 len=1
[140290857729] [[35mTRACE[0m] [sprout::supervisor] [CPU0] SPROUT: Supervisor tick...
[140292995106] [[35mTRACE[0m] [sprout::supervisor] [CPU0] SPROUT: Loop iteration: spawn_bristle_if_needed
[140294432520] [[35mTRACE[0m] [sprout::supervisor] [CPU0] SPROUT: Loop iteration: spawn_display_if_needed
[140295816969] [[35mTRACE[0m] [sprout::supervisor] [CPU0] SPROUT: Loop iteration: spawn_bloom_if_ready
[140297139873] [[35mTRACE[0m] [sprout::supervisor] [CPU0] SPROUT: Loop iteration: spawn_wayland_hello_if_ready
[140298639525] [[35mTRACE[0m] [sprout::supervisor] [CPU0] SPROUT: Loop iteration: spawn_clock_if_ready
[140300002821] [[35mTRACE[0m] [sprout::supervisor] [CPU0] SPROUT: Loop iteration: spawn_leaf_if_ready
[140301369021] [[35mTRACE[0m] [sprout::supervisor] [CPU0] SPROUT: Loop iteration: tick complete
[140302687998] [[34mDEBUG[0m] [sprout::supervisor] [CPU0] SPROUT: ServiceLoop waiting for next event...
[140307441351] [[35mTRACE[0m] [kernel::syscall::handlers::vfs] [CPU3] VFS: sys_fs_open path='/etc/locale.conf' tid=21
[140311462104] [[35mTRACE[0m] [kernel::syscall::handlers::vfs] [CPU3] sys_fs_close: fd=9
[140317490577] [[32mINFO [0m] [clock] [CPU3] clock: tick local=2026-05-01 15:21:19 UTC-8 system_unix=1777677679.590174305
[140317631355] [[34mDEBUG[0m] [kernel::ipc] [CPU2] CREATE_PORT: capacity=64
[140319038310] [[34mDEBUG[0m] [kernel::ipc] [CPU2] CREATE_PORT: appended id=PortId(16)
[140319584097] [[34mDEBUG[0m] [kernel::ipc::handles] [CPU2] ALLOC_HANDLE: handle=21 port_id=PortId(16) mode=Write
[140320034085] [[34mDEBUG[0m] [kernel::ipc::handles] [CPU2] ALLOC_HANDLE: handle=22 port_id=PortId(16) mode=Read
[140327920029] [[32mINFO [0m] [bloom::services::wayland_cmd] [CPU1] bloom: registered titlebar drag zone surface=5 height=28 frame=6
[140328896103] [[34mDEBUG[0m] [bloom::services::wayland_cmd] [CPU1] wayland-cmd: created surface bloom_id=5
[140332401990] [[34mDEBUG[0m] [kernel::handle::bridge] [CPU2] BRIDGE: handle=21 -> fd=34 node=0xffffffffb0139ef0 port=0xffffffffb03332d0
[140333597778] [[35mTRACE[0m] [kernel::syscall::handlers::vfs] [CPU2] sys_fs_close: fd=34
[140335545702] [[34mDEBUG[0m] [kernel::handle::bridge] [CPU2] BRIDGE: handle=22 -> fd=34 node=0xffffffffb0139ef0 port=0xffffffffb03332d0
[140336624307] [[35mTRACE[0m] [kernel::syscall::handlers::vfs] [CPU2] sys_fs_close: fd=34
[140338047102] [[34mDEBUG[0m] [bloom::wayland::dispatch] [CPU2] wayland-server: xdg_surface obj=11 created for surface=5
[140339460360] [[32mINFO [0m] [bloom::wayland::dispatch] [CPU2] wayland-server: xdg_toplevel obj=12 assigned to xdg_surface=11
[140340783660] [[34mDEBUG[0m] [bloom::wayland::dispatch] [CPU2] wayland-server: surface 5 titlebar height 28 frame 6
[140343638952] [[34mDEBUG[0m] [bloom::wayland::dispatch] [CPU2] wayland-server: xdg_surface.configure serial=1 sent to obj=11
[140345398017] [[34mDEBUG[0m] [bloom::services::wayland_cmd] [CPU1] bloom: registered titlebar drag zone surface=5 height=28 frame=6
[140345845629] [[34mDEBUG[0m] [bloom::wayland::dispatch] [CPU2] wayland-server: xdg_toplevel obj=12 title="Clock"
[140347399137] [[34mDEBUG[0m] [bloom::wayland::dispatch] [CPU2] wayland-server: xdg_toplevel obj=12 app_id="thingos.clock"
[140392213269] [[34mDEBUG[0m] [kernel::vfs::provider] [CPU1] VFS_RPC: request op=DeviceCall len=1256 tid=10
[140397959361] [[35mTRACE[0m] [display_virtio_gpu] [CPU3] display_virtio_gpu: VFS RPC op=DeviceCall
[140398835478] [[35mTRACE[0m] [display_virtio_gpu] [CPU3] display_virtio_gpu: [batch 0] copy_rect using CPU
[140406698190] [[35mTRACE[0m] [display_virtio_gpu] [CPU3] display_virtio_gpu: [batch 0] copy_rect using CPU
[140410175895] [[35mTRACE[0m] [display_virtio_gpu] [CPU3] display_virtio_gpu: [batch 0] alpha_blit using CPU
[140431303056] [[35mTRACE[0m] [display_virtio_gpu] [CPU3] display_virtio_gpu: [batch 0] alpha_blit using CPU
[140446684785] [[35mTRACE[0m] [display_virtio_gpu] [CPU3] display_virtio_gpu: [batch 0] copy_rect using CPU
[140448982179] [[35mTRACE[0m] [display_virtio_gpu] [CPU3] display_virtio_gpu: [batch 0] alpha_blit using CPU
[140457058038] [[35mTRACE[0m] [display_virtio_gpu] [CPU3] display_virtio_gpu: [batch 0] alpha_blit using CPU
[140464275831] [[35mTRACE[0m] [display_virtio_gpu] [CPU3] display_virtio_gpu: [batch 0] copy_rect using CPU
[140466022389] [[35mTRACE[0m] [display_virtio_gpu] [CPU3] display_virtio_gpu: [batch 0] alpha_blit using CPU
[140471727858] [[35mTRACE[0m] [display_virtio_gpu] [CPU3] display_virtio_gpu: [batch 0] alpha_blit using CPU
[140477420424] [[35mTRACE[0m] [display_virtio_gpu] [CPU3] display_virtio_gpu: [batch 0] copy_rect using CPU
[140478484542] [[35mTRACE[0m] [display_virtio_gpu] [CPU3] display_virtio_gpu: [batch 0] alpha_blit using CPU
[140479832658] [[35mTRACE[0m] [display_virtio_gpu] [CPU3] display_virtio_gpu: [batch 0] alpha_blit using CPU
[140481268488] [[35mTRACE[0m] [display_virtio_gpu] [CPU3] display_virtio_gpu: [batch 0] alpha_blit using CPU
[140483075832] [[35mTRACE[0m] [display_virtio_gpu] [CPU3] display_virtio_gpu: VFS RPC response begin op=DeviceCall req_id=154
[140484913734] [[35mTRACE[0m] [display_virtio_gpu] [CPU3] display_virtio_gpu: VFS RPC response sent op=DeviceCall req_id=154
[140488325010] [[34mDEBUG[0m] [kernel::vfs::provider] [CPU1] VFS_RPC: response op=DeviceCall id=154 -> OK(8)
[140491619796] [[35mTRACE[0m] [bloom::frame_clock] [CPU1] bloom: frame interval 2543966799ns (target 16666666ns)
[140492968770] [[34mDEBUG[0m] [kernel::vfs::provider] [CPU1] VFS_RPC: request op=DeviceCall len=48 tid=10
[140527171191] [[35mTRACE[0m] [display_virtio_gpu] [CPU3] display_virtio_gpu: VFS RPC op=DeviceCall
[140528318073] [[35mTRACE[0m] [display_virtio_gpu] [CPU3] DISP: DISPLAY_OP_GET_INFO requested
[140528894319] [[35mTRACE[0m] [display_virtio_gpu] [CPU3] DISP: Returning dimensions 1280x800
[140529473535] [[35mTRACE[0m] [display_virtio_gpu] [CPU3] display_virtio_gpu: VFS RPC response begin op=DeviceCall req_id=155
[140531169966] [[35mTRACE[0m] [display_virtio_gpu] [CPU3] display_virtio_gpu: VFS RPC response sent op=DeviceCall req_id=155
[140535122409] [[34mDEBUG[0m] [kernel::vfs::provider] [CPU1] VFS_RPC: response op=DeviceCall id=155 -> OK(48)
[140572819167] [[34mDEBUG[0m] [kernel::vfs::provider] [CPU1] VFS_RPC: request op=DeviceCall len=1256 tid=10
[140593382523] [[35mTRACE[0m] [display_virtio_gpu] [CPU3] display_virtio_gpu: VFS RPC op=DeviceCall
[140594286822] [[35mTRACE[0m] [display_virtio_gpu] [CPU3] display_virtio_gpu: [batch 0] copy_rect using CPU
[140601978000] [[35mTRACE[0m] [display_virtio_gpu] [CPU3] display_virtio_gpu: [batch 0] copy_rect using CPU
[140605383006] [[35mTRACE[0m] [display_virtio_gpu] [CPU3] display_virtio_gpu: [batch 0] alpha_blit using CPU
[140610946278] [[35mTRACE[0m] [sprout::supervisor] [CPU0] SPROUT: Supervisor tick...
[140612329176] [[35mTRACE[0m] [sprout::supervisor] [CPU0] SPROUT: Loop iteration: spawn_bristle_if_needed
[140613722700] [[35mTRACE[0m] [sprout::supervisor] [CPU0] SPROUT: Loop iteration: spawn_display_if_needed
[140615188989] [[35mTRACE[0m] [sprout::supervisor] [CPU0] SPROUT: Loop iteration: spawn_bloom_if_ready
[140616519120] [[35mTRACE[0m] [sprout::supervisor] [CPU0] SPROUT: Loop iteration: spawn_wayland_hello_if_ready
[140617961517] [[35mTRACE[0m] [sprout::supervisor] [CPU0] SPROUT: Loop iteration: spawn_clock_if_ready
[140619363456] [[35mTRACE[0m] [sprout::supervisor] [CPU0] SPROUT: Loop iteration: spawn_leaf_if_ready
[140620665966] [[35mTRACE[0m] [sprout::supervisor] [CPU0] SPROUT: Loop iteration: tick complete
[140622145554] [[34mDEBUG[0m] [sprout::supervisor] [CPU0] SPROUT: ServiceLoop waiting for next event...
[140626472844] [[35mTRACE[0m] [display_virtio_gpu] [CPU3] display_virtio_gpu: [batch 0] alpha_blit using CPU
[140641074486] [[35mTRACE[0m] [display_virtio_gpu] [CPU3] display_virtio_gpu: [batch 0] copy_rect using CPU
[140643438507] [[35mTRACE[0m] [display_virtio_gpu] [CPU3] display_virtio_gpu: [batch 0] alpha_blit using CPU
[140655981807] [[35mTRACE[0m] [display_virtio_gpu] [CPU3] display_virtio_gpu: [batch 0] alpha_blit using CPU
[140663064762] [[35mTRACE[0m] [display_virtio_gpu] [CPU3] display_virtio_gpu: [batch 0] copy_rect using CPU
[140664913323] [[35mTRACE[0m] [display_virtio_gpu] [CPU3] display_virtio_gpu: [batch 0] alpha_blit using CPU
[140670260247] [[35mTRACE[0m] [display_virtio_gpu] [CPU3] display_virtio_gpu: [batch 0] alpha_blit using CPU
[140676931989] [[35mTRACE[0m] [display_virtio_gpu] [CPU3] display_virtio_gpu: [batch 0] copy_rect using CPU
[140678302116] [[35mTRACE[0m] [display_virtio_gpu] [CPU3] display_virtio_gpu: [batch 0] alpha_blit using CPU
[140685582576] [[35mTRACE[0m] [display_virtio_gpu] [CPU3] display_virtio_gpu: [batch 0] alpha_blit using CPU
[140687614980] [[35mTRACE[0m] [display_virtio_gpu] [CPU3] display_virtio_gpu: [batch 0] alpha_blit using CPU
[140688861225] [[35mTRACE[0m] [display_virtio_gpu] [CPU3] display_virtio_gpu: VFS RPC response begin op=DeviceCall req_id=156
[140690927784] [[35mTRACE[0m] [display_virtio_gpu] [CPU3] display_virtio_gpu: VFS RPC response sent op=DeviceCall req_id=156
[140693366715] [[34mDEBUG[0m] [kernel::vfs::provider] [CPU1] VFS_RPC: response op=DeviceCall id=156 -> OK(8)
[140696898969] [[35mTRACE[0m] [bloom::frame_clock] [CPU1] bloom: frame interval 102638976ns (target 16666666ns)
[140948298216] [[35mTRACE[0m] [sprout::supervisor] [CPU0] SPROUT: Supervisor tick...
[140950599735] [[35mTRACE[0m] [sprout::supervisor] [CPU0] SPROUT: Loop iteration: spawn_bristle_if_needed
[140952267852] [[35mTRACE[0m] [sprout::supervisor] [CPU0] SPROUT: Loop iteration: spawn_display_if_needed
[140953686390] [[35mTRACE[0m] [sprout::supervisor] [CPU0] SPROUT: Loop iteration: spawn_bloom_if_ready
[140955207459] [[35mTRACE[0m] [sprout::supervisor] [CPU0] SPROUT: Loop iteration: spawn_wayland_hello_if_ready
[140956690446] [[35mTRACE[0m] [sprout::supervisor] [CPU0] SPROUT: Loop iteration: spawn_clock_if_ready
[140958751692] [[35mTRACE[0m] [sprout::supervisor] [CPU0] SPROUT: Loop iteration: spawn_leaf_if_ready
[140961155016] [[35mTRACE[0m] [sprout::supervisor] [CPU0] SPROUT: Loop iteration: tick complete
[140962544019] [[34mDEBUG[0m] [sprout::supervisor] [CPU0] SPROUT: ServiceLoop waiting for next event...
[141172871037] [[34mDEBUG[0m] [kernel::vfs::provider] [CPU1] VFS_RPC: request op=DeviceCall len=48 tid=10
[141193891476] [[35mTRACE[0m] [display_virtio_gpu] [CPU3] display_virtio_gpu: VFS RPC op=DeviceCall
[141195303810] [[35mTRACE[0m] [display_virtio_gpu] [CPU3] DISP: DISPLAY_OP_GET_INFO requested
[141195872004] [[35mTRACE[0m] [display_virtio_gpu] [CPU3] DISP: Returning dimensions 1280x800
[141196651728] [[35mTRACE[0m] [display_virtio_gpu] [CPU3] display_virtio_gpu: VFS RPC response begin op=DeviceCall req_id=157
[141198672153] [[35mTRACE[0m] [display_virtio_gpu] [CPU3] display_virtio_gpu: VFS RPC response sent op=DeviceCall req_id=157
[141205392735] [[34mDEBUG[0m] [kernel::vfs::provider] [CPU1] VFS_RPC: response op=DeviceCall id=157 -> OK(48)
[141218427438] [[35mTRACE[0m] [kernel::syscall::handlers::socket] [CPU3] SENDMSG: thing=8 data_len=16 caps_len=1 node=Pointer { addr: 0xffffffffb02e2290, metadata: DynMetadata(0xffffffff802d9c58) }
[141222393906] [[35mTRACE[0m] [kernel::syscall::handlers::socket] [CPU2] RECVMSG: thing=33 data_len=16 caps_len=1 node=Pointer { addr: 0xffffffffb02f3970, metadata: DynMetadata(0xffffffff802da510) }
[141224818152] [[34mDEBUG[0m] [pistil::font] [CPU3] pistil: opening font /share/fonts/DSEG7Classic-Regular.ttf
[141225775515] [[35mTRACE[0m] [kernel::syscall::handlers::vfs] [CPU3] VFS: sys_fs_open path='/share/fonts/DSEG7Classic-Regular.ttf' tid=21
[141228377070] [[34mDEBUG[0m] [pistil::font] [CPU3] pistil: stat font /share/fonts/DSEG7Classic-Regular.ttf
[141230308494] [[34mDEBUG[0m] [pistil::font] [CPU3] pistil: reading font 23272 bytes from /share/fonts/DSEG7Classic-Regular.ttf
[141253702029] [[34mDEBUG[0m] [pistil::font] [CPU3] pistil: font read returned 23272 of 23272 bytes
[141254604513] [[35mTRACE[0m] [kernel::syscall::handlers::vfs] [CPU3] sys_fs_close: fd=10
[141255546894] [[34mDEBUG[0m] [pistil::font] [CPU3] pistil: parsing font /share/fonts/DSEG7Classic-Regular.ttf
[141269718843] [[35mTRACE[0m] [sprout::supervisor] [CPU0] SPROUT: Supervisor tick...
[141271129461] [[35mTRACE[0m] [sprout::supervisor] [CPU0] SPROUT: Loop iteration: spawn_bristle_if_needed
[141272684355] [[35mTRACE[0m] [sprout::supervisor] [CPU0] SPROUT: Loop iteration: spawn_display_if_needed
[141274064844] [[35mTRACE[0m] [sprout::supervisor] [CPU0] SPROUT: Loop iteration: spawn_bloom_if_ready
[141275379135] [[35mTRACE[0m] [sprout::supervisor] [CPU0] SPROUT: Loop iteration: spawn_wayland_hello_if_ready
[141276744411] [[35mTRACE[0m] [sprout::supervisor] [CPU0] SPROUT: Loop iteration: spawn_clock_if_ready
[141278090547] [[35mTRACE[0m] [sprout::supervisor] [CPU0] SPROUT: Loop iteration: spawn_leaf_if_ready
[141279384246] [[35mTRACE[0m] [sprout::supervisor] [CPU0] SPROUT: Loop iteration: tick complete
[141280739094] [[34mDEBUG[0m] [sprout::supervisor] [CPU0] SPROUT: ServiceLoop waiting for next event...
[141301932585] [[34mDEBUG[0m] [pistil::font] [CPU3] pistil: parsed font /share/fonts/DSEG7Classic-Regular.ttf
[141333385083] [[34mDEBUG[0m] [pistil::font] [CPU3] pistil: opening font /share/fonts/Inter-Regular.ttf
[141344637060] [[35mTRACE[0m] [kernel::syscall::handlers::vfs] [CPU3] VFS: sys_fs_open path='/share/fonts/Inter-Regular.ttf' tid=21
[141347242146] [[34mDEBUG[0m] [pistil::font] [CPU3] pistil: stat font /share/fonts/Inter-Regular.ttf
[141348342036] [[34mDEBUG[0m] [pistil::font] [CPU3] pistil: reading font 876576 bytes from /share/fonts/Inter-Regular.ttf
[141463205301] [[32mINFO [0m] [kernel::time] [CPU0] System clock tick: utc=2026-05-01 23:21:20.164623438 unix_secs=1777677680.164623438
[141595415412] [[34mDEBUG[0m] [pistil::font] [CPU3] pistil: font read returned 876576 of 876576 bytes
[141596280507] [[35mTRACE[0m] [kernel::syscall::handlers::vfs] [CPU3] sys_fs_close: fd=10
[141597115968] [[34mDEBUG[0m] [pistil::font] [CPU3] pistil: parsing font /share/fonts/Inter-Regular.ttf
[141605173908] [[35mTRACE[0m] [sprout::supervisor] [CPU0] SPROUT: Supervisor tick...
[141606604788] [[35mTRACE[0m] [sprout::supervisor] [CPU0] SPROUT: Loop iteration: spawn_bristle_if_needed
[141608015571] [[35mTRACE[0m] [sprout::supervisor] [CPU0] SPROUT: Loop iteration: spawn_display_if_needed
[141610369626] [[35mTRACE[0m] [sprout::supervisor] [CPU0] SPROUT: Loop iteration: spawn_bloom_if_ready
[141611693982] [[35mTRACE[0m] [sprout::supervisor] [CPU0] SPROUT: Loop iteration: spawn_wayland_hello_if_ready
[141613217097] [[35mTRACE[0m] [sprout::supervisor] [CPU0] SPROUT: Loop iteration: spawn_clock_if_ready
[141614571516] [[35mTRACE[0m] [sprout::supervisor] [CPU0] SPROUT: Loop iteration: spawn_leaf_if_ready
[141615913296] [[35mTRACE[0m] [sprout::supervisor] [CPU0] SPROUT: Loop iteration: tick complete
[141617180232] [[34mDEBUG[0m] [sprout::supervisor] [CPU0] SPROUT: ServiceLoop waiting for next event...
[141928033533] [[35mTRACE[0m] [sprout::supervisor] [CPU0] SPROUT: Supervisor tick...
[141929619150] [[35mTRACE[0m] [sprout::supervisor] [CPU0] SPROUT: Loop iteration: spawn_bristle_if_needed
[141931258227] [[35mTRACE[0m] [sprout::supervisor] [CPU0] SPROUT: Loop iteration: spawn_display_if_needed
[141932799360] [[35mTRACE[0m] [sprout::supervisor] [CPU0] SPROUT: Loop iteration: spawn_bloom_if_ready
[141934227864] [[35mTRACE[0m] [sprout::supervisor] [CPU0] SPROUT: Loop iteration: spawn_wayland_hello_if_ready
[141935731377] [[35mTRACE[0m] [sprout::supervisor] [CPU0] SPROUT: Loop iteration: spawn_clock_if_ready
[141937161300] [[35mTRACE[0m] [sprout::supervisor] [CPU0] SPROUT: Loop iteration: spawn_leaf_if_ready
[141938585151] [[35mTRACE[0m] [sprout::supervisor] [CPU0] SPROUT: Loop iteration: tick complete
[141940815192] [[34mDEBUG[0m] [sprout::supervisor] [CPU0] SPROUT: ServiceLoop waiting for next event...
[141997103028] [[34mDEBUG[0m] [kernel::vfs::provider] [CPU1] VFS_RPC: request op=DeviceCall len=48 tid=10
[142008543237] [[35mTRACE[0m] [display_virtio_gpu] [CPU3] display_virtio_gpu: VFS RPC op=DeviceCall
[142009896765] [[35mTRACE[0m] [display_virtio_gpu] [CPU3] DISP: DISPLAY_OP_GET_INFO requested
[142010469843] [[35mTRACE[0m] [display_virtio_gpu] [CPU3] DISP: Returning dimensions 1280x800
[142011021768] [[35mTRACE[0m] [display_virtio_gpu] [CPU3] display_virtio_gpu: VFS RPC response begin op=DeviceCall req_id=158
[142013102814] [[35mTRACE[0m] [display_virtio_gpu] [CPU3] display_virtio_gpu: VFS RPC response sent op=DeviceCall req_id=158
[142016569530] [[34mDEBUG[0m] [kernel::vfs::provider] [CPU1] VFS_RPC: response op=DeviceCall id=158 -> OK(48)
[142256167779] [[35mTRACE[0m] [sprout::supervisor] [CPU0] SPROUT: Supervisor tick...
[142257857280] [[35mTRACE[0m] [sprout::supervisor] [CPU0] SPROUT: Loop iteration: spawn_bristle_if_needed
[142261804212] [[35mTRACE[0m] [sprout::supervisor] [CPU0] SPROUT: Loop iteration: spawn_display_if_needed
[142269124338] [[35mTRACE[0m] [sprout::supervisor] [CPU0] SPROUT: Loop iteration: spawn_bloom_if_ready
[142270959798] [[35mTRACE[0m] [sprout::supervisor] [CPU0] SPROUT: Loop iteration: spawn_wayland_hello_if_ready
[142272384474] [[35mTRACE[0m] [sprout::supervisor] [CPU0] SPROUT: Loop iteration: spawn_clock_if_ready
[142273739355] [[35mTRACE[0m] [sprout::supervisor] [CPU0] SPROUT: Loop iteration: spawn_leaf_if_ready
[142275098526] [[35mTRACE[0m] [sprout::supervisor] [CPU0] SPROUT: Loop iteration: tick complete
[142276389420] [[34mDEBUG[0m] [sprout::supervisor] [CPU0] SPROUT: ServiceLoop waiting for next event...
[142521004362] [[34mDEBUG[0m] [kernel::vfs::provider] [CPU1] VFS_RPC: request op=DeviceCall len=48 tid=10
[142532129124] [[35mTRACE[0m] [display_virtio_gpu] [CPU3] display_virtio_gpu: VFS RPC op=DeviceCall
[142533701805] [[35mTRACE[0m] [display_virtio_gpu] [CPU3] DISP: DISPLAY_OP_GET_INFO requested
[142534271253] [[35mTRACE[0m] [display_virtio_gpu] [CPU3] DISP: Returning dimensions 1280x800
[142535048271] [[35mTRACE[0m] [display_virtio_gpu] [CPU3] display_virtio_gpu: VFS RPC response begin op=DeviceCall req_id=159
[142536633393] [[35mTRACE[0m] [display_virtio_gpu] [CPU3] display_virtio_gpu: VFS RPC response sent op=DeviceCall req_id=159
[142539802284] [[34mDEBUG[0m] [kernel::vfs::provider] [CPU1] VFS_RPC: response op=DeviceCall id=159 -> OK(48)
[142546218408] [[35mTRACE[0m] [kernel::syscall::handlers::vfs] [CPU1] VFS: sys_fs_open path='/session/wayland/components' tid=10
[142549826793] [[35mTRACE[0m] [kernel::syscall::handlers::vfs] [CPU1] sys_fs_close: fd=35
[142550836692] [[35mTRACE[0m] [kernel::syscall::handlers::vfs] [CPU1] VFS: sys_fs_open path='/session/wayland/status' tid=10
[142553206356] [[35mTRACE[0m] [kernel::syscall::handlers::vfs] [CPU1] sys_fs_close: fd=35
[142554467154] [[35mTRACE[0m] [kernel::syscall::handlers::vfs] [CPU1] VFS: sys_fs_open path='/session/wayland/surfaces/index' tid=10
[142556793753] [[35mTRACE[0m] [kernel::syscall::handlers::vfs] [CPU1] sys_fs_close: fd=35
[142557843846] [[35mTRACE[0m] [kernel::syscall::handlers::vfs] [CPU1] VFS: sys_fs_open path='/session/wayland/windows/index' tid=10
[142561202784] [[35mTRACE[0m] [kernel::syscall::handlers::vfs] [CPU1] sys_fs_close: fd=35
[142562148102] [[35mTRACE[0m] [kernel::syscall::handlers::vfs] [CPU1] VFS: sys_fs_open path='/session/wayland/events/latest' tid=10
[142564251324] [[35mTRACE[0m] [kernel::syscall::handlers::vfs] [CPU1] sys_fs_close: fd=35
[142586828472] [[35mTRACE[0m] [sprout::supervisor] [CPU0] SPROUT: Supervisor tick...
[142588576977] [[35mTRACE[0m] [sprout::supervisor] [CPU0] SPROUT: Loop iteration: spawn_bristle_if_needed
[142590040758] [[35mTRACE[0m] [sprout::supervisor] [CPU0] SPROUT: Loop iteration: spawn_display_if_needed
[142591491537] [[35mTRACE[0m] [sprout::supervisor] [CPU0] SPROUT: Loop iteration: spawn_bloom_if_ready
[142592936079] [[35mTRACE[0m] [sprout::supervisor] [CPU0] SPROUT: Loop iteration: spawn_wayland_hello_if_ready
[142594353891] [[35mTRACE[0m] [sprout::supervisor] [CPU0] SPROUT: Loop iteration: spawn_clock_if_ready
[142595890998] [[35mTRACE[0m] [sprout::supervisor] [CPU0] SPROUT: Loop iteration: spawn_leaf_if_ready
[142597213011] [[35mTRACE[0m] [sprout::supervisor] [CPU0] SPROUT: Loop iteration: tick complete
[142598530041] [[34mDEBUG[0m] [sprout::supervisor] [CPU0] SPROUT: ServiceLoop waiting for next event...
[142915400727] [[35mTRACE[0m] [sprout::supervisor] [CPU0] SPROUT: Supervisor tick...
[142917147450] [[35mTRACE[0m] [sprout::supervisor] [CPU0] SPROUT: Loop iteration: spawn_bristle_if_needed
[142918564107] [[35mTRACE[0m] [sprout::supervisor] [CPU0] SPROUT: Loop iteration: spawn_display_if_needed
[142919901531] [[35mTRACE[0m] [sprout::supervisor] [CPU0] SPROUT: Loop iteration: spawn_bloom_if_ready
[142921306638] [[35mTRACE[0m] [sprout::supervisor] [CPU0] SPROUT: Loop iteration: spawn_wayland_hello_if_ready
[142922751378] [[35mTRACE[0m] [sprout::supervisor] [CPU0] SPROUT: Loop iteration: spawn_clock_if_ready
[142924356432] [[35mTRACE[0m] [sprout::supervisor] [CPU0] SPROUT: Loop iteration: spawn_leaf_if_ready
[142926010722] [[35mTRACE[0m] [sprout::supervisor] [CPU0] SPROUT: Loop iteration: tick complete
[142927335177] [[34mDEBUG[0m] [sprout::supervisor] [CPU0] SPROUT: ServiceLoop waiting for next event...
[142930330356] [[35mTRACE[0m] [kernel::sched] [CPU0] SCHED-DBG: cpus_online=4
[142931020848] [[35mTRACE[0m] [kernel::sched] [CPU0] SCHED-DBG: cpu=0 curr=Some(0) runq=0 runq_avg=1 runq_samples=5582 ctxsw=666 idle2busy=0 tick=686 ipi=255 enq=5588 deq=5587 wake=597 lock_miss=0 lock_pending=0 lock_blocked=0
[142931824134] [[35mTRACE[0m] [kernel::sched] [CPU0] SCHED-DBG: cpu=1 curr=Some(2) runq=0 runq_avg=0 runq_samples=4291 ctxsw=847 idle2busy=403 tick=703 ipi=353 enq=477 deq=476 wake=838 lock_miss=0 lock_pending=0 lock_blocked=0
[142932583695] [[35mTRACE[0m] [kernel::sched] [CPU0] SCHED-DBG: cpu=2 curr=Some(3) runq=0 runq_avg=0 runq_samples=4023 ctxsw=520 idle2busy=208 tick=2419 ipi=134 enq=331 deq=330 wake=504 lock_miss=0 lock_pending=0 lock_blocked=0
[142933347777] [[35mTRACE[0m] [kernel::sched] [CPU0] SCHED-DBG: cpu=3 curr=Some(21) runq=1 runq_avg=1 runq_samples=634241 ctxsw=9125 idle2busy=3080 tick=3204 ipi=610 enq=6290 deq=6288 wake=6907 lock_miss=0 lock_pending=0 lock_blocked=0
[143235311571] [[34mDEBUG[0m] [pistil::font] [CPU3] pistil: parsed font /share/fonts/Inter-Regular.ttf
[143243509497] [[35mTRACE[0m] [sprout::supervisor] [CPU0] SPROUT: Supervisor tick...
[143245006674] [[35mTRACE[0m] [sprout::supervisor] [CPU0] SPROUT: Loop iteration: spawn_bristle_if_needed
[143246565231] [[35mTRACE[0m] [sprout::supervisor] [CPU0] SPROUT: Loop iteration: spawn_display_if_needed
[143248013139] [[35mTRACE[0m] [sprout::supervisor] [CPU0] SPROUT: Loop iteration: spawn_bloom_if_ready
[143249347791] [[35mTRACE[0m] [sprout::supervisor] [CPU0] SPROUT: Loop iteration: spawn_wayland_hello_if_ready
[143250807249] [[35mTRACE[0m] [sprout::supervisor] [CPU0] SPROUT: Loop iteration: spawn_clock_if_ready
[143252148666] [[35mTRACE[0m] [sprout::supervisor] [CPU0] SPROUT: Loop iteration: spawn_leaf_if_ready
[143253660726] [[35mTRACE[0m] [sprout::supervisor] [CPU0] SPROUT: Loop iteration: tick complete
[143255082597] [[34mDEBUG[0m] [sprout::supervisor] [CPU0] SPROUT: ServiceLoop waiting for next event...
[143261280822] [[34mDEBUG[0m] [bloom::wayland::dispatch] [CPU2] wayland-server: xdg_surface.ack_configure serial=1 accepted
[143262224622] [[34mDEBUG[0m] [bloom::wayland::dispatch] [CPU2] wayland-server: wl_surface obj=10 registered frame callback cb=1000
[143263057773] [[34mDEBUG[0m] [bloom::wayland::dispatch] [CPU2] wayland-server: surface 5 ready for mapping
[143269587285] [[34mDEBUG[0m] [kernel::vfs::provider] [CPU1] VFS_RPC: request op=DeviceCall len=96 tid=10
[143285765799] [[35mTRACE[0m] [display_virtio_gpu] [CPU3] display_virtio_gpu: VFS RPC op=DeviceCall
[143286555489] [[35mTRACE[0m] [display_virtio_gpu] [CPU3] DISP: DISPLAY_OP_IMPORT_BUFFER requested: memfd=18, size=520x220
[143291337750] [[34mDEBUG[0m] [display_virtio_gpu] [CPU3] DISP: imported buffer as ID=18
[143292187467] [[35mTRACE[0m] [display_virtio_gpu] [CPU3] display_virtio_gpu: VFS RPC response begin op=DeviceCall req_id=160
[143294015865] [[35mTRACE[0m] [display_virtio_gpu] [CPU3] display_virtio_gpu: VFS RPC response sent op=DeviceCall req_id=160
[143297353023] [[34mDEBUG[0m] [kernel::vfs::provider] [CPU1] VFS_RPC: response op=DeviceCall id=160 -> OK(12)
[143298545808] [[34mDEBUG[0m] [bloom::display] [CPU1] bloom: imported buffer 520x220 as ID=18
[143347995780] [[34mDEBUG[0m] [kernel::vfs::provider] [CPU1] VFS_RPC: request op=DeviceCall len=96 tid=10
[143354470083] [[35mTRACE[0m] [display_virtio_gpu] [CPU3] display_virtio_gpu: VFS RPC op=DeviceCall
[143355427380] [[35mTRACE[0m] [display_virtio_gpu] [CPU3] DISP: DISPLAY_OP_IMPORT_BUFFER requested: memfd=25, size=522x222
[143359379790] [[34mDEBUG[0m] [display_virtio_gpu] [CPU3] DISP: imported buffer as ID=19
[143360203074] [[35mTRACE[0m] [display_virtio_gpu] [CPU3] display_virtio_gpu: VFS RPC response begin op=DeviceCall req_id=161
[143362237623] [[35mTRACE[0m] [display_virtio_gpu] [CPU3] display_virtio_gpu: VFS RPC response sent op=DeviceCall req_id=161
[143365996917] [[34mDEBUG[0m] [kernel::vfs::provider] [CPU1] VFS_RPC: response op=DeviceCall id=161 -> OK(12)
[143367122250] [[34mDEBUG[0m] [bloom::display] [CPU1] bloom: imported buffer 522x222 as ID=19
[143367871647] [[32mINFO [0m] [bloom::render] [CPU1] bloom: flat window overlays ready surface=5 size=522x222
[143413649709] [[34mDEBUG[0m] [kernel::vfs::provider] [CPU1] VFS_RPC: request op=DeviceCall len=96 tid=10
[143418374352] [[35mTRACE[0m] [display_virtio_gpu] [CPU3] display_virtio_gpu: VFS RPC op=DeviceCall
[143419196250] [[35mTRACE[0m] [display_virtio_gpu] [CPU3] DISP: DISPLAY_OP_IMPORT_BUFFER requested: memfd=26, size=522x222
[143423278845] [[34mDEBUG[0m] [display_virtio_gpu] [CPU3] DISP: imported buffer as ID=20
[143424075663] [[35mTRACE[0m] [display_virtio_gpu] [CPU3] display_virtio_gpu: VFS RPC response begin op=DeviceCall req_id=162
[143425936962] [[35mTRACE[0m] [display_virtio_gpu] [CPU3] display_virtio_gpu: VFS RPC response sent op=DeviceCall req_id=162
[143429219967] [[34mDEBUG[0m] [kernel::vfs::provider] [CPU1] VFS_RPC: response op=DeviceCall id=162 -> OK(12)
[143430325467] [[34mDEBUG[0m] [bloom::display] [CPU1] bloom: imported buffer 522x222 as ID=20
[143431137465] [[32mINFO [0m] [bloom::render] [CPU1] bloom: flat window overlays ready surface=5 size=522x222
[143475389343] [[34mDEBUG[0m] [kernel::vfs::provider] [CPU1] VFS_RPC: request op=DeviceCall len=1496 tid=10
[143484667260] [[35mTRACE[0m] [display_virtio_gpu] [CPU3] display_virtio_gpu: VFS RPC op=DeviceCall
[143485512984] [[35mTRACE[0m] [display_virtio_gpu] [CPU3] display_virtio_gpu: [batch 0] copy_rect using CPU
[143493251682] [[35mTRACE[0m] [display_virtio_gpu] [CPU3] display_virtio_gpu: [batch 0] copy_rect using CPU
[143496737076] [[35mTRACE[0m] [display_virtio_gpu] [CPU3] display_virtio_gpu: [batch 0] alpha_blit using CPU
[143516097186] [[35mTRACE[0m] [display_virtio_gpu] [CPU3] display_virtio_gpu: [batch 0] alpha_blit using CPU
[143530585803] [[35mTRACE[0m] [display_virtio_gpu] [CPU3] display_virtio_gpu: [batch 0] copy_rect using CPU
[143532465417] [[35mTRACE[0m] [display_virtio_gpu] [CPU3] display_virtio_gpu: [batch 0] alpha_blit using CPU
[143543418975] [[35mTRACE[0m] [display_virtio_gpu] [CPU3] display_virtio_gpu: [batch 0] alpha_blit using CPU
[143550398805] [[35mTRACE[0m] [display_virtio_gpu] [CPU3] display_virtio_gpu: [batch 0] copy_rect using CPU
[143552171301] [[35mTRACE[0m] [display_virtio_gpu] [CPU3] display_virtio_gpu: [batch 0] alpha_blit using CPU
[143557375104] [[35mTRACE[0m] [display_virtio_gpu] [CPU3] display_virtio_gpu: [batch 0] alpha_blit using CPU
[143562580425] [[35mTRACE[0m] [display_virtio_gpu] [CPU3] display_virtio_gpu: [batch 0] copy_rect using CPU
[143563474098] [[35mTRACE[0m] [display_virtio_gpu] [CPU3] display_virtio_gpu: [batch 0] alpha_blit using CPU
[143564796705] [[35mTRACE[0m] [display_virtio_gpu] [CPU3] display_virtio_gpu: [batch 0] alpha_blit using CPU
[143566162806] [[35mTRACE[0m] [display_virtio_gpu] [CPU3] display_virtio_gpu: [batch 0] copy_rect using CPU
[143567754726] [[35mTRACE[0m] [display_virtio_gpu] [CPU3] display_virtio_gpu: [batch 0] alpha_blit using CPU
[143571855306] [[35mTRACE[0m] [sprout::supervisor] [CPU0] SPROUT: Supervisor tick...
[143573210352] [[35mTRACE[0m] [sprout::supervisor] [CPU0] SPROUT: Loop iteration: spawn_bristle_if_needed
[143574694890] [[35mTRACE[0m] [sprout::supervisor] [CPU0] SPROUT: Loop iteration: spawn_display_if_needed
[143576045415] [[35mTRACE[0m] [sprout::supervisor] [CPU0] SPROUT: Loop iteration: spawn_bloom_if_ready
[143577294465] [[35mTRACE[0m] [display_virtio_gpu] [CPU3] display_virtio_gpu: [batch 0] alpha_blit using CPU
[143577377427] [[35mTRACE[0m] [sprout::supervisor] [CPU0] SPROUT: Loop iteration: spawn_wayland_hello_if_ready
[143579590011] [[35mTRACE[0m] [sprout::supervisor] [CPU0] SPROUT: Loop iteration: spawn_clock_if_ready
[143580894039] [[35mTRACE[0m] [sprout::supervisor] [CPU0] SPROUT: Loop iteration: spawn_leaf_if_ready
[143582686764] [[35mTRACE[0m] [display_virtio_gpu] [CPU3] display_virtio_gpu: [batch 0] alpha_blit using CPU
[143583122991] [[35mTRACE[0m] [sprout::supervisor] [CPU0] SPROUT: Loop iteration: tick complete
[143584199286] [[35mTRACE[0m] [display_virtio_gpu] [CPU3] display_virtio_gpu: VFS RPC response begin op=DeviceCall req_id=163
[143584688181] [[34mDEBUG[0m] [sprout::supervisor] [CPU0] SPROUT: ServiceLoop waiting for next event...
[143585970792] [[35mTRACE[0m] [display_virtio_gpu] [CPU3] display_virtio_gpu: VFS RPC response sent op=DeviceCall req_id=163
[143588553570] [[34mDEBUG[0m] [kernel::vfs::provider] [CPU1] VFS_RPC: response op=DeviceCall id=163 -> OK(8)
[143593497762] [[35mTRACE[0m] [bloom::frame_clock] [CPU1] bloom: frame interval 1448179656ns (target 16666666ns)
[143595113541] [[34mDEBUG[0m] [kernel::vfs::provider] [CPU1] VFS_RPC: request op=DeviceCall len=48 tid=10
[143597742156] [[35mTRACE[0m] [bloom::wayland] [CPU2] wayland-server: frame callback done surface=5 ts=71794ms callbacks=1
[143616763884] [[35mTRACE[0m] [display_virtio_gpu] [CPU3] display_virtio_gpu: VFS RPC op=DeviceCall
[143617778007] [[35mTRACE[0m] [display_virtio_gpu] [CPU3] DISP: DISPLAY_OP_GET_INFO requested
[143618354616] [[35mTRACE[0m] [display_virtio_gpu] [CPU3] DISP: Returning dimensions 1280x800
[143619083718] [[35mTRACE[0m] [display_virtio_gpu] [CPU3] display_virtio_gpu: VFS RPC response begin op=DeviceCall req_id=164
[143620633728] [[35mTRACE[0m] [display_virtio_gpu] [CPU3] display_virtio_gpu: VFS RPC response sent op=DeviceCall req_id=164
[143624656494] [[34mDEBUG[0m] [kernel::vfs::provider] [CPU1] VFS_RPC: response op=DeviceCall id=164 -> OK(48)
[143909224767] [[35mTRACE[0m] [sprout::supervisor] [CPU0] SPROUT: Supervisor tick...
[143911453488] [[35mTRACE[0m] [sprout::supervisor] [CPU0] SPROUT: Loop iteration: spawn_bristle_if_needed
[143912979804] [[35mTRACE[0m] [sprout::supervisor] [CPU0] SPROUT: Loop iteration: spawn_display_if_needed
[143914423026] [[35mTRACE[0m] [sprout::supervisor] [CPU0] SPROUT: Loop iteration: spawn_bloom_if_ready
[143915847306] [[35mTRACE[0m] [sprout::supervisor] [CPU0] SPROUT: Loop iteration: spawn_wayland_hello_if_ready
[143917342932] [[35mTRACE[0m] [sprout::supervisor] [CPU0] SPROUT: Loop iteration: spawn_clock_if_ready
[143918750580] [[35mTRACE[0m] [sprout::supervisor] [CPU0] SPROUT: Loop iteration: spawn_leaf_if_ready
[143920137207] [[35mTRACE[0m] [sprout::supervisor] [CPU0] SPROUT: Loop iteration: tick complete
[143921431863] [[34mDEBUG[0m] [sprout::supervisor] [CPU0] SPROUT: ServiceLoop waiting for next event...
[144236662647] [[35mTRACE[0m] [sprout::supervisor] [CPU0] SPROUT: Supervisor tick...
[144239067456] [[35mTRACE[0m] [sprout::supervisor] [CPU0] SPROUT: Loop iteration: spawn_bristle_if_needed
[144240593937] [[35mTRACE[0m] [sprout::supervisor] [CPU0] SPROUT: Loop iteration: spawn_display_if_needed
[144242940534] [[35mTRACE[0m] [sprout::supervisor] [CPU0] SPROUT: Loop iteration: spawn_bloom_if_ready
[144244312839] [[35mTRACE[0m] [sprout::supervisor] [CPU0] SPROUT: Loop iteration: spawn_wayland_hello_if_ready
[144245827605] [[35mTRACE[0m] [sprout::supervisor] [CPU0] SPROUT: Loop iteration: spawn_clock_if_ready
[144247218621] [[35mTRACE[0m] [sprout::supervisor] [CPU0] SPROUT: Loop iteration: spawn_leaf_if_ready
[144248652504] [[35mTRACE[0m] [sprout::supervisor] [CPU0] SPROUT: Loop iteration: tick complete
[144250008177] [[34mDEBUG[0m] [sprout::supervisor] [CPU0] SPROUT: ServiceLoop waiting for next event...
[144401564901] [[34mDEBUG[0m] [kernel::vfs::provider] [CPU1] VFS_RPC: request op=DeviceCall len=48 tid=10
[144406251231] [[35mTRACE[0m] [display_virtio_gpu] [CPU3] display_virtio_gpu: VFS RPC op=DeviceCall
[144407271030] [[35mTRACE[0m] [display_virtio_gpu] [CPU3] DISP: DISPLAY_OP_GET_INFO requested
[144407841501] [[35mTRACE[0m] [display_virtio_gpu] [CPU3] DISP: Returning dimensions 1280x800
[144408564432] [[35mTRACE[0m] [display_virtio_gpu] [CPU3] display_virtio_gpu: VFS RPC response begin op=DeviceCall req_id=165
[144410363064] [[35mTRACE[0m] [display_virtio_gpu] [CPU3] display_virtio_gpu: VFS RPC response sent op=DeviceCall req_id=165
[144412562877] [[34mDEBUG[0m] [kernel::vfs::provider] [CPU1] VFS_RPC: response op=DeviceCall id=165 -> OK(48)
[144566998752] [[35mTRACE[0m] [sprout::supervisor] [CPU0] SPROUT: Supervisor tick...
[144568463127] [[35mTRACE[0m] [sprout::supervisor] [CPU0] SPROUT: Loop iteration: spawn_bristle_if_needed
[144569905524] [[35mTRACE[0m] [sprout::supervisor] [CPU0] SPROUT: Loop iteration: spawn_display_if_needed
[144571335249] [[35mTRACE[0m] [sprout::supervisor] [CPU0] SPROUT: Loop iteration: spawn_bloom_if_ready
[144572806950] [[35mTRACE[0m] [sprout::supervisor] [CPU0] SPROUT: Loop iteration: spawn_wayland_hello_if_ready
[144574281027] [[35mTRACE[0m] [sprout::supervisor] [CPU0] SPROUT: Loop iteration: spawn_clock_if_ready
[144575667918] [[35mTRACE[0m] [sprout::supervisor] [CPU0] SPROUT: Loop iteration: spawn_leaf_if_ready
[144576973134] [[35mTRACE[0m] [sprout::supervisor] [CPU0] SPROUT: Loop iteration: tick complete
[144578396028] [[34mDEBUG[0m] [sprout::supervisor] [CPU0] SPROUT: ServiceLoop waiting for next event...
[144895427094] [[35mTRACE[0m] [sprout::supervisor] [CPU0] SPROUT: Supervisor tick...
[144897193320] [[35mTRACE[0m] [sprout::supervisor] [CPU0] SPROUT: Loop iteration: spawn_bristle_if_needed
[144899675283] [[35mTRACE[0m] [sprout::supervisor] [CPU0] SPROUT: Loop iteration: spawn_display_if_needed
[144901171272] [[35mTRACE[0m] [sprout::supervisor] [CPU0] SPROUT: Loop iteration: spawn_bloom_if_ready
[144902564730] [[35mTRACE[0m] [sprout::supervisor] [CPU0] SPROUT: Loop iteration: spawn_wayland_hello_if_ready
[144904042833] [[35mTRACE[0m] [sprout::supervisor] [CPU0] SPROUT: Loop iteration: spawn_clock_if_ready
[144905352042] [[35mTRACE[0m] [sprout::supervisor] [CPU0] SPROUT: Loop iteration: spawn_leaf_if_ready
[144906689367] [[35mTRACE[0m] [sprout::supervisor] [CPU0] SPROUT: Loop iteration: tick complete
[144908076720] [[34mDEBUG[0m] [sprout::supervisor] [CPU0] SPROUT: ServiceLoop waiting for next event...
[145223956350] [[35mTRACE[0m] [sprout::supervisor] [CPU0] SPROUT: Supervisor tick...
[145224200847] [[34mDEBUG[0m] [kernel::vfs::provider] [CPU1] VFS_RPC: request op=DeviceCall len=48 tid=10
[145226040861] [[35mTRACE[0m] [sprout::supervisor] [CPU0] SPROUT: Loop iteration: spawn_bristle_if_needed
[145227607800] [[35mTRACE[0m] [sprout::supervisor] [CPU0] SPROUT: Loop iteration: spawn_display_if_needed
[145228868697] [[35mTRACE[0m] [display_virtio_gpu] [CPU3] display_virtio_gpu: VFS RPC op=DeviceCall
[145228984032] [[35mTRACE[0m] [sprout::supervisor] [CPU0] SPROUT: Loop iteration: spawn_bloom_if_ready
[145229816655] [[35mTRACE[0m] [display_virtio_gpu] [CPU3] DISP: DISPLAY_OP_GET_INFO requested
[145230290271] [[35mTRACE[0m] [sprout::supervisor] [CPU0] SPROUT: Loop iteration: spawn_wayland_hello_if_ready
[145230529389] [[35mTRACE[0m] [display_virtio_gpu] [CPU3] DISP: Returning dimensions 1280x800
[145231238724] [[35mTRACE[0m] [display_virtio_gpu] [CPU3] display_virtio_gpu: VFS RPC response begin op=DeviceCall req_id=166
[145231704552] [[35mTRACE[0m] [sprout::supervisor] [CPU0] SPROUT: Loop iteration: spawn_clock_if_ready
[145232881860] [[35mTRACE[0m] [display_virtio_gpu] [CPU3] display_virtio_gpu: VFS RPC response sent op=DeviceCall req_id=166
[145236847272] [[35mTRACE[0m] [sprout::supervisor] [CPU0] SPROUT: Loop iteration: spawn_leaf_if_ready
[145237000194] [[34mDEBUG[0m] [kernel::vfs::provider] [CPU1] VFS_RPC: response op=DeviceCall id=166 -> OK(48)
[145238943498] [[35mTRACE[0m] [sprout::supervisor] [CPU0] SPROUT: Loop iteration: tick complete
[145240367250] [[34mDEBUG[0m] [sprout::supervisor] [CPU0] SPROUT: ServiceLoop waiting for next event...
[145361653635] [[35mTRACE[0m] [kernel::syscall::handlers::vfs] [CPU1] VFS: sys_fs_open path='/session/wayland/components' tid=10
[145363983798] [[35mTRACE[0m] [kernel::syscall::handlers::vfs] [CPU1] sys_fs_close: fd=37
[145365037026] [[35mTRACE[0m] [kernel::syscall::handlers::vfs] [CPU1] VFS: sys_fs_open path='/session/wayland/status' tid=10
[145366966272] [[35mTRACE[0m] [kernel::syscall::handlers::vfs] [CPU1] sys_fs_close: fd=37
[145368038508] [[35mTRACE[0m] [kernel::syscall::handlers::vfs] [CPU1] VFS: sys_fs_open path='/session/wayland/surfaces/index' tid=10
[145370954949] [[35mTRACE[0m] [kernel::syscall::handlers::vfs] [CPU1] sys_fs_close: fd=37
[145372006890] [[35mTRACE[0m] [kernel::syscall::handlers::vfs] [CPU1] VFS: sys_fs_open path='/session/wayland/windows/index' tid=10
[145374296001] [[35mTRACE[0m] [kernel::syscall::handlers::vfs] [CPU1] sys_fs_close: fd=37
[145375872114] [[35mTRACE[0m] [kernel::syscall::handlers::vfs] [CPU1] VFS: sys_fs_open path='/session/wayland/events/latest' tid=10
[145378049025] [[35mTRACE[0m] [kernel::syscall::handlers::vfs] [CPU1] sys_fs_close: fd=37
[145553689446] [[35mTRACE[0m] [sprout::supervisor] [CPU0] SPROUT: Supervisor tick...
[145555986213] [[35mTRACE[0m] [sprout::supervisor] [CPU0] SPROUT: Loop iteration: spawn_bristle_if_needed
[145557464613] [[35mTRACE[0m] [sprout::supervisor] [CPU0] SPROUT: Loop iteration: spawn_display_if_needed
[145558872954] [[35mTRACE[0m] [sprout::supervisor] [CPU0] SPROUT: Loop iteration: spawn_bloom_if_ready
[145560251331] [[35mTRACE[0m] [sprout::supervisor] [CPU0] SPROUT: Loop iteration: spawn_wayland_hello_if_ready
[145561652940] [[35mTRACE[0m] [sprout::supervisor] [CPU0] SPROUT: Loop iteration: spawn_clock_if_ready
[145564118700] [[35mTRACE[0m] [sprout::supervisor] [CPU0] SPROUT: Loop iteration: spawn_leaf_if_ready
[145566789159] [[35mTRACE[0m] [sprout::supervisor] [CPU0] SPROUT: Loop iteration: tick complete
[145568165094] [[34mDEBUG[0m] [sprout::supervisor] [CPU0] SPROUT: ServiceLoop waiting for next event...
[145882977537] [[35mTRACE[0m] [sprout::supervisor] [CPU0] SPROUT: Supervisor tick...
[145885745643] [[35mTRACE[0m] [sprout::supervisor] [CPU0] SPROUT: Loop iteration: spawn_bristle_if_needed
[145887869424] [[35mTRACE[0m] [sprout::supervisor] [CPU0] SPROUT: Loop iteration: spawn_display_if_needed
[145889328222] [[35mTRACE[0m] [sprout::supervisor] [CPU0] SPROUT: Loop iteration: spawn_bloom_if_ready
[145890682740] [[35mTRACE[0m] [sprout::supervisor] [CPU0] SPROUT: Loop iteration: spawn_wayland_hello_if_ready
[145892125170] [[35mTRACE[0m] [sprout::supervisor] [CPU0] SPROUT: Loop iteration: spawn_clock_if_ready
[145893501864] [[35mTRACE[0m] [sprout::supervisor] [CPU0] SPROUT: Loop iteration: spawn_leaf_if_ready
[145894853412] [[35mTRACE[0m] [sprout::supervisor] [CPU0] SPROUT: Loop iteration: tick complete
[145896169584] [[34mDEBUG[0m] [sprout::supervisor] [CPU0] SPROUT: ServiceLoop waiting for next event...
[145975657740] [[34mDEBUG[0m] [kernel::vfs::provider] [CPU1] VFS_RPC: request op=DeviceCall len=48 tid=10
[145982926716] [[35mTRACE[0m] [display_virtio_gpu] [CPU3] display_virtio_gpu: VFS RPC op=DeviceCall
[145984483788] [[35mTRACE[0m] [display_virtio_gpu] [CPU3] DISP: DISPLAY_OP_GET_INFO requested
[145985072079] [[35mTRACE[0m] [display_virtio_gpu] [CPU3] DISP: Returning dimensions 1280x800
[145985651592] [[35mTRACE[0m] [display_virtio_gpu] [CPU3] display_virtio_gpu: VFS RPC response begin op=DeviceCall req_id=167
[145987455042] [[35mTRACE[0m] [display_virtio_gpu] [CPU3] display_virtio_gpu: VFS RPC response sent op=DeviceCall req_id=167
[145989818865] [[34mDEBUG[0m] [kernel::vfs::provider] [CPU1] VFS_RPC: response op=DeviceCall id=167 -> OK(48)
[146210889594] [[35mTRACE[0m] [sprout::supervisor] [CPU0] SPROUT: Supervisor tick...
[146212468083] [[35mTRACE[0m] [sprout::supervisor] [CPU0] SPROUT: Loop iteration: spawn_bristle_if_needed
[146215232988] [[35mTRACE[0m] [sprout::supervisor] [CPU0] SPROUT: Loop iteration: spawn_display_if_needed
[146218535991] [[35mTRACE[0m] [sprout::supervisor] [CPU0] SPROUT: Loop iteration: spawn_bloom_if_ready
[146220107979] [[35mTRACE[0m] [sprout::supervisor] [CPU0] SPROUT: Loop iteration: spawn_wayland_hello_if_ready
[146221557735] [[35mTRACE[0m] [sprout::supervisor] [CPU0] SPROUT: Loop iteration: spawn_clock_if_ready
[146222926509] [[35mTRACE[0m] [sprout::supervisor] [CPU0] SPROUT: Loop iteration: spawn_leaf_if_ready
[146224349139] [[35mTRACE[0m] [sprout::supervisor] [CPU0] SPROUT: Loop iteration: tick complete
[146225816385] [[34mDEBUG[0m] [sprout::supervisor] [CPU0] SPROUT: ServiceLoop waiting for next event...
[146539759311] [[35mTRACE[0m] [sprout::supervisor] [CPU0] SPROUT: Supervisor tick...
[146541150228] [[35mTRACE[0m] [sprout::supervisor] [CPU0] SPROUT: Loop iteration: spawn_bristle_if_needed
[146544162732] [[35mTRACE[0m] [sprout::supervisor] [CPU0] SPROUT: Loop iteration: spawn_display_if_needed
[146547233811] [[35mTRACE[0m] [sprout::supervisor] [CPU0] SPROUT: Loop iteration: spawn_bloom_if_ready
[146548595424] [[35mTRACE[0m] [sprout::supervisor] [CPU0] SPROUT: Loop iteration: spawn_wayland_hello_if_ready
[146549993733] [[35mTRACE[0m] [sprout::supervisor] [CPU0] SPROUT: Loop iteration: spawn_clock_if_ready
[146551357557] [[35mTRACE[0m] [sprout::supervisor] [CPU0] SPROUT: Loop iteration: spawn_leaf_if_ready
[146552778141] [[35mTRACE[0m] [sprout::supervisor] [CPU0] SPROUT: Loop iteration: tick complete
[146554124310] [[34mDEBUG[0m] [sprout::supervisor] [CPU0] SPROUT: ServiceLoop waiting for next event...
[146801647971] [[34mDEBUG[0m] [kernel::vfs::provider] [CPU1] VFS_RPC: request op=DeviceCall len=48 tid=10
[146806428582] [[35mTRACE[0m] [display_virtio_gpu] [CPU3] display_virtio_gpu: VFS RPC op=DeviceCall
[146807501478] [[35mTRACE[0m] [display_virtio_gpu] [CPU3] DISP: DISPLAY_OP_GET_INFO requested
[146808254043] [[35mTRACE[0m] [display_virtio_gpu] [CPU3] DISP: Returning dimensions 1280x800
[146808969087] [[35mTRACE[0m] [display_virtio_gpu] [CPU3] display_virtio_gpu: VFS RPC response begin op=DeviceCall req_id=168
[146810612124] [[35mTRACE[0m] [display_virtio_gpu] [CPU3] display_virtio_gpu: VFS RPC response sent op=DeviceCall req_id=168
[146813631690] [[34mDEBUG[0m] [kernel::vfs::provider] [CPU1] VFS_RPC: response op=DeviceCall id=168 -> OK(48)
[146868320940] [[35mTRACE[0m] [sprout::supervisor] [CPU0] SPROUT: Supervisor tick...
[146869884249] [[35mTRACE[0m] [sprout::supervisor] [CPU0] SPROUT: Loop iteration: spawn_bristle_if_needed
[146871483627] [[35mTRACE[0m] [sprout::supervisor] [CPU0] SPROUT: Loop iteration: spawn_display_if_needed
[146872851873] [[35mTRACE[0m] [sprout::supervisor] [CPU0] SPROUT: Loop iteration: spawn_bloom_if_ready
[146874199593] [[35mTRACE[0m] [sprout::supervisor] [CPU0] SPROUT: Loop iteration: spawn_wayland_hello_if_ready
[146875652385] [[35mTRACE[0m] [sprout::supervisor] [CPU0] SPROUT: Loop iteration: spawn_clock_if_ready
[146877077457] [[35mTRACE[0m] [sprout::supervisor] [CPU0] SPROUT: Loop iteration: spawn_leaf_if_ready
[146878390329] [[35mTRACE[0m] [sprout::supervisor] [CPU0] SPROUT: Loop iteration: tick complete
[146879727192] [[34mDEBUG[0m] [sprout::supervisor] [CPU0] SPROUT: ServiceLoop waiting for next event...
[147196336617] [[35mTRACE[0m] [sprout::supervisor] [CPU0] SPROUT: Supervisor tick...
[147199125711] [[35mTRACE[0m] [sprout::supervisor] [CPU0] SPROUT: Loop iteration: spawn_bristle_if_needed
[147202072545] [[35mTRACE[0m] [sprout::supervisor] [CPU0] SPROUT: Loop iteration: spawn_display_if_needed
[147204145044] [[35mTRACE[0m] [sprout::supervisor] [CPU0] SPROUT: Loop iteration: spawn_bloom_if_ready
[147205544508] [[35mTRACE[0m] [sprout::supervisor] [CPU0] SPROUT: Loop iteration: spawn_wayland_hello_if_ready
[147207080394] [[35mTRACE[0m] [sprout::supervisor] [CPU0] SPROUT: Loop iteration: spawn_clock_if_ready
[147208463457] [[35mTRACE[0m] [sprout::supervisor] [CPU0] SPROUT: Loop iteration: spawn_leaf_if_ready
[147209833122] [[35mTRACE[0m] [sprout::supervisor] [CPU0] SPROUT: Loop iteration: tick complete
[147211121673] [[34mDEBUG[0m] [sprout::supervisor] [CPU0] SPROUT: ServiceLoop waiting for next event...
[147229015131] [[35mTRACE[0m] [ps2_mouse] [CPU3] ps2_mouse: irq_wakes=80 poll_timeouts=2736 last_drain_bytes=0
[147481981581] [[32mINFO [0m] [kernel::time] [CPU0] System clock tick: utc=2026-05-01 23:21:23.174008691 unix_secs=1777677683.174008691
[147526782942] [[35mTRACE[0m] [sprout::supervisor] [CPU0] SPROUT: Supervisor tick...
[147528354864] [[35mTRACE[0m] [sprout::supervisor] [CPU0] SPROUT: Loop iteration: spawn_bristle_if_needed
[147529798977] [[35mTRACE[0m] [sprout::supervisor] [CPU0] SPROUT: Loop iteration: spawn_display_if_needed
[147531812802] [[35mTRACE[0m] [sprout::supervisor] [CPU0] SPROUT: Loop iteration: spawn_bloom_if_ready
[147533233320] [[35mTRACE[0m] [sprout::supervisor] [CPU0] SPROUT: Loop iteration: spawn_wayland_hello_if_ready
[147534785145] [[35mTRACE[0m] [sprout::supervisor] [CPU0] SPROUT: Loop iteration: spawn_clock_if_ready
[147536246517] [[35mTRACE[0m] [sprout::supervisor] [CPU0] SPROUT: Loop iteration: spawn_leaf_if_ready
[147537619581] [[35mTRACE[0m] [sprout::supervisor] [CPU0] SPROUT: Loop iteration: tick complete
[147539037525] [[34mDEBUG[0m] [sprout::supervisor] [CPU0] SPROUT: ServiceLoop waiting for next event...
[147624402453] [[34mDEBUG[0m] [kernel::vfs::provider] [CPU1] VFS_RPC: request op=DeviceCall len=48 tid=10
[147628681530] [[35mTRACE[0m] [display_virtio_gpu] [CPU3] display_virtio_gpu: VFS RPC op=DeviceCall
[147629741754] [[35mTRACE[0m] [display_virtio_gpu] [CPU3] DISP: DISPLAY_OP_GET_INFO requested
[147630495375] [[35mTRACE[0m] [display_virtio_gpu] [CPU3] DISP: Returning dimensions 1280x800
[147631090860] [[35mTRACE[0m] [display_virtio_gpu] [CPU3] display_virtio_gpu: VFS RPC response begin op=DeviceCall req_id=169
[147632728320] [[35mTRACE[0m] [display_virtio_gpu] [CPU3] display_virtio_gpu: VFS RPC response sent op=DeviceCall req_id=169
[147635549226] [[34mDEBUG[0m] [kernel::vfs::provider] [CPU1] VFS_RPC: response op=DeviceCall id=169 -> OK(48)
[147856010049] [[35mTRACE[0m] [sprout::supervisor] [CPU0] SPROUT: Supervisor tick...
[147857738688] [[35mTRACE[0m] [sprout::supervisor] [CPU0] SPROUT: Loop iteration: spawn_bristle_if_needed
[147859348395] [[35mTRACE[0m] [sprout::supervisor] [CPU0] SPROUT: Loop iteration: spawn_display_if_needed
[147860723472] [[35mTRACE[0m] [sprout::supervisor] [CPU0] SPROUT: Loop iteration: spawn_bloom_if_ready
[147862114257] [[35mTRACE[0m] [sprout::supervisor] [CPU0] SPROUT: Loop iteration: spawn_wayland_hello_if_ready
[147863562957] [[35mTRACE[0m] [sprout::supervisor] [CPU0] SPROUT: Loop iteration: spawn_clock_if_ready
[147864921567] [[35mTRACE[0m] [sprout::supervisor] [CPU0] SPROUT: Loop iteration: spawn_leaf_if_ready
[147866277240] [[35mTRACE[0m] [sprout::supervisor] [CPU0] SPROUT: Loop iteration: tick complete
[147867566187] [[34mDEBUG[0m] [sprout::supervisor] [CPU0] SPROUT: ServiceLoop waiting for next event...
[148052954544] [[32mINFO [0m] [clock] [CPU1] clock: tick local=2026-05-01 15:21:23 UTC-8 system_unix=1777677683.459199393
[148184125947] [[35mTRACE[0m] [sprout::supervisor] [CPU0] SPROUT: Supervisor tick...
[148185550722] [[35mTRACE[0m] [sprout::supervisor] [CPU0] SPROUT: Loop iteration: spawn_bristle_if_needed
[148187999784] [[35mTRACE[0m] [sprout::supervisor] [CPU0] SPROUT: Loop iteration: spawn_display_if_needed
[148189428189] [[35mTRACE[0m] [sprout::supervisor] [CPU0] SPROUT: Loop iteration: spawn_bloom_if_ready
[148190855769] [[35mTRACE[0m] [sprout::supervisor] [CPU0] SPROUT: Loop iteration: spawn_wayland_hello_if_ready
[148192312356] [[35mTRACE[0m] [sprout::supervisor] [CPU0] SPROUT: Loop iteration: spawn_clock_if_ready
[148193639187] [[35mTRACE[0m] [sprout::supervisor] [CPU0] SPROUT: Loop iteration: spawn_leaf_if_ready
[148195046604] [[35mTRACE[0m] [sprout::supervisor] [CPU0] SPROUT: Loop iteration: tick complete
[148196404026] [[34mDEBUG[0m] [sprout::supervisor] [CPU0] SPROUT: ServiceLoop waiting for next event...
[148447250556] [[34mDEBUG[0m] [kernel::vfs::provider] [CPU1] VFS_RPC: request op=DeviceCall len=48 tid=10
[148451659389] [[35mTRACE[0m] [display_virtio_gpu] [CPU3] display_virtio_gpu: VFS RPC op=DeviceCall
[148452701166] [[35mTRACE[0m] [display_virtio_gpu] [CPU3] DISP: DISPLAY_OP_GET_INFO requested
[148453476336] [[35mTRACE[0m] [display_virtio_gpu] [CPU3] DISP: Returning dimensions 1280x800
[148454045421] [[35mTRACE[0m] [display_virtio_gpu] [CPU3] display_virtio_gpu: VFS RPC response begin op=DeviceCall req_id=170
[148455757824] [[35mTRACE[0m] [display_virtio_gpu] [CPU3] display_virtio_gpu: VFS RPC response sent op=DeviceCall req_id=170
[148458829398] [[34mDEBUG[0m] [kernel::vfs::provider] [CPU1] VFS_RPC: response op=DeviceCall id=170 -> OK(48)
[148512390279] [[35mTRACE[0m] [sprout::supervisor] [CPU0] SPROUT: Supervisor tick...
[148513806078] [[35mTRACE[0m] [sprout::supervisor] [CPU0] SPROUT: Loop iteration: spawn_bristle_if_needed
[148515152379] [[35mTRACE[0m] [sprout::supervisor] [CPU0] SPROUT: Loop iteration: spawn_display_if_needed
[148516653714] [[35mTRACE[0m] [sprout::supervisor] [CPU0] SPROUT: Loop iteration: spawn_bloom_if_ready
[148519035984] [[35mTRACE[0m] [sprout::supervisor] [CPU0] SPROUT: Loop iteration: spawn_wayland_hello_if_ready
[148520526099] [[35mTRACE[0m] [sprout::supervisor] [CPU0] SPROUT: Loop iteration: spawn_clock_if_ready
[148521948069] [[35mTRACE[0m] [sprout::supervisor] [CPU0] SPROUT: Loop iteration: spawn_leaf_if_ready
[148523422806] [[35mTRACE[0m] [sprout::supervisor] [CPU0] SPROUT: Loop iteration: tick complete
[148524725250] [[34mDEBUG[0m] [sprout::supervisor] [CPU0] SPROUT: ServiceLoop waiting for next event...
[148843467366] [[35mTRACE[0m] [sprout::supervisor] [CPU0] SPROUT: Supervisor tick...
[148846419348] [[35mTRACE[0m] [sprout::supervisor] [CPU0] SPROUT: Loop iteration: spawn_bristle_if_needed
[148848706842] [[35mTRACE[0m] [sprout::supervisor] [CPU0] SPROUT: Loop iteration: spawn_display_if_needed
[148850966946] [[35mTRACE[0m] [sprout::supervisor] [CPU0] SPROUT: Loop iteration: spawn_bloom_if_ready
[148853286846] [[35mTRACE[0m] [sprout::supervisor] [CPU0] SPROUT: Loop iteration: spawn_wayland_hello_if_ready
[148855813623] [[35mTRACE[0m] [sprout::supervisor] [CPU0] SPROUT: Loop iteration: spawn_clock_if_ready
[148858273905] [[35mTRACE[0m] [sprout::supervisor] [CPU0] SPROUT: Loop iteration: spawn_leaf_if_ready
[148861108407] [[35mTRACE[0m] [sprout::supervisor] [CPU0] SPROUT: Loop iteration: tick complete
[148864031217] [[34mDEBUG[0m] [sprout::supervisor] [CPU0] SPROUT: ServiceLoop waiting for next event...
[148961858529] [[35mTRACE[0m] [kernel::sched] [CPU0] SCHED-DBG: cpus_online=4
[148962994290] [[35mTRACE[0m] [kernel::sched] [CPU0] SCHED-DBG: cpu=0 curr=Some(0) runq=0 runq_avg=1 runq_samples=5874 ctxsw=702 idle2busy=0 tick=715 ipi=271 enq=5880 deq=5879 wake=631 lock_miss=0 lock_pending=0 lock_blocked=0
[148964532024] [[35mTRACE[0m] [kernel::sched] [CPU0] SCHED-DBG: cpu=1 curr=Some(2) runq=0 runq_avg=0 runq_samples=4550 ctxsw=901 idle2busy=430 tick=734 ipi=377 enq=505 deq=504 wake=891 lock_miss=0 lock_pending=0 lock_blocked=0
[148966029729] [[35mTRACE[0m] [kernel::sched] [CPU0] SCHED-DBG: cpu=2 curr=Some(3) runq=0 runq_avg=0 runq_samples=4232 ctxsw=528 idle2busy=212 tick=2559 ipi=136 enq=335 deq=334 wake=512 lock_miss=0 lock_pending=0 lock_blocked=0
[148966822983] [[35mTRACE[0m] [kernel::sched] [CPU0] SCHED-DBG: cpu=3 curr=Some(4) runq=1 runq_avg=1 runq_samples=671646 ctxsw=9678 idle2busy=3249 tick=3386 ipi=641 enq=6677 deq=6675 wake=7331 lock_miss=0 lock_pending=0 lock_blocked=0
[149203978341] [[35mTRACE[0m] [sprout::supervisor] [CPU0] SPROUT: Supervisor tick...
[149205818916] [[35mTRACE[0m] [sprout::supervisor] [CPU0] SPROUT: Loop iteration: spawn_bristle_if_needed
[149207271543] [[35mTRACE[0m] [sprout::supervisor] [CPU0] SPROUT: Loop iteration: spawn_display_if_needed
[149209652295] [[35mTRACE[0m] [sprout::supervisor] [CPU0] SPROUT: Loop iteration: spawn_bloom_if_ready
[149211089082] [[35mTRACE[0m] [sprout::supervisor] [CPU0] SPROUT: Loop iteration: spawn_wayland_hello_if_ready
[149212536858] [[35mTRACE[0m] [sprout::supervisor] [CPU0] SPROUT: Loop iteration: spawn_clock_if_ready
[149213975229] [[35mTRACE[0m] [sprout::supervisor] [CPU0] SPROUT: Loop iteration: spawn_leaf_if_ready
[149215405086] [[35mTRACE[0m] [sprout::supervisor] [CPU0] SPROUT: Loop iteration: tick complete
[149216727891] [[34mDEBUG[0m] [sprout::supervisor] [CPU0] SPROUT: ServiceLoop waiting for next event...
[149269661904] [[34mDEBUG[0m] [kernel::vfs::provider] [CPU1] VFS_RPC: request op=DeviceCall len=48 tid=10
[149274609198] [[35mTRACE[0m] [display_virtio_gpu] [CPU3] display_virtio_gpu: VFS RPC op=DeviceCall
[149275715952] [[35mTRACE[0m] [display_virtio_gpu] [CPU3] DISP: DISPLAY_OP_GET_INFO requested
[149276466009] [[35mTRACE[0m] [display_virtio_gpu] [CPU3] DISP: Returning dimensions 1280x800
[149277188016] [[35mTRACE[0m] [display_virtio_gpu] [CPU3] display_virtio_gpu: VFS RPC response begin op=DeviceCall req_id=171
[149279084229] [[35mTRACE[0m] [display_virtio_gpu] [CPU3] display_virtio_gpu: VFS RPC response sent op=DeviceCall req_id=171
[149282808543] [[34mDEBUG[0m] [kernel::vfs::provider] [CPU1] VFS_RPC: response op=DeviceCall id=171 -> OK(48)
[149532246798] [[35mTRACE[0m] [sprout::supervisor] [CPU0] SPROUT: Supervisor tick...
[149533752654] [[35mTRACE[0m] [sprout::supervisor] [CPU0] SPROUT: Loop iteration: spawn_bristle_if_needed
[149535314214] [[35mTRACE[0m] [sprout::supervisor] [CPU0] SPROUT: Loop iteration: spawn_display_if_needed
[149536922238] [[35mTRACE[0m] [sprout::supervisor] [CPU0] SPROUT: Loop iteration: spawn_bloom_if_ready
[149538368364] [[35mTRACE[0m] [sprout::supervisor] [CPU0] SPROUT: Loop iteration: spawn_wayland_hello_if_ready
[149539862703] [[35mTRACE[0m] [sprout::supervisor] [CPU0] SPROUT: Loop iteration: spawn_clock_if_ready
[149541207849] [[35mTRACE[0m] [sprout::supervisor] [CPU0] SPROUT: Loop iteration: spawn_leaf_if_ready
[149542576062] [[35mTRACE[0m] [sprout::supervisor] [CPU0] SPROUT: Loop iteration: tick complete
[149543895171] [[34mDEBUG[0m] [sprout::supervisor] [CPU0] SPROUT: ServiceLoop waiting for next event...
[149860401702] [[35mTRACE[0m] [sprout::supervisor] [CPU0] SPROUT: Supervisor tick...
[149863556700] [[35mTRACE[0m] [sprout::supervisor] [CPU0] SPROUT: Loop iteration: spawn_bristle_if_needed
[149865022626] [[35mTRACE[0m] [sprout::supervisor] [CPU0] SPROUT: Loop iteration: spawn_display_if_needed
[149867520396] [[35mTRACE[0m] [sprout::supervisor] [CPU0] SPROUT: Loop iteration: spawn_bloom_if_ready
[149868995463] [[35mTRACE[0m] [sprout::supervisor] [CPU0] SPROUT: Loop iteration: spawn_wayland_hello_if_ready
[149870398392] [[35mTRACE[0m] [sprout::supervisor] [CPU0] SPROUT: Loop iteration: spawn_clock_if_ready
[149871807921] [[35mTRACE[0m] [sprout::supervisor] [CPU0] SPROUT: Loop iteration: spawn_leaf_if_ready
[149873189763] [[35mTRACE[0m] [sprout::supervisor] [CPU0] SPROUT: Loop iteration: tick complete
[149874552861] [[34mDEBUG[0m] [sprout::supervisor] [CPU0] SPROUT: ServiceLoop waiting for next event...
[150091560300] [[34mDEBUG[0m] [kernel::vfs::provider] [CPU1] VFS_RPC: request op=DeviceCall len=48 tid=10
[150095941116] [[35mTRACE[0m] [display_virtio_gpu] [CPU3] display_virtio_gpu: VFS RPC op=DeviceCall
[150097140171] [[35mTRACE[0m] [display_virtio_gpu] [CPU3] DISP: DISPLAY_OP_GET_INFO requested
[150097929168] [[35mTRACE[0m] [display_virtio_gpu] [CPU3] DISP: Returning dimensions 1280x800
[150098529603] [[35mTRACE[0m] [display_virtio_gpu] [CPU3] display_virtio_gpu: VFS RPC response begin op=DeviceCall req_id=172
[150100361598] [[35mTRACE[0m] [display_virtio_gpu] [CPU3] display_virtio_gpu: VFS RPC response sent op=DeviceCall req_id=172
[150104673774] [[34mDEBUG[0m] [kernel::vfs::provider] [CPU1] VFS_RPC: response op=DeviceCall id=172 -> OK(48)
[150188938086] [[35mTRACE[0m] [sprout::supervisor] [CPU0] SPROUT: Supervisor tick...
[150190497402] [[35mTRACE[0m] [sprout::supervisor] [CPU0] SPROUT: Loop iteration: spawn_bristle_if_needed
[150191848653] [[35mTRACE[0m] [sprout::supervisor] [CPU0] SPROUT: Loop iteration: spawn_display_if_needed
[150193343388] [[35mTRACE[0m] [sprout::supervisor] [CPU0] SPROUT: Loop iteration: spawn_bloom_if_ready
[150194708037] [[35mTRACE[0m] [sprout::supervisor] [CPU0] SPROUT: Loop iteration: spawn_wayland_hello_if_ready
[150196100307] [[35mTRACE[0m] [sprout::supervisor] [CPU0] SPROUT: Loop iteration: spawn_clock_if_ready
[150197490135] [[35mTRACE[0m] [sprout::supervisor] [CPU0] SPROUT: Loop iteration: spawn_leaf_if_ready
[150198839967] [[35mTRACE[0m] [sprout::supervisor] [CPU0] SPROUT: Loop iteration: tick complete
[150200181582] [[34mDEBUG[0m] [sprout::supervisor] [CPU0] SPROUT: ServiceLoop waiting for next event...
[150520757013] [[35mTRACE[0m] [sprout::supervisor] [CPU0] SPROUT: Supervisor tick...
[150523659660] [[35mTRACE[0m] [sprout::supervisor] [CPU0] SPROUT: Loop iteration: spawn_bristle_if_needed
[150525031503] [[35mTRACE[0m] [sprout::supervisor] [CPU0] SPROUT: Loop iteration: spawn_display_if_needed
[150526475088] [[35mTRACE[0m] [sprout::supervisor] [CPU0] SPROUT: Loop iteration: spawn_bloom_if_ready
[150527854818] [[35mTRACE[0m] [sprout::supervisor] [CPU0] SPROUT: Loop iteration: spawn_wayland_hello_if_ready
[150529325199] [[35mTRACE[0m] [sprout::supervisor] [CPU0] SPROUT: Loop iteration: spawn_clock_if_ready
[150530693445] [[35mTRACE[0m] [sprout::supervisor] [CPU0] SPROUT: Loop iteration: spawn_leaf_if_ready
[150532068324] [[35mTRACE[0m] [sprout::supervisor] [CPU0] SPROUT: Loop iteration: tick complete
[150533426868] [[34mDEBUG[0m] [sprout::supervisor] [CPU0] SPROUT: ServiceLoop waiting for next event...
[150848091669] [[35mTRACE[0m] [sprout::supervisor] [CPU0] SPROUT: Supervisor tick...
[150849654681] [[35mTRACE[0m] [sprout::supervisor] [CPU0] SPROUT: Loop iteration: spawn_bristle_if_needed
[150851279535] [[35mTRACE[0m] [sprout::supervisor] [CPU0] SPROUT: Loop iteration: spawn_display_if_needed
[150852861258] [[35mTRACE[0m] [sprout::supervisor] [CPU0] SPROUT: Loop iteration: spawn_bloom_if_ready
[150854299794] [[35mTRACE[0m] [sprout::supervisor] [CPU0] SPROUT: Loop iteration: spawn_wayland_hello_if_ready
[150855805023] [[35mTRACE[0m] [sprout::supervisor] [CPU0] SPROUT: Loop iteration: spawn_clock_if_ready
[150857128620] [[35mTRACE[0m] [sprout::supervisor] [CPU0] SPROUT: Loop iteration: spawn_leaf_if_ready
[150858486603] [[35mTRACE[0m] [sprout::supervisor] [CPU0] SPROUT: Loop iteration: tick complete
[150860015757] [[34mDEBUG[0m] [sprout::supervisor] [CPU0] SPROUT: ServiceLoop waiting for next event...
[150913605150] [[34mDEBUG[0m] [kernel::vfs::provider] [CPU1] VFS_RPC: request op=DeviceCall len=48 tid=10
[150917968113] [[35mTRACE[0m] [display_virtio_gpu] [CPU3] display_virtio_gpu: VFS RPC op=DeviceCall
[150919002102] [[35mTRACE[0m] [display_virtio_gpu] [CPU3] DISP: DISPLAY_OP_GET_INFO requested
[150919595046] [[35mTRACE[0m] [display_virtio_gpu] [CPU3] DISP: Returning dimensions 1280x800
[150920330319] [[35mTRACE[0m] [display_virtio_gpu] [CPU3] display_virtio_gpu: VFS RPC response begin op=DeviceCall req_id=173
[150922114398] [[35mTRACE[0m] [display_virtio_gpu] [CPU3] display_virtio_gpu: VFS RPC response sent op=DeviceCall req_id=173
[150925981338] [[34mDEBUG[0m] [kernel::vfs::provider] [CPU1] VFS_RPC: response op=DeviceCall id=173 -> OK(48)
[151176568323] [[35mTRACE[0m] [sprout::supervisor] [CPU0] SPROUT: Supervisor tick...
[151178007321] [[35mTRACE[0m] [sprout::supervisor] [CPU0] SPROUT: Loop iteration: spawn_bristle_if_needed
[151179844332] [[35mTRACE[0m] [sprout::supervisor] [CPU0] SPROUT: Loop iteration: spawn_display_if_needed
[151183094997] [[35mTRACE[0m] [sprout::supervisor] [CPU0] SPROUT: Loop iteration: spawn_bloom_if_ready
[151184802615] [[35mTRACE[0m] [sprout::supervisor] [CPU0] SPROUT: Loop iteration: spawn_wayland_hello_if_ready
[151186287153] [[35mTRACE[0m] [sprout::supervisor] [CPU0] SPROUT: Loop iteration: spawn_clock_if_ready
[151187697441] [[35mTRACE[0m] [sprout::supervisor] [CPU0] SPROUT: Loop iteration: spawn_leaf_if_ready
[151189075290] [[35mTRACE[0m] [sprout::supervisor] [CPU0] SPROUT: Loop iteration: tick complete
[151190425881] [[34mDEBUG[0m] [sprout::supervisor] [CPU0] SPROUT: ServiceLoop waiting for next event...
[151505264130] [[35mTRACE[0m] [sprout::supervisor] [CPU0] SPROUT: Supervisor tick...
[151507924458] [[35mTRACE[0m] [sprout::supervisor] [CPU0] SPROUT: Loop iteration: spawn_bristle_if_needed
[151509568320] [[35mTRACE[0m] [sprout::supervisor] [CPU0] SPROUT: Loop iteration: spawn_display_if_needed
[151510914489] [[35mTRACE[0m] [sprout::supervisor] [CPU0] SPROUT: Loop iteration: spawn_bloom_if_ready
[151512562641] [[35mTRACE[0m] [sprout::supervisor] [CPU0] SPROUT: Loop iteration: spawn_wayland_hello_if_ready
[151514037147] [[35mTRACE[0m] [sprout::supervisor] [CPU0] SPROUT: Loop iteration: spawn_clock_if_ready
[151515514392] [[35mTRACE[0m] [sprout::supervisor] [CPU0] SPROUT: Loop iteration: spawn_leaf_if_ready
[151516894650] [[35mTRACE[0m] [sprout::supervisor] [CPU0] SPROUT: Loop iteration: tick complete
[151518197985] [[34mDEBUG[0m] [sprout::supervisor] [CPU0] SPROUT: ServiceLoop waiting for next event...
[151729732176] [[34mDEBUG[0m] [kernel::vfs::provider] [CPU1] VFS_RPC: request op=DeviceCall len=48 tid=10
[151735614426] [[35mTRACE[0m] [display_virtio_gpu] [CPU3] display_virtio_gpu: VFS RPC op=DeviceCall
[151736654718] [[35mTRACE[0m] [display_virtio_gpu] [CPU3] DISP: DISPLAY_OP_GET_INFO requested
[151737413718] [[35mTRACE[0m] [display_virtio_gpu] [CPU3] DISP: Returning dimensions 1280x800
[151737985740] [[35mTRACE[0m] [display_virtio_gpu] [CPU3] display_virtio_gpu: VFS RPC response begin op=DeviceCall req_id=174
[151739899575] [[35mTRACE[0m] [display_virtio_gpu] [CPU3] display_virtio_gpu: VFS RPC response sent op=DeviceCall req_id=174
[151743167301] [[34mDEBUG[0m] [kernel::vfs::provider] [CPU1] VFS_RPC: response op=DeviceCall id=174 -> OK(48)
[151826458806] [[35mTRACE[0m] [sprout::supervisor] [CPU0] SPROUT: Supervisor tick...
[151827906417] [[35mTRACE[0m] [sprout::supervisor] [CPU0] SPROUT: Loop iteration: spawn_bristle_if_needed
[151829294331] [[35mTRACE[0m] [sprout::supervisor] [CPU0] SPROUT: Loop iteration: spawn_display_if_needed
[151830663006] [[35mTRACE[0m] [sprout::supervisor] [CPU0] SPROUT: Loop iteration: spawn_bloom_if_ready
[151832005017] [[35mTRACE[0m] [sprout::supervisor] [CPU0] SPROUT: Loop iteration: spawn_wayland_hello_if_ready
[151833430122] [[35mTRACE[0m] [sprout::supervisor] [CPU0] SPROUT: Loop iteration: spawn_clock_if_ready
[151834838628] [[35mTRACE[0m] [sprout::supervisor] [CPU0] SPROUT: Loop iteration: spawn_leaf_if_ready
[151836184500] [[35mTRACE[0m] [sprout::supervisor] [CPU0] SPROUT: Loop iteration: tick complete
[151837834434] [[34mDEBUG[0m] [sprout::supervisor] [CPU0] SPROUT: ServiceLoop waiting for next event...
[152164857570] [[35mTRACE[0m] [sprout::supervisor] [CPU0] SPROUT: Supervisor tick...
[152167299933] [[35mTRACE[0m] [sprout::supervisor] [CPU0] SPROUT: Loop iteration: spawn_bristle_if_needed
[152170152255] [[35mTRACE[0m] [sprout::supervisor] [CPU0] SPROUT: Loop iteration: spawn_display_if_needed
[152171608941] [[35mTRACE[0m] [sprout::supervisor] [CPU0] SPROUT: Loop iteration: spawn_bloom_if_ready
[152173073976] [[35mTRACE[0m] [sprout::supervisor] [CPU0] SPROUT: Loop iteration: spawn_wayland_hello_if_ready
[152174783310] [[35mTRACE[0m] [sprout::supervisor] [CPU0] SPROUT: Loop iteration: spawn_clock_if_ready
[152176139016] [[35mTRACE[0m] [sprout::supervisor] [CPU0] SPROUT: Loop iteration: spawn_leaf_if_ready
[152177513268] [[35mTRACE[0m] [sprout::supervisor] [CPU0] SPROUT: Loop iteration: tick complete
[152178866169] [[34mDEBUG[0m] [sprout::supervisor] [CPU0] SPROUT: ServiceLoop waiting for next event...

[hunter] running random action
[152240017875] [[35mTRACE[0m] [bran::arch::x86_64::idt] [CPU0] PS/2 byte received: 0x18 (is_aux=true)
[152241417009] [[35mTRACE[0m] [bran::arch::x86_64::idt] [CPU0] PS/2 byte received: 0x81 (is_aux=true)
[152242585836] [[35mTRACE[0m] [bran::arch::x86_64::idt] [CPU0] PS/2 byte received: 0x7f (is_aux=true)
[152243179869] [[35mTRACE[0m] [bran::arch::x86_64::idt] [CPU0] PS/2 byte received: 0x18 (is_aux=true)
[152243629428] [[35mTRACE[0m] [bran::arch::x86_64::idt] [CPU0] PS/2 byte received: 0x81 (is_aux=true)
[152244072090] [[35mTRACE[0m] [bran::arch::x86_64::idt] [CPU0] PS/2 byte received: 0x7f (is_aux=true)
[152244542274] [[35mTRACE[0m] [bran::arch::x86_64::idt] [CPU0] PS/2 byte received: 0x18 (is_aux=true)
[152244986553] [[35mTRACE[0m] [bran::arch::x86_64::idt] [CPU0] PS/2 byte received: 0x81 (is_aux=true)
[152245455582] [[35mTRACE[0m] [bran::arch::x86_64::idt] [CPU0] PS/2 byte received: 0x7f (is_aux=true)
[152245896528] [[35mTRACE[0m] [bran::arch::x86_64::idt] [CPU0] PS/2 byte received: 0x18 (is_aux=true)
[152246347737] [[35mTRACE[0m] [bran::arch::x86_64::idt] [CPU0] PS/2 byte received: 0x81 (is_aux=true)
[152246782281] [[35mTRACE[0m] [bran::arch::x86_64::idt] [CPU0] PS/2 byte received: 0x7f (is_aux=true)
[152247215670] [[35mTRACE[0m] [bran::arch::x86_64::idt] [CPU0] PS/2 byte received: 0x18 (is_aux=true)
[152247669585] [[35mTRACE[0m] [bran::arch::x86_64::idt] [CPU0] PS/2 byte received: 0x81 (is_aux=true)
[152248118517] [[35mTRACE[0m] [bran::arch::x86_64::idt] [CPU0] PS/2 byte received: 0x7f (is_aux=true)
[152256986640] [[35mTRACE[0m] [kernel::irq::ps2] [CPU3] PS/2 take_scancode: popped 0x18 (is_aux=true)
[152260384485] [[35mTRACE[0m] [kernel::irq::ps2] [CPU3] PS/2 take_scancode: popped 0x81 (is_aux=true)
[152261724351] [[35mTRACE[0m] [kernel::irq::ps2] [CPU3] PS/2 take_scancode: popped 0x7f (is_aux=true)
[152263058574] [[35mTRACE[0m] [kernel::irq::ps2] [CPU3] PS/2 take_scancode: popped 0x18 (is_aux=true)
[152264365935] [[35mTRACE[0m] [kernel::irq::ps2] [CPU3] PS/2 take_scancode: popped 0x81 (is_aux=true)
[152273954283] [[35mTRACE[0m] [kernel::irq::ps2] [CPU3] PS/2 take_scancode: popped 0x7f (is_aux=true)
[152275563726] [[35mTRACE[0m] [kernel::irq::ps2] [CPU3] PS/2 take_scancode: popped 0x18 (is_aux=true)
[152276998599] [[35mTRACE[0m] [kernel::irq::ps2] [CPU3] PS/2 take_scancode: popped 0x81 (is_aux=true)
[152278272003] [[35mTRACE[0m] [kernel::irq::ps2] [CPU3] PS/2 take_scancode: popped 0x7f (is_aux=true)
[152279734299] [[35mTRACE[0m] [kernel::irq::ps2] [CPU3] PS/2 take_scancode: popped 0x18 (is_aux=true)
[152281170822] [[35mTRACE[0m] [kernel::irq::ps2] [CPU3] PS/2 take_scancode: popped 0x81 (is_aux=true)
[152282688921] [[35mTRACE[0m] [kernel::irq::ps2] [CPU3] PS/2 take_scancode: popped 0x7f (is_aux=true)
[152284201740] [[35mTRACE[0m] [kernel::irq::ps2] [CPU3] PS/2 take_scancode: popped 0x18 (is_aux=true)
[152295583473] [[35mTRACE[0m] [kernel::irq::ps2] [CPU3] PS/2 take_scancode: popped 0x81 (is_aux=true)
[152297143581] [[35mTRACE[0m] [kernel::irq::ps2] [CPU3] PS/2 take_scancode: popped 0x7f (is_aux=true)
[152492174736] [[35mTRACE[0m] [bran::arch::x86_64::idt] [CPU0] PS/2 byte received: 0x18 (is_aux=true)
[152493008382] [[35mTRACE[0m] [bran::arch::x86_64::idt] [CPU0] PS/2 byte received: 0x7f (is_aux=true)
[152493257367] [[35mTRACE[0m] [kernel::irq::ps2] [CPU3] PS/2 take_scancode: popped 0x18 (is_aux=true)
[152493486717] [[35mTRACE[0m] [bran::arch::x86_64::idt] [CPU0] PS/2 byte received: 0x18 (is_aux=true)
[152494100880] [[35mTRACE[0m] [bran::arch::x86_64::idt] [CPU0] PS/2 byte received: 0x81 (is_aux=true)
[152494560405] [[35mTRACE[0m] [bran::arch::x86_64::idt] [CPU0] PS/2 byte received: 0x7f (is_aux=true)
[152494872387] [[35mTRACE[0m] [kernel::irq::ps2] [CPU3] PS/2 take_scancode: popped 0x7f (is_aux=true)
[152495015376] [[35mTRACE[0m] [bran::arch::x86_64::idt] [CPU2] PS/2 byte received: 0x18 (is_aux=true)
[152495298219] [[35mTRACE[0m] [bran::arch::x86_64::idt] [CPU0] PS/2 byte received: 0x81 (is_aux=true)
[152496054513] [[35mTRACE[0m] [bran::arch::x86_64::idt] [CPU2] PS/2 byte received: 0x7f (is_aux=true)
[152496363492] [[35mTRACE[0m] [kernel::irq::ps2] [CPU3] PS/2 take_scancode: popped 0x18 (is_aux=true)
[152496327489] [[35mTRACE[0m] [bran::arch::x86_64::idt] [CPU0] PS/2 byte received: 0x18 (is_aux=true)
[152496908421] [[35mTRACE[0m] [bran::arch::x86_64::idt] [CPU2] PS/2 byte received: 0x81 (is_aux=true)
[152497723422] [[35mTRACE[0m] [bran::arch::x86_64::idt] [CPU0] PS/2 byte received: 0x7f (is_aux=true)
[152498041872] [[35mTRACE[0m] [kernel::irq::ps2] [CPU3] PS/2 take_scancode: popped 0x81 (is_aux=true)
[152497876377] [[35mTRACE[0m] [bran::arch::x86_64::idt] [CPU2] PS/2 byte received: 0x18 (is_aux=true)
[152498732892] [[35mTRACE[0m] [bran::arch::x86_64::idt] [CPU0] PS/2 byte received: 0x81 (is_aux=true)
[152499180306] [[35mTRACE[0m] [bran::arch::x86_64::idt] [CPU2] PS/2 byte received: 0x7f (is_aux=true)
[152499730515] [[35mTRACE[0m] [kernel::irq::ps2] [CPU3] PS/2 take_scancode: popped 0x7f (is_aux=true)
[152501335404] [[35mTRACE[0m] [kernel::irq::ps2] [CPU3] PS/2 take_scancode: popped 0x18 (is_aux=true)
[152502895512] [[35mTRACE[0m] [kernel::irq::ps2] [CPU3] PS/2 take_scancode: popped 0x81 (is_aux=true)
[152504488026] [[35mTRACE[0m] [ps2_kbd] [CPU2] ps2_kbd: yield on AUX data (mouse packet)
[152504616693] [[35mTRACE[0m] [kernel::irq::ps2] [CPU3] PS/2 take_scancode: popped 0x7f (is_aux=true)
[152506782417] [[35mTRACE[0m] [kernel::irq::ps2] [CPU3] PS/2 take_scancode: popped 0x18 (is_aux=true)
[152508420669] [[35mTRACE[0m] [kernel::irq::ps2] [CPU3] PS/2 take_scancode: popped 0x81 (is_aux=true)
[152510594016] [[35mTRACE[0m] [kernel::irq::ps2] [CPU3] PS/2 take_scancode: popped 0x7f (is_aux=true)
[152512051494] [[35mTRACE[0m] [kernel::irq::ps2] [CPU3] PS/2 take_scancode: popped 0x18 (is_aux=true)
[152513546229] [[35mTRACE[0m] [kernel::irq::ps2] [CPU3] PS/2 take_scancode: popped 0x81 (is_aux=true)
[152515042977] [[35mTRACE[0m] [kernel::irq::ps2] [CPU3] PS/2 take_scancode: popped 0x7f (is_aux=true)
[152525450121] [[35mTRACE[0m] [sprout::supervisor] [CPU0] SPROUT: Supervisor tick...
[152526775863] [[35mTRACE[0m] [sprout::supervisor] [CPU0] SPROUT: Loop iteration: spawn_bristle_if_needed
[152528664519] [[35mTRACE[0m] [sprout::supervisor] [CPU0] SPROUT: Loop iteration: spawn_display_if_needed
[152530293828] [[35mTRACE[0m] [sprout::supervisor] [CPU0] SPROUT: Loop iteration: spawn_bloom_if_ready
[152531793414] [[35mTRACE[0m] [sprout::supervisor] [CPU0] SPROUT: Loop iteration: spawn_wayland_hello_if_ready
[152533286631] [[35mTRACE[0m] [sprout::supervisor] [CPU0] SPROUT: Loop iteration: spawn_clock_if_ready
[152534615376] [[35mTRACE[0m] [sprout::supervisor] [CPU0] SPROUT: Loop iteration: spawn_leaf_if_ready
[152536134432] [[35mTRACE[0m] [sprout::supervisor] [CPU0] SPROUT: Loop iteration: tick complete
[152537446743] [[34mDEBUG[0m] [sprout::supervisor] [CPU0] SPROUT: ServiceLoop waiting for next event...
[152558972115] [[34mDEBUG[0m] [kernel::vfs::provider] [CPU1] VFS_RPC: request op=DeviceCall len=48 tid=10
[152563238751] [[35mTRACE[0m] [display_virtio_gpu] [CPU3] display_virtio_gpu: VFS RPC op=DeviceCall
[152564430513] [[35mTRACE[0m] [display_virtio_gpu] [CPU3] DISP: DISPLAY_OP_GET_INFO requested
[152565030420] [[35mTRACE[0m] [display_virtio_gpu] [CPU3] DISP: Returning dimensions 1280x800
[152565586767] [[35mTRACE[0m] [display_virtio_gpu] [CPU3] display_virtio_gpu: VFS RPC response begin op=DeviceCall req_id=175
[152569703187] [[35mTRACE[0m] [display_virtio_gpu] [CPU3] display_virtio_gpu: VFS RPC response sent op=DeviceCall req_id=175
[152572275702] [[34mDEBUG[0m] [kernel::vfs::provider] [CPU1] VFS_RPC: response op=DeviceCall id=175 -> OK(48)
[152644183758] [[35mTRACE[0m] [bran::arch::x86_64::idt] [CPU0] PS/2 byte received: 0x81 (is_aux=true)
[152644140660] [[35mTRACE[0m] [bran::arch::x86_64::idt] [CPU1] PS/2 byte received: 0x18 (is_aux=true)
[152644927776] [[35mTRACE[0m] [bran::arch::x86_64::idt] [CPU0] PS/2 byte received: 0x7f (is_aux=true)
[152645124192] [[35mTRACE[0m] [bran::arch::x86_64::idt] [CPU1] PS/2 byte received: 0x18 (is_aux=true)
[152646117558] [[35mTRACE[0m] [bran::arch::x86_64::idt] [CPU1] PS/2 byte received: 0x7f (is_aux=true)
[152646089409] [[35mTRACE[0m] [bran::arch::x86_64::idt] [CPU0] PS/2 byte received: 0x81 (is_aux=true)
[152646649353] [[35mTRACE[0m] [bran::arch::x86_64::idt] [CPU1] PS/2 byte received: 0x18 (is_aux=true)
[152647163229] [[35mTRACE[0m] [bran::arch::x86_64::idt] [CPU0] PS/2 byte received: 0x81 (is_aux=true)
[152647261503] [[35mTRACE[0m] [bran::arch::x86_64::idt] [CPU1] PS/2 byte received: 0x7f (is_aux=true)
[152647909854] [[35mTRACE[0m] [bran::arch::x86_64::idt] [CPU0] PS/2 byte received: 0x18 (is_aux=true)
[152647988196] [[35mTRACE[0m] [bran::arch::x86_64::idt] [CPU1] PS/2 byte received: 0x81 (is_aux=true)
[152648624370] [[35mTRACE[0m] [bran::arch::x86_64::idt] [CPU0] PS/2 byte received: 0x7f (is_aux=true)
[152648719311] [[35mTRACE[0m] [bran::arch::x86_64::idt] [CPU1] PS/2 byte received: 0x18 (is_aux=true)
[152649293577] [[35mTRACE[0m] [bran::arch::x86_64::idt] [CPU0] PS/2 byte received: 0x81 (is_aux=true)
[152649381720] [[35mTRACE[0m] [bran::arch::x86_64::idt] [CPU1] PS/2 byte received: 0x7f (is_aux=true)
[152655292515] [[35mTRACE[0m] [ps2_kbd] [CPU2] ps2_kbd: yield on AUX data (mouse packet)
[152664816117] [[35mTRACE[0m] [kernel::irq::ps2] [CPU3] PS/2 take_scancode: popped 0x81 (is_aux=true)
[152666406453] [[35mTRACE[0m] [kernel::irq::ps2] [CPU3] PS/2 take_scancode: popped 0x18 (is_aux=true)
[152667934122] [[35mTRACE[0m] [kernel::irq::ps2] [CPU3] PS/2 take_scancode: popped 0x7f (is_aux=true)
[152669397111] [[35mTRACE[0m] [kernel::irq::ps2] [CPU3] PS/2 take_scancode: popped 0x18 (is_aux=true)
[152670860199] [[35mTRACE[0m] [kernel::irq::ps2] [CPU3] PS/2 take_scancode: popped 0x7f (is_aux=true)
[152672327313] [[35mTRACE[0m] [kernel::irq::ps2] [CPU3] PS/2 take_scancode: popped 0x81 (is_aux=true)
[152673779280] [[35mTRACE[0m] [kernel::irq::ps2] [CPU3] PS/2 take_scancode: popped 0x18 (is_aux=true)
[152675267547] [[35mTRACE[0m] [kernel::irq::ps2] [CPU3] PS/2 take_scancode: popped 0x81 (is_aux=true)
[152676738126] [[35mTRACE[0m] [kernel::irq::ps2] [CPU3] PS/2 take_scancode: popped 0x7f (is_aux=true)
[152678298201] [[35mTRACE[0m] [kernel::irq::ps2] [CPU3] PS/2 take_scancode: popped 0x18 (is_aux=true)
[152688777021] [[35mTRACE[0m] [kernel::irq::ps2] [CPU3] PS/2 take_scancode: popped 0x81 (is_aux=true)
[152690502162] [[35mTRACE[0m] [kernel::irq::ps2] [CPU3] PS/2 take_scancode: popped 0x7f (is_aux=true)
[152691978351] [[35mTRACE[0m] [kernel::irq::ps2] [CPU3] PS/2 take_scancode: popped 0x18 (is_aux=true)
[152693568588] [[35mTRACE[0m] [kernel::irq::ps2] [CPU3] PS/2 take_scancode: popped 0x81 (is_aux=true)
[152694973860] [[35mTRACE[0m] [kernel::irq::ps2] [CPU3] PS/2 take_scancode: popped 0x7f (is_aux=true)
[152810585103] [[35mTRACE[0m] [bran::arch::x86_64::idt] [CPU0] PS/2 byte received: 0x18 (is_aux=true)
[152811156993] [[35mTRACE[0m] [bran::arch::x86_64::idt] [CPU0] PS/2 byte received: 0x81 (is_aux=true)
[152811613779] [[35mTRACE[0m] [bran::arch::x86_64::idt] [CPU0] PS/2 byte received: 0x7f (is_aux=true)
[152812094820] [[35mTRACE[0m] [bran::arch::x86_64::idt] [CPU0] PS/2 byte received: 0x18 (is_aux=true)
[152812533555] [[35mTRACE[0m] [bran::arch::x86_64::idt] [CPU0] PS/2 byte received: 0x81 (is_aux=true)
[152812969551] [[35mTRACE[0m] [bran::arch::x86_64::idt] [CPU0] PS/2 byte received: 0x7f (is_aux=true)
[152813437062] [[35mTRACE[0m] [bran::arch::x86_64::idt] [CPU0] PS/2 byte received: 0x18 (is_aux=true)
[152813881209] [[35mTRACE[0m] [bran::arch::x86_64::idt] [CPU0] PS/2 byte received: 0x81 (is_aux=true)
[152814385779] [[35mTRACE[0m] [bran::arch::x86_64::idt] [CPU0] PS/2 byte received: 0x7f (is_aux=true)
[152814845040] [[35mTRACE[0m] [bran::arch::x86_64::idt] [CPU0] PS/2 byte received: 0x18 (is_aux=true)
[152815325751] [[35mTRACE[0m] [bran::arch::x86_64::idt] [CPU0] PS/2 byte received: 0x81 (is_aux=true)
[152815767918] [[35mTRACE[0m] [bran::arch::x86_64::idt] [CPU0] PS/2 byte received: 0x7f (is_aux=true)
[152816226090] [[35mTRACE[0m] [bran::arch::x86_64::idt] [CPU0] PS/2 byte received: 0x18 (is_aux=true)
[152816280507] [[35mTRACE[0m] [bran::arch::x86_64::idt] [CPU3] PS/2 byte received: 0x81 (is_aux=true)
[152816872890] [[35mTRACE[0m] [bran::arch::x86_64::idt] [CPU0] PS/2 byte received: 0x7f (is_aux=true)
[152821670331] [[35mTRACE[0m] [ps2_kbd] [CPU2] ps2_kbd: yield on AUX data (mouse packet)
[152824052205] [[35mTRACE[0m] [kernel::irq::ps2] [CPU3] PS/2 take_scancode: popped 0x18 (is_aux=true)
[152825613237] [[35mTRACE[0m] [kernel::irq::ps2] [CPU3] PS/2 take_scancode: popped 0x81 (is_aux=true)
[152827385205] [[35mTRACE[0m] [kernel::irq::ps2] [CPU3] PS/2 take_scancode: popped 0x7f (is_aux=true)
[152837230293] [[35mTRACE[0m] [kernel::irq::ps2] [CPU3] PS/2 take_scancode: popped 0x18 (is_aux=true)
[152838840231] [[35mTRACE[0m] [kernel::irq::ps2] [CPU3] PS/2 take_scancode: popped 0x81 (is_aux=true)
[152840329455] [[35mTRACE[0m] [kernel::irq::ps2] [CPU3] PS/2 take_scancode: popped 0x7f (is_aux=true)
[152841954540] [[35mTRACE[0m] [kernel::irq::ps2] [CPU3] PS/2 take_scancode: popped 0x18 (is_aux=true)
[152843412942] [[35mTRACE[0m] [kernel::irq::ps2] [CPU3] PS/2 take_scancode: popped 0x81 (is_aux=true)
[152847301266] [[35mTRACE[0m] [sprout::supervisor] [CPU0] SPROUT: Supervisor tick...
[152848603479] [[35mTRACE[0m] [sprout::supervisor] [CPU0] SPROUT: Loop iteration: spawn_bristle_if_needed
[152850115605] [[35mTRACE[0m] [sprout::supervisor] [CPU0] SPROUT: Loop iteration: spawn_display_if_needed
[152851680696] [[35mTRACE[0m] [sprout::supervisor] [CPU0] SPROUT: Loop iteration: spawn_bloom_if_ready
[152853009012] [[35mTRACE[0m] [sprout::supervisor] [CPU0] SPROUT: Loop iteration: spawn_wayland_hello_if_ready
[152853049899] [[35mTRACE[0m] [kernel::irq::ps2] [CPU3] PS/2 take_scancode: popped 0x7f (is_aux=true)
[152854846683] [[35mTRACE[0m] [kernel::irq::ps2] [CPU3] PS/2 take_scancode: popped 0x18 (is_aux=true)
[152855293173] [[35mTRACE[0m] [sprout::supervisor] [CPU0] SPROUT: Loop iteration: spawn_clock_if_ready
[152856297594] [[35mTRACE[0m] [kernel::irq::ps2] [CPU3] PS/2 take_scancode: popped 0x81 (is_aux=true)
[152857776555] [[35mTRACE[0m] [kernel::irq::ps2] [CPU3] PS/2 take_scancode: popped 0x7f (is_aux=true)
[152859446256] [[35mTRACE[0m] [sprout::supervisor] [CPU0] SPROUT: Loop iteration: spawn_leaf_if_ready
[152859883902] [[35mTRACE[0m] [kernel::irq::ps2] [CPU3] PS/2 take_scancode: popped 0x18 (is_aux=true)
[152860368012] [[35mTRACE[0m] [sprout::supervisor] [CPU0] SPROUT: Loop iteration: tick complete
[152861395896] [[35mTRACE[0m] [kernel::irq::ps2] [CPU3] PS/2 take_scancode: popped 0x81 (is_aux=true)
[152862724542] [[35mTRACE[0m] [kernel::irq::ps2] [CPU3] PS/2 take_scancode: popped 0x7f (is_aux=true)
[152863249209] [[34mDEBUG[0m] [sprout::supervisor] [CPU0] SPROUT: ServiceLoop waiting for next event...
[152908895502] [[35mTRACE[0m] [bran::arch::x86_64::idt] [CPU0] PS/2 byte received: 0x18 (is_aux=true)
[152909572530] [[35mTRACE[0m] [bran::arch::x86_64::idt] [CPU0] PS/2 byte received: 0x81 (is_aux=true)
[152910044067] [[35mTRACE[0m] [bran::arch::x86_64::idt] [CPU0] PS/2 byte received: 0x7f (is_aux=true)
[152910494880] [[35mTRACE[0m] [bran::arch::x86_64::idt] [CPU0] PS/2 byte received: 0x18 (is_aux=true)
[152910999186] [[35mTRACE[0m] [bran::arch::x86_64::idt] [CPU0] PS/2 byte received: 0x81 (is_aux=true)
[152911451880] [[35mTRACE[0m] [bran::arch::x86_64::idt] [CPU0] PS/2 byte received: 0x7f (is_aux=true)
[152911890285] [[35mTRACE[0m] [bran::arch::x86_64::idt] [CPU0] PS/2 byte received: 0x18 (is_aux=true)
[152912344794] [[35mTRACE[0m] [bran::arch::x86_64::idt] [CPU0] PS/2 byte received: 0x81 (is_aux=true)
[152912799897] [[35mTRACE[0m] [bran::arch::x86_64::idt] [CPU0] PS/2 byte received: 0x7f (is_aux=true)
[152913307206] [[35mTRACE[0m] [bran::arch::x86_64::idt] [CPU0] PS/2 byte received: 0x18 (is_aux=true)
[152913746469] [[35mTRACE[0m] [bran::arch::x86_64::idt] [CPU0] PS/2 byte received: 0x81 (is_aux=true)
[152914234341] [[35mTRACE[0m] [bran::arch::x86_64::idt] [CPU0] PS/2 byte received: 0x7f (is_aux=true)
[152914693668] [[35mTRACE[0m] [bran::arch::x86_64::idt] [CPU0] PS/2 byte received: 0x18 (is_aux=true)
[152915121282] [[35mTRACE[0m] [bran::arch::x86_64::idt] [CPU3] PS/2 byte received: 0x81 (is_aux=true)
[152915254866] [[35mTRACE[0m] [bran::arch::x86_64::idt] [CPU0] PS/2 byte received: 0x7f (is_aux=true)
[152920099002] [[35mTRACE[0m] [ps2_kbd] [CPU2] ps2_kbd: yield on AUX data (mouse packet)
[152920874172] [[35mTRACE[0m] [kernel::irq::ps2] [CPU3] PS/2 take_scancode: popped 0x18 (is_aux=true)
[152922549252] [[35mTRACE[0m] [kernel::irq::ps2] [CPU3] PS/2 take_scancode: popped 0x81 (is_aux=true)
[152933802153] [[35mTRACE[0m] [kernel::irq::ps2] [CPU3] PS/2 take_scancode: popped 0x7f (is_aux=true)
[152935367970] [[35mTRACE[0m] [kernel::irq::ps2] [CPU3] PS/2 take_scancode: popped 0x18 (is_aux=true)
[152936795451] [[35mTRACE[0m] [kernel::irq::ps2] [CPU3] PS/2 take_scancode: popped 0x81 (is_aux=true)
[152938268373] [[35mTRACE[0m] [kernel::irq::ps2] [CPU3] PS/2 take_scancode: popped 0x7f (is_aux=true)
[152939690574] [[35mTRACE[0m] [kernel::irq::ps2] [CPU3] PS/2 take_scancode: popped 0x18 (is_aux=true)
[152941247349] [[35mTRACE[0m] [kernel::irq::ps2] [CPU3] PS/2 take_scancode: popped 0x81 (is_aux=true)
[152943442113] [[35mTRACE[0m] [kernel::irq::ps2] [CPU3] PS/2 take_scancode: popped 0x7f (is_aux=true)
[152944977669] [[35mTRACE[0m] [kernel::irq::ps2] [CPU3] PS/2 take_scancode: popped 0x18 (is_aux=true)
[152946457521] [[35mTRACE[0m] [kernel::irq::ps2] [CPU3] PS/2 take_scancode: popped 0x81 (is_aux=true)
[152948031060] [[35mTRACE[0m] [kernel::irq::ps2] [CPU3] PS/2 take_scancode: popped 0x7f (is_aux=true)
[152957539878] [[35mTRACE[0m] [kernel::irq::ps2] [CPU3] PS/2 take_scancode: popped 0x18 (is_aux=true)
[152959115562] [[35mTRACE[0m] [kernel::irq::ps2] [CPU3] PS/2 take_scancode: popped 0x81 (is_aux=true)
[152960688804] [[35mTRACE[0m] [kernel::irq::ps2] [CPU3] PS/2 take_scancode: popped 0x7f (is_aux=true)
[153147182265] [[35mTRACE[0m] [bran::arch::x86_64::idt] [CPU0] PS/2 byte received: 0x18 (is_aux=true)
[153147888894] [[35mTRACE[0m] [bran::arch::x86_64::idt] [CPU0] PS/2 byte received: 0x81 (is_aux=true)
[153148380627] [[35mTRACE[0m] [bran::arch::x86_64::idt] [CPU0] PS/2 byte received: 0x7f (is_aux=true)
[153148869027] [[35mTRACE[0m] [bran::arch::x86_64::idt] [CPU0] PS/2 byte received: 0x18 (is_aux=true)
[153148959117] [[35mTRACE[0m] [kernel::irq::ps2] [CPU3] PS/2 take_scancode: popped 0x18 (is_aux=true)
[153149456460] [[35mTRACE[0m] [bran::arch::x86_64::idt] [CPU0] PS/2 byte received: 0x81 (is_aux=true)
[153149928030] [[35mTRACE[0m] [bran::arch::x86_64::idt] [CPU0] PS/2 byte received: 0x7f (is_aux=true)
[153150370791] [[35mTRACE[0m] [bran::arch::x86_64::idt] [CPU0] PS/2 byte received: 0x18 (is_aux=true)
[153150600735] [[35mTRACE[0m] [kernel::irq::ps2] [CPU3] PS/2 take_scancode: popped 0x81 (is_aux=true)
[153150828831] [[35mTRACE[0m] [bran::arch::x86_64::idt] [CPU0] PS/2 byte received: 0x81 (is_aux=true)
[153151436064] [[35mTRACE[0m] [bran::arch::x86_64::idt] [CPU0] PS/2 byte received: 0x7f (is_aux=true)
[153151875360] [[35mTRACE[0m] [bran::arch::x86_64::idt] [CPU0] PS/2 byte received: 0x18 (is_aux=true)
[153152079894] [[35mTRACE[0m] [kernel::irq::ps2] [CPU3] PS/2 take_scancode: popped 0x7f (is_aux=true)
[153152310036] [[35mTRACE[0m] [bran::arch::x86_64::idt] [CPU0] PS/2 byte received: 0x81 (is_aux=true)
[153152946672] [[35mTRACE[0m] [bran::arch::x86_64::idt] [CPU0] PS/2 byte received: 0x7f (is_aux=true)
[153153076560] [[35mTRACE[0m] [bran::arch::x86_64::idt] [CPU2] PS/2 byte received: 0x18 (is_aux=true)
[153153502425] [[35mTRACE[0m] [bran::arch::x86_64::idt] [CPU0] PS/2 byte received: 0x81 (is_aux=true)
[153153536448] [[35mTRACE[0m] [kernel::irq::ps2] [CPU3] PS/2 take_scancode: popped 0x18 (is_aux=true)
[153154471635] [[35mTRACE[0m] [bran::arch::x86_64::idt] [CPU2] PS/2 byte received: 0x7f (is_aux=true)
[153155767677] [[35mTRACE[0m] [kernel::irq::ps2] [CPU3] PS/2 take_scancode: popped 0x81 (is_aux=true)
[153157673328] [[35mTRACE[0m] [kernel::irq::ps2] [CPU3] PS/2 take_scancode: popped 0x7f (is_aux=true)
[153158083683] [[35mTRACE[0m] [ps2_kbd] [CPU2] ps2_kbd: yield on AUX data (mouse packet)
[153159201228] [[35mTRACE[0m] [kernel::irq::ps2] [CPU3] PS/2 take_scancode: popped 0x18 (is_aux=true)
[153160790112] [[35mTRACE[0m] [kernel::irq::ps2] [CPU3] PS/2 take_scancode: popped 0x81 (is_aux=true)
[153162186243] [[35mTRACE[0m] [kernel::irq::ps2] [CPU3] PS/2 take_scancode: popped 0x7f (is_aux=true)
[153163540299] [[35mTRACE[0m] [kernel::irq::ps2] [CPU3] PS/2 take_scancode: popped 0x18 (is_aux=true)
[153165086019] [[35mTRACE[0m] [kernel::irq::ps2] [CPU3] PS/2 take_scancode: popped 0x81 (is_aux=true)
[153166419153] [[35mTRACE[0m] [kernel::irq::ps2] [CPU3] PS/2 take_scancode: popped 0x7f (is_aux=true)
[153167796111] [[35mTRACE[0m] [kernel::irq::ps2] [CPU3] PS/2 take_scancode: popped 0x18 (is_aux=true)
[153169100007] [[35mTRACE[0m] [kernel::irq::ps2] [CPU3] PS/2 take_scancode: popped 0x81 (is_aux=true)

[hunter] running random action

[hunter] running random action

[hunter] running random action

[hunter] running random action

[hunter] running random action

[hunter] running random action

[hunter] running random action

[hunter] [hunter] silence detected after 15.0s in session 0025
